# ROAD NETWORK GRAPH - TIRANA, ALBANIA - NJESIA 9 
# Data Source: OpenStreetMap 
# Graph Type: Directed weighted graph
# Weight Unit: Meters (great-circle distance)
# Coordinate System: WGS84
# Contains: Road network edges with distances
source,target,weight
277569492,6878899071,4.19
6878899071,277569492,4.19
6878899071,6878899070,5.40
6878899070,6878899071,5.40
6878899070,1847323212,11.29
1847323212,6878899070,11.29
1847323212,6878899067,6.31
6878899067,1847323212,6.31
6878899067,6990959561,9.63
6990959561,6878899067,9.63
6990959561,1847323138,57.55
1847323138,6990959561,57.55
1847323138,1847323402,14.93
1847323402,1847323138,14.93
1847323402,1847323311,38.65
1847323311,1847323402,38.65
1847323311,4592868971,27.17
4592868971,1847323311,27.17
4592868971,4573037547,23.45
4573037547,4592868971,23.45
4573037547,11336930521,68.65
11336930521,4573037547,68.65
11336930521,1847323488,6.73
1847323488,11336930521,6.73
12993625715,11200981450,1.95
11200981450,12993625715,1.95
11200981450,13056522471,9.38
13056522471,11200981450,9.38
13056522471,12168558932,58.96
12168558932,13056522471,58.96
12168558932,3386070767,50.01
3386070767,12168558932,50.01
3386070767,10879556350,37.21
10879556350,3386070767,37.21
10879556350,4584301476,3.34
4584301476,10879556350,3.34
4584301476,10566591778,8.44
10566591778,4584301476,8.44
10566591778,11200981454,11.44
11200981454,10566591778,11.44
11200981454,11220615605,17.78
11220615605,11200981454,17.78
11220615605,10863284201,6.69
10863284201,11220615605,6.69
10863284201,10860300030,22.82
10860300030,10863284201,22.82
10860300030,10860267301,18.79
10860267301,10860300030,18.79
10860267301,1844115475,13.07
1844115475,10860267301,13.07
1844115475,1844115446,29.83
1844115446,1844115475,29.83
1844115446,11889871256,12.08
11889871256,1844115446,12.08
11889871256,10869384314,20.19
10869384314,11889871256,20.19
10869384314,11889871257,15.15
11889871257,10869384314,15.15
11889871257,9139001390,5.96
9139001390,11889871257,5.96
9139001390,10869384313,4.88
10869384313,9139001390,4.88
10869384313,10981715507,67.44
10981715507,10869384313,67.44
10981715507,342234392,22.00
342234392,10981715507,22.00
342234392,4584301694,24.13
4584301694,342234392,24.13
4584301694,4584301798,21.31
4584301798,4584301694,21.31
4584301798,5346681308,14.58
5346681308,4584301798,14.58
5346681308,5346936333,6.37
5346936333,5346681308,6.37
5346936333,10900350047,9.27
10900350047,5346936333,9.27
10900350047,342234396,4.37
342234396,10900350047,4.37
342235723,6892758210,3.92
6892758210,342235723,3.92
6892758210,6892758208,4.07
6892758208,6892758210,4.07
6892758208,1843955903,79.73
1843955903,6892758208,79.73
1843955903,1843955006,56.78
1843955006,1843955903,56.78
1843955006,1844115529,27.77
1844115529,1843955006,27.77
1844115529,6988667671,7.39
6988667671,1844115529,7.39
6988667671,4584301844,7.93
4584301844,6988667671,7.93
4584301844,1843955753,38.74
1843955753,4584301844,38.74
1843955753,10932562719,5.69
10932562719,1843955753,5.69
10932562719,6310290609,26.74
6310290609,10932562719,26.74
6310290609,10932562724,4.74
10932562724,6310290609,4.74
10932562724,6310290605,24.72
6310290605,10932562724,24.72
6310290605,10932562723,4.19
10932562723,6310290605,4.19
10932562723,11220621401,18.51
11220621401,10932562723,18.51
11220621401,6886403365,5.16
6886403365,11220621401,5.16
6886403365,342235729,6.82
342235729,6886403365,6.82
342235729,6886403363,6.91
6886403363,342235729,6.91
6886403363,12384784863,58.56
12384784863,6886403363,58.56
12384784863,11635484311,4.03
11635484311,12384784863,4.03
11635484311,342234396,9.98
342234396,11635484311,9.98
342235729,6886403362,5.35
6886403362,342235729,5.35
6886403362,10932588117,16.67
10932588117,6886403362,16.67
10932588117,1847297576,14.91
1847297576,10932588117,14.91
1847297576,2110539291,10.14
2110539291,1847297576,10.14
2110539291,6988667636,10.59
6988667636,2110539291,10.59
6988667636,6887210142,12.27
6887210142,6988667636,12.27
6887210142,1843955717,14.69
1843955717,6887210142,14.69
1843955717,342236311,11.91
342236311,1843955717,11.91
342236311,1847297850,14.25
1847297850,342236311,14.25
1847297850,6988667635,10.48
6988667635,1847297850,10.48
6988667635,1847297676,11.10
1847297676,6988667635,11.10
1847297676,6893066600,20.63
6893066600,1847297676,20.63
6893066600,4584299353,6.97
4584299353,6893066600,6.97
4584299353,342236316,14.96
342236316,4584299353,14.96
342236316,1847297859,6.21
1847297859,342236316,6.21
1847297859,4584299352,8.46
4584299352,1847297859,8.46
4584299352,10909251652,5.12
10909251652,4584299352,5.12
10909251652,342236317,12.44
342236317,10909251652,12.44
342236317,1843955951,15.33
1843955951,342236317,15.33
1843955951,6988667632,4.58
6988667632,1843955951,4.58
6988667632,342236319,15.36
342236319,6988667632,15.36
342236319,4584299351,15.46
4584299351,342236319,15.46
4584299351,1847297595,7.04
1847297595,4584299351,7.04
1847297595,6988667631,6.94
6988667631,1847297595,6.94
6988667631,1847297614,12.68
1847297614,6988667631,12.68
1847297614,4584301823,23.27
4584301823,1847297614,23.27
4584301823,342236323,26.58
342236323,4584301823,26.58
1847323093,4592868038,7.47
4592868038,1847323093,7.47
4592868038,11981089179,77.94
11981089179,4592868038,77.94
11981089179,388273876,54.70
388273876,11981089179,54.70
388273876,4592868067,6.42
4592868067,388273876,6.42
4592868067,6991138313,6.89
6991138313,4592868067,6.89
6991138313,6991138314,8.43
6991138314,6991138313,8.43
6991138314,6991138315,10.59
6991138315,6991138314,10.59
6991138315,388273879,9.74
388273879,6991138315,9.74
388273879,6991138316,7.38
6991138316,388273879,7.38
6991138316,6991138317,6.60
6991138317,6991138316,6.60
6991138317,6991138318,7.81
6991138318,6991138317,7.81
6991138318,4592868066,8.14
4592868066,6991138318,8.14
4592868066,1847323340,9.85
1847323340,4592868066,9.85
1847323340,4592868065,20.66
4592868065,1847323340,20.66
4592868065,388273897,14.68
388273897,4592868065,14.68
455309490,4587670609,28.50
4587670609,4587670610,35.45
4587670610,1947750153,57.82
1947750153,12162347389,56.18
12162347389,4587670611,4.26
4587670611,342230639,80.94
1843574736,4587669875,29.38
4587669875,1843574736,29.38
4587669875,6990776063,4.61
6990776063,4587669875,4.61
6990776063,1843575065,3.96
1843575065,6990776063,3.96
1843575065,1843575038,5.42
1843575038,1843575065,5.42
1843575038,455309505,6.52
455309505,1843575038,6.52
455309505,6990776064,5.02
6990776064,455309505,5.02
6990776064,455309512,3.12
455309512,6990776064,3.12
455309512,455309515,3.28
455309515,455309512,3.28
455309515,455309519,5.11
455309519,455309515,5.11
455309519,4587022609,4.95
4587022609,455309519,4.95
4587022609,455309524,4.23
455309524,4587022609,4.23
455309524,455309527,9.02
455309527,455309524,9.02
494155480,277569124,85.30
277569124,494155480,85.30
494155690,4551484182,7.06
4551484182,494155690,7.06
4551484182,13013431804,1.87
13013431804,4551484182,1.87
13013431804,11342054588,52.57
11342054588,13013431804,52.57
11342054588,11342054590,13.80
11342054590,11342054588,13.80
11342054590,6959218897,58.10
6959218897,11342054590,58.10
6959218897,1867590713,6.08
1867590713,6959218897,6.08
1867590713,4587669753,30.00
4587669753,1867590713,30.00
4587669753,896790428,5.95
896790428,4587669753,5.95
896790428,11341948729,35.23
11341948729,896790428,35.23
11341948729,1867590715,68.94
1867590715,11341948729,68.94
1867590715,11201038519,27.56
11201038519,1867590715,27.56
11201038519,11341948717,29.78
11341948717,11201038519,29.78
507807438,1747986356,120.75
1747986356,507807438,120.75
1747986356,2941477790,39.80
2941477790,1747986356,39.80
2941477790,4592869006,19.93
4592869006,2941477790,19.93
4592869006,507807567,20.23
507807567,4592869006,20.23
507807567,4583911465,27.18
4583911465,507807567,27.18
4583911465,4583911464,32.15
4583911464,4583911465,32.15
4583911464,1880066902,40.55
1880066902,4583911464,40.55
1880066902,2941477731,43.64
2941477731,1880066902,43.64
2941477731,11746085811,2.62
11746085811,2941477731,2.62
11746085811,507807593,5.22
507807593,11746085811,5.22
507886865,4583911413,6.08
4583911413,507808255,11.57
507808255,4583911412,13.08
4583911412,7185326183,11.13
7185326183,4583911411,43.46
4583911411,507808259,5.50
507808259,4583911410,5.05
4583911410,507808269,8.42
507889601,6879695867,37.24
6879695867,507889601,37.24
6879695867,6879695868,6.72
6879695868,6879695867,6.72
6879695868,6879695869,13.27
6879695869,6879695868,13.27
6879695869,6879695870,14.32
6879695870,6879695869,14.32
6879695870,6879695871,15.04
6879695871,6879695870,15.04
6879695871,6879695872,16.76
6879695872,6879695871,16.76
6879695872,6879695873,11.20
6879695873,6879695872,11.20
6879695873,6879695874,9.92
6879695874,6879695873,9.92
6879695874,507886805,23.42
507886805,6879695874,23.42
507886805,7027438550,11.46
7027438550,507886805,11.46
7027438550,507886809,41.69
507886809,7027438550,41.69
507886809,6988550744,13.60
6988550744,507886809,13.60
6988550744,6879700888,48.22
6879700888,6988550744,48.22
6879700888,507886813,39.78
507886813,6879700888,39.78
507886813,6879700885,5.18
6879700885,507886813,5.18
6879700885,507886816,47.11
507886816,6879700885,47.11
507886816,6988550745,11.23
6988550745,507886816,11.23
6988550745,6988550747,39.49
6988550747,6988550745,39.49
6988550747,507886821,18.21
507886821,6988550747,18.21
507886821,507878876,66.17
507878876,507886821,66.17
507878876,4583911381,46.80
4583911381,507878876,46.80
4583911381,4583911382,15.12
4583911382,4583911381,15.12
4583911382,507878887,13.59
507878887,4583911382,13.59
507878887,507878911,15.69
507878911,507878887,15.69
507878911,12358854826,16.29
12358854826,507878911,16.29
12358854826,6879636807,3.66
6879636807,12358854826,3.66
6879636807,507878920,10.95
507878920,6879636807,10.95
507878920,507878927,20.69
507878927,507878920,20.69
507878927,507878936,18.53
507878936,507878927,18.53
507878936,507878943,21.89
507878943,507878936,21.89
507878943,507893217,15.44
507893217,507878943,15.44
507893217,507878951,16.03
507878951,507893217,16.03
507878951,507878961,17.98
507878961,507878951,17.98
507878961,507878967,25.61
507878967,507878961,25.61
507878967,507878970,25.48
507878970,507878967,25.48
507878970,507878974,29.47
507878974,507878970,29.47
507878974,507878988,16.25
507878988,507878974,16.25
507878799,507886901,61.35
507886901,507878799,61.35
507886901,6710958255,43.13
6710958255,507886901,43.13
6710958255,507886903,29.85
507886903,6710958255,29.85
507886903,6958130473,22.52
6958130473,507886903,22.52
6958130473,507886865,60.58
507886865,6958130473,60.58
4583911392,4583911393,12.12
4583911393,4583911392,12.12
4583911393,4583911394,3.23
4583911394,4583911393,3.23
4583911394,4583911395,6.18
4583911395,4583911394,6.18
4583911395,507886916,11.97
507886916,4583911395,11.97
507886916,507886913,115.05
507886913,507886916,115.05
507892950,507892973,70.47
507892973,507892950,70.47
507807881,12358539586,7.50
12358539586,507807881,7.50
12358539586,4583911378,7.74
4583911378,12358539586,7.74
4583911378,507893069,30.64
507893069,4583911378,30.64
507893069,4681969148,14.68
4681969148,507893069,14.68
4681969148,507893073,17.29
507893073,4681969148,17.29
507893073,6988555199,19.10
6988555199,507893073,19.10
6988555199,507893075,10.11
507893075,6988555199,10.11
507807690,6879837415,60.77
6879837415,507807690,60.77
6879837415,507889666,64.34
507889666,6879837415,64.34
507889666,13277158153,13.16
13277158153,507889666,13.16
13277158153,11922602329,41.70
11922602329,13277158153,41.70
11922602329,6879837410,5.79
6879837410,11922602329,5.79
6879837410,13277158148,69.44
13277158148,6879837410,69.44
13277158148,11922515637,26.02
11922515637,13277158148,26.02
11922515637,2941539524,99.31
2941539524,11922515637,99.31
2941539524,6919732934,52.78
6919732934,2941539524,52.78
6919732934,4142702843,47.17
4142702843,6919732934,47.17
4142702843,7027438558,38.07
7027438558,4142702843,38.07
7027438558,7027438557,10.87
7027438557,7027438558,10.87
7027438557,7027438556,11.40
7027438556,7027438557,11.40
7027438556,507889655,10.06
507889655,7027438556,10.06
507889655,6919732942,9.58
6919732942,507889655,9.58
6919732942,576403080,36.18
576403080,6919732942,36.18
576403080,576403083,22.19
576403083,576403080,22.19
576403083,576407589,28.94
576407589,576403083,28.94
576407589,6879793055,75.16
6879793055,576407589,75.16
6879793055,6919732939,14.16
6919732939,6879793055,14.16
6919732939,6919732938,8.20
6919732938,6919732939,8.20
6919732938,1844091168,15.95
1844091168,6919732938,15.95
1844091168,6919732937,8.21
6919732937,1844091168,8.21
6919732937,1844090991,37.95
1844090991,6919732937,37.95
1844090991,576403128,37.04
576403128,1844090991,37.04
576403128,6919732936,56.33
6919732936,576403128,56.33
6919732936,6919732935,98.70
6919732935,6919732936,98.70
6919732935,6919732925,4.97
6919732925,6919732935,4.97
6919732925,576403027,6.15
576403027,6919732925,6.15
1843869703,1843869885,16.31
1843869885,1843869703,16.31
1843869885,4664985039,10.35
4664985039,1843869885,10.35
4664985039,576989614,18.19
576989614,4664985039,18.19
576989614,576989613,22.71
576989613,576989614,22.71
576989613,576989612,58.69
576989612,576989613,58.69
576989621,6236347540,25.39
6236347540,576989621,25.39
6236347540,576989620,20.75
576989620,6236347540,20.75
576989620,576989619,58.17
576989619,576989620,58.17
576989619,4593268898,26.35
4593268898,576989619,26.35
1843869665,1843869908,8.36
1843869908,1843869665,8.36
1843869908,6236347530,9.93
6236347530,1843869908,9.93
6236347530,6236347534,13.50
6236347534,6236347530,13.50
6236347534,6236347533,5.54
6236347533,6236347534,5.54
6236347533,6236347532,3.16
6236347532,6236347533,3.16
6236347532,6236347531,2.25
6236347531,6236347532,2.25
6236347531,1843869631,3.45
1843869631,6236347531,3.45
1843869631,1843869730,10.40
1843869730,1843869631,10.40
1843869730,576989627,5.24
576989627,1843869730,5.24
576989627,576989626,14.19
576989626,576989627,14.19
576989626,576989625,7.07
576989625,576989626,7.07
576989625,4671258930,11.15
4671258930,576989625,11.15
4671258930,6236347536,11.91
6236347536,4671258930,11.91
6236347536,1843869722,33.65
1843869722,6236347536,33.65
1843869722,6236358273,12.14
6236358273,1843869722,12.14
6236358273,6236347537,10.68
6236347537,6236358273,10.68
6236347537,6236347529,12.79
6236347529,6236347537,12.79
6236347529,576989634,9.17
576989634,6236347529,9.17
576989629,576989615,67.41
576989615,576989629,67.41
576989615,6918291445,74.10
6918291445,576989615,74.10
6918291445,576989628,10.21
576989628,6918291445,10.21
576989631,4664985073,8.07
4664985073,576989631,8.07
4664985073,4664985074,11.82
4664985074,4664985073,11.82
4664985074,4664985075,30.39
4664985075,4664985074,30.39
4664985075,4664985076,54.29
4664985076,4664985075,54.29
4664985076,1843869716,36.13
1843869716,4664985076,36.13
1843869691,576989636,27.27
576989636,1843869691,27.27
576989636,6236347535,15.94
6236347535,576989636,15.94
6236347535,576989625,3.27
576989625,6236347535,3.27
1843574852,577939064,35.68
577939064,1843574852,35.68
577939064,577939057,87.93
577939057,577939064,87.93
577939057,6988661356,49.59
6988661356,577939057,49.59
6988661356,6997515999,3.09
6997515999,6988661356,3.09
6997515999,6997515998,3.29
6997515998,6997515999,3.29
6997515998,6997515997,5.25
6997515997,6997515998,5.25
6997515997,4685366622,2.10
4685366622,6997515997,2.10
4685366622,6997515996,2.18
6997515996,4685366622,2.18
6997515996,6988661355,3.40
6988661355,6997515996,3.40
4572948845,577939135,20.14
577939135,4572948845,20.14
577939135,577939138,33.61
577939138,577939135,33.61
577939138,4572948844,66.97
4572948844,577939138,66.97
4572948844,4572948806,78.05
4572948806,4572948844,78.05
4572948806,1843954966,8.40
1843954966,4572948806,8.40
10974935651,1847323231,39.23
1847323231,10974935651,39.23
1847323231,4584216075,11.49
4584216075,1847323231,11.49
4584216075,1847323358,33.62
1847323358,4584216075,33.62
1847323358,1847323190,3.94
1847323190,1847323358,3.94
1847323190,6991098363,3.73
6991098363,1847323190,3.73
6991098363,1847323501,3.91
1847323501,6991098363,3.91
1847323501,6991098364,3.79
6991098364,1847323501,3.79
6991098364,1847323380,3.19
1847323380,6991098364,3.19
1847323380,4584216082,23.53
4584216082,1847323380,23.53
4584216082,1847323403,43.70
1847323403,4584216082,43.70
1847323403,1847323489,6.35
1847323489,1847323403,6.35
1847323489,1847323422,4.53
1847323422,1847323489,4.53
1847323422,727740677,5.43
727740677,1847323422,5.43
727740677,4584216149,26.52
4584216149,727740677,26.52
4584216149,6991098373,82.99
6991098373,4584216149,82.99
6991098373,1847323515,34.50
1847323515,6991098373,34.50
1847323515,6991098374,8.70
6991098374,1847323515,8.70
6991098374,10974935648,9.14
10974935648,6991098374,9.14
1847323219,11194906167,10.67
11194906167,1847323219,10.67
11194906167,910009314,3.92
910009314,11194906167,3.92
910009314,6990959565,4.90
6990959565,910009314,4.90
6990959565,6990959566,4.57
6990959566,6990959565,4.57
6990959566,6990959508,32.64
6990959508,6990959566,32.64
6990959508,910009318,5.37
910009318,6990959508,5.37
910009318,6990959512,36.04
6990959512,910009318,36.04
6990959512,12097433563,47.37
12097433563,6990959512,47.37
12097433563,910009321,5.32
910009321,12097433563,5.32
910009321,910009322,7.14
910009322,910009321,7.14
910009322,910009325,6.66
910009325,910009322,6.66
910009325,4583912062,8.68
4583912062,910009325,8.68
4583912062,6991098347,9.65
6991098347,4583912062,9.65
6991098347,1251548767,10.41
1251548767,6991098347,10.41
1251548767,1251548774,13.06
1251548774,1251548767,13.06
1251548774,11009470973,10.03
11009470973,1251548774,10.03
11009470973,11009470974,38.84
11009470974,11009470973,38.84
11009470974,388274216,11.98
388274216,11009470974,11.98
6864471933,10920309917,53.14
10920309917,6887369400,37.51
6887369400,6887369396,50.42
6887369396,10998430103,49.40
10998430103,10998452009,31.25
10998452009,10998452012,24.17
10998452012,10998429417,9.94
10998429417,1484741959,9.36
1484741959,10998429415,14.74
10998429415,5297635250,43.07
5297635250,10998429436,7.46
10998429436,10949902138,56.51
10949902138,10949902141,22.25
10949902141,1843955886,15.86
1843955886,4671260295,34.22
4671260295,5021787593,66.30
5021787593,4671260304,31.89
4671260304,10949902144,56.78
10949902144,12601564518,9.10
12601564518,4671260309,24.43
4671260309,10983313239,37.40
10983313239,6286106785,33.35
6286106785,6179169320,4.97
6179169320,5021787590,2.91
507807593,507807611,50.64
507807611,507807593,50.64
13190454492,10900387932,1.10
10900387932,13190454493,2.75
13190454493,12479531299,2.83
12479531299,11432791175,6.14
11432791175,11432791182,6.64
11432791182,11432791181,6.64
11432791181,11432791180,6.65
577939069,6310290600,11.84
6310290600,577939069,11.84
6310290600,6988661374,11.22
6988661374,6310290600,11.22
6988661374,1744630124,14.35
1744630124,6988661374,14.35
1744630124,4583911564,8.05
4583911564,1744630124,8.05
4583911564,6988661373,13.48
6988661373,4583911564,13.48
6988661373,1744630123,37.30
1744630123,6988661373,37.30
1744630123,1744630122,9.73
1744630122,1744630123,9.73
1744630120,1744630121,41.78
1744630121,1744630120,41.78
1744630121,4583911563,9.77
4583911563,1744630121,9.77
507913636,1744631284,27.83
1744631284,507913636,27.83
1744631284,6872195180,27.82
6872195180,1744631284,27.82
6872195180,1744631276,33.93
1744631276,6872195180,33.93
1744631276,11336893475,25.85
11336893475,1744631276,25.85
11336893475,10900387958,45.56
10900387958,11336893475,45.56
10900387958,11432741743,22.03
11432741743,10900387958,22.03
11432741743,1744631270,28.98
1744631270,11432741743,28.98
1747984670,1747984672,11.76
1747984672,1747984670,11.76
1747984672,4587022600,12.62
4587022600,1747984672,12.62
4587022600,1747984675,15.66
1747984675,4587022600,15.66
1747984675,1747984676,28.13
1747984676,1747984675,28.13
1747984676,6883030380,16.78
6883030380,1747984676,16.78
6883030380,1747984671,9.55
1747984671,6883030380,9.55
1747984671,6988328889,7.34
6988328889,1747984671,7.34
6988328889,6978534837,7.84
6978534837,6988328889,7.84
6978534837,4587022653,7.71
4587022653,6978534837,7.71
4587022653,1747984677,13.71
1747984677,4587022653,13.71
1747984677,6988328904,13.19
6988328904,1747984677,13.19
6988328904,6988328891,20.89
6988328891,6988328904,20.89
6988328891,7185419851,25.26
7185419851,6988328891,25.26
7185419851,1747984682,5.68
1747984682,7185419851,5.68
1747984682,1747985111,20.01
1747985111,1747984682,20.01
1747985111,6978534838,23.75
6978534838,1747985111,23.75
6978534838,1747985112,25.37
1747985112,6978534838,25.37
1747984669,4587022616,11.08
4587022616,1747984669,11.08
4587022616,1747984673,15.90
1747984673,4587022616,15.90
1747984673,4587022615,11.85
4587022615,1747984673,11.85
4587022615,1747984679,9.49
1747984679,4587022615,9.49
1747984679,4587022652,9.97
4587022652,1747984679,9.97
4587022652,6988328905,6.92
6988328905,4587022652,6.92
6988328905,1747984678,7.07
1747984678,6988328905,7.07
1747984678,1747984670,11.58
1747984670,1747984678,11.58
1880066903,4584378396,7.24
4584378396,1880066903,7.24
4584378396,6990776031,7.62
6990776031,4584378396,7.62
6990776031,1880066928,22.48
1880066928,6990776031,22.48
1880066928,4592869753,11.54
4592869753,1880066928,11.54
4592869753,1880066938,13.24
1880066938,4592869753,13.24
1880066938,4592869754,10.99
4592869754,1880066938,10.99
4592869754,6990776030,6.84
6990776030,4592869754,6.84
6990776030,1880066942,6.31
1880066942,6990776030,6.31
1880066942,1880066948,10.02
1880066948,1880066942,10.02
1880066948,4592869759,26.62
4592869759,1880066948,26.62
4592869759,4592869758,6.76
4592869758,4592869759,6.76
4592869758,1880066953,6.65
1880066953,4592869758,6.65
1880066953,4592869757,5.42
4592869757,1880066953,5.42
4592869757,1880066957,10.57
1880066957,4592869757,10.57
1747985171,4592869471,2.36
4592869471,1747985171,2.36
4592869471,4592869469,3.97
4592869469,4592869471,3.97
4592869469,4592869468,18.93
4592869468,4592869469,18.93
4592869468,4592869467,4.53
4592869467,4592869468,4.53
4592869467,4592869466,3.54
4592869466,4592869467,3.54
4592869466,4592869465,4.12
4592869465,4592869466,4.12
4592869465,4592869464,3.40
4592869464,4592869465,3.40
4592869464,4592869463,3.36
4592869463,4592869464,3.36
4592869463,4592869462,4.23
4592869462,4592869463,4.23
4592869462,4592869461,5.63
4592869461,4592869462,5.63
4592869461,4592869460,5.25
4592869460,4592869461,5.25
4592869460,4592869459,5.85
4592869459,4592869460,5.85
4592869459,4592869458,1.56
4592869458,4592869459,1.56
1747986356,4583911469,65.80
4583911469,1747986356,65.80
4583911469,6988661360,53.16
6988661360,4583911469,53.16
6988661360,11639002963,4.80
11639002963,6988661360,4.80
11639002963,1747986354,4.57
1747986354,11639002963,4.57
1747986354,1747986355,8.92
1747986355,1747986354,8.92
1747986355,4583911701,7.31
4583911701,1747986355,7.31
4583911701,1747986357,8.62
1747986357,4583911701,8.62
1747986357,1747986358,17.47
1747986358,1747986357,17.47
1747986358,4583911700,6.00
4583911700,1747986358,6.00
4583911700,1747986359,6.98
1747986359,4583911700,6.98
1747986359,6988661361,10.55
6988661361,1747986359,10.55
6988661361,1747986360,11.76
1747986360,6988661361,11.76
1747986360,11639055517,5.54
11639055517,1747986360,5.54
11639055517,4583911699,4.65
4583911699,11639055517,4.65
4583911699,4583911698,12.04
4583911698,4583911699,12.04
4583911698,4583911697,10.51
4583911697,4583911698,10.51
4583911697,6988661362,4.97
6988661362,4583911697,4.97
6988661362,4583911696,4.34
4583911696,6988661362,4.34
4583911696,1747986364,3.71
1747986364,4583911696,3.71
1747986364,6988661364,6.34
6988661364,1747986364,6.34
6988661364,4583911695,6.73
4583911695,6988661364,6.73
4583911695,1747986366,9.08
1747986366,4583911695,9.08
1747986366,1747986363,32.91
1747986363,1747986366,32.91
1747986363,1747986362,16.66
1747986362,1747986363,16.66
1747986362,4583911693,7.12
4583911693,1747986362,7.12
4583911693,4583911475,5.13
4583911475,4583911693,5.13
4583911475,4583911692,36.12
4583911692,4583911475,36.12
4583911692,4583911691,6.62
4583911691,4583911692,6.62
4583911691,577939041,9.54
577939041,4583911691,9.54
577939041,4583911690,39.00
4583911690,577939041,39.00
4583911690,577939039,11.09
577939039,4583911690,11.09
577939039,11639044193,8.71
11639044193,577939039,8.71
11639044193,4583911689,21.93
4583911689,11639044193,21.93
4583911689,577939036,12.51
577939036,4583911689,12.51
577939036,577939034,35.90
577939034,577939036,35.90
577939034,4583911587,6.06
4583911587,577939034,6.06
4583911587,6708399651,3.95
6708399651,4583911587,3.95
1747986364,4583911694,5.61
4583911694,1747986364,5.61
4583911694,6988661363,5.01
6988661363,4583911694,5.01
6988661363,12334191945,19.18
12334191945,6988661363,19.18
12334191945,4583911702,28.45
4583911702,12334191945,28.45
1747986642,6990796001,3.55
6990796001,1747986642,3.55
6990796001,4592868749,3.19
4592868749,6990796001,3.19
4592868749,6990796002,3.65
6990796002,4592868749,3.65
6990796002,388272817,48.43
388272817,6990796002,48.43
388272817,6990795999,39.83
6990795999,388272817,39.83
6990795999,1747986644,4.28
1747986644,6990795999,4.28
1747986644,4592868734,28.20
4592868734,1747986644,28.20
342229287,6857970777,4.48
6857970777,342229287,4.48
6857970777,1747982026,42.95
1747982026,6857970777,42.95
1747982026,6988328913,57.88
6988328913,1747982026,57.88
6988328913,1843585283,60.49
1843585283,6988328913,60.49
1843585283,1843585282,46.28
1843585282,1843585283,46.28
1843585282,1843585175,13.70
1843585175,1843585282,13.70
1843585175,1843585017,75.06
1843585017,1843585175,75.06
1843585017,2067102327,56.17
2067102327,1843585017,56.17
2067102327,1843574722,18.85
1843574722,2067102327,18.85
1843574722,1843574711,36.11
1843574711,1843574722,36.11
1843574711,6988328909,19.57
6988328909,1843574711,19.57
6988328909,6990776069,17.02
6990776069,6988328909,17.02
6990776069,455309417,13.63
455309417,6990776069,13.63
1747986642,7535387295,26.51
7535387295,1747986642,26.51
7535387295,4592868747,17.72
4592868747,7535387295,17.72
4592868747,4592868742,47.34
4592868742,4592868747,47.34
4592868742,11316513200,5.89
11316513200,4592868742,5.89
11316513200,4592868732,29.05
4592868732,11316513200,29.05
4592868732,4592868750,25.05
4592868750,4592868732,25.05
4592868750,4592868721,3.50
4592868721,4592868750,3.50
507892930,4583911363,5.51
4583911363,507892930,5.51
4583911363,6988555361,11.02
6988555361,4583911363,11.02
6988555361,507887016,8.87
507887016,6988555361,8.87
507887016,6988555255,8.36
6988555255,507887016,8.36
6988555255,507887021,1.54
507887021,6988555255,1.54
507887021,6988555244,40.71
6988555244,507887021,40.71
6988555244,6988555362,1.75
6988555362,6988555244,1.75
6988555362,507887025,43.00
507887025,6988555362,43.00
507887025,6988555363,28.27
6988555363,507887025,28.27
6988555363,6988555365,28.76
6988555365,6988555363,28.76
6988555365,6988555364,31.96
6988555364,6988555365,31.96
6988555364,507887030,26.17
507887030,6988555364,26.17
507887030,507887089,13.41
507887089,507887030,13.41
6305318712,4583910917,5.55
4583910917,6305318712,5.55
4583910917,6305478558,4.19
6305478558,4583910917,4.19
6305478558,507897557,5.80
507897557,6305478558,5.80
507897557,6872030912,15.72
6872030912,507897557,15.72
6872030912,6305478550,1.65
6305478550,6872030912,1.65
6305478550,4583910914,57.60
4583910914,6305478550,57.60
4583910914,507897537,16.23
507897537,4583910914,16.23
507897537,6981370624,9.98
6981370624,507897537,9.98
6981370624,4583911319,11.47
4583911319,6981370624,11.47
4583911319,2733877997,9.07
2733877997,4583911319,9.07
2733877997,12479506848,7.56
12479506848,2733877997,7.56
12479506848,5523406166,43.26
5523406166,12479506848,43.26
5523406166,4685366452,24.93
4685366452,5523406166,24.93
4685366452,4583911327,4.69
4583911327,4685366452,4.69
4583911327,4685366433,18.48
4685366433,4583911327,18.48
4685366433,4685366128,46.43
4685366128,4685366433,46.43
4685366128,4583911328,61.18
4583911328,4685366128,61.18
4583911328,4583911348,24.13
4583911348,4583911328,24.13
4583911348,4583911349,11.91
4583911349,4583911348,11.91
4583911349,4583911350,7.66
4583911350,4583911349,7.66
4583911350,6871931817,7.03
6871931817,4583911350,7.03
6871931817,507897513,10.25
507897513,6871931817,10.25
507897513,1948727171,11.96
1948727171,507897513,11.96
1948727171,4685366014,12.31
4685366014,1948727171,12.31
4685366014,6872119978,8.78
6872119978,4685366014,8.78
6872119978,10900381680,48.44
10900381680,6872119978,48.44
10900381680,4583910912,8.39
4583910912,10900381680,8.39
4583910912,507897505,5.66
507897505,4583910912,5.66
507897505,4685366047,5.33
4685366047,507897505,5.33
4685366047,4583911352,6.72
4583911352,4685366047,6.72
4583911352,507897502,7.51
507897502,4583911352,7.51
507897502,6301370430,8.19
6301370430,507897502,8.19
6301370430,4583911353,11.23
4583911353,6301370430,11.23
4583911353,507897498,12.09
507897498,4583911353,12.09
507897498,4583911355,30.93
4583911355,507897498,30.93
4583911355,507897495,26.18
507897495,4583911355,26.18
507897495,4583911356,12.69
4583911356,507897495,12.69
4583911356,4685366510,11.31
4685366510,4583911356,11.31
4685366510,507897491,16.51
507897491,4685366510,16.51
507897491,4685366592,50.05
4685366592,507897491,50.05
4685366592,4685366596,20.19
4685366596,4685366592,20.19
4685366596,6872119980,4.49
6872119980,4685366596,4.49
6872119980,6872122908,15.81
6872122908,6872119980,15.81
6872122908,507897481,30.52
507897481,6872122908,30.52
507897481,4583911358,7.35
4583911358,507897481,7.35
4583911358,4685366600,6.24
4685366600,4583911358,6.24
4685366600,4685366606,3.29
4685366606,4685366600,3.29
4685366606,507897476,5.40
507897476,4685366606,5.40
507897476,4685366517,20.65
4685366517,507897476,20.65
4685366517,2733877964,44.23
2733877964,4685366517,44.23
2733877964,4583911360,9.42
4583911360,2733877964,9.42
4583911360,4583911361,8.97
4583911361,4583911360,8.97
4583911361,4583911362,9.87
4583911362,4583911361,9.87
4583911362,4685366529,3.01
4685366529,4583911362,3.01
4685366529,507897472,6.58
507897472,4685366529,6.58
507897472,12170894786,80.93
12170894786,507897472,80.93
12170894786,4685366538,29.67
4685366538,12170894786,29.67
4685366538,4685366536,4.66
4685366536,4685366538,4.66
4685366536,6872078935,41.17
6872078935,4685366536,41.17
6872078935,11432836071,5.60
11432836071,6872078935,5.60
11432836071,4685366539,76.59
4685366539,11432836071,76.59
4685366539,4583911359,12.81
4583911359,4685366539,12.81
4583911359,11432836074,6.33
11432836074,4583911359,6.33
11432836074,4685366547,5.70
4685366547,11432836074,5.70
4685366547,6305478376,3.44
6305478376,4685366547,3.44
6305478376,6305478377,8.42
6305478377,6305478376,8.42
6305478377,4685366544,17.60
4685366544,6305478377,17.60
4685366544,4685366551,16.03
4685366551,4685366544,16.03
4685366551,4685366555,96.94
4685366555,4685366551,96.94
4685366555,1744631270,4.23
1744631270,4685366555,4.23
1744631270,6305478373,21.37
6305478373,1744631270,21.37
6305478373,10900387961,11.07
10900387961,6305478373,11.07
10900387961,10900387957,51.43
10900387957,10900387961,51.43
10900387957,4685366614,38.04
4685366614,10900387957,38.04
4685366614,12479531282,2.07
12479531282,4685366614,2.07
12479531282,507807645,2.78
507807645,12479531282,2.78
507807645,12479531283,4.09
12479531283,507807645,4.09
12479531283,6861162055,13.42
6861162055,12479531283,13.42
6861162055,4681969035,29.47
4681969035,6861162055,29.47
4681969035,12170880616,8.80
12170880616,4681969035,8.80
12170880616,6861014926,17.46
6861014926,12170880616,17.46
6861014926,11336886766,27.56
11336886766,6861014926,27.56
11336886766,4681969046,43.43
4681969046,11336886766,43.43
4681969046,6305478372,38.17
6305478372,4681969046,38.17
6305478372,12479545504,3.62
12479545504,6305478372,3.62
12479545504,507807682,29.65
507807682,12479545504,29.65
507807682,6919732941,4.55
6919732941,507807682,4.55
6919732941,507807690,3.19
507807690,6919732941,3.19
507807690,6919732940,4.46
6919732940,507807690,4.46
6919732940,6879837424,4.43
6879837424,6919732940,4.43
6879837424,507807697,7.05
507807697,6879837424,7.05
507807697,507887089,40.11
507887089,507807697,40.11
507887089,12479545508,3.47
12479545508,507887089,3.47
12479545508,6988555369,4.22
6988555369,12479545508,4.22
6988555369,4583911364,8.07
4583911364,6988555369,8.07
4583911364,507807712,9.13
507807712,4583911364,9.13
507807712,4681969050,8.69
4681969050,507807712,8.69
4681969050,507807722,9.56
507807722,4681969050,9.56
507807722,507807745,19.55
507807745,507807722,19.55
507807745,4681969066,135.79
4681969066,507807745,135.79
4681969066,507892957,3.78
507892957,4681969066,3.78
507892957,11845779303,23.73
11845779303,507892957,23.73
11845779303,507807760,13.45
507807760,11845779303,13.45
507807760,4681969140,21.34
4681969140,507807760,21.34
4681969140,4681969068,4.73
4681969068,4681969140,4.73
4681969068,507807798,6.16
507807798,4681969068,6.16
507807798,4583911365,48.05
4583911365,507807798,48.05
4583911365,6988555372,33.80
6988555372,4583911365,33.80
6988555372,507807807,7.43
507807807,6988555372,7.43
507807807,6988555373,7.29
6988555373,507807807,7.29
6988555373,4583911369,7.04
4583911369,6988555373,7.04
4583911369,4583911370,9.47
4583911370,4583911369,9.47
4583911370,507807816,25.71
507807816,4583911370,25.71
507807816,6988555374,25.28
6988555374,507807816,25.28
6988555374,507807841,19.62
507807841,6988555374,19.62
507807841,507807850,22.57
507807850,507807841,22.57
507807850,507886513,20.86
507886513,507807850,20.86
507886513,507807858,9.29
507807858,507886513,9.29
507807858,6879730354,8.91
6879730354,507807858,8.91
1791543294,4585463467,5.95
4585463467,1791543294,5.95
4585463467,1791543299,23.74
1791543299,4585463467,23.74
1791543299,344254029,34.75
344254029,1791543299,34.75
344254029,344254032,67.11
344254032,344254029,67.11
344254032,1791543297,36.70
1791543297,344254032,36.70
1791543297,4681968901,63.45
4681968901,1791543297,63.45
4681968901,344254036,67.07
344254036,4681968901,67.07
344254036,2070104588,11.38
2070104588,344254036,11.38
2070104588,344254038,54.94
344254038,2070104588,54.94
344254038,2070103755,7.99
2070103755,344254038,7.99
2070103755,1791543295,27.35
1791543295,2070103755,27.35
1791543295,9133283310,11.28
9133283310,1791543295,11.28
9133283310,4597856719,11.54
4597856719,9133283310,11.54
4597856719,4597855605,40.24
4597855605,4597856719,40.24
4597855605,1791543296,28.01
1791543296,4597855605,28.01
1791543296,4597855603,44.02
4597855603,1791543296,44.02
4597855603,6710825180,68.28
6710825180,4597855603,68.28
6710825180,344254041,4.57
344254041,6710825180,4.57
342230206,6887318097,6.05
6887318097,342230206,6.05
6887318097,6990776078,23.00
6990776078,6887318097,23.00
6990776078,6990776079,24.93
6990776079,6990776078,24.93
6990776079,1747985168,50.50
1747985168,6990776079,50.50
1747985168,6990776072,15.86
6990776072,1747985168,15.86
6990776072,6990776075,15.97
6990776075,6990776072,15.97
6990776075,6990776071,20.19
6990776071,6990776075,20.19
6990776071,6990776070,10.57
6990776070,6990776071,10.57
6990776070,455309417,11.10
455309417,6990776070,11.10
455309417,455309490,15.70
455309490,455309417,15.70
1842449778,6938555174,10.26
6938555174,1842446691,9.69
1842446691,6959218912,4.14
6959218912,4551141129,8.02
4551141129,6938555172,10.80
6938555172,1842446694,11.55
1842446694,4655550902,55.70
4655550902,5297635248,10.25
5297635248,4655550702,26.36
4655550702,1847297877,37.96
1847297877,1842446699,38.68
1842446699,1847297802,33.56
1847297802,1847297696,26.46
1847297696,6879759330,22.98
6879759330,1847297804,45.41
1847297804,4655550726,37.41
4655550726,12985459155,36.38
12985459155,6879759316,2.34
6879759316,6879759314,8.94
6879759314,6317624540,10.37
1842446672,12088007408,26.61
12088007408,4655549703,4.39
4655549703,11384609711,11.13
11384609711,4655759596,35.79
4655759596,11341846494,6.79
11341846494,11382509223,37.08
11382509223,4551141122,9.86
4551141122,4551141120,8.55
4551141120,11384609715,12.11
11384609715,6959218907,24.97
6959218907,4655547951,8.82
4655547951,10563627334,4.33
10563627334,4655759591,47.09
4655759591,4655547944,9.36
4655547944,11335691039,3.70
11335691039,12550003942,29.08
12550003942,4655759589,3.35
4655759589,4655547938,9.85
4655547938,4655758786,19.56
4655758786,1863293020,14.68
1863293020,4655758425,30.63
4655758425,4655758422,11.41
4655758422,12550003940,8.76
12550003940,4551141118,35.16
4551141118,4551141114,14.62
4551141114,4551141126,23.24
4551141126,6879759304,9.85
4655549893,6317624550,12.82
6317624550,6879759327,105.51
6879759327,6946165105,101.42
6946165105,6886418744,41.68
1843028658,6274653704,11.34
6274653704,9536060460,73.34
9536060460,9536060462,17.41
9536060462,1842446655,44.35
1842446655,1843574827,39.91
1843574827,6883585602,3.15
6883585602,1842446657,38.27
1842446657,4551484158,81.02
4551484158,1842446669,14.86
1842446669,4551484156,15.65
4551484156,11115128903,4.62
11115128903,1842446693,100.64
1842446693,1843574911,42.14
1843574911,5297403659,11.94
1842449762,12985475607,50.06
12985475607,4551141109,1.61
4551141109,1842449778,5.08
1843574864,6879708576,10.96
6879708576,1843574864,10.96
6879708576,1843574979,42.27
1843574979,6879708576,42.27
1843574886,1843574711,165.86
1843574711,1843574886,165.86
1843574879,6988661352,17.13
6988661352,1843574879,17.13
6988661352,6988661349,2.85
6988661349,6988661352,2.85
6988661349,6988661351,3.57
6988661351,6988661349,3.57
6988661351,6988661350,3.24
6988661350,6988661351,3.24
6988661350,1843574787,3.49
1843574787,6988661350,3.49
577939062,577939064,74.34
577939064,577939062,74.34
1843574845,1843574722,178.70
1843574722,1843574845,178.70
577939019,4583911518,3.43
4583911518,577939019,3.43
4583911518,577939023,3.78
577939023,4583911518,3.78
577939023,4583911520,6.91
4583911520,577939023,6.91
4583911520,4583911519,10.55
4583911519,4583911520,10.55
4583911519,4583911522,37.85
4583911522,4583911519,37.85
4583911522,577939028,11.58
577939028,4583911522,11.58
577939028,4583911525,31.81
4583911525,577939028,31.81
4583911525,6988661369,34.39
6988661369,4583911525,34.39
6988661369,4583911586,29.29
4583911586,6988661369,29.29
4583911586,6988661366,7.38
6988661366,4583911586,7.38
6988661366,4583911528,5.89
4583911528,6988661366,5.89
4583911528,577939030,5.50
577939030,4583911528,5.50
577939030,4583911533,38.15
4583911533,577939030,38.15
4583911533,577939032,20.96
577939032,4583911533,20.96
577939032,6988661365,3.68
6988661365,577939032,3.68
6988661365,4583911529,3.02
4583911529,6988661365,3.02
4583911529,4583911588,2.67
4583911588,4583911529,2.67
4583911588,6708399651,3.07
6708399651,4583911588,3.07
1843574674,6879759329,4.33
6879759329,1843574674,4.33
6879759329,12985437798,1.37
12985437798,6879759329,1.37
12985437798,6879759313,3.48
6879759313,12985437798,3.48
6327773234,1947750164,15.39
1947750164,6327773234,15.39
1947750164,4685143188,7.46
4685143188,1947750164,7.46
4685143188,1843585247,19.07
1843585247,4685143188,19.07
1843585247,4592869984,10.93
4592869984,1843585247,10.93
4592869984,1947750154,10.16
1947750154,4592869984,10.16
1947750154,5306289768,20.46
5306289768,1947750154,20.46
5306289768,1843574762,7.98
1843574762,5306289768,7.98
1843574762,11201051852,16.71
11201051852,1843574762,16.71
11201051852,4584378300,11.09
4584378300,11201051852,11.09
4584378300,4587670657,4.52
4587670657,4584378300,4.52
4587670657,11342054585,1.17
11342054585,4587670657,1.17
11342054585,1947750203,23.38
1947750203,11342054585,23.38
1947750203,4584378299,19.55
4584378299,1947750203,19.55
4584378299,10900658465,8.63
10900658465,4584378299,8.63
10900658465,1843585077,45.50
1843585077,10900658465,45.50
1843585077,1947750457,95.85
1947750457,1843585077,95.85
1947750457,1843574954,25.37
1843574954,1947750457,25.37
1843574954,11201086436,26.37
11201086436,1843574954,26.37
11201086436,4587670041,8.41
4587670041,11201086436,8.41
4587670041,11201093837,10.71
11201093837,4587670041,10.71
11201093837,4587670038,46.47
4587670038,11201093837,46.47
4587670038,1843585237,51.45
1843585237,4587670038,51.45
1843585237,6990776082,36.79
6990776082,1843585237,36.79
6990776082,4584378298,19.52
4584378298,6990776082,19.52
4584378298,11342012187,33.54
11342012187,4584378298,33.54
11342012187,1843574715,19.02
1843574715,11342012187,19.02
1843574715,6883668754,5.29
6883668754,1843574715,5.29
6883668754,6327773238,11.72
6327773238,6883668754,11.72
6327773238,6327773249,22.53
6327773249,6327773238,22.53
6327773249,4587669917,10.40
4587669917,6327773249,10.40
4587669917,1843585268,11.17
1843585268,4587669917,11.17
1843585268,6024782164,38.77
6024782164,1843585268,38.77
6024782164,4587669926,8.20
4587669926,6024782164,8.20
4587669926,4587670026,71.12
4587670026,4587669926,71.12
4587670026,1843585209,30.14
1843585209,4587670026,30.14
1843585209,11341948715,33.03
11341948715,1843585209,33.03
11341948715,12154245214,9.08
12154245214,11341948715,9.08
12154245214,4587670021,18.70
4587670021,12154245214,18.70
4587670021,11756583074,3.10
11756583074,4587670021,3.10
11756583074,11756530766,4.02
11756530766,11756583074,4.02
11756530766,9580885141,3.51
9580885141,11756530766,3.51
9580885141,6990795988,3.95
6990795988,9580885141,3.95
6990795988,1947750200,45.47
1947750200,6990795988,45.47
1947750200,1843575067,40.09
1843575067,1947750200,40.09
1843575067,6327773240,22.29
6327773240,1843575067,22.29
1843574996,1843575198,12.85
1843575198,1843574996,12.85
1843575198,1843574734,12.66
1843574734,1843575198,12.66
1843574734,4584378088,25.17
4584378088,1843574734,25.17
1843574997,1843574852,29.61
1843574852,1843574997,29.61
1843585268,6990795985,9.62
6990795985,1843585268,9.62
6990795985,6990776084,6.55
6990776084,6990795985,6.55
6990776084,6990795986,7.76
6990795986,6990776084,7.76
6990795986,6990795987,22.50
6990795987,6990795986,22.50
6990795987,1843585060,18.86
1843585060,6990795987,18.86
1843585060,1843585011,13.50
1843585011,1843585060,13.50
1843585237,6883668756,6.08
6883668756,1843585237,6.08
6883668756,1843585134,13.64
1843585134,6883668756,13.64
1843585134,6883668755,4.49
6883668755,1843585134,4.49
6883668755,4587670035,9.70
4587670035,6883668755,9.70
4587670035,4587670034,5.35
4587670034,4587670035,5.35
4587670034,6988165355,7.09
6988165355,4587670034,7.09
6988165355,4587670033,8.40
4587670033,6988165355,8.40
4587670033,6988165353,8.14
6988165353,4587670033,8.14
6988165353,6988165354,5.76
6988165354,6988165353,5.76
6988165354,1843585021,5.65
1843585021,6988165354,5.65
1843585021,4587670032,47.32
4587670032,1843585021,47.32
4587670032,4587670031,5.35
4587670031,4587670032,5.35
4587670031,4587670028,6.66
4587670028,4587670031,6.66
4587670028,4587670030,5.80
4587670030,4587670028,5.80
4587670030,4587670029,5.30
4587670029,4587670030,5.30
4587670029,1843585120,33.03
1843585120,4587670029,33.03
4587669887,6990776048,6.91
6990776048,4587669887,6.91
6990776048,6990776052,19.35
6990776052,6990776048,19.35
6990776052,12162331481,10.59
12162331481,6990776052,10.59
12162331481,6990776051,14.51
6990776051,12162331481,14.51
6990776051,1843585278,5.34
1843585278,6990776051,5.34
1843585278,6990776053,3.84
6990776053,1843585278,3.84
6990776053,6990776054,3.58
6990776054,6990776053,3.58
6990776054,1843585256,5.19
1843585256,6990776054,5.19
1843585256,1843585015,8.09
1843585015,1843585256,8.09
1843585015,4587670189,7.14
4587670189,1843585015,7.14
4587670189,1843585271,15.90
1843585271,4587670189,15.90
1843585271,1843585099,25.98
1843585099,1843585271,25.98
4584378294,4584378295,12.24
4584378295,4584378294,12.24
4584378295,1843585157,16.18
1843585157,4584378295,16.18
1843585157,1843585173,14.70
1843585173,1843585157,14.70
1843585173,4584378297,17.17
4584378297,1843585173,17.17
4584378297,1843585164,21.91
1843585164,4584378297,21.91
1843585164,1843585060,6.10
1843585060,1843585164,6.10
1843585017,12164653201,44.86
12164653201,1843585017,44.86
12164653201,1843585144,3.26
1843585144,12164653201,3.26
1843585144,4587022484,38.35
4587022484,1843585144,38.35
4587022484,1843585251,4.47
1843585251,4587022484,4.47
1843585251,1843584995,39.51
1843584995,1843585251,39.51
1843585207,1843585295,80.76
1843585295,1843585207,80.76
1843585295,6988280545,11.45
6988280545,1843585295,11.45
6988280545,6988280544,7.00
6988280544,6988280545,7.00
6988280544,4685366173,7.40
4685366173,6988280544,7.40
4685366173,1843585101,9.63
1843585101,4685366173,9.63
1843585101,6990776044,21.29
6990776044,1843585101,21.29
6990776044,6990776045,5.26
6990776045,6990776044,5.26
6990776045,1843585170,7.02
1843585170,6990776045,7.02
1843585170,4587669888,38.47
4587669888,1843585170,38.47
4587669888,6707839840,2.30
6707839840,4587669888,2.30
1843585109,6990795993,50.79
6990795993,1843585109,50.79
6990795993,1843585209,49.25
1843585209,6990795993,49.25
1843574715,11342012190,5.65
11342012190,1843574715,5.65
11342012190,342229287,189.25
342229287,11342012190,189.25
342229287,1747982048,173.18
1747982048,342229287,173.18
1747982048,12164652695,51.81
12164652695,1747982048,51.81
12164652695,342229290,15.63
342229290,12164652695,15.63
342229290,6988165372,9.21
6988165372,342229290,9.21
6988165372,6988165373,16.79
6988165373,6988165372,16.79
6988165373,1843585267,10.05
1843585267,6988165373,10.05
1843585267,342229293,91.92
342229293,1843585267,91.92
1843585289,1843585175,57.88
1843585175,1843585289,57.88
1843869707,4671258929,6.00
4671258929,1843869707,6.00
4671258929,1843869759,12.40
1843869759,4671258929,12.40
1843869759,1843869629,81.56
1843869629,1843869759,81.56
4671260300,1843884321,40.16
1843884321,4671260300,40.16
1843884321,1843884293,47.15
1843884293,1843884321,47.15
1843884293,10949902142,34.12
10949902142,1843884293,34.12
10949902142,4671260305,4.15
4671260305,10949902142,4.15
4671260305,4671260304,11.92
4671260304,4671260305,11.92
1843884246,6179169374,9.94
6179169374,1843884246,9.94
6179169374,6179169373,4.58
6179169373,6179169374,4.58
6179169373,6179169372,4.09
6179169372,6179169373,4.09
6179169372,6946535607,4.08
6946535607,6179169372,4.08
6946535607,1843884288,4.38
1843884288,6946535607,4.38
1843884288,6179169371,13.85
6179169371,1843884288,13.85
6179169371,6946535608,5.08
6946535608,6179169371,5.08
6946535608,1843884293,5.04
1843884293,6946535608,5.04
1843955901,10909251643,79.80
10909251643,1843955717,12.26
1843955678,1843955621,33.78
1843955621,1843955678,33.78
1843955621,1843955770,32.52
1843955770,1843955621,32.52
1843955770,4606311630,13.34
4606311630,1843955770,13.34
4606311630,1843955715,10.76
1843955715,4606311630,10.76
1843954971,1843955453,35.51
1843955453,1843954971,35.51
1843955453,1843955221,37.01
1843955221,1843955453,37.01
1843955221,1843955468,44.31
1843955468,1843955221,44.31
1843955468,4597857034,8.19
4597857034,1843955468,8.19
4597857034,1843955272,10.14
1843955272,4597857034,10.14
1843955272,1843955003,9.22
1843955003,1843955272,9.22
6179169924,1843955852,4.97
1843955852,6179169924,4.97
1843955852,1843955896,28.53
1843955896,1843955852,28.53
1843955896,1843955881,12.59
1843955881,1843955896,12.59
1843955881,1843955699,20.97
1843955699,1843955881,20.97
1843955699,1843955724,30.03
1843955724,1843955699,30.03
1843955724,1843955572,70.14
1843955572,1843955724,70.14
1843955572,12050247032,27.13
12050247032,1843955572,27.13
12050247032,1843955778,42.20
1843955778,12050247032,42.20
1843955778,1843955131,53.04
1843955131,1843955778,53.04
1843955131,1843955687,8.33
1843955687,1843955131,8.33
1843955687,1843955635,41.34
1843955635,1843955687,41.34
1843955635,1843956009,24.34
1843956009,1843955635,24.34
1843956009,1843955688,21.13
1843955688,1843956009,21.13
1843955688,1843955985,20.33
1843955985,1843955688,20.33
1843955985,1843955843,12.76
1843955843,1843955985,12.76
1843955843,1843955593,18.45
1843955593,1843955843,18.45
1843955593,1843955154,34.68
1843955154,1843955593,34.68
1843955154,1843955058,24.00
1843955058,1843955154,24.00
1879325586,1843955629,5.39
1843955629,1879325586,5.39
1843955629,5519181323,1.10
5519181323,1843955629,1.10
5519181323,5528684067,24.72
5528684067,5519181323,24.72
5528684067,1843955300,37.13
1843955300,5528684067,37.13
1843955300,4681968818,3.91
4681968818,1843955300,3.91
4681968818,4597857019,19.59
4597857019,4681968818,19.59
4597857019,1843954995,32.56
1843954995,4597857019,32.56
1843954995,6946535794,6.90
6946535794,1843954995,6.90
6946535794,5533548552,40.67
5533548552,6946535794,40.67
5533548552,1843955767,38.07
1843955767,5533548552,38.07
1843955767,6892805402,7.15
6892805402,1843955767,7.15
6892805402,1843955756,6.78
1843955756,6892805402,6.78
1843955756,6892805400,18.88
6892805400,1843955756,18.88
6892805400,1843955841,6.84
1843955841,6892805400,6.84
1843955841,6892805401,5.08
6892805401,1843955841,5.08
6892805401,1843955631,5.52
1843955631,6892805401,5.52
1843955631,1843955405,38.81
1843955405,1843955631,38.81
1843955405,6892861233,5.57
6892861233,1843955405,5.57
6892861233,6892861236,5.99
6892861236,6892861233,5.99
6892861236,1843955529,7.91
1843955529,6892861236,7.91
1843955591,1843955001,27.08
1843955001,1843955591,27.08
1843955001,12048145639,14.76
12048145639,1843955001,14.76
12048145639,1843955523,7.75
1843955523,12048145639,7.75
1843955523,1843955154,22.85
1843955154,1843955523,22.85
1843955623,10998429423,4.79
10998429423,1843955623,4.79
10998429423,4671224268,3.71
4671224268,10998429423,3.71
4671224268,10998429424,5.35
10998429424,4671224268,5.35
10998429424,4671224269,2.75
4671224269,10998429424,2.75
4671224269,1843955847,15.24
1843955847,4671224269,15.24
1843955847,1843955935,26.47
1843955935,1843955847,26.47
1843955935,1843955781,30.44
1843955781,1843955935,30.44
1843955633,12077071283,28.42
12077071283,1843955633,28.42
12077071283,1843955888,26.68
1843955888,12077071283,26.68
1843869888,1843955004,5.80
1843955004,1843869888,5.80
1843955004,1843955317,22.10
1843955317,1843955004,22.10
1843955317,1843955282,21.82
1843955282,1843955317,21.82
1843955282,1843955297,16.06
1843955297,1843955282,16.06
1843955297,6918291447,14.71
6918291447,1843955297,14.71
6918291447,1843955211,12.48
1843955211,6918291447,12.48
1843955211,6918291448,7.75
6918291448,1843955211,7.75
6918291448,6918291449,6.11
6918291449,6918291448,6.11
6918291449,1843954979,5.28
1843954979,6918291449,5.28
1843954979,6918291450,5.29
6918291450,1843954979,5.29
6918291450,6918291453,9.40
6918291453,6918291450,9.40
6918291453,1843955354,6.29
1843955354,6918291453,6.29
1843955354,6918291451,7.22
6918291451,1843955354,7.22
6918291451,4664985029,29.28
4664985029,6918291451,29.28
4664985029,1843955819,21.01
1843955819,4664985029,21.01
1843955819,6236336758,16.18
6236336758,1843955819,16.18
6236336758,1843955074,15.37
1843955074,6236336758,15.37
1843955074,1843955341,9.42
1843955341,1843955074,9.42
1843955341,1843955199,6.57
1843955199,1843955341,6.57
1843955199,10796615601,20.36
10796615601,1843955199,20.36
10796615601,10790032313,5.67
10790032313,10796615601,5.67
10790032313,9487715553,9.68
9487715553,10790032313,9.68
1843955783,1843955707,45.81
1843955707,1843955295,50.32
1843955295,1843955780,38.85
1843955780,1843955447,50.69
1843955447,1843955718,62.26
5519169122,10909417781,7.49
10909417781,5519169122,7.49
10909417781,11156716062,31.38
11156716062,10909417781,31.38
11156716062,5519070429,24.80
5519070429,11156716062,24.80
5519070429,5519105130,2.25
5519105130,5519070429,2.25
5519105130,1843955439,22.77
1843955439,5519105130,22.77
1843955439,4573038465,17.72
4573038465,1843955439,17.72
4573038465,6959195349,0.34
6959195349,4573038465,0.34
6959195349,6959195351,30.37
6959195351,6959195349,30.37
6959195351,1843955858,70.63
1843955858,6959195351,70.63
1843955858,11541727692,2.22
11541727692,1843955858,2.22
11541727692,4597857021,33.35
4597857021,11541727692,33.35
4597857021,6886256587,14.00
6886256587,4597857021,14.00
6886256587,1843955670,13.25
1843955670,6886256587,13.25
1843955670,11981089173,3.22
11981089173,1843955670,3.22
11981089173,6946535779,41.70
6946535779,11981089173,41.70
6946535779,1843955878,11.85
1843955878,6946535779,11.85
1843955878,11006692300,31.36
11006692300,1843955878,31.36
11006692300,1863544233,7.44
1863544233,11006692300,7.44
1863544233,5527425280,4.41
5527425280,1863544233,4.41
5527425280,6886228971,29.01
6886228971,5527425280,29.01
6886228971,11006692301,10.73
11006692301,6886228971,10.73
11006692301,6886228973,10.83
6886228973,11006692301,10.83
6886228973,6886228975,27.05
6886228975,6886228973,27.05
6886228975,1843954966,23.33
1843954966,6886228975,23.33
1843954966,6886228968,14.54
6886228968,1843954966,14.54
6886228968,1843955051,5.97
1843955051,6886228968,5.97
1843955051,9166795405,2.94
9166795405,1843955051,2.94
9166795405,6886228967,2.93
6886228967,9166795405,2.93
6886228967,11006692299,30.99
11006692299,6886228967,30.99
11006692299,4631903642,27.00
4631903642,11006692299,27.00
4631903642,11006692298,20.46
11006692298,4631903642,20.46
11006692298,6892805410,33.10
6892805410,11006692298,33.10
6892805410,4573038825,10.38
4573038825,6892805410,10.38
4573038825,4592868005,26.60
4592868005,4573038825,26.60
4592868005,6892758203,10.85
6892758203,4592868005,10.85
6892758203,1946518316,38.31
1946518316,6892758203,38.31
1946518316,1843955785,56.80
1843955785,1946518316,56.80
1843955785,4592867990,6.24
4592867990,1843955785,6.24
4592867990,6886228966,19.40
6886228966,4592867990,19.40
6886228966,1946518311,38.96
1946518311,6886228966,38.96
1946518311,6893096841,13.66
6893096841,1946518311,13.66
6893096841,5346885401,31.78
5346885401,6893096841,31.78
5346885401,5346936339,8.52
5346936339,5346885401,8.52
5346936339,6886228962,22.18
6886228962,5346936339,22.18
6886228962,6886228965,7.82
6886228965,6886228962,7.82
6886228965,6886228961,7.32
6886228961,6886228965,7.32
6886228961,11635552705,4.89
11635552705,6886228961,4.89
11635552705,1843955274,11.82
1843955274,11635552705,11.82
1843955274,10900673578,11.04
10900673578,1843955274,11.04
10900673578,6988667645,14.37
6988667645,10900673578,14.37
6988667645,11163682214,19.50
11163682214,6988667645,19.50
11163682214,11163682224,6.66
11163682224,11163682214,6.66
10922665712,1843956006,7.00
1843956006,10922665712,7.00
1843956006,1843955802,12.27
1843955802,1843956006,12.27
1843955802,1843955058,39.97
1843955058,1843955802,39.97
1843955546,1843955270,5.06
1843955270,1843955546,5.06
1843955270,4671256582,6.15
4671256582,1843955270,6.15
4671256582,1843955361,5.38
1843955361,4671256582,5.38
1843955361,4671256581,6.37
4671256581,1843955361,6.37
4671256581,1843955935,5.97
1843955935,4671256581,5.97
1843955935,4671259749,3.29
4671259749,1843955935,3.29
4671259749,4671259750,2.52
4671259750,4671259749,2.52
4671259750,4671259751,2.55
4671259751,4671259750,2.55
4671259751,4671259752,15.55
4671259752,4671259751,15.55
4671259752,4671259753,6.01
4671259753,4671259752,6.01
1843956002,4671259824,4.65
4671259824,1843956002,4.65
4671259824,6868204014,5.73
6868204014,4671259824,5.73
6868204014,1843955151,5.15
1843955151,6868204014,5.15
1843955151,4671259825,9.06
4671259825,1843955151,9.06
4671259825,1843955450,10.12
1843955450,4671259825,10.12
1843955450,10998440545,19.83
10998440545,1843955450,19.83
10998440545,6868204016,33.85
6868204016,10998440545,33.85
6868204016,6967343904,3.85
6967343904,6868204016,3.85
6967343904,4671259800,79.96
4671259800,6967343904,79.96
4671259800,4671259826,26.89
4671259826,4671259800,26.89
1843954989,6236336769,103.08
6236336769,1843954989,103.08
6236336769,1843955819,51.21
1843955819,6236336769,51.21
1843955753,2110539292,52.70
2110539292,1847297791,8.88
1847297791,12104342528,14.94
12104342528,10905559888,7.89
10905559888,1843955901,5.40
1843955901,1847297672,10.17
1847297672,1847297556,37.81
1847297556,4597856882,15.13
4597856882,1843955714,17.38
1843955714,6988667633,16.30
6988667633,1843955951,19.58
1843955903,6988667663,37.54
6988667663,6301368544,7.75
6301368544,1946518443,101.83
1843955069,10741941830,42.01
10741941830,11429483759,27.18
11429483759,1843955581,3.03
1843955581,10962339872,49.15
10962339872,10962339874,23.84
10962339874,4667780664,24.56
4667780664,6179169382,17.79
6179169382,4606311628,5.23
4606311628,1843955484,10.50
1843955464,6236336756,3.49
6236336756,1843955874,3.64
1843955874,1843955393,13.04
1843955393,1843955538,12.86
1843955538,1843955543,6.43
1843955543,4664984485,4.16
4664984485,1843955291,5.57
1843955291,6236347548,24.57
6236347548,1843955840,28.34
1843955840,1843955069,35.49
1843955069,6179169384,8.98
6179169384,1843955017,13.24
1843955017,6179169885,10.29
6179169885,1843955143,12.91
1843955143,6179169886,8.86
6179169886,3386134041,7.38
3386134041,1843955792,6.34
1843955792,1843955721,37.38
1843955721,6179169905,2.59
6179169905,6179169906,11.32
6179169906,4664984993,3.58
4664984993,4664984992,4.12
4664984992,1843955435,5.53
1843955435,1843955625,16.90
1843955625,6236347547,22.02
6236347547,6236347546,5.15
6236347546,4664984994,3.53
4664984994,1843955456,5.66
1843955456,4664984995,17.18
4664984995,1843955065,17.86
1843955065,6179169926,18.70
6179169926,12620845442,4.02
12620845442,4664984998,3.49
342236323,1847297568,110.59
1847297568,1843955982,87.13
1843955982,11156464004,5.73
11156464004,4584301822,35.62
4584301822,1843955006,28.58
6179169896,6179169897,5.19
6179169897,6179169896,5.19
6179169897,6179169898,2.13
6179169898,6179169897,2.13
6179169898,6179169899,1.88
6179169899,6179169898,1.88
6179169899,6179169900,2.09
6179169900,6179169899,2.09
6179169900,6179169901,6.18
6179169901,6179169900,6.18
6179169901,6179169902,9.92
6179169902,6179169901,9.92
6179169902,6179169903,5.43
6179169903,6179169902,5.43
6179169903,6179169904,3.62
6179169904,6179169903,3.62
6179169904,1843955897,7.35
1843955897,6179169904,7.35
1843955897,1843955792,17.48
1843955792,1843955897,17.48
1843955054,1843955546,16.34
1843955546,1843955054,16.34
1843955546,1843955564,17.00
1843955564,1843955546,17.00
1843955564,4593446619,3.38
4593446619,1843955564,3.38
4593446619,1843955013,3.26
1843955013,4593446619,3.26
1843955013,1843955847,9.36
1843955847,1843955013,9.36
1843955067,1843955140,3.37
1843955140,1843955067,3.37
1843955140,1843955009,3.37
1843955009,1843955140,3.37
1843955009,1843955977,3.37
1843955977,1843955009,3.37
1843955977,1843954998,3.37
1843954998,1843955977,3.37
1843954998,1843955489,3.37
1843955489,1843954998,3.37
1843955489,1843955790,3.37
1843955790,1843955489,3.37
1843955790,1843955737,3.37
1843955737,1843955790,3.37
1843955737,1843955876,3.38
1843955876,1843955737,3.38
1843955876,1843954994,3.37
1843954994,1843955876,3.37
1843954994,1843955357,3.38
1843955357,1843954994,3.38
1843955357,1843955949,3.37
1843955949,1843955357,3.37
1843955949,1843955685,3.37
1843955685,1843955949,3.37
1843955685,1843955729,3.38
1843955729,1843955685,3.38
1843955729,1843955633,3.45
1843955633,1843955729,3.45
1843955633,1843955442,3.21
1843955442,1843955633,3.21
1843955442,1843955615,3.30
1843955615,1843955442,3.30
1843955615,1843955167,3.29
1843955167,1843955615,3.29
1843955167,1843955293,3.29
1843955293,1843955167,3.29
1843955293,4671260291,3.55
4671260291,1843955293,3.55
4671260291,1843955067,3.11
1843955067,4671260291,3.11
507807858,11922515613,11.74
11922515613,507807858,11.74
11922515613,11922515617,37.69
11922515617,11922515613,37.69
11922515617,507886926,122.16
507886926,11922515617,122.16
507886926,507886930,29.44
507886930,507886926,29.44
507886930,6708399646,9.28
6708399646,507886930,9.28
6708399646,6988555240,16.13
6988555240,6708399646,16.13
6988555240,507889716,26.80
507889716,6988555240,26.80
507889716,507886935,47.04
507886935,507889716,47.04
507886935,1844091009,19.07
1844091009,507886935,19.07
1844091009,507886938,53.00
507886938,1844091009,53.00
507886938,507893004,20.61
507893004,507886938,20.61
507893004,6988555232,7.49
6988555232,507893004,7.49
6988555232,507886941,7.76
507886941,6988555232,7.76
507886941,6988555230,9.61
6988555230,507886941,9.61
6988555230,6988555231,8.87
6988555231,6988555230,8.87
6988555231,507886945,9.25
507886945,6988555231,9.25
507886945,6988555229,12.78
6988555229,507886945,12.78
6988555229,6879695881,42.18
6879695881,6988555229,42.18
6879695881,1844091294,58.97
1844091294,6879695881,58.97
1844091294,507886948,44.97
507886948,1844091294,44.97
507886948,12374329774,3.13
12374329774,507886948,3.13
12374329774,6919732903,59.11
6919732903,12374329774,59.11
6919732903,507886963,55.78
507886963,6919732903,55.78
507886963,7027438546,20.18
7027438546,507886963,20.18
7027438546,6919732899,4.46
6919732899,7027438546,4.46
6919732899,6919732898,14.69
6919732898,6919732899,14.69
6919732898,7027438548,4.59
7027438548,6919732898,4.59
7027438548,507886967,4.77
507886967,7027438548,4.77
507886967,6919732900,3.50
6919732900,507886967,3.50
6919732900,1844091160,4.60
1844091160,6919732900,4.60
1844091160,1844090927,33.29
1844090927,1844091160,33.29
507886513,11922515616,14.83
11922515616,507886513,14.83
11922515616,6708399650,50.25
6708399650,11922515616,50.25
6708399650,4583911373,8.70
4583911373,6708399650,8.70
4583911373,507886494,60.48
507886494,4583911373,60.48
507886494,1844090975,21.91
1844090975,507886494,21.91
1844090975,4583911372,15.05
4583911372,1844090975,15.05
4583911372,1844091341,11.01
1844091341,4583911372,11.01
1844091341,1844091385,28.67
1844091385,1844091341,28.67
1844091385,507886486,14.99
507886486,1844091385,14.99
507886486,10547781943,44.84
10547781943,507886486,44.84
10547781943,507886999,21.55
507886999,10547781943,21.55
507886999,507887005,42.68
507887005,507886999,42.68
507887005,507887009,20.99
507887009,507887005,20.99
507887009,6988555286,12.70
6988555286,507887009,12.70
6988555286,507887011,16.99
507887011,6988555286,16.99
12203449130,12170806992,12.70
12170806992,12203449130,12.70
12170806992,507893095,8.05
507893095,12170806992,8.05
507893095,6708399645,13.49
6708399645,507893095,13.49
6708399645,507893099,20.45
507893099,6708399645,20.45
507893099,507893103,17.38
507893103,507893099,17.38
507893103,507893108,21.83
507893108,507893103,21.83
1844115459,4584301701,8.17
4584301701,1844115459,8.17
4584301701,1844115880,6.10
1844115880,4584301701,6.10
1844115880,4584301700,5.03
4584301700,1844115880,5.03
4584301700,1844115877,18.95
1844115877,4584301700,18.95
1844115482,1844115629,38.24
1844115629,1844115482,38.24
1844115459,4584301703,5.68
4584301703,1844115459,5.68
4584301703,4584301704,6.28
4584301704,4584301703,6.28
4584301704,1844115726,15.13
1844115726,4584301704,15.13
1844115726,6310290611,24.03
6310290611,1844115726,24.03
6310290611,1844115485,15.32
1844115485,6310290611,15.32
1844115485,6310290608,18.40
6310290608,1844115485,18.40
6310290608,6310290607,27.39
6310290607,6310290608,27.39
6310290607,1844115474,33.85
1844115474,6310290607,33.85
1844115502,1844115850,67.38
1844115850,1844115477,78.50
1844115446,10792594776,5.77
10792594776,1844115446,5.77
10792594776,11959201876,68.79
11959201876,10792594776,68.79
1844115476,1844115304,79.92
1844115304,10895062593,62.89
10895062593,1844115454,4.44
1844115331,9139001391,8.29
9139001391,1844115331,8.29
9139001391,1844115477,23.87
1844115477,9139001391,23.87
1844115477,1844115476,36.86
1844115476,1844115477,36.86
1844115476,1844115474,32.05
1844115474,1844115476,32.05
1844115474,10865597131,39.55
10865597131,1844115474,39.55
10865597131,10900350045,19.12
10900350045,10865597131,19.12
10900350045,6886403364,11.97
6886403364,10900350045,11.97
6886403364,10900350048,2.47
10900350048,6886403364,2.47
10900350048,342235729,4.68
342235729,10900350048,4.68
1844115475,10792594779,5.76
10792594779,1844115475,5.76
10792594779,1844115906,4.57
1844115906,10792594779,4.57
1844115906,1844115492,111.45
1844115492,1844115906,111.45
1844115492,4584301676,16.74
4584301676,1844115492,16.74
4584301676,4584301675,23.72
4584301675,4584301676,23.72
4584301675,4584301674,29.12
4584301674,4584301675,29.12
4584301674,1844115621,19.12
1844115621,4584301674,19.12
1845774474,6946535804,24.88
6946535804,1845774474,24.88
6946535804,1845774478,9.06
1845774478,6946535804,9.06
1845774478,1845774480,9.87
1845774480,1845774478,9.87
1845774480,4592868586,9.03
4592868586,1845774480,9.03
4592868586,4592868585,7.78
4592868585,4592868586,7.78
4592868585,1845774484,7.65
1845774484,4592868585,7.65
1845774484,11194949983,2.75
11194949983,1845774484,2.75
11194949983,1845774486,25.61
1845774486,11194949983,25.61
1845774486,6946535805,7.98
6946535805,1845774486,7.98
6946535805,1845774489,7.59
1845774489,6946535805,7.59
1845774489,1845774491,10.55
1845774491,1845774489,10.55
1845774491,4592868181,16.12
4592868181,1845774491,16.12
4592868181,1845774516,15.99
1845774516,4592868181,15.99
1845774516,6946535806,11.31
6946535806,1845774516,11.31
6946535806,1845774517,8.97
1845774517,6946535806,8.97
1845774517,1845774519,8.52
1845774519,1845774517,8.52
1845774519,4592868578,20.57
4592868578,1845774519,20.57
4592868578,1851793486,27.58
1851793486,4592868578,27.58
1851793486,4592868570,47.21
4592868570,1851793486,47.21
4592868570,11194906173,64.17
11194906173,4592868570,64.17
11194906173,1845774523,14.63
1845774523,11194906173,14.63
1845774523,1847323331,39.58
1847323331,1845774523,39.58
1847323331,6878748639,5.60
6878748639,1847323331,5.60
6878748639,6879111563,17.00
6879111563,6878748639,17.00
6879111563,1847323219,9.05
1847323219,6879111563,9.05
1847297804,4655550695,4.62
4655550695,1847297584,23.53
1847297859,1847297655,24.54
1847297655,1847297859,24.54
1847297802,11201005894,4.35
11201005894,1847297802,4.35
11201005894,1847297792,67.93
1847297792,11201005894,67.93
6988667590,6988667591,16.62
6988667591,6988667590,16.62
6988667591,6988667592,5.19
6988667592,6988667591,5.19
6988667592,1847297727,5.58
1847297727,6988667592,5.58
1847297727,1847297753,11.40
1847297753,1847297727,11.40
1847297753,1847297715,15.15
1847297715,1847297753,15.15
1847297715,1847297689,12.20
1847297689,1847297715,12.20
6946535755,1847297643,83.47
1847297643,6946535755,83.47
1847297614,6988667630,11.16
6988667630,1847297614,11.16
6988667630,6988667629,7.25
6988667629,6988667630,7.25
6988667629,1847297645,8.40
1847297645,6988667629,8.40
1847297645,1847297784,11.17
1847297784,1847297645,11.17
1847297784,1847297559,16.97
1847297559,1847297784,16.97
1847297559,1847297723,11.11
1847297723,1847297559,11.11
1847297723,1847297831,17.38
1847297831,1847297723,17.38
1847297621,11946153163,2.84
11946153163,11946153167,36.08
11946153167,10904889989,16.25
10904889989,10904889991,57.94
10904889991,6582480275,7.74
6582480275,10904889992,64.30
10904889992,6582480276,4.87
6582480276,6938555166,9.58
1847297662,1847297819,13.23
1847297819,1847297662,13.23
1847297819,6988667588,3.49
6988667588,1847297819,3.49
6988667588,1847297587,10.60
1847297587,6988667588,10.60
1847297587,6988667589,9.00
6988667589,1847297587,9.00
6988667589,1847297756,7.31
1847297756,6988667589,7.31
1847297756,1847297689,7.48
1847297689,1847297756,7.48
1847297689,1847297672,28.87
1847297672,1847297689,28.87
1847297745,4584299354,67.39
4584299354,6988667634,7.44
6988667634,1847297676,30.94
1847297575,1847297905,10.44
1847297905,1847297575,10.44
1847297905,6988667611,7.29
6988667611,1847297905,7.29
6988667611,6988667610,7.82
6988667610,6988667611,7.82
6988667610,1847297755,9.10
1847297755,6988667610,9.10
1847297755,1847297883,23.43
1847297883,1847297755,23.43
1847297883,6887295347,15.57
6887295347,1847297883,15.57
6887295347,6988667627,18.89
6988667627,6887295347,18.89
6988667627,1847297914,4.27
1847297914,6988667627,4.27
1847297914,11635484277,18.47
11635484277,1847297914,18.47
11635484277,1847297717,10.83
1847297717,11635484277,10.83
1847297717,1847297831,5.99
1847297831,1847297717,5.99
1847297831,1847297906,32.49
1847297906,1847297831,32.49
1847297906,1847297721,72.99
1847297721,1847297906,72.99
1847297619,1847297626,10.90
1847297626,1847297747,9.77
1847297747,4597857048,10.04
4597857048,4597857042,10.18
4597857042,6946535762,4.16
6946535762,1847297680,3.56
1847297680,1847297684,3.65
1847297684,4597857047,17.59
4597857047,4597857046,3.23
4597857046,1847297750,2.79
1847297750,4597857045,4.10
4597857045,4597857043,4.70
4597857043,4597857044,9.09
4597857044,6946535791,13.59
6946535791,1847297704,13.99
1847297704,6946535790,14.80
6946535790,6946535789,7.27
6946535789,6946535788,4.71
6946535788,6946535792,5.46
6946535792,6887381158,27.04
6887381158,4597857038,9.57
1847297717,6946535770,59.99
6946535770,1847297717,59.99
6946535770,1847297545,6.32
1847297545,6946535770,6.32
1847297545,1847297839,6.76
1847297839,1847297545,6.76
1847297839,6946535771,10.38
6946535771,1847297839,10.38
6946535771,1847297851,9.51
1847297851,6946535771,9.51
1847297851,1847297782,13.57
1847297782,1847297851,13.57
1847297549,4584301624,8.58
4584301624,1847297549,8.58
4584301624,6864074970,3.84
6864074970,4584301624,3.84
6864074970,9166765165,3.03
9166765165,6864074970,3.03
9166765165,6946535765,60.85
6946535765,9166765165,60.85
6946535765,4584301657,25.06
4584301657,6946535765,25.06
4584301657,6946535769,12.48
6946535769,4584301657,12.48
6946535769,1847297870,16.38
1847297870,6946535769,16.38
1847297870,11643225163,13.77
11643225163,1847297870,13.77
11643225163,11643225164,13.80
11643225164,11643225163,13.80
11643225164,1847297754,1.15
1847297754,11643225164,1.15
1847297754,6946535772,39.71
6946535772,1847297754,39.71
6946535772,1847297703,18.44
1847297703,6946535772,18.44
1847297703,6887295344,10.43
6887295344,1847297703,10.43
6887295344,1847297702,13.50
1847297702,6887295344,13.50
1847297702,1847297782,4.54
1847297782,1847297702,4.54
1847297782,11384768767,25.27
11384768767,1847297782,25.27
11384768767,10906102162,16.36
10906102162,11384768767,16.36
10906102162,1847297585,26.19
1847297585,10906102162,26.19
1847297585,6887210139,4.32
6887210139,1847297585,4.32
6887210139,1847297906,25.49
1847297906,6887210139,25.49
1847297906,1847297557,35.28
1847297557,1847297906,35.28
1847297557,1847297811,27.29
1847297811,1847297557,27.29
1847297811,4584301656,17.52
4584301656,1847297811,17.52
4584301656,4584301655,10.97
4584301655,4584301656,10.97
4584301655,342236323,8.46
342236323,4584301655,8.46
6988667625,1847297916,18.28
1847297916,6988667625,18.28
1847297916,1847297869,14.91
1847297869,1847297916,14.91
1847297869,4584301654,13.23
4584301654,1847297869,13.23
4584301654,1847297722,13.62
1847297722,4584301654,13.62
1847297722,1847297577,13.62
1847297577,1847297722,13.62
1847297577,1847297918,27.29
1847297918,1847297577,27.29
1847297918,1847297640,7.53
1847297640,1847297918,7.53
1847297640,6887210140,3.75
6887210140,1847297640,3.75
6887210140,1847297721,24.65
1847297721,6887210140,24.65
1847297721,1847297627,30.97
1847297627,1847297721,30.97
1847297627,4584301653,13.29
4584301653,1847297627,13.29
4584301653,4584301650,12.04
4584301650,4584301653,12.04
4584301650,1847297555,11.59
1847297555,4584301650,11.59
1847297555,4584301651,9.45
4584301651,1847297555,9.45
4584301651,1847297586,15.26
1847297586,4584301651,15.26
1847297586,1847297815,9.55
1847297815,1847297586,9.55
1847297815,1847297705,12.70
1847297705,1847297815,12.70
1847297705,4584301652,11.96
4584301652,1847297705,11.96
4584301652,1847297761,15.23
1847297761,4584301652,15.23
1847297761,1847297702,16.79
1847297702,1847297761,16.79
1847297556,6988667590,54.27
6988667590,1847297568,23.35
4597856996,1847297729,8.78
1847297729,4597856996,8.78
1847297729,4597856997,11.05
4597856997,1847297729,11.05
4597856997,1847297716,7.40
1847297716,4597856997,7.40
1847297716,11384768752,7.25
11384768752,1847297716,7.25
11384768752,1847297694,23.00
1847297694,11384768752,23.00
1847297694,1847297868,35.92
1847297868,1847297694,35.92
1847297582,1847297596,28.83
1847297596,1847297582,28.83
1847297596,4663240122,20.22
4663240122,1847297596,20.22
4663240122,1847297669,4.58
1847297669,4663240122,4.58
1847297575,1847297571,11.35
1847297571,1847297583,6.34
1847297583,1847297624,9.49
1847297624,6988667609,4.40
6988667609,1847297907,4.47
1847297907,1847297578,6.39
1847297578,1847297856,5.65
1847297856,6988667612,9.58
6988667612,1847297774,4.39
1847297774,1847297760,6.15
1847297760,1847297603,6.60
1847297603,10865597132,16.26
10865597132,6988667613,8.53
6988667613,6946535774,17.94
6946535774,6988667614,7.49
6988667614,1847297652,10.42
1847297557,1847297918,68.71
1847297918,1847297557,68.71
1847297595,1847297734,49.73
1847297734,1847297595,49.73
1847297734,6988667628,8.92
6988667628,1847297734,8.92
6988667628,6988667627,11.95
6988667627,6988667628,11.95
1847297877,4655550699,4.87
4655550699,11265540027,16.26
11265540027,1847297610,51.05
1847297586,1847297690,18.99
1847297690,1847297586,18.99
1847297690,1847297673,5.50
1847297673,1847297690,5.50
1847297673,4584301649,5.49
4584301649,1847297673,5.49
4584301649,10089510141,4.17
10089510141,4584301649,4.17
10089510141,4584301648,16.46
4584301648,10089510141,16.46
4584301648,1847297868,22.16
1847297868,4584301648,22.16
1847297868,4584301647,10.66
4584301647,1847297868,10.66
4584301647,6988667603,6.82
6988667603,4584301647,6.82
6988667603,6988667600,4.76
6988667600,6988667603,4.76
6988667600,1847297771,4.52
1847297771,6988667600,4.52
1847297771,6988667602,4.39
6988667602,1847297771,4.39
6988667602,4584301646,7.53
4584301646,6988667602,7.53
4584301646,11842180046,3.65
11842180046,4584301646,3.65
11842180046,6988667616,28.62
6988667616,11842180046,28.62
6988667616,1847297741,4.92
1847297741,6988667616,4.92
4655547956,6946165128,10.78
6946165128,4655550710,10.07
4655550710,4655550709,3.52
4655550709,1847297772,17.83
1847297772,1847297783,25.61
1847297783,1847297919,28.67
1847297919,1847297866,44.41
1847297866,4655550696,23.51
4655550696,1847297696,4.48
1847297585,1847297627,75.56
1847297824,7185443020,2.69
7185443020,7185443017,2.76
7185443017,7185443016,6.37
7185443016,1847297800,3.38
1847297800,1847297668,2.77
1847297668,11265540057,12.44
11265540057,4655550691,26.24
4655550691,1847297886,7.34
1847297886,4655550693,4.51
4655550693,1847297591,3.92
1847297591,1847297913,9.27
1847297913,1847297548,7.16
1847297548,1847297809,21.67
1847297809,1847297904,19.87
1847297698,4655550698,67.61
4655550698,1842446699,4.72
1847297619,1847297708,21.53
1847297708,1847297619,21.53
1847297708,1847297844,21.85
1847297844,1847297708,21.85
1847297844,4597857073,67.11
4597857073,1847297844,67.11
4597857073,4597857072,3.60
4597857072,4597857073,3.60
4597857072,4597857071,2.97
4597857071,4597857072,2.97
4597857071,4597857070,3.32
4597857070,4597857071,3.32
4597857070,4597857069,2.93
4597857069,4597857070,2.93
4597857069,4597857068,3.63
4597857068,4597857069,3.63
4597857068,4597857067,3.86
4597857067,4597857068,3.86
1847297811,12497094003,55.42
12497094003,1847297811,55.42
12497094003,1847297577,8.12
1847297577,12497094003,8.12
6886784250,10905559876,8.15
10905559876,6886784250,8.15
10905559876,1847297662,21.54
1847297662,10905559876,21.54
1847297662,1847297875,7.59
1847297875,1847297662,7.59
1847297875,1843955982,17.57
1843955982,1847297875,17.57
1847297893,1847297737,36.41
1847297737,1847297893,36.41
1847297737,1847297927,30.63
1847297927,1847297737,30.63
1847297927,1847297728,22.29
1847297728,1847297927,22.29
1847297728,4584299362,4.36
4584299362,1847297728,4.36
4584299362,1847297710,3.21
1847297710,4584299362,3.21
1847297710,4584299361,5.20
4584299361,1847297710,5.20
4584299361,1847297567,12.94
1847297567,4584299361,12.94
1847297567,1847297641,7.58
1847297641,1847297567,7.58
1847297641,1847297745,21.50
1847297745,1847297641,21.50
1847297850,1847297767,46.39
1847297767,1847297850,46.39
1847297767,4584299360,14.09
4584299360,1847297767,14.09
4584299360,1847297567,26.59
1847297567,4584299360,26.59
1847297652,1847297864,10.10
1847297864,1847297650,4.68
1847297650,1847297638,25.83
1847297638,6959195342,8.58
6959195342,6959195341,10.95
6959195341,6959195340,8.00
6959195340,6946535772,7.49
1847297887,1847297608,22.48
1847297608,1847297887,22.48
1847297608,1847297604,17.26
1847297604,1847297608,17.26
1847297604,1847297870,11.34
1847297870,1847297604,11.34
1847297881,11265540032,26.05
11265540032,5528647640,26.78
5528647640,1847297797,12.87
1847297797,4655550736,19.41
4655550736,1842449762,9.78
1847297772,1847297669,46.87
1847297669,1847297772,46.87
1847297669,1847297855,36.14
1847297855,1847297669,36.14
1847323274,6990796036,49.70
6990796036,1847323274,49.70
6990796036,11336930529,50.05
11336930529,6990796036,50.05
11336930529,1843574825,3.20
1843574825,11336930529,3.20
1847323388,6988661343,33.12
6988661343,1847323388,33.12
6988661343,1847323277,33.86
1847323277,6988661343,33.86
1847323317,1847323398,12.81
1847323398,1847323317,12.81
1847323398,6990959542,4.35
6990959542,1847323398,4.35
6990959542,1847323353,4.03
1847323353,6990959542,4.03
1847323105,1847323355,25.53
1847323355,1847323105,25.53
1847323355,1845774480,10.42
1845774480,1847323355,10.42
4584216137,1847323271,9.37
1847323271,4584216137,9.37
1847323271,1847323515,34.93
1847323515,1847323271,34.93
1847323381,4592868547,13.31
4592868547,1847323381,13.31
4592868547,6990959537,4.66
6990959537,4592868547,4.66
6990959537,1847323419,4.19
1847323419,6990959537,4.19
1847323419,4592868546,4.55
4592868546,1847323419,4.55
4592868546,1847323506,6.11
1847323506,4592868546,6.11
1847323506,1847323098,7.38
1847323098,1847323506,7.38
1847323098,1847323328,28.07
1847323328,1847323098,28.07
1847323311,1847323321,31.45
1847323321,1847323311,31.45
1847323321,6990959527,24.82
6990959527,1847323321,24.82
6990959527,6990959531,21.59
6990959531,6990959527,21.59
6990959531,6990959530,16.98
6990959530,6990959531,16.98
6990959530,1847323164,16.02
1847323164,6990959530,16.02
1847323164,6990959528,4.58
6990959528,1847323164,4.58
6990959528,6990959529,12.96
6990959529,6990959528,12.96
6990959529,1847323143,6.89
1847323143,6990959529,6.89
1847323143,1847323234,12.90
1847323234,1847323143,12.90
1847323234,6990959532,68.57
6990959532,1847323234,68.57
6990959532,1847323516,66.96
1847323516,6990959532,66.96
1847323341,1847323279,14.56
1847323279,1847323341,14.56
1847323279,1847323451,13.19
1847323451,1847323279,13.19
1847323451,1847323275,10.17
1847323275,1847323451,10.17
4592868656,6990959538,4.64
6990959538,4592868656,4.64
6990959538,1847323263,4.60
1847323263,6990959538,4.60
1847323263,1847323508,50.89
1847323508,1847323263,50.89
1847323508,1847323328,7.01
1847323328,1847323508,7.01
1847323328,1847323208,12.89
1847323208,1847323328,12.89
1847323208,4592868655,6.55
4592868655,1847323208,6.55
4592868655,1847323415,21.27
1847323415,4592868655,21.27
1847323415,11316513179,6.06
11316513179,1847323415,6.06
11316513179,1847323505,14.67
1847323505,11316513179,14.67
1847323505,1847323133,24.97
1847323133,1847323505,24.97
1847323133,1847323402,31.01
1847323402,1847323133,31.01
1847323249,4573039056,102.32
4573039056,1847323249,102.32
4573039056,388273857,8.66
388273857,4573039056,8.66
388273857,4592868567,44.38
4592868567,388273857,44.38
4592868567,1847323504,4.91
1847323504,4592868567,4.91
1847323504,1847323291,35.21
1847323291,1847323504,35.21
1847323291,1847323396,37.27
1847323396,1847323291,37.27
1847323396,388273852,18.58
388273852,1847323396,18.58
388273852,6990959559,29.35
6990959559,388273852,29.35
6990959559,1847323093,28.61
1847323093,6990959559,28.61
1847323493,1847323481,35.34
1847323481,1847323493,35.34
1847323356,1847323139,24.53
1847323139,1847323356,24.53
1847323368,6990959535,41.71
6990959535,6879111561,27.82
6879111561,1847323516,6.21
1847323516,1847323416,18.15
1847323416,1847323511,21.32
1847323511,6990959536,15.17
6990959536,1847323434,20.33
1847323434,1847323507,7.25
1847323507,1847323261,13.72
1847323261,1847323436,26.62
1847323436,12097436608,27.33
12097436608,1847323331,25.70
4592868957,11336965271,77.53
11336965271,4592868957,77.53
11336965271,6879708578,5.13
6879708578,11336965271,5.13
6879708578,1847323139,5.98
1847323139,6879708578,5.98
1847323253,6988667656,8.51
6988667656,1847323253,8.51
6988667656,6988667657,7.42
6988667657,6988667656,7.42
6988667657,12097433561,56.04
12097433561,6988667657,56.04
12097433561,12162360721,6.77
12162360721,12097433561,6.77
12162360721,1847323305,4.18
1847323305,12162360721,4.18
1847323305,4592867858,3.58
4592867858,1847323305,3.58
4592867858,6991138285,3.91
6991138285,4592867858,3.91
6991138285,6991138286,3.41
6991138286,6991138285,3.41
6991138286,4592867859,3.53
4592867859,6991138286,3.53
4592867859,12162360727,2.44
12162360727,4592867859,2.44
12162360727,1847323134,20.52
1847323134,12162360727,20.52
1847323134,6991098384,3.22
6991098384,1847323134,3.22
6991098384,4592867857,2.82
4592867857,6991098384,2.82
4592867857,6991098383,2.83
6991098383,4592867857,2.83
6991098383,1847323225,2.69
1847323225,6991098383,2.69
1847323225,1847323376,70.15
1847323376,1847323225,70.15
1847323376,1847323135,8.10
1847323135,1847323376,8.10
1847323135,4592867844,5.11
4592867844,1847323135,5.11
4592867844,1847323435,4.39
1847323435,4592867844,4.39
1847323435,6991098377,7.93
6991098377,1847323435,7.93
6991098377,6991098378,8.61
6991098378,6991098377,8.61
6991098378,1847323405,9.43
1847323405,6991098378,9.43
1847323247,1847323132,13.41
1847323132,1847323247,13.41
1847323132,1847323333,23.77
1847323333,1847323132,23.77
1847323413,4583911785,34.43
4583911785,1847323413,34.43
4583911785,1847323261,38.08
1847323261,4583911785,38.08
11316513193,11316513192,25.24
11316513192,11316513193,25.24
11316513192,11316513191,17.77
11316513191,11316513192,17.77
11316513191,1847323417,16.67
1847323417,11316513191,16.67
727740676,1847323215,15.90
1847323215,727740676,15.90
1847323215,10974935673,12.22
10974935673,1847323215,12.22
10974935673,727740673,113.77
727740673,10974935673,113.77
277569132,1847323277,44.75
1847323277,277569132,44.75
1847323277,6988661342,37.35
6988661342,1847323277,37.35
6988661342,1847323259,14.57
1847323259,6988661342,14.57
1847323259,6990959548,15.00
6990959548,1847323259,15.00
6990959548,6990959547,21.44
6990959547,6990959548,21.44
6990959547,6990959546,15.77
6990959546,6990959547,15.77
6990959546,6990959544,8.33
6990959544,6990959546,8.33
6990959544,6990959545,7.33
6990959545,6990959544,7.33
6990959545,1847323273,7.88
1847323273,6990959545,7.88
1847323273,10079717057,24.74
10079717057,1847323273,24.74
10079717057,1847323193,2.33
1847323193,10079717057,2.33
388273922,1847323147,68.73
1847323147,6991138305,11.92
6991138305,388273907,10.29
388273907,4583911864,19.07
4583911864,1847323318,17.33
1847323318,388273902,25.49
388273902,4592868039,67.83
4592868039,388273852,7.96
1847323306,1847323412,18.61
1847323412,1847323306,18.61
388273923,4592868558,39.14
4592868558,388273923,39.14
4592868558,388273925,43.77
388273925,4592868558,43.77
1847323265,1847323302,41.47
1847323302,1847323265,41.47
1847323302,1847323418,12.84
1847323418,1847323302,12.84
1847323418,1847323459,9.27
1847323459,1847323418,9.27
1847323281,1847323184,41.30
1847323184,1847323281,41.30
1847323453,1847323459,13.26
1847323459,1847323453,13.26
1847323459,6990796030,9.47
6990796030,1847323459,9.47
6990796030,6990796029,7.65
6990796029,6990796030,7.65
6990796029,11336965294,5.30
11336965294,6990796029,5.30
11336965294,1847323476,3.83
1847323476,11336965294,3.83
1847323476,11336965295,18.95
11336965295,1847323476,18.95
11336965295,11336965304,5.48
11336965304,11336965295,5.48
11336965304,1847323439,28.86
1847323439,11336965304,28.86
1847323450,1847323484,10.53
1847323484,1847323450,10.53
1847323484,1847323175,7.89
1847323175,1847323484,7.89
1847323175,1847323512,8.21
1847323512,1847323175,8.21
1847323512,1847323446,36.63
1847323446,1847323512,36.63
1847323138,6990959562,33.77
6990959562,1847323138,33.77
6990959562,1847323142,10.54
1847323142,6990959562,10.54
1847323142,4583911788,12.37
4583911788,1847323142,12.37
4583911788,6990959519,7.80
6990959519,4583911788,7.80
6990959519,1847323481,36.96
1847323481,6990959519,36.96
1847323481,4583911787,29.73
4583911787,1847323481,29.73
4583911787,6990959520,2.90
6990959520,4583911787,2.90
6990959520,1847323329,4.08
1847323329,6990959520,4.08
1847323329,6990959521,4.14
6990959521,1847323329,4.14
6990959521,6990959524,26.19
6990959524,6990959521,26.19
6990959524,6990959526,27.83
6990959526,6990959524,27.83
6990959526,6990959525,30.95
6990959525,6990959526,30.95
6990959525,4583911786,29.01
4583911786,6990959525,29.01
4583911786,1847323507,34.72
1847323507,4583911786,34.72
1847323289,1847323296,29.50
1847323296,1847323289,29.50
1847323296,1847323196,17.07
1847323196,1847323296,17.07
1847323513,1847323284,22.46
1847323284,1847323513,22.46
1847323284,1847323468,6.11
1847323468,1847323284,6.11
1847323468,4583911784,3.45
4583911784,1847323468,3.45
4583911784,1847323424,5.99
1847323424,4583911784,5.99
1847323424,6990959518,19.22
6990959518,1847323424,19.22
6990959518,1847323436,9.82
1847323436,6990959518,9.82
1847323182,6990796033,42.73
6990796033,1847323182,42.73
6990796033,11336965279,16.43
11336965279,6990796033,16.43
11336965279,1847323357,27.07
1847323357,11336965279,27.07
1847323357,6990796032,25.02
6990796032,1847323357,25.02
6990796032,1847323149,26.21
1847323149,6990796032,26.21
1744630112,4573039058,36.02
4573039058,1744630112,36.02
4573039058,11009444806,10.79
11009444806,4573039058,10.79
11009444806,4573039057,11.23
4573039057,11009444806,11.23
1847323407,6990959549,23.21
6990959549,1847323407,23.21
6990959549,1847323375,20.82
1847323375,6990959549,20.82
1847323375,1847323334,28.29
1847323334,1847323375,28.29
1847323172,1847323329,39.77
1847323329,1847323172,39.77
1847323329,1847323359,52.75
1847323359,1847323329,52.75
1847323359,1847323234,19.54
1847323234,1847323359,19.54
1847323291,4592868040,8.04
4592868040,4583912111,33.97
4583912111,4583912112,31.48
4583912112,1847323369,33.81
1847323369,388273955,8.25
388273955,6991138303,8.19
6991138303,6991138304,12.52
6991138304,388273954,8.45
388273954,388273927,45.55
1847323437,1847323511,99.59
1847323511,1847323437,99.59
1847323436,1847323397,28.42
1847323397,1847323436,28.42
1847323397,1847323371,32.24
1847323371,1847323397,32.24
1847323371,1847323425,26.99
1847323425,1847323371,26.99
1847323425,1847323205,33.14
1847323205,1847323425,33.14
1847323205,1847323354,30.09
1847323354,1847323205,30.09
1847323354,6990959522,5.24
6990959522,1847323354,5.24
6990959522,1847323172,4.40
1847323172,6990959522,4.40
1847323172,6990959523,7.15
6990959523,1847323172,7.15
6990959523,4583911989,5.55
4583911989,6990959523,5.55
4583911989,1847323414,54.43
1847323414,4583911989,54.43
1847323414,1847323361,21.49
1847323361,1847323414,21.49
1847323336,1847323273,64.15
1847323273,1847323336,64.15
1847323246,1847323374,28.33
1847323374,1847323246,28.33
6707898678,4592869103,1.84
4592869103,6707898678,1.84
4592869103,1847323496,19.66
1847323496,4592869103,19.66
1847323496,1847323179,31.14
1847323179,1847323496,31.14
1847323179,1847323259,23.36
1847323259,1847323179,23.36
1848746324,6969713747,5.96
6969713747,1848746324,5.96
6969713747,1848746342,6.16
1848746342,6969713747,6.16
1848746342,6969713746,5.69
6969713746,1848746342,5.69
6969713746,4584377246,23.47
4584377246,6969713746,23.47
4584377246,4584377243,28.21
4584377243,4584377246,28.21
4584377243,4584377241,40.46
4584377241,4584377243,40.46
4584377241,6969713745,19.40
6969713745,4584377241,19.40
6969713745,4597856217,6.18
4597856217,6969713745,6.18
4597856217,6969713744,6.32
6969713744,4597856217,6.32
6969713744,2941477849,8.90
2941477849,6969713744,8.90
1851793463,6990959502,43.04
6990959502,4573038815,12.01
4573038815,4573038814,3.99
4573038814,1851793475,4.25
1851793475,4573038816,4.38
4573038816,1851793474,3.87
1851793474,6990959505,15.97
6990959505,1851793472,5.29
1851793472,1851793470,20.88
1851793470,4573038817,3.74
4573038817,1851793471,3.14
1851793471,1851793477,32.37
1851793477,4573038818,2.98
4573038818,1851793479,4.00
1851793479,1859979607,16.08
1859979607,11981089169,21.89
11981089169,6991138308,2.81
6991138308,11009484202,15.29
11009484202,1843955878,34.00
4573038440,1851793481,23.60
1851793481,1851793482,32.72
1851793482,4573038435,21.58
4573038435,1845774519,56.68
1851793486,3392861305,55.91
3392861305,3392861297,33.52
3392861297,11194900478,36.53
11194900478,6886748331,20.60
6886748331,1851793476,55.04
1851793447,1851793448,12.52
1851793448,1851793447,12.52
1851793448,4573038469,9.74
4573038469,1851793448,9.74
4573038469,4573038468,9.19
4573038468,4573038469,9.19
4573038468,1851793451,8.61
1851793451,4573038468,8.61
1851793451,4573038467,7.97
4573038467,1851793451,7.97
4573038467,11194930220,7.16
11194930220,4573038467,7.16
11194930220,6946535799,2.04
6946535799,11194930220,2.04
6946535799,4573038466,4.47
4573038466,6946535799,4.47
4573038466,1851793452,5.41
1851793452,4573038466,5.41
1851793452,6946535800,6.01
6946535800,1851793452,6.01
6946535800,1851793459,6.20
1851793459,6946535800,6.20
1851793447,6886748329,5.56
6886748329,1851793445,4.49
1851793445,4573038471,5.13
4573038471,1851793443,5.48
1851793443,10909417780,124.34
10909417780,1843955439,9.11
1843955274,4592868037,7.48
4592868037,1843955274,7.48
4592868037,4592868064,10.02
4592868064,4592868037,10.02
4592868064,6988667644,11.08
6988667644,4592868064,11.08
6988667644,388273897,100.83
388273897,6988667644,100.83
4583912110,4583912108,5.74
4583912108,4583912110,5.74
4583912108,4583912107,3.05
4583912107,4583912108,3.05
4583912107,4583912106,13.89
4583912106,4583912107,13.89
4583912106,6990956475,3.59
6990956475,4583912106,3.59
6990956475,4583912105,3.69
4583912105,6990956475,3.69
4583912105,4583912104,4.23
4583912104,4583912105,4.23
4583912104,4583912103,4.13
4583912103,4583912104,4.13
4583912103,4583912096,13.90
4583912096,4583912103,13.90
4583912068,4583912067,54.12
4583912067,4583912066,4.69
4583912066,4583912065,3.80
4583912065,4583912064,4.86
4583912064,4583912002,16.63
4583912002,11009484160,7.06
11009484160,11009484171,38.72
11009484171,910009318,47.88
6946165135,6946165136,22.00
6946165136,1863293020,114.99
577939093,1863543130,22.96
1863543130,577939093,22.96
1863543130,4597856118,4.86
4597856118,1863543130,4.86
4597856118,1863543127,10.15
1863543127,4597856118,10.15
1863543127,1863543125,16.89
1863543125,1863543127,16.89
1863543125,4597856137,7.86
4597856137,1863543125,7.86
4597856137,1863543126,6.54
1863543126,4597856137,6.54
1863543126,1863543129,20.37
1863543129,1863543126,20.37
1863543129,1863543132,23.35
1863543132,1863543129,23.35
1863543132,1863543134,12.05
1863543134,1863543132,12.05
1863543134,1863543133,4.81
1863543133,1863543134,4.81
1863543133,1863543131,3.54
1863543131,1863543133,3.54
1863543131,1863543122,36.53
1863543122,1863543131,36.53
1863543138,1863543140,51.45
1863543140,1863543138,51.45
1863543140,1863543139,25.05
1863543139,1863543140,25.05
1863543139,1863543137,6.19
1863543137,1863543139,6.19
1863543137,4583911563,50.79
4583911563,1863543137,50.79
4583911563,1744630122,4.35
1744630122,4583911563,4.35
1744630122,1863543135,21.70
1863543135,1744630122,21.70
1863543135,1863543124,56.75
1863543124,1863543135,56.75
1863543124,1863543123,11.49
1863543123,1863543124,11.49
1863543123,6988661346,14.50
6988661346,1863543123,14.50
6988661346,6988661347,9.75
6988661347,6988661346,9.75
6988661347,4573039063,7.15
4573039063,6988661347,7.15
4573039063,1863543121,12.50
1863543121,4573039063,12.50
1863543121,6310290522,30.29
6310290522,1863543121,30.29
6310290522,1863543118,3.40
1863543118,6310290522,3.40
1863543118,6310290525,54.06
6310290525,1863543118,54.06
6310290525,4573039071,5.80
4573039071,6310290525,5.80
1863543138,1863543136,28.82
1863543136,1863543138,28.82
1863543136,4597856130,23.18
4597856130,1863543136,23.18
4597856130,1863543129,46.01
1863543129,4597856130,46.01
1863544233,11007909877,42.70
11007909877,11009459123,8.66
11009459123,4573039206,66.98
4573039206,6946535778,9.74
6946535778,11007909812,62.33
11007909812,11006456867,5.19
11006456867,1863544231,6.95
1863544225,6946535775,42.29
6946535775,11007909860,19.68
11007909860,1863544226,8.62
1863544226,1863544228,36.78
1863544228,11007909856,26.25
11007909856,4597856998,15.35
4597856998,1843955670,39.18
1847323514,1847323421,46.85
1847323421,1847323514,46.85
1847323421,1847323151,24.25
1847323151,1847323421,24.25
11341123497,1847297783,27.86
1847297783,11341123497,27.86
11336922699,1847323151,14.70
1847323151,11336922699,14.70
1847323151,1847323137,22.36
1847323137,1847323151,22.36
1847323137,1847323374,11.56
1847323374,1847323137,11.56
4592868581,1847323327,28.61
1847323327,4592868581,28.61
1847323327,1847323491,8.26
1847323491,1847323327,8.26
1847323491,1847323453,5.08
1847323453,1847323491,5.08
1880066903,1880066939,51.97
1880066939,1880066903,51.97
1880066939,4592869763,6.37
4592869763,1880066939,6.37
4592869763,1880066941,4.71
1880066941,4592869763,4.71
1880066941,4592869656,5.19
4592869656,1880066941,5.19
4592869656,4592869796,8.98
4592869796,4592869656,8.98
4592869796,1880066944,22.48
1880066944,4592869796,22.48
1880066944,1947750415,13.34
1947750415,1880066944,13.34
1947750415,1880066945,11.69
1880066945,1947750415,11.69
1880066945,6990776016,6.69
6990776016,1880066945,6.69
6990776016,1947750190,6.54
1947750190,6990776016,6.54
4592869752,1880066935,7.97
1880066935,4592869752,7.97
1880066935,6990776026,12.45
6990776026,1880066935,12.45
6990776026,1880066942,24.16
1880066942,6990776026,24.16
4583911499,1880068038,4.67
1880068038,4583911499,4.67
1880068038,6988667537,3.83
6988667537,1880068038,3.83
6988667537,1880068035,4.19
1880068035,6988667537,4.19
1880068035,1880068044,14.52
1880068044,1880068035,14.52
1880068044,1880068045,3.99
1880068045,1880068044,3.99
1880068045,1880068036,3.49
1880068036,1880068045,3.49
1880068036,4583911498,6.74
4583911498,1880068036,6.74
4583911498,4583911497,6.43
4583911497,4583911498,6.43
4583911497,1880068028,6.44
1880068028,4583911497,6.44
1880068028,6988667538,7.02
6988667538,1880068028,7.02
4583911514,4583911515,22.41
4583911515,4583911514,22.41
4583911515,4583911516,3.83
4583911516,4583911515,3.83
1847297883,1847297757,50.34
347333243,10865569943,155.84
10865569943,347333243,155.84
12050247034,1843955914,7.69
1843955914,12050247034,7.69
1843955914,1843955447,29.82
1843955447,1843955914,29.82
1847297647,6886784250,30.57
6886784250,1847297647,30.57
1843869579,576989624,35.88
576989624,1843869579,35.88
1843575141,1843574796,24.72
1843574796,1843575141,24.72
1843574796,1843574879,33.96
1843574879,1843574796,33.96
4584301994,13056522459,1.07
13056522459,4584301994,1.07
13056522459,4597856836,84.92
4597856836,13056522459,84.92
4597856836,10974728478,22.80
10974728478,4597856836,22.80
10974728478,342232969,6.51
342232969,10974728478,6.51
1844115494,1844115541,14.59
1844115541,1844115494,14.59
1844115541,6988667669,2.20
6988667669,1844115541,2.20
6988667669,6988667668,1.98
6988667668,6988667669,1.98
6988667668,6988667670,2.18
6988667670,6988667668,2.18
6988667670,1844115877,4.27
1844115877,6988667670,4.27
1847323107,1847323351,34.74
1847323351,1847323107,34.74
1847323351,1847323133,49.67
1847323133,1847323351,49.67
342234388,2070108463,18.78
2070108463,342234388,18.78
2070108463,347333243,61.40
347333243,2070108463,61.40
347333243,347339002,15.83
347339002,347333243,15.83
347339002,347333244,32.37
347333244,347339002,32.37
347333244,4585463470,34.72
4585463470,347333244,34.72
4585463470,4585463468,52.42
4585463468,4585463470,52.42
4585463468,344254029,43.10
344254029,4585463468,43.10
4671259642,4671259639,16.58
4671259639,4671259642,16.58
4671259639,1843955683,9.57
1843955683,4671259639,9.57
1843955683,1843955888,17.62
1843955888,1843955683,17.62
1946518288,11009444832,32.66
11009444832,1946518288,32.66
11009444832,1946518343,4.42
1946518343,11009444832,4.42
1946518343,6988667587,11.80
6988667587,1946518343,11.80
6988667587,1946518352,6.73
1946518352,6988667587,6.73
1946518352,1946518668,25.47
1946518668,1946518352,25.47
1946518843,4584301997,9.89
4584301997,1946518843,9.89
4584301997,6991138288,13.46
6991138288,4584301997,13.46
6991138288,4592867842,16.51
4592867842,6991138288,16.51
4592867842,1946518433,16.20
1946518433,4592867842,16.20
1946518433,6991098382,34.15
6991098382,1946518433,34.15
6991098382,6991098380,4.81
6991098380,6991098382,4.81
6991098380,6991098379,4.28
6991098379,6991098380,4.28
6991098379,1847323405,5.72
1847323405,6991098379,5.72
6301369885,6301369884,11.59
6301369884,6301369885,11.59
6301369884,6301369883,11.85
6301369883,6301369884,11.85
6301369883,6301369882,10.66
6301369882,6301369883,10.66
6301369882,6301369881,10.59
6301369881,6301369882,10.59
6301369881,6301369880,16.58
6301369880,6301369881,16.58
6301369880,6301369879,10.75
6301369879,6301369880,10.75
6301369879,6301369878,20.98
6301369878,6301369879,20.98
6301369878,6301369877,5.99
6301369877,6301369878,5.99
6301369877,6301369876,5.19
6301369876,6301369877,5.19
6301369876,6301369875,2.60
6301369875,6301369876,2.60
6301369875,6301369874,2.86
6301369874,6301369875,2.86
6301369874,6301369873,15.52
6301369873,6301369874,15.52
6301369873,6301369872,6.48
6301369872,6301369873,6.48
6301369872,6301369871,11.49
6301369871,6301369872,11.49
6301369871,6301369870,5.98
6301369870,6301369871,5.98
6301369870,6301369869,3.65
6301369869,6301369870,3.65
6301369869,6301369868,3.78
6301369868,6301369869,3.78
6301369868,6301369867,3.42
6301369867,6301369868,3.42
6301369867,6301369866,7.48
6301369866,6301369867,7.48
6301369866,6301369865,6.38
6301369865,6301369866,6.38
6301369865,6301369864,5.74
6301369864,6301369865,5.74
6301369864,6301369863,4.11
6301369863,6301369864,4.11
6301369863,6301369862,3.77
6301369862,6301369863,3.77
6301369862,6301369861,3.33
6301369861,6301369862,3.33
6301369861,6301369860,2.16
6301369860,6301369861,2.16
6301369860,6301369859,7.69
6301369859,6301369860,7.69
6301369859,6301369858,8.54
6301369858,6301369859,8.54
6301369858,6301369857,12.42
6301369857,6301369858,12.42
6301369857,6301369856,4.06
6301369856,6301369857,4.06
6301369856,6301369855,3.09
6301369855,6301369856,3.09
6301369855,6301369854,1.96
6301369854,6301369855,1.96
6301369854,6301369853,1.88
6301369853,6301369854,1.88
6301369853,6301369852,7.43
6301369852,6301369853,7.43
6301369852,6301369851,14.84
6301369851,6301369852,14.84
6301369851,6301369850,3.20
6301369850,6301369851,3.20
6301369850,6301369849,2.51
6301369849,6301369850,2.51
6301369849,6301369848,5.31
6301369848,6301369849,5.31
6301369848,6301369847,26.84
6301369847,6301369848,26.84
6301369847,6301369846,1.96
6301369846,6301369847,1.96
6301369846,6301369845,1.77
6301369845,6301369846,1.77
6301369845,6301369844,2.05
6301369844,6301369845,2.05
6301369844,6301369843,3.00
6301369843,6301369844,3.00
6301369843,6301369842,11.30
6301369842,6301369843,11.30
6301369842,6301369841,4.02
6301369841,6301369842,4.02
6301369841,6301369840,4.03
6301369840,6301369841,4.03
6301369840,6301369839,5.55
6301369839,6301369840,5.55
6301369839,6301369838,4.82
6301369838,6301369839,4.82
6301369838,6301369837,3.92
6301369837,6301369838,3.92
6301369837,6301369836,3.06
6301369836,6301369837,3.06
6301369836,6301369835,7.69
6301369835,6301369836,7.69
6301369835,6301369834,10.74
6301369834,6301369835,10.74
6301369834,6301369833,6.43
6301369833,6301369834,6.43
6301369833,6301369832,2.24
6301369832,6301369833,2.24
6301369832,6301369831,3.72
6301369831,6301369832,3.72
6301369831,6301369830,5.51
6301369830,6301369831,5.51
6301369830,6301369829,11.76
6301369829,6301369830,11.76
6301369829,6301369828,16.59
6301369828,6301369829,16.59
6301369828,6301369827,12.03
6301369827,6301369828,12.03
6301369827,6301369826,9.54
6301369826,6301369827,9.54
6301369826,6301369825,13.68
6301369825,6301369826,13.68
6301369825,6301369824,2.59
6301369824,6301369825,2.59
6301369824,6301369823,5.06
6301369823,6301369824,5.06
6301369823,6301369822,4.15
6301369822,6301369823,4.15
6301369822,6301369821,5.38
6301369821,6301369822,5.38
6301369821,6301369820,3.38
6301369820,6301369821,3.38
6301369820,6301369819,15.75
6301369819,6301369820,15.75
6301369819,6301369818,4.83
6301369818,6301369819,4.83
6301369818,6301369817,5.50
6301369817,6301369818,5.50
6301369817,6301369816,3.56
6301369816,6301369817,3.56
6301369816,6301369815,5.46
6301369815,6301369816,5.46
6301369815,6301369814,5.76
6301369814,6301369815,5.76
6301369814,6301369813,5.69
6301369813,6301369814,5.69
6301369813,6301369812,3.62
6301369812,6301369813,3.62
6301369812,6301369811,8.97
6301369811,6301369812,8.97
6301369811,6301369810,8.62
6301369810,6301369811,8.62
6301369810,6301369809,14.56
6301369809,6301369810,14.56
6301369809,6301369808,13.04
6301369808,6301369809,13.04
6301369808,6301369807,4.51
6301369807,6301369808,4.51
6301369807,6301369806,4.87
6301369806,6301369807,4.87
6301369806,6301369804,3.82
6301369804,6301369806,3.82
6301369804,6301369803,11.50
6301369803,6301369804,11.50
6301369803,6301369802,13.93
6301369802,6301369803,13.93
6301369802,6301369801,4.63
6301369801,6301369802,4.63
6301369801,6301369800,2.91
6301369800,6301369801,2.91
6301369800,6301369799,3.12
6301369799,6301369800,3.12
6301369799,6301369798,6.51
6301369798,6301369799,6.51
6301369798,6301369797,10.02
6301369797,6301369798,10.02
6301369797,6301369796,2.87
6301369796,6301369797,2.87
6301369796,6301369795,3.63
6301369795,6301369796,3.63
6301369795,6301369794,3.66
6301369794,6301369795,3.66
6301369794,6301369793,2.91
6301369793,6301369794,2.91
6301369793,6301369792,7.28
6301369792,6301369793,7.28
6301369792,6301369791,8.03
6301369791,6301369792,8.03
6301369791,6301369789,37.60
6301369789,6301369791,37.60
6301369789,6301369788,15.92
6301369788,6301369789,15.92
6301369788,6301369787,4.65
6301369787,6301369788,4.65
6301369787,6301369786,5.59
6301369786,6301369787,5.59
6301369786,6301369785,5.41
6301369785,6301369786,5.41
6301369785,6301369784,5.55
6301369784,6301369785,5.55
6301369784,6301369783,9.63
6301369783,6301369784,9.63
6301369783,6301369782,8.21
6301369782,6301369783,8.21
6301369782,6301369781,9.93
6301369781,6301369782,9.93
6301369781,6301369780,12.97
6301369780,6301369781,12.97
6301369780,6301369779,3.12
6301369779,6301369780,3.12
6301369779,6301369778,2.00
6301369778,6301369779,2.00
6301369778,6301369777,4.16
6301369777,6301369778,4.16
6301369777,6301369776,3.35
6301369776,6301369777,3.35
6301369776,6301369775,2.51
6301369775,6301369776,2.51
6301369775,6301369774,8.46
6301369774,6301369775,8.46
6301369774,6301369773,34.24
6301369773,6301369774,34.24
6301369773,6301369772,13.31
6301369772,6301369773,13.31
6301369772,13190454531,4.88
13190454531,6301369772,4.88
4573038839,4573038837,44.40
4573038837,6988667565,4.61
6988667565,4573038836,3.14
4573038836,4573038835,2.85
4573038835,4573038834,3.48
4573038834,4573038833,3.12
4573038833,11156526536,18.07
11156526536,1946518219,95.31
1946518219,1946518613,55.17
1946518607,4573038485,18.71
4573038485,1946518607,18.71
4573038485,4573038484,8.57
4573038484,4573038485,8.57
4573038484,4573038849,60.77
4573038849,4573038484,60.77
4573038849,1946518296,5.94
1946518296,4573038849,5.94
1946518780,4597855782,18.91
4597855782,1946518780,18.91
4597855782,6301364052,18.30
6301364052,4597855782,18.30
6301364052,6988667505,9.97
6988667505,6301364052,9.97
6988667505,6859023418,11.08
6859023418,6988667505,11.08
6859023418,1946518848,6.90
1946518848,6859023418,6.90
1946518848,11551990237,2.46
11551990237,1946518848,2.46
11551990237,6859023419,3.40
6859023419,11551990237,3.40
6859023419,6301364049,20.66
6301364049,6859023419,20.66
6301364049,6301368881,33.16
6301368881,6301364049,33.16
6301368881,6301368880,25.84
6301368880,6301368881,25.84
6301368880,6301368872,16.06
6301368872,6301368880,16.06
6301368872,1946518552,8.10
1946518552,6301368872,8.10
1946518565,1946518375,49.21
1946518375,1946518565,49.21
1946518696,1946518337,34.91
1946518337,1946518696,34.91
1946518216,6988667496,4.88
6988667496,1946518216,4.88
6988667496,6301364080,5.17
6301364080,6988667496,5.17
6301364080,1946518632,6.46
1946518632,6301364080,6.46
1946518632,1946518711,7.99
1946518711,1946518632,7.99
1946518711,1946518267,6.97
1946518267,1946518711,6.97
1946518267,1946518545,8.29
1946518545,1946518267,8.29
1946518545,1946518553,6.74
1946518553,1946518545,6.74
1946518553,6301368866,7.13
6301368866,1946518553,7.13
6301368866,1946518698,4.76
1946518698,6301368866,4.76
1946518698,1946518703,5.73
1946518703,1946518698,5.73
4597856248,6301368562,10.87
6301368562,4597856248,10.87
6301368562,6301368561,6.84
6301368561,6301368562,6.84
6301368561,4584377275,6.00
4584377275,6301368561,6.00
4584377275,6301368555,3.89
6301368555,4584377275,3.89
6301368555,6301368556,4.91
6301368556,6301368555,4.91
6301368556,6301368557,16.47
6301368557,6301368556,16.47
6301368557,6301368558,35.09
6301368558,6301368557,35.09
6301368558,4584377274,62.99
4584377274,6301368558,62.99
4584377274,6301368550,3.98
6301368550,4584377274,3.98
6301368550,4584377273,4.41
4584377273,6301368550,4.41
4584377273,1848746280,34.81
1848746280,4584377273,34.81
1848746280,4597856244,12.43
4597856244,1848746280,12.43
1946518528,1946518439,29.48
1946518439,1946518528,29.48
1946518439,1946518460,32.55
1946518460,1946518439,32.55
1946518548,6988667495,32.51
6988667495,1946518548,32.51
6988667495,1946518480,4.10
1946518480,6988667495,4.10
1946518480,1946518216,3.25
1946518216,1946518480,3.25
4573038839,1946518478,31.28
1946518478,4573038839,31.28
1946518478,4573038830,59.86
4573038830,1946518478,59.86
4573038830,11156526543,10.01
11156526543,4573038830,10.01
11156526543,1946518613,22.32
1946518613,11156526543,22.32
1946518613,6988667563,10.94
6988667563,1946518613,10.94
6988667563,1946518316,52.73
1946518316,6988667563,52.73
1946518416,6301364073,6.81
6301364073,1946518827,17.29
1946518827,1946518744,11.76
1946518744,1946518705,32.71
1946518705,6988667498,5.61
6988667498,4597855772,5.74
4597855772,1946518610,6.28
1946518610,4597855783,25.09
4597855783,6301364074,33.33
6301364074,1946518848,3.35
6301368532,6301368531,34.38
6301368531,1946518464,22.80
1946518464,11009444817,13.27
11009444817,6301368528,35.74
6301368528,6301368534,34.86
6301368534,11009444814,35.85
11009444814,6301368532,35.08
1946518308,1946518335,45.72
1946518335,1946518308,45.72
1946518617,11635526300,24.39
11635526300,1946518617,24.39
11635526300,12097433540,7.97
12097433540,11635526300,7.97
12097433540,9107232747,43.32
9107232747,12097433540,43.32
9107232747,12162360725,20.38
12162360725,9107232747,20.38
12162360725,9107232748,62.90
9107232748,12162360725,62.90
9107232748,1946518685,5.16
1946518685,9107232748,5.16
6301368542,11635623266,23.32
11635623266,6301368542,23.32
11635623266,2365675989,22.70
2365675989,11635623266,22.70
2365675989,6301368527,48.68
6301368527,2365675989,48.68
6301368527,1946518857,6.41
1946518857,6301368527,6.41
1946518857,1946518829,12.35
1946518829,1946518857,12.35
1946518537,6301369621,47.29
6301369621,1946518537,47.29
6301369621,6301369620,25.61
6301369620,6301369621,25.61
6301369620,1946518335,28.14
1946518335,6301369620,28.14
1946518335,1946518212,29.48
1946518212,1946518335,29.48
1946518411,4597856123,72.37
4597856123,1946518411,72.37
4597856123,1744630114,10.91
1744630114,4597856123,10.91
1946518280,6301368877,5.27
6301368877,6301368878,34.11
6301368878,6301364071,41.79
6301364071,6988667492,11.42
6988667492,1946518225,5.59
1946518225,4597856094,5.42
4597856094,1946518298,4.69
1946518298,6988667493,4.50
6988667493,1946518462,5.30
1946518462,1946518212,59.38
1946518212,1946518394,17.87
1946518394,6301364072,37.10
6301364072,1848746551,3.74
4573038839,6988667564,2.96
6988667564,10089510124,13.84
10089510124,1946518503,0.55
1946518503,10089510123,0.84
10089510123,1946518701,21.27
1946518701,11156161599,12.08
11156161599,1946518757,5.73
1946518757,1946518755,15.86
1946518755,1946518476,13.02
1946518784,1744630113,56.63
1744630113,1946518784,56.63
1946518247,1946518563,22.27
1946518563,1946518247,22.27
1946518563,6988667621,5.98
6988667621,1946518563,5.98
6988667621,6988667619,7.89
6988667619,6988667621,7.89
1947750326,1947750380,15.73
1947750380,1947750326,15.73
1947750380,1947750444,9.44
1947750444,1947750380,9.44
1947750444,1947750251,9.18
1947750251,1947750444,9.18
1947750251,6990776040,9.52
6990776040,1947750251,9.52
4587669914,1947750194,6.17
1947750194,4587669914,6.17
1947750194,6990796009,6.53
6990796009,1947750194,6.53
6990796009,1947750323,6.44
1947750323,6990796009,6.44
1947750323,1947750148,12.83
1947750148,1947750323,12.83
1947750148,4587670009,6.88
4587670009,1947750148,6.88
4587670009,4587670008,6.42
4587670008,4587670009,6.42
4587670008,4587670007,7.20
4587670007,4587670008,7.20
4587670007,4587670006,5.34
4587670006,4587670007,5.34
4587670006,4587670005,5.84
4587670005,4587670006,5.84
4587670005,4587670004,6.90
4587670004,4587670005,6.90
4587670004,4587670003,6.82
4587670003,4587670004,6.82
4587670003,4587670002,8.65
4587670002,4587670003,8.65
4587670002,4587670001,28.03
4587670001,4587670002,28.03
4587670001,4587670000,9.45
4587670000,4587670001,9.45
4587670000,4587669999,12.17
4587669999,4587670000,12.17
4587669999,4587669998,11.65
4587669998,4587669999,11.65
4587669998,4587669997,12.76
4587669997,4587669998,12.76
4587669997,4587669995,13.96
4587669995,4587669997,13.96
4587669995,4587669992,19.41
4587669992,4587669995,19.41
11927085480,4592869670,30.99
4592869670,11927085480,30.99
4592869670,1947750449,19.13
1947750449,4592869670,19.13
1947750449,4592869674,18.94
4592869674,1947750449,18.94
4592869674,1947750204,19.39
1947750204,4592869674,19.39
1947750204,1947750151,25.31
1947750151,1947750204,25.31
1947750480,1947750209,10.33
1947750209,1947750480,10.33
1947750209,1947750340,22.44
1947750340,1947750209,22.44
1947750340,1947750331,29.37
1947750331,1947750340,29.37
1947750331,6988667552,5.29
6988667552,1947750331,5.29
6988667552,6988667551,4.38
6988667551,6988667552,4.38
6988667551,6988667550,4.77
6988667550,6988667551,4.77
6988667550,6988667549,4.54
6988667549,6988667550,4.54
6988667549,4592869818,6.66
4592869818,6988667549,6.66
4592869818,6988667545,5.41
6988667545,4592869818,5.41
6988667545,6988667544,2.91
6988667544,6988667545,2.91
6988667544,6988667543,2.76
6988667543,6988667544,2.76
6988667543,1947750252,6.12
1947750252,6988667543,6.12
1947750252,1947750152,15.95
1947750152,1947750252,15.95
1947750152,6887318098,22.70
6887318098,1947750152,22.70
6887318098,1947750376,6.64
1947750376,6887318098,6.64
1947750317,1947750108,36.77
1947750108,1947750317,36.77
1947750108,1947750169,63.11
1947750169,1947750108,63.11
1947750169,1947750158,37.71
1947750158,1947750169,37.71
1947750158,1947750317,63.41
1947750317,1947750158,63.41
2067102327,6858110211,8.97
6858110211,2067102327,8.97
6858110211,1947750253,32.64
1947750253,6858110211,32.64
1947750253,6988328910,21.87
6988328910,1947750253,21.87
6988328910,1947750248,22.80
1947750248,6988328910,22.80
1947750248,12164496241,4.46
12164496241,1947750248,4.46
12164496241,1947750482,15.57
1947750482,12164496241,15.57
1947750482,12164496244,12.06
12164496244,1947750482,12.06
12164496244,6990795994,4.39
6990795994,12164496244,4.39
6990795994,1947750389,22.73
1947750389,6990795994,22.73
1947750389,4584378413,9.69
4584378413,1947750389,9.69
4584378413,4584378414,6.20
4584378414,4584378413,6.20
4584378414,1947750334,4.93
1947750334,4584378414,4.93
1947750334,1843575067,16.51
1843575067,1947750334,16.51
1947750408,1947750191,28.40
1947750191,1947750408,28.40
1947750191,1947750087,17.21
1947750087,1947750191,17.21
1947750087,1947750415,18.22
1947750415,1947750087,18.22
1947750468,4592869669,2.97
4592869669,1947750468,2.97
4592869669,1947750084,19.00
1947750084,4592869669,19.00
1947750084,4592869679,9.80
4592869679,1947750084,9.80
4592869679,4592869798,2.24
4592869798,4592869679,2.24
4592869798,4592869799,9.17
4592869799,4592869798,9.17
4592869799,1947750393,13.56
1947750393,4592869799,13.56
1947750393,1947750466,9.71
1947750466,1947750393,9.71
1947750466,1947750151,10.45
1947750151,1947750466,10.45
1947750151,4592869675,5.15
4592869675,1947750151,5.15
4592869675,1947750472,21.36
1947750472,4592869675,21.36
1947750440,1947750221,8.14
1947750221,1947750440,8.14
1947750221,4592869797,9.24
4592869797,1947750221,9.24
4592869797,1947750201,5.44
1947750201,4592869797,5.44
1947750201,6990776014,7.85
6990776014,1947750201,7.85
6990776014,1947750193,8.50
1947750193,6990776014,8.50
1947750193,6990776015,5.61
6990776015,1947750193,5.61
6990776015,1947750190,14.52
1947750190,6990776015,14.52
1947750146,1947750278,21.54
1947750278,1947750146,21.54
1947750278,1947750405,13.29
1947750405,1947750278,13.29
1947750405,6990776077,22.42
6990776077,1947750405,22.42
6990776077,1747985168,7.74
1747985168,6990776077,7.74
1993543644,1993543622,25.16
1993543622,1993543644,25.16
1993543622,6918323493,14.18
6918323493,1993543622,14.18
6918323493,1993543633,25.09
1993543633,6918323493,25.09
1993543633,1993543634,40.12
1993543634,1993543633,40.12
4597962108,4681968772,39.35
4681968772,4597962108,39.35
4681968772,9563617205,93.04
9563617205,4681968772,93.04
9563617205,11081745347,16.41
11081745347,9563617205,16.41
2070108463,2070108461,89.36
2070108461,2070108463,89.36
12993625727,342233549,16.11
342233549,12993625727,16.11
342233549,12347057839,15.94
12347057839,342233549,15.94
12347057839,12347057840,65.80
12347057840,12347057839,65.80
12347057840,12347057841,8.54
12347057841,12347057840,8.54
12347057841,1791543294,5.94
1791543294,12347057841,5.94
1791543294,11822806510,5.10
11822806510,1791543294,5.10
11822806510,4585464106,3.63
4585464106,11822806510,3.63
4585464106,388275060,8.82
388275060,4585464106,8.82
388275060,1848746210,9.28
1848746210,388275060,9.28
1848746210,5346936326,7.27
5346936326,1848746210,7.27
5346936326,4584378070,93.96
4584378070,5346936326,93.96
4584378070,4597856750,12.30
4597856750,4584378070,12.30
4597856750,1848746264,9.13
1848746264,4597856750,9.13
1848746264,10881952252,57.47
10881952252,1848746264,57.47
10881952252,10881952249,22.82
10881952249,10881952252,22.82
10881952249,11635713048,46.24
11635713048,10881952249,46.24
11635713048,9563640772,52.24
9563640772,11635713048,52.24
9563640772,1848746412,59.31
1848746412,9563640772,59.31
1848746412,4584378067,7.01
4584378067,1848746412,7.01
4584378067,1848746171,6.71
1848746171,4584378067,6.71
1848746171,4585464108,11.30
4585464108,1848746171,11.30
4585464108,4585464126,56.34
4585464126,4585464108,56.34
4585464126,11220615601,7.04
11220615601,4585464126,7.04
11220615601,11220615599,6.65
11220615599,11220615601,6.65
11220615599,4585464441,17.89
4585464441,11220615599,17.89
4585464441,1848746501,50.13
1848746501,4585464441,50.13
2110539291,10909251642,10.65
10909251642,10905559885,84.02
10905559885,2110539292,2.37
4664985029,4664985028,147.23
4664985028,4664985029,147.23
4664985028,6236336771,3.07
6236336771,4664985028,3.07
6236336771,6236336770,2.18
6236336770,6236336771,2.18
6236336770,6236336772,2.61
6236336772,6236336770,2.61
6236336772,4664985027,12.09
4664985027,6236336772,12.09
4664985027,6236336773,3.40
6236336773,4664985027,3.40
6236336773,2140842361,5.14
2140842361,6236336773,5.14
2140842361,6236336774,32.31
6236336774,2140842361,32.31
6236336774,4664985026,40.19
4664985026,6236336774,40.19
4664985026,6236336776,33.99
6236336776,4664985026,33.99
6236336776,12499014504,14.38
12499014504,6236336776,14.38
12499014504,6236336775,11.75
6236336775,12499014504,11.75
2276695579,6879759306,6.69
6879759306,2276695579,6.69
6879759306,6879759305,38.95
6879759305,6879759306,38.95
6879759305,11120858776,1.33
11120858776,6879759305,1.33
11120858776,11120858775,4.53
11120858775,11120858776,4.53
11120858775,2382277812,10.76
2382277812,11120858775,10.76
2382277812,6959218885,15.43
6959218885,2382277812,15.43
6959218885,2276695580,22.42
2276695580,6959218885,22.42
2276695580,4592868833,17.55
4592868833,2276695580,17.55
1946518556,1946518460,39.20
1946518460,1946518556,39.20
1946518460,1863543118,17.42
1863543118,1946518460,17.42
1840275612,4551141106,16.58
4551141106,6879759322,5.34
6879759322,1842446712,5.73
1842446712,1840275660,21.81
3392861297,3392861298,38.09
3392861298,3392861297,38.09
3392861298,11194900479,33.68
11194900479,3392861298,33.68
11194900479,3392861303,39.74
3392861303,11194900479,39.74
3392861303,3392861304,19.25
3392861304,3392861303,19.25
3392861304,12154247498,4.80
12154247498,3392861304,4.80
12154247498,6990959510,1.96
6990959510,12154247498,1.96
3392861305,3392861310,72.31
3392861310,3392861305,72.31
10916959750,1843955923,63.41
1843955923,1843955588,60.87
1843955588,10920309914,39.77
1946518552,6301368873,3.77
6301368873,1946518690,10.49
1946518690,1946518568,36.26
1946518568,6301368874,3.55
6301368874,4597856095,2.16
4597856095,4597856096,3.68
4597856096,6301368875,3.66
6301368875,1946518708,2.46
1946518708,6988667491,2.93
6988667491,6301364070,9.33
6301364070,1946518280,6.05
4306479586,6301368882,3.34
6301368882,4306479586,3.34
6301368882,4597855765,23.20
4597855765,6301368882,23.20
4597855765,4306479588,29.83
4306479588,4597855765,29.83
4306479588,4306479587,23.97
4306479587,4306479588,23.97
4306479587,4597855766,17.34
4597855766,4306479587,17.34
4597855766,1946518552,4.60
1946518552,4597855766,4.60
1946518280,4597856104,12.18
4597856104,1946518280,12.18
4597856104,4597856103,19.76
4597856103,4597856104,19.76
4597856103,6988667490,8.85
6988667490,4597856103,8.85
6988667490,4306480270,8.05
4306480270,6988667490,8.05
4306480270,4306480271,15.52
4306480271,4306480270,15.52
4597855779,1946518333,5.12
1946518333,1946518427,38.02
1946518427,6301368868,5.19
6301368868,1946518703,6.80
1946518703,1946518623,78.54
1946518623,6301368869,3.33
6301368869,4597855780,3.39
4597855780,1946518767,7.88
1946518767,6301368870,4.60
6301368870,6301368871,6.21
6301368871,4597855781,4.45
4597855781,1946518552,5.40
4535745130,4573039078,3.89
4573039078,4535745130,3.89
4573039078,11120897136,24.64
11120897136,4573039078,24.64
11120897136,11065965782,14.83
11065965782,11120897136,14.83
11065965782,6959195373,38.29
6959195373,11065965782,38.29
6959195373,11120897118,27.02
11120897118,6959195373,27.02
11120897118,9063224219,5.95
9063224219,11120897118,5.95
9063224219,10909468005,30.12
10909468005,9063224219,30.12
10909468005,4535944150,57.22
4535944150,10909468005,57.22
4535944150,4573039079,77.66
4573039079,4535944150,77.66
4573039079,4573039072,10.47
4573039072,4573039079,10.47
4573039072,6946535796,5.46
6946535796,4573039072,5.46
6946535796,4573039080,5.38
4573039080,6946535796,5.38
4573039080,6946535798,11.53
6946535798,4573039080,11.53
6946535798,4535745135,14.49
4535745135,6946535798,14.49
4535745135,4535745134,10.06
4535745134,4535745135,10.06
4535745134,4535745133,9.43
4535745133,4535745134,9.43
10909398603,4535745892,6.41
4535745892,10909398603,6.41
4535745892,4535944150,26.44
4535944150,4535745892,26.44
4668094198,4631924081,55.36
4631924081,4668094198,55.36
4631924081,4668094197,48.74
4668094197,4631924081,48.74
4668094197,4668094196,54.99
4668094196,4668094197,54.99
4668094196,4668094198,49.16
4668094198,4668094196,49.16
4535780280,10909418932,3.00
10909418932,4535780280,3.00
10909418932,4573039081,38.61
4573039081,10909418932,38.61
4573039081,4592868153,4.55
4592868153,4573039081,4.55
4592868153,4573039082,4.35
4573039082,4592868153,4.35
4573039082,4535745133,7.35
4535745133,4573039082,7.35
4535944150,4573039073,6.22
4573039073,4535944150,6.22
4573039073,4592868172,19.73
4592868172,4573039073,19.73
4592868172,4535745893,75.98
4535745893,4592868172,75.98
4535780280,4535949094,44.71
4535949094,10909418931,13.50
10909418931,4535949093,12.88
4535949093,11194900500,11.00
11194900500,4535949092,52.69
4535949092,10909418928,12.10
10909418928,1851793459,14.25
4535961507,11194938853,21.22
11194938853,4535961507,21.22
11194938853,4535961289,21.87
4535961289,11194938853,21.87
4535961507,4535961508,27.25
4535961508,4535961507,27.25
4535961508,11194938852,21.05
11194938852,4535961508,21.05
11194938852,4535960677,21.55
4535960677,11194938852,21.55
4537610844,6879335452,5.74
6879335452,4537610844,5.74
6879335452,4537612801,25.01
4537612801,6879335452,25.01
4537612801,11120897105,25.51
11120897105,4537612801,25.51
11120897105,10909521008,23.72
10909521008,11120897105,23.72
10909521008,12549961353,26.18
12549961353,10909521008,26.18
12549961353,4537610846,21.65
4537610846,12549961353,21.65
4537610846,6946154876,3.12
6946154876,4537610846,3.12
6946154876,6946154878,3.16
6946154878,6946154876,3.16
6946154878,6946154877,2.71
6946154877,6946154878,2.71
6946154877,4537610847,3.15
4537610847,6946154877,3.15
4537610847,4537612800,45.51
4537612800,4537610847,45.51
4537612800,4537616306,9.42
4537616306,4537612800,9.42
4537616306,12549961344,6.04
12549961344,4537616306,6.04
12549961344,4537607522,37.96
4537607522,12549961344,37.96
4537607522,4537607517,4.30
4537607517,4537607522,4.30
4537607517,4537607518,3.88
4537607518,4537607517,3.88
4537607518,4537607523,3.85
4537607523,4537607518,3.85
4537607523,4537607519,4.27
4537607519,4537607523,4.27
4537607519,9063224220,58.69
9063224220,4537607519,58.69
9063224220,4537607521,35.70
4537607521,9063224220,35.70
1843574913,6990795998,3.01
6990795998,1843574913,3.01
6990795998,10909521039,2.93
10909521039,6990795998,2.93
10909521039,12549961358,25.48
12549961358,10909521039,25.48
12549961358,11120895594,9.94
11120895594,12549961358,9.94
11120895594,12549961352,16.16
12549961352,11120895594,16.16
12549961352,6879335453,76.46
6879335453,12549961352,76.46
6879335453,1843574742,5.52
1843574742,6879335453,5.52
4537612798,10909393804,8.26
10909393804,4537612798,8.26
10909393804,4537612802,18.94
4537612802,10909393804,18.94
4537612802,10909521009,44.10
10909521009,4537612802,44.10
10909521009,10909578407,26.88
10909578407,10909521009,26.88
10909578407,10909521006,11.41
10909521006,10909578407,11.41
10909521006,4537612800,18.80
4537612800,10909521006,18.80
4537612801,4537612802,45.14
4537612802,4537612801,45.14
4537616305,10909521005,6.98
10909521005,4537616305,6.98
10909521005,6946154879,19.18
6946154879,10909521005,19.18
6946154879,9063224221,30.02
9063224221,6946154879,30.02
9063224221,10909521007,50.82
10909521007,9063224221,50.82
10909521007,4537616306,18.99
4537616306,10909521007,18.99
1843574913,6946165099,2.95
6946165099,1843574913,2.95
6946165099,6946165098,4.19
6946165098,6946165099,4.19
6946165098,6946165097,4.19
6946165097,6946165098,4.19
6946165097,4537620452,4.58
4537620452,6946165097,4.58
4537620452,10909521038,6.22
10909521038,4537620452,6.22
10909521038,4633692795,37.28
4633692795,10909521038,37.28
4633692795,4633692801,42.02
4633692801,4633692795,42.02
4633692801,10909673410,39.53
10909673410,4633692801,39.53
10909673410,2941477782,1.45
2941477782,10909673410,1.45
1843574682,4592868994,15.28
4592868994,1843574682,15.28
4592868994,4537625039,34.32
4537625039,4592868994,34.32
4537625039,4592869000,8.49
4592869000,4537625039,8.49
4592869000,4592868999,5.14
4592868999,4592869000,5.14
4592868999,4592868998,3.87
4592868998,4592868999,3.87
4592868998,4592868997,3.86
4592868997,4592868998,3.86
4592868997,4592868996,3.72
4592868996,4592868997,3.72
4592868996,4592868995,44.92
4592868995,4592868996,44.92
9179701820,10792580047,10.37
10792580047,10790019785,1.85
10790019785,12065247525,21.80
12065247525,6236336778,30.86
6236336778,11432631104,34.25
11432631104,11432631108,29.07
11432631108,1843955651,24.65
1843955651,10741941827,9.81
10741941827,1843955484,30.13
5021787587,1484741953,100.77
1484741953,4543025211,21.73
4543025211,1484741952,4.61
1484741952,10917016862,14.28
10917016862,258179027,10.85
6879898516,1840291159,9.40
1840291159,10917016857,5.85
10917016857,1840290998,4.01
1840290998,1840291172,11.74
1840291172,1840291118,11.08
1840291118,1840291104,10.21
1840291104,5021787579,13.20
5021787579,5021787575,89.27
5021787575,5021787586,25.73
4542128560,4542128559,4.91
4542128559,4542128560,4.91
4542128559,6179169357,28.06
6179169357,4542128559,28.06
6179169357,5021787591,11.11
5021787591,6179169357,11.11
4681968822,6286106788,82.58
6286106788,4681968822,82.58
6286106788,4597857066,40.76
4597857066,6286106788,40.76
4597857066,4592867823,79.77
4592867823,4597857066,79.77
4592867823,5538162795,84.47
5538162795,4592867823,84.47
5538162795,6582480276,104.83
6582480276,5538162795,104.83
6582480276,6286106792,32.75
6286106792,6582480276,32.75
6286106792,4584301624,38.78
4584301624,6286106792,38.78
4584301624,6864074963,42.00
6864074963,4584301624,42.00
6864074963,10998429413,13.99
10998429413,6864074963,13.99
10998429413,11651069351,18.58
11651069351,10998429413,18.58
11651069351,9563670437,78.05
9563670437,11651069351,78.05
9563670437,4584299359,78.79
4584299359,9563670437,78.79
4584299359,11200991746,26.55
11200991746,4584299359,26.55
11200991746,4584301843,154.59
4584301843,11200991746,154.59
4584301843,6886784253,12.45
6886784253,4584301843,12.45
6886784253,4584301799,24.36
4584301799,6886784253,24.36
4584301799,10792594611,192.88
10792594611,4584301799,192.88
10792594611,6286106797,14.13
6286106797,10792594611,14.13
6286106797,4584301488,31.81
4584301488,6286106797,31.81
4584301488,10860326952,31.33
10860326952,4584301488,31.33
10860326952,5985314754,50.34
5985314754,10860326952,50.34
5985314754,5021787573,41.98
5021787573,5985314754,41.98
5021787566,4542131062,19.17
4542131062,4542131063,11.68
4542131063,4542131064,11.50
4542131064,11002472491,2.92
11002472491,4542131065,12.48
4542131065,4542131066,10.02
4542131066,4681968820,5.91
4681968820,4542131067,11.30
4542131067,4542131068,13.02
4542131068,10983313231,5.36
10983313231,4542131069,4.55
4542131069,4542131070,10.70
4542131070,4542131071,8.27
4542131071,10983313233,13.96
10983313233,5021787578,11.65
5021787578,5021787574,9.31
5021787574,6241445172,43.51
6241445172,5021787577,3.86
5021787577,6938555167,6.55
6938555167,5021787576,5.97
5021787576,10905047549,7.64
10905047549,5021787575,5.13
5021787586,5297403655,66.77
5297403655,6286106787,15.16
6286106787,5021787585,2.72
5021787585,5021787584,38.69
5021787584,5021787583,79.78
5021787583,5538162794,84.31
5538162794,6938555166,105.08
6938555166,5297403653,59.32
5297403653,1847297549,11.85
1847297549,6864074962,44.43
6864074962,10998429414,11.81
10998429414,10783565007,14.31
10783565007,9563670438,81.96
9563670438,1847297709,79.11
1847297709,6864471934,104.78
1842446710,12190001169,16.09
12190001169,4551484168,3.87
4551484168,1840275637,9.05
494155690,4551484178,13.99
4551484178,6307656060,29.61
1840275612,12190001168,24.94
12190001168,6307602814,2.41
6307602814,1867590712,12.21
1867590712,4551484164,9.05
4551484164,1840275660,18.45
4551141115,4551141114,14.45
4551141114,4551141115,14.45
11115279308,11115279309,1.67
11115279309,11115279308,1.67
11115279309,11115279310,4.51
11115279310,11115279309,4.51
11115279310,11115259900,4.55
11115259900,11115279310,4.55
11115259900,11115259899,8.93
11115259899,11115259900,8.93
11115259899,11115259898,8.24
11115259898,11115259899,8.24
11115259898,4551141116,12.95
4551141116,11115259898,12.95
4551141116,4551141117,20.32
4551141117,4551141116,20.32
4551484169,1840291105,8.02
1840291105,1843955478,8.74
1843955478,4551141111,7.27
4551141111,6938555173,13.54
6938555173,1879325586,21.45
1879325586,5021787566,39.63
1842449766,6938555175,18.71
6938555175,12985475605,18.38
12985475605,4551141112,1.42
4551141112,1842446686,11.13
1842446686,11341732619,7.13
11341732619,1842449778,2.82
2523562417,10905047534,12.52
10905047534,1842446673,8.52
1842446673,4543025213,6.14
4543025213,1842446674,12.29
1842446674,4539989270,16.83
4539989270,4539989269,18.72
4539989269,1842449766,32.28
4551141140,4551141139,16.75
4551141139,11265540035,6.93
11265540035,4551141138,6.26
4551141138,4551141135,5.89
4551141135,1842449762,9.61
1842449766,6886403345,5.51
6886403345,4551141141,41.37
4551141141,6959218944,7.23
6959218944,4551141137,6.61
4551141137,4551141136,8.49
4551141136,1842449762,7.90
1842446659,1847297846,20.77
1847297846,6946165172,83.22
6946165172,4655550708,7.56
4655550708,4655759625,52.73
4655759625,1847297904,7.04
1847297904,11265540053,13.68
11265540053,4655759620,26.93
4655759620,4655550493,32.43
4655550493,4551141140,27.13
1842449778,4551484169,9.86
4551484169,1842449778,9.86
1842446717,5304542703,16.43
5304542703,1840275716,3.14
1840275716,13013431807,11.68
13013431807,4551484179,4.13
4551484179,13013404296,6.87
13013404296,15460746,9.68
4572948828,4572948827,34.70
4572948827,4572948828,34.70
4572948827,4572948826,10.40
4572948826,4572948827,10.40
4572948826,4572948825,10.66
4572948825,4572948826,10.66
4572948825,10089510128,13.89
10089510128,4572948825,13.89
10089510128,4572948650,1.37
4572948650,10089510128,1.37
4572948650,10089510127,1.41
10089510127,4572948650,1.41
10089510127,4572948651,16.69
4572948651,10089510127,16.69
4572948651,4572948844,23.01
4572948844,4572948651,23.01
4572948844,6988667556,26.35
6988667556,4572948844,26.35
6988667556,4572948843,1.83
4572948843,6988667556,1.83
4572948649,4631903640,35.33
4631903640,4572948649,35.33
4631903640,4631903638,65.87
4631903638,4631903640,65.87
4631903638,4572948843,23.62
4572948843,4631903638,23.62
1847323253,6867511249,66.77
6867511249,1847323253,66.77
6867511249,4573039203,19.31
4573039203,6867511249,19.31
4573039203,1946518492,6.94
1946518492,4573039203,6.94
1946518492,6867511246,12.92
6867511246,1946518492,12.92
6867511246,4573039202,15.74
4573039202,6867511246,15.74
4573039202,342232452,13.09
342232452,4573039202,13.09
342232452,4573039201,20.68
4573039201,342232452,20.68
4573039201,342232453,12.21
342232453,4573039201,12.21
342232453,6988667659,14.61
6988667659,342232453,14.61
6988667659,6988667660,15.07
6988667660,6988667659,15.07
6988667660,4573039200,6.32
4573039200,6988667660,6.32
4573039200,342232454,6.56
342232454,4573039200,6.56
342232454,4597856872,23.54
4597856872,342232454,23.54
4597856872,5346885407,50.92
5346885407,4597856872,50.92
5346885407,5346936335,3.06
5346936335,5346885407,3.06
5346936335,6892758209,5.56
6892758209,5346936335,5.56
6892758209,6892758211,4.18
6892758211,6892758209,4.18
6892758211,6988667661,3.88
6988667661,6892758211,3.88
6988667661,342235723,3.86
342235723,6988667661,3.86
277569492,4583912058,22.40
4583912058,277569492,22.40
4583912058,6878899072,3.16
6878899072,4583912058,3.16
6878899072,6879335455,40.94
6879335455,6878899072,40.94
6879335455,4583912097,6.47
4583912097,6879335455,6.47
4583912097,11009484190,103.87
11009484190,4583912097,103.87
11009484190,6879111562,26.96
6879111562,11009484190,26.96
1847323107,1847323180,35.32
1847323180,1847323107,35.32
1847323180,11316513177,18.23
11316513177,1847323180,18.23
11316513177,1847323438,1.81
1847323438,11316513177,1.81
1847323438,1847323212,38.79
1847323212,1847323438,38.79
277569492,6878899069,4.92
6878899069,277569492,4.92
6878899069,6990959560,17.38
6990959560,6878899069,17.38
6990959560,1847323315,31.02
1847323315,6990959560,31.02
1847323315,11316513174,0.74
11316513174,1847323315,0.74
11316513174,1847323093,41.61
1847323093,11316513174,41.61
4573039056,10900343797,18.07
10900343797,4573039056,18.07
10900343797,4573039055,7.78
4573039055,10900343797,7.78
4573039055,6990959554,3.62
6990959554,4573039055,3.62
6990959554,6990959553,5.72
6990959553,6990959554,5.72
6990959553,4573039054,3.59
4573039054,6990959553,3.59
4573039054,4573039053,9.83
4573039053,4573039054,9.83
388273857,4592868035,8.66
4592868035,4592868555,72.82
4592868555,10900343788,56.25
10900343788,1847323494,5.39
1848746324,6310290508,5.11
6310290508,1848746324,5.11
6310290508,6969713751,4.31
6969713751,6310290508,4.31
6969713751,1843955286,4.52
1843955286,6969713751,4.52
1843955286,6969713748,3.46
6969713748,1843955286,3.46
6969713748,6969713750,3.43
6969713750,6969713748,3.43
6969713750,6858649160,3.99
6858649160,6969713750,3.99
6858649160,6310290511,136.20
6310290511,6858649160,136.20
6310290511,4597856242,58.75
4597856242,6310290511,58.75
4597856242,4584377264,64.73
4584377264,4597856242,64.73
4584377264,10974728482,12.14
10974728482,4584377264,12.14
10974728482,11317214203,82.97
11317214203,10974728482,82.97
11317214203,4597856243,39.57
4597856243,11317214203,39.57
4597856243,4681968877,30.03
4681968877,4597856243,30.03
4681968877,4597855749,45.13
4597855749,4681968877,45.13
4597855749,4597855740,24.33
4597855740,4597855749,24.33
4597855740,1946518687,49.36
1946518687,4597855740,49.36
4584301997,4584377266,83.95
4584377266,4584301997,83.95
4584377266,4573039069,47.74
4573039069,4584377266,47.74
4573039069,1847323173,14.48
1847323173,4573039069,14.48
1847323173,6991138291,22.31
6991138291,1847323173,22.31
6991138291,1847323450,23.36
1847323450,6991138291,23.36
1847323450,6991138292,44.23
6991138292,1847323450,44.23
6991138292,11317214199,25.08
11317214199,6991138292,25.08
11317214199,1744630112,16.80
1744630112,11317214199,16.80
1744630112,6990959552,32.15
6990959552,1744630112,32.15
6990959552,4584377268,34.76
4584377268,6990959552,34.76
4584377268,4584377267,38.99
4584377267,4584377268,38.99
4584377267,6990959551,24.87
6990959551,4584377267,24.87
6990959551,1847323249,28.38
1847323249,6990959551,28.38
4573038435,4573038434,14.85
4573038434,4573038435,14.85
4573038434,4573038433,3.60
4573038433,4573038434,3.60
4573038433,4573038432,3.36
4573038432,4573038433,3.36
4573038432,4573038431,3.43
4573038431,4573038432,3.43
4573038431,4573038430,20.84
4573038430,4573038431,20.84
4573038430,4573038428,2.42
4573038428,4573038430,2.42
4573038428,4573038427,2.47
4573038427,4573038428,2.47
4573038427,6946535808,2.66
6946535808,4573038427,2.66
6946535808,4573038426,2.57
4573038426,6946535808,2.57
4573038426,4573038424,24.13
4573038424,4573038426,24.13
4573038439,4573038438,58.32
4573038438,4573038437,27.40
4573038437,10909418914,21.33
10909418914,4573038436,36.38
4573038442,11194930228,39.70
11194930228,4573038441,6.46
4573038441,4573038459,14.72
4573038459,4573038460,2.53
4573038460,4573038461,2.92
4573038461,4573038462,7.72
4573038462,6946535812,4.51
6946535812,6946535811,4.64
6946535811,4573038463,4.97
4573038463,6946535810,4.86
6946535810,4573038448,13.37
4573038448,4573038464,3.95
4573038464,6297459370,39.95
6297459370,4573038465,7.63
4573038823,4573038822,16.92
4573038822,4573038823,16.92
4573038822,4573038821,13.67
4573038821,4573038822,13.67
4573038821,4573038820,9.44
4573038820,4573038821,9.44
4573038830,4573038829,10.72
4573038829,4573038830,10.72
4573038829,4573038828,11.46
4573038828,4573038829,11.46
4573038828,4573038827,10.92
4573038827,4573038828,10.92
4573038827,4573038826,13.94
4573038826,4573038827,13.94
4573038841,11006656191,49.42
11006656191,4573038841,49.42
11156161601,4573038848,25.22
4573038848,11156161601,25.22
4573038484,4573038474,5.38
4573038474,4573038484,5.38
4573038474,4573038473,5.94
4573038473,4573038474,5.94
4573038473,4573038472,4.10
4573038472,4573038473,4.10
4573038472,4573038855,6.99
4573038855,4573038472,6.99
4573038855,4573038854,5.26
4573038854,4573038855,5.26
4573038854,4573038853,6.00
4573038853,4573038854,6.00
4573038853,4573038852,3.15
4573038852,4573038853,3.15
4573038852,4573038851,2.33
4573038851,4573038852,2.33
4573038851,4573038850,22.50
4573038850,4573038851,22.50
1946518296,6988667560,101.73
6988667560,1946518296,101.73
6988667560,1946518375,6.60
1946518375,6988667560,6.60
1946518375,11156231228,45.35
11156231228,1946518375,45.35
11156231228,12097433551,17.50
12097433551,11156231228,17.50
12097433551,4573038845,12.74
4573038845,12097433551,12.74
4573038845,1946518311,6.72
1946518311,4573038845,6.72
4584301997,4584301826,47.43
4584301826,4584301997,47.43
4584301826,4584301827,24.73
4584301827,4584301826,24.73
4584301827,4584301828,41.78
4584301828,4584301827,41.78
4584301828,4584301829,21.55
4584301829,4584301828,21.55
4584301829,4584301830,20.32
4584301830,4584301829,20.32
4584301830,4584301831,26.17
4584301831,4584301830,26.17
4584301831,4584301832,26.50
4584301832,4584301831,26.50
4584301832,4584301833,18.96
4584301833,4584301832,18.96
4584301833,4584301834,35.52
4584301834,4584301833,35.52
4584301834,4584301836,36.30
4584301836,4584301834,36.30
4584301836,4584301838,33.81
4584301838,4584301836,33.81
4584301838,4573039814,30.78
4573039814,4584301838,30.78
388275578,1843955539,51.25
1843955539,388275578,51.25
4578288276,4578288274,21.17
4578288274,4578288276,21.17
4578288274,12626560609,4.74
12626560609,4578288274,4.74
12626560609,4578288273,6.23
4578288273,12626560609,6.23
4578288273,4578288271,5.90
4578288271,4578288273,5.90
4578288271,4578288270,26.03
4578288270,4578288271,26.03
4578288270,6959218940,2.83
6959218940,4578288270,2.83
6959218940,4578288269,2.96
4578288269,6959218940,2.96
4578288269,6959218941,3.02
6959218941,4578288269,3.02
6959218941,4578288268,3.39
4578288268,6959218941,3.39
4578288268,4655759636,41.08
4655759636,4578288268,41.08
4655759636,4578288282,14.41
4578288282,4655759636,14.41
4681969407,11952492996,6.72
11952492996,4681969407,6.72
11952492996,507808070,7.41
507808070,11952492996,7.41
507808070,4681969406,12.97
4681969406,507808070,12.97
4681969406,507808082,57.51
507808082,4681969406,57.51
507808082,4681969405,22.78
4681969405,507808082,22.78
4681969405,4681969404,30.72
4681969404,4681969405,30.72
4681969404,507808113,33.90
507808113,4681969404,33.90
507808113,4681969403,50.71
4681969403,507808113,50.71
4681969403,4681969402,33.66
4681969402,4681969403,33.66
4681969402,507808133,20.38
507808133,4681969402,20.38
507808133,4681969401,16.07
4681969401,507808133,16.07
4681969401,4681969400,15.26
4681969400,4681969401,15.26
4681969400,507808138,11.73
507808138,4681969400,11.73
507808138,4681969399,13.00
4681969399,507808138,13.00
4681969399,4681969398,13.64
4681969398,4681969399,13.64
4681969398,4681969397,12.90
4681969397,4681969398,12.90
4681969397,507808154,20.09
507808154,4681969397,20.09
507808154,4681969396,9.24
4681969396,507808154,9.24
4681969396,11110820407,10.97
11110820407,4681969396,10.97
4583911367,10547781951,20.56
10547781951,4583911367,20.56
10547781951,4583911366,43.55
4583911366,10547781951,43.55
4583911366,4583911365,13.71
4583911365,4583911366,13.71
507808269,7185326182,13.16
7185326182,7185326181,12.58
7185326181,4583911408,6.84
4583911408,6919732795,6.51
6919732795,4583911407,6.70
4583911407,4583911406,39.16
4583911406,4583911401,16.27
4583911464,6988667518,47.09
6988667518,4583911464,47.09
6988667518,4583911463,7.53
4583911463,6988667518,7.53
4583911463,4583911462,7.12
4583911462,4583911463,7.12
4583911462,6988661358,67.01
6988661358,4583911462,67.01
6988661358,4583911461,16.04
4583911461,6988661358,16.04
4583911461,12334191947,9.30
12334191947,4583911461,9.30
12334191947,4583911460,19.56
4583911460,12334191947,19.56
4583911466,4583911465,40.38
4583911465,4583911466,40.38
4583911471,4583911470,7.74
4583911470,4583911471,7.74
4583911470,4583911469,46.61
4583911469,4583911470,46.61
4583911477,4583911475,21.41
4583911475,4583911477,21.41
342231133,6988661353,7.36
6988661353,6327773253,16.58
4583911490,4583911489,30.85
4583911489,4583911490,30.85
4583911489,4583911487,4.49
4583911487,4583911489,4.49
4583911495,4583911494,17.81
4583911494,4583911495,17.81
4583911494,4583911493,4.78
4583911493,4583911494,4.78
4583911493,4583911492,3.86
4583911492,4583911493,3.86
4583911492,4583911491,4.13
4583911491,4583911492,4.13
4583911503,4583911502,8.76
4583911502,4583911503,8.76
4583911502,4583911501,8.60
4583911501,4583911502,8.60
4583911501,4583911500,17.33
4583911500,4583911501,17.33
4583911500,4583911499,15.07
4583911499,4583911500,15.07
1863543123,1880069093,28.87
1880069093,1863543123,28.87
4583911522,4583911521,37.93
4583911521,4583911522,37.93
4583911525,6988661371,20.77
6988661371,4583911525,20.77
6988661371,6988661370,12.97
6988661370,6988661371,12.97
6988661370,4583911524,14.64
4583911524,6988661370,14.64
4583911524,4583911523,7.38
4583911523,4583911524,7.38
4583911528,4583911527,6.68
4583911527,4583911528,6.68
4583911527,6988661367,8.59
6988661367,4583911527,8.59
6988661367,6988661368,27.90
6988661368,6988661367,27.90
6988661368,4583911526,20.66
4583911526,6988661368,20.66
4583911532,4583911531,8.79
4583911531,4583911532,8.79
4583911531,4583911530,3.69
4583911530,4583911531,3.69
4583911530,4583911529,5.67
4583911529,4583911530,5.67
4583911537,4583911536,25.47
4583911536,4583911537,25.47
4583911536,4583911535,10.06
4583911535,4583911536,10.06
4583911535,4583911534,23.50
4583911534,4583911535,23.50
4583911539,4583911538,24.16
4583911538,4583911539,24.16
577939080,4597855711,28.75
4597855711,577939080,28.75
4597855711,4597855710,8.11
4597855710,4597855711,8.11
4597855710,4583911549,6.62
4583911549,4597855710,6.62
4583911549,4583911546,14.53
4583911546,4583911549,14.53
4583911546,4597855712,8.85
4597855712,4583911546,8.85
4597855712,4597855713,5.29
4597855713,4597855712,5.29
4597855713,4597855714,6.96
4597855714,4597855713,6.96
4597855714,4597855715,17.61
4597855715,4597855714,17.61
4597855715,4595086908,36.87
4595086908,4597855715,36.87
4595086908,577939087,39.00
577939087,4595086908,39.00
577939087,4597856143,5.30
4597856143,577939087,5.30
4597856143,4597855718,16.40
4597855718,4597856143,16.40
4597855718,4597856144,12.21
4597856144,4597855718,12.21
4597856144,577939090,5.55
577939090,4597856144,5.55
577939090,4597856140,5.06
4597856140,577939090,5.06
4597856140,4597856141,12.79
4597856141,4597856140,12.79
4597856141,4597856142,5.90
4597856142,4597856141,5.90
4597856142,577939093,59.83
577939093,4597856142,59.83
577939093,4597856138,10.82
4597856138,577939093,10.82
4597856138,4597856139,5.17
4597856139,4597856138,5.17
4597856139,1744630117,5.19
1744630117,4597856139,5.19
1744630117,4597856129,17.90
4597856129,1744630117,17.90
4597856129,4597856128,10.50
4597856128,4597856129,10.50
4597856128,1744630116,9.57
1744630116,4597856128,9.57
1744630116,4597856127,8.13
4597856127,1744630116,8.13
4597856127,1744630115,17.50
1744630115,4597856127,17.50
1744630115,4597856121,10.68
4597856121,1744630115,10.68
4597856121,4597856126,22.53
4597856126,4597856121,22.53
4597856126,1744630114,6.17
1744630114,4597856126,6.17
1744630114,4597856124,6.11
4597856124,1744630114,6.11
4597856124,1744630113,8.49
1744630113,4597856124,8.49
1744630113,1946518337,37.51
1946518337,1744630113,37.51
1946518337,4597856125,39.08
4597856125,1946518337,39.08
4597856125,4573039070,6.36
4573039070,4597856125,6.36
4583911546,4583911545,38.49
4583911545,4583911546,38.49
4583911549,4583911548,66.46
4583911548,4583911549,66.46
4583911566,4583911565,37.62
4583911565,4583911566,37.62
4583911565,4583911564,20.04
4583911564,4583911565,20.04
4583911570,4583911569,42.33
4583911569,4583911570,42.33
4583911569,4583911568,19.91
4583911568,4583911569,19.91
4583911568,4583911567,12.83
4583911567,4583911568,12.83
4583911576,4583911575,7.49
4583911575,4583911576,7.49
4583911575,6988661377,6.65
6988661377,4583911575,6.65
6988661377,4583911574,5.52
4583911574,6988661377,5.52
4583911574,6988661378,4.52
6988661378,4583911574,4.52
6988661378,4583911573,4.74
4583911573,6988661378,4.74
4583911573,4583911572,5.26
4583911572,4583911573,5.26
4583911572,4583911571,22.53
4583911571,4583911572,22.53
4583911579,4583911578,34.36
4583911578,4583911579,34.36
4583911578,4583911580,20.53
4583911580,4583911578,20.53
4583912001,4583912000,12.87
4583912000,4583912001,12.87
4583912000,4583911999,9.97
4583911999,4583912000,9.97
4583911999,4583911998,5.31
4583911998,4583911999,5.31
4583911998,4583911997,6.80
4583911997,4583911998,6.80
4583911997,4583911994,7.31
4583911994,4583911997,7.31
4583911994,4583912001,15.98
4583912001,4583911994,15.98
4583912005,11981050363,3.37
11981050363,4583912005,3.37
11981050363,4583912004,8.71
4583912004,11981050363,8.71
4583912004,11981050361,23.58
11981050361,4583912004,23.58
11981050361,11981050367,32.87
11981050367,11981050361,32.87
11981050367,4583912003,16.37
4583912003,11981050367,16.37
4583912029,4583912009,17.39
4583912009,4583912029,17.39
4583912022,4583912021,5.78
4583912021,4583912022,5.78
4583912021,4583912020,5.66
4583912020,4583912021,5.66
4583912020,4583912019,4.60
4583912019,4583912020,4.60
4583912019,4583912018,3.94
4583912018,4583912019,3.94
4583912018,4583912017,5.20
4583912017,4583912018,5.20
4583912017,4583912015,4.48
4583912015,4583912017,4.48
4583912015,4583912011,3.33
4583912011,4583912015,3.33
4583912011,6990956468,8.65
6990956468,4583912011,8.65
4583912048,6990956471,4.51
6990956471,4583912048,4.51
6990956471,4583912047,4.58
4583912047,6990956471,4.58
4583912047,4583912046,4.45
4583912046,4583912047,4.45
4583912046,4583912045,14.55
4583912045,4583912046,14.55
4583912045,4583912044,36.19
4583912044,4583912045,36.19
4583912044,4583912043,90.27
4583912043,4583912044,90.27
4583912043,4583912042,37.78
4583912042,4583912043,37.78
4583912042,4583912041,4.80
4583912041,4583912042,4.80
4583912041,4583912040,5.87
4583912040,4583912041,5.87
4583912040,4583912039,3.96
4583912039,4583912040,3.96
4583912039,4583912038,5.28
4583912038,4583912039,5.28
4583912061,4583912060,52.27
4583912060,4583912061,52.27
4583912060,6990959564,7.53
6990959564,4583912060,7.53
6990959564,6990959563,11.73
6990959563,6990959564,11.73
6990959563,4583912059,7.88
4583912059,6990959563,7.88
4583912059,4583912058,20.12
4583912058,4583912059,20.12
4583912079,4583912078,39.18
4583912078,4583912079,39.18
4583912078,4583912077,51.99
4583912077,4583912078,51.99
4583912077,4583912076,22.86
4583912076,4583912077,22.86
4583912076,4583912075,5.65
4583912075,4583912076,5.65
4583912075,6990959487,5.89
6990959487,4583912075,5.89
6990959487,4583912074,5.95
4583912074,6990959487,5.95
4583912074,4583912073,6.45
4583912073,4583912074,6.45
4583912073,6990959486,20.76
6990959486,4583912073,20.76
6990959486,4583912079,15.79
4583912079,6990959486,15.79
4583912091,6990959489,3.76
6990959489,4583912091,3.76
6990959489,6990959488,3.03
6990959488,6990959489,3.03
6990959488,4583912090,3.42
4583912090,6990959488,3.42
4583912090,4583912089,28.27
4583912089,4583912090,28.27
4583912089,4583912088,2.84
4583912088,4583912089,2.84
4583912088,4583912087,2.46
4583912087,4583912088,2.46
4583912087,4583912086,3.14
4583912086,4583912087,3.14
4583912086,4583912085,3.21
4583912085,4583912086,3.21
4583912085,4583912084,30.15
4583912084,4583912085,30.15
4583912084,4583912083,5.04
4583912083,4583912084,5.04
4583912083,4583912068,11.12
4583912068,4583912083,11.12
4584216015,4584216011,12.60
4584216011,4584216015,12.60
4584216011,4584216010,10.78
4584216010,4584216011,10.78
4584216017,4584216016,22.25
4584216016,4584216017,22.25
4584216144,10974914442,3.16
10974914442,4584216144,3.16
10974914442,4584216021,6.68
4584216021,10974914442,6.68
4584216021,4584216020,4.42
4584216020,4584216021,4.42
4584216020,4584216019,9.14
4584216019,4584216020,9.14
4584216081,4584216080,9.74
4584216082,4584216081,17.48
4584216080,6991098365,5.28
6991098365,4584216079,4.62
4584216079,4584216078,3.93
4584216078,4584216077,3.57
4584216077,4584216076,5.66
4584216076,4584216075,22.78
727740676,4584216138,128.59
4584216138,727740676,128.59
727740673,1847323174,35.30
1847323174,727740673,35.30
1847323174,4584216108,4.82
4584216108,1847323174,4.82
4584216108,342232454,6.54
342232454,4584216108,6.54
1847323445,4584216138,28.73
4584216138,1847323445,28.73
4584216138,727740673,15.78
727740673,4584216138,15.78
4584216147,342235723,9.58
342235723,4584216146,8.62
4584216146,4584216143,8.21
4584216143,1847323303,35.57
1847323303,10974914422,31.98
10974914422,4584216144,13.83
4584216139,4584216140,22.60
4584216140,4584216139,22.60
4584216140,4584216141,15.14
4584216141,4584216140,15.14
4584216141,4584216142,22.59
4584216142,4584216141,22.59
4584216142,4584216139,15.14
4584216139,4584216142,15.14
4584216139,1847323319,10.73
1847323319,4584216139,10.73
1847323319,1847323445,11.18
1847323445,1847323319,11.18
6991098362,10974935650,16.13
10974935650,4584216145,65.55
4584216145,4584216147,8.03
4584216149,4584216148,10.26
4584216148,1847323403,37.05
1946518829,6988667572,24.08
6988667572,1946518829,24.08
6988667572,4584301632,6.19
4584301632,6988667572,6.19
4584301632,10089510125,25.93
10089510125,4584301632,25.93
10089510125,4584301631,0.34
4584301631,10089510125,0.34
4584301631,10089510126,0.44
10089510126,4584301631,0.44
10089510126,4584301630,36.76
4584301630,10089510126,36.76
342236331,4584301643,7.83
4584301643,342236331,7.83
4584301643,4584301642,17.16
4584301642,4584301643,17.16
4584301642,4584301641,5.98
4584301641,4584301642,5.98
4584301641,4584301640,5.05
4584301640,4584301641,5.05
4584301640,4584301639,4.81
4584301639,4584301640,4.81
4584301639,4584301638,4.33
4584301638,4584301639,4.33
4584301638,4584301637,5.65
4584301637,4584301638,5.65
4584301637,4584301636,19.34
4584301636,4584301637,19.34
4584301636,4597856883,9.33
4597856883,4584301636,9.33
6988667632,1847297883,60.69
1847297883,6988667632,60.69
4584301995,4584301662,51.01
4584301662,4584301995,51.01
4584301662,4584301660,47.69
4584301660,4584301662,47.69
10933823034,4584301666,26.63
4584301666,10933823034,26.63
4584301666,11767403467,14.46
11767403467,4584301666,14.46
11767403467,4584301665,23.78
4584301665,11767403467,23.78
4597856798,4584301457,6.88
4584301457,4597856798,6.88
4584301457,4584301456,12.92
4584301456,4584301457,12.92
4584301456,4597856832,5.58
4597856832,4584301456,5.58
4597856832,4584301673,5.43
4584301673,4597856832,5.43
4584301673,4584301672,25.62
4584301672,4584301673,25.62
4584301672,4584301671,16.23
4584301671,4584301672,16.23
4584301671,342233542,25.01
342233542,4584301671,25.01
4584301478,11889871252,40.39
11889871252,4584301478,40.39
11889871252,4584301477,1.50
4584301477,11889871252,1.50
4584301477,4584301686,4.69
4584301686,4584301477,4.69
4584301686,4584301687,29.30
4584301687,4584301686,29.30
4584301687,4584301793,12.82
4584301793,4584301687,12.82
4584301480,10741941816,44.61
10741941816,4584301480,44.61
10741941816,10863322506,25.01
10863322506,10741941816,25.01
10863322506,4584301479,2.75
4584301479,10863322506,2.75
4584301482,3386070766,36.68
3386070766,4584301482,36.68
4584301487,10792594615,29.57
10792594615,4584301488,3.94
4584301488,5021787581,8.15
10869397454,4584301487,24.78
4584301487,10869397454,24.78
4584301486,10863284199,38.61
10863284199,4584301486,38.61
10863284199,4584301478,3.49
4584301478,10863284199,3.49
4584301478,10863284197,14.57
10863284197,4584301478,14.57
10863284197,10863322521,26.90
10863322521,10863284197,26.90
10863322521,1844115475,8.88
1844115475,10863322521,8.88
4584301694,4584301693,30.17
4584301693,4584301694,30.17
4584301693,4584301692,19.11
4584301692,4584301693,19.11
4584301692,4584301691,27.79
4584301691,4584301692,27.79
4584301691,4584301690,24.97
4584301690,4584301691,24.97
4584301690,4584301689,27.79
4584301689,4584301690,27.79
4584301689,4584301693,5.86
4584301693,4584301689,5.86
4584301698,4584301697,25.72
4584301697,4584301698,25.72
4584301697,11702595594,8.12
11702595594,4584301697,8.12
1844115331,13115959461,14.71
13115959461,1844115629,60.75
1844115629,6886565515,3.71
6886565515,1844115458,63.78
6975281749,4681968881,32.69
4681968881,6975281749,32.69
4681968881,342234388,92.80
342234388,4681968881,92.80
342234388,10884945374,93.22
10884945374,342234388,93.22
10884945374,11608520265,11.12
11608520265,10884945374,11.12
11608520265,11585838421,14.88
11585838421,11608520265,14.88
11585838421,12993625748,5.40
12993625748,11585838421,5.40
4584301684,4584301683,30.11
4584301683,4584301684,30.11
4584301683,4584301682,14.57
4584301682,4584301683,14.57
4584301682,3386071842,13.65
3386071842,4584301682,13.65
3386071842,3386071836,16.85
3386071836,3386071842,16.85
3386071836,5985314753,31.49
5985314753,3386071836,31.49
5985314753,3386071835,19.05
3386071835,5985314753,19.05
3386071835,3386070766,17.53
3386070766,3386071835,17.53
3386070766,11189608814,5.50
11189608814,3386070766,5.50
11189608814,10863322519,7.10
10863322519,11189608814,7.10
10863322519,10863322518,18.49
10863322518,10863322519,18.49
10863322518,11186835760,1.87
11186835760,10863322518,1.87
11186835760,4584301679,19.23
4584301679,11186835760,19.23
4584301679,4584301678,31.93
4584301678,4584301679,31.93
4584301678,6969713779,24.09
6969713779,4584301678,24.09
6969713779,6969713780,2.95
6969713780,6969713779,2.95
6969713780,6969713781,3.13
6969713781,6969713780,3.13
6969713781,6969713782,3.35
6969713782,6969713781,3.35
6969713782,6969713783,3.08
6969713783,6969713782,3.08
6969713783,12040787069,3.43
12040787069,6969713783,3.43
12040787069,10741941817,5.96
10741941817,12040787069,5.96
10741941817,10741941818,16.02
10741941818,10741941817,16.02
10741941818,10741941823,10.54
10741941823,10741941818,10.54
10741941823,6969713784,14.36
6969713784,10741941823,14.36
4584301686,10869384306,11.87
10869384306,4584301686,11.87
10869384306,10869384308,17.63
10869384308,10869384306,17.63
10869384308,4584301685,14.30
4584301685,10869384308,14.30
4584301685,10869384309,29.63
10869384309,4584301685,29.63
10869384309,10869384310,11.04
10869384310,10869384309,11.04
10869384310,10869384311,14.68
10869384311,10869384310,14.68
10869384311,10869384312,9.70
10869384312,10869384311,9.70
10869384312,11889871251,23.12
11889871251,10869384312,23.12
11889871251,4584301477,7.69
4584301477,11889871251,7.69
4584301790,4584301789,44.11
4584301789,4584301790,44.11
4584301793,4584301486,33.45
4584301486,4584301793,33.45
4584301486,10909251638,10.78
10909251638,4584301486,10.78
10909251638,4584301684,21.71
4584301684,10909251638,21.71
4584301797,4584301799,8.37
4584301799,4584301797,8.37
4584301799,10792594608,3.73
10792594608,4584301799,3.73
10792594608,10906465908,5.71
10906465908,10792594608,5.71
10906465908,4584301796,27.72
4584301796,10906465908,27.72
4584301796,10974728488,85.70
10974728488,4584301796,85.70
10974728488,4584301798,4.75
4584301798,10974728488,4.75
4584301822,4584301821,25.60
4584301821,4584301822,25.60
4584301821,4584301819,14.35
4584301819,4584301821,14.35
4584301819,10895062580,7.38
10895062580,4584301819,7.38
4584299350,4584299348,4.31
4584299348,4584299350,4.31
4584299351,4584299350,32.21
4584299350,4584299351,32.21
4584299350,4584299349,16.43
4584299349,4584299350,16.43
4584299353,1847297556,61.26
4584299357,1847297671,27.33
1847297671,4584299357,27.33
4584299356,1847297671,4.29
1847297671,4584299356,4.29
1847297671,6959195338,33.08
6959195338,1847297671,33.08
6959195338,11643225132,20.07
11643225132,6959195338,20.07
11643225132,11200991752,5.60
11200991752,11643225132,5.60
11200991752,4584299359,45.35
4584299359,11200991752,45.35
4584299359,1847297709,8.57
1847297709,4584299359,8.57
4584299364,10932588113,6.63
10932588113,10932588114,7.04
10932588114,1847297737,59.02
4584299366,4584299365,30.28
4584299365,4584299366,30.28
4573039811,4584299368,56.98
4584299368,4573039811,56.98
4584299368,4584299367,16.69
4584299367,4584299368,16.69
4584299370,4584301841,45.55
4584301841,4584299370,45.55
4584299374,4584299372,4.26
4584299372,4584299374,4.26
4584299372,4584299371,14.20
4584299371,4584299372,14.20
4584299380,4584299379,25.68
4584299379,4584299380,25.68
4584299379,4584299374,4.23
4584299374,4584299379,4.23
4584299379,4584299378,26.02
4584299378,4584299379,26.02
4584299378,4584299377,9.61
4584299377,4584299378,9.61
4584299377,4584299376,13.21
4584299376,4584299377,13.21
342232969,4584299384,12.82
4584299384,342232969,12.82
4584299384,4584299383,65.70
4584299383,4584299384,65.70
4584299383,4584299366,28.56
4584299366,4584299383,28.56
4584299366,4584299382,29.68
4584299382,4584299366,29.68
4584299382,4584299381,45.80
4584299381,4584299382,45.80
4584299381,4584301842,56.33
4584301842,4584299381,56.33
4584301991,4584301989,41.91
4584301989,4584301991,41.91
4584301989,4584299388,44.81
4584299388,4584301989,44.81
4584301990,6310290502,6.01
6310290502,4584301991,56.57
4584301991,4573039196,92.29
4573039195,11037826583,81.41
11037826583,11037826584,71.64
11037826584,4584299387,24.67
4584299387,4584301992,35.24
4573039814,10974728485,8.17
10974728485,4573039814,8.17
10974728485,10974728479,37.72
10974728479,10974728485,37.72
10974728479,4573039811,64.37
4573039811,10974728479,64.37
4573039811,4573039810,30.41
4573039810,4573039811,30.41
4573039810,11317214206,4.82
11317214206,4573039810,4.82
11317214206,4573039809,30.69
4573039809,11317214206,30.69
4573039809,10974728480,36.00
10974728480,4573039809,36.00
10974728480,4573039808,26.97
4573039808,10974728480,26.97
4573039808,6868406770,16.86
6868406770,4573039808,16.86
6868406770,4573039806,2.29
4573039806,6868406770,2.29
4573039806,4573039805,2.56
4573039805,4573039806,2.56
4573039805,4573039804,3.22
4573039804,4573039805,3.22
4573039804,4573039803,7.83
4573039803,4573039804,7.83
4573039803,4573039802,9.94
4573039802,4573039803,9.94
4573039802,4573039801,6.44
4573039801,4573039802,6.44
388275578,4573039196,46.02
4573039196,388275578,46.02
4573039196,4573039195,77.55
4573039195,4573039196,77.55
4573039195,4584301842,47.81
4584301842,4573039195,47.81
4584301842,4584301846,28.14
4584301846,4584301842,28.14
4584301846,4584301841,8.37
4584301841,4584301846,8.37
4584301841,4573039821,37.28
4573039821,4584301841,37.28
4573039821,4573039820,9.74
4573039820,4573039821,9.74
4573039820,4573039819,6.29
4573039819,4573039820,6.29
4573039819,4573039814,8.49
4573039814,4573039819,8.49
342235723,11702587410,39.50
11702587410,342235723,39.50
11702587410,4584216010,6.08
4584216010,11702587410,6.08
4584216010,11702587415,5.96
11702587415,4584216010,5.96
11702587415,11702587424,12.79
11702587424,11702587415,12.79
11702587424,4573039199,33.77
4573039199,11702587424,33.77
4573039199,4573039197,13.49
4573039197,4573039199,13.49
4573039197,342232462,17.39
342232462,4573039197,17.39
342232462,6991098375,6.66
6991098375,342232462,6.66
6991098375,6991098376,2.02
6991098376,6991098375,2.02
6991098376,4573039198,3.15
4573039198,6991098376,3.15
4573039198,388275578,25.29
388275578,4573039198,25.29
4584377239,4597856609,4.36
4597856609,4584377239,4.36
4597856609,4597856607,8.43
4597856607,4597856609,8.43
4597856607,4597856604,11.82
4597856604,4597856607,11.82
4597856604,4597856599,37.35
4597856599,4597856604,37.35
4597856599,4597856593,27.73
4597856593,4597856599,27.73
4597856593,6710877050,19.00
6710877050,4597856593,19.00
6710877050,4597856589,5.84
4597856589,6710877050,5.84
4597856589,4597856487,10.88
4597856487,4597856589,10.88
4597856487,4597856451,20.88
4597856451,4597856487,20.88
4597856451,4597856484,66.34
4597856484,4597856451,66.34
4584377242,4584377241,56.72
4584377241,4584377242,56.72
4584377245,4584377243,67.57
4584377243,4584377245,67.57
4584377248,4584377247,44.54
4584377247,4584377248,44.54
4584377247,4584377246,26.92
4584377246,4584377247,26.92
4584377254,4584377253,27.65
4584377253,4584377254,27.65
4584377253,4584377252,32.88
4584377252,4584377253,32.88
4584377252,4584377251,24.05
4584377251,4584377252,24.05
4584377251,4584377250,33.18
4584377250,4584377251,33.18
4584377250,4584377249,13.08
4584377249,4584377250,13.08
4584377264,6310290515,4.06
6310290515,4584377263,22.28
4584377263,4584377262,28.71
4584377262,6301368552,13.47
6301368552,4584377261,16.84
4584377261,4584377260,23.51
4584377260,4584377259,20.40
4584377259,4584377258,10.94
4584377258,4584377257,9.81
4584377257,4584377256,14.46
4584377256,6858649158,21.55
6858649158,4584377255,3.50
1848746359,1848746162,4.07
1848746162,1848746359,4.07
1848746162,6988667504,7.61
6988667504,1848746162,7.61
6988667504,1848746520,5.04
1848746520,6988667504,5.04
1848746520,1848746455,44.67
1848746455,1848746520,44.67
4597856701,4597856698,13.02
4597856698,4597856701,13.02
4597856698,4597856696,15.71
4597856696,4597856698,15.71
4597856696,4597856694,16.49
4597856694,4597856696,16.49
4597856694,4597856692,16.81
4597856692,4597856694,16.81
4597856692,4597856689,19.56
4597856689,4597856692,19.56
4597856689,4597856587,10.10
4597856587,4597856689,10.10
4597856587,4597856585,12.57
4597856585,4597856587,12.57
4597856585,4597856584,8.58
4597856584,4597856585,8.58
4597856584,4597856583,9.43
4597856583,4597856584,9.43
4597856583,4597856582,7.92
4597856582,4597856583,7.92
4597856582,4597856581,8.01
4597856581,4597856582,8.01
4597856581,4597856580,7.88
4597856580,4597856581,7.88
4597856580,4597856579,5.79
4597856579,4597856580,5.79
4597856579,4597856578,7.62
4597856578,4597856579,7.62
4597856578,4584378214,7.99
4584378214,4597856578,7.99
4584378214,4584378215,12.73
4584378215,4584378214,12.73
4584378215,4584378216,10.91
4584378216,4584378215,10.91
4584378216,4584378217,6.96
4584378217,4584378216,6.96
4584378217,4584378218,7.20
4584378218,4584378217,7.20
1847323255,4681968854,4.56
4681968854,1847323255,4.56
4681968854,4583911490,6.41
4583911490,4681968854,6.41
4583911490,6310290529,4.37
6310290529,4583911490,4.37
6310290529,4592869104,4.84
4592869104,6310290529,4.84
4592869104,1843574791,19.06
1843574791,4592869104,19.06
4585463469,4585463468,30.97
4585463468,4585463469,30.97
4585463471,4585463470,41.49
4585463470,4585463471,41.49
347339002,4585463474,61.79
4585463474,347339002,61.79
4585464095,4585464094,21.36
4585464094,4585464095,21.36
4585464096,4585464097,19.61
4585464097,4585464096,19.61
12993625726,12993625725,8.97
12993625725,12993625726,8.97
12993625725,4585464099,11.88
4585464099,12993625725,11.88
4585464099,4585463476,5.05
4585463476,4585464099,5.05
4585463476,4585464098,16.75
4585464098,4585463476,16.75
4585464098,4585464094,34.92
4585464094,4585464098,34.92
4585464094,4585464097,36.22
4585464097,4585464094,36.22
4585464097,347333244,38.88
347333244,4585464097,38.88
12347057839,4681968727,10.21
4681968727,12347057839,10.21
4681968727,4585464103,37.81
4585464103,4681968727,37.81
4585464103,4585464102,33.70
4585464102,4585464103,33.70
4585464106,4585463466,5.59
4585463466,4585464106,5.59
4585463466,6865085144,48.94
6865085144,4585463466,48.94
6865085144,4585464105,33.84
4585464105,6865085144,33.84
4584378234,4585464708,15.60
4585464708,4584378234,15.60
4585464708,4585464707,14.57
4585464707,4585464708,14.57
4585464707,4585464706,17.15
4585464706,4585464707,17.15
4585464706,4585464705,14.77
4585464705,4585464706,14.77
4585464705,4585464704,14.31
4585464704,4585464705,14.31
4585464704,4585464703,7.58
4585464703,4585464704,7.58
4585464703,4585464702,5.46
4585464702,4585464703,5.46
4585464702,4585464701,5.14
4585464701,4585464702,5.14
4585464701,4585464700,5.83
4585464700,4585464701,5.83
4585464700,4585464699,6.22
4585464699,4585464700,6.22
4585464699,4585464698,9.45
4585464698,4585464699,9.45
4584378252,6958130477,5.45
6958130477,4584378252,5.45
6958130477,6958130476,6.19
6958130476,6958130477,6.19
6958130476,6958130475,16.83
6958130475,6958130476,16.83
6958130475,4584378245,5.53
4584378245,6958130475,5.53
4584378245,11635713063,5.03
11635713063,4584378245,5.03
11635713063,4584378244,4.85
4584378244,11635713063,4.85
4584378244,6958130474,28.63
6958130474,4584378244,28.63
6958130474,4584378242,4.81
4584378242,6958130474,4.81
4584378242,4584378240,5.41
4584378240,4584378242,5.41
4584378240,4584378239,4.65
4584378239,4584378240,4.65
4584378239,4584378237,77.63
4584378237,4584378239,77.63
4584378237,2932647066,35.52
2932647066,4584378237,35.52
2932647066,2932647093,26.76
2932647093,2932647066,26.76
2932647093,4584378235,17.35
4584378235,2932647093,17.35
4584378235,4584378234,21.66
4584378234,4584378235,21.66
455309527,6990776065,10.62
6990776065,455309527,10.62
6990776065,4587022608,3.59
4587022608,6990776065,3.59
4587022608,4587022607,3.27
4587022607,4587022608,3.27
4587022607,4587022606,15.57
4587022606,4587022607,15.57
4587022606,4587022605,8.02
4587022605,4587022606,8.02
4587022605,4587022603,16.51
4587022603,4587022605,16.51
4587022610,4587022609,39.32
4587022609,4587022610,39.32
1747984670,6882929473,22.12
6882929473,1747984670,22.12
6882929473,4587022602,22.39
4587022602,6882929473,22.39
4587022602,6988328908,25.94
6988328908,4587022602,25.94
6988328908,1947750174,25.46
1947750174,6988328908,25.46
1947750174,1747984665,41.76
1747984665,1947750174,41.76
455309527,1747984669,38.22
1747984669,455309527,38.22
1747984669,6990776068,42.13
6990776068,1747984669,42.13
6990776068,6990776067,17.89
6990776067,6990776068,17.89
6990776067,6990776066,11.89
6990776066,6990776067,11.89
6990776066,455309530,10.74
455309530,6990776066,10.74
455309530,1747984665,48.20
1747984665,455309530,48.20
1747984665,4587670608,5.33
4587670608,1747984665,5.33
4587670608,455309490,4.44
455309490,4587670608,4.44
388274007,11336930183,57.29
11336930183,388274007,57.29
11336930183,11336930186,11.55
11336930186,11336930183,11.55
11336930186,2941477748,13.69
2941477748,11336930186,13.69
2941477748,11336930180,18.96
11336930180,2941477748,18.96
11336930180,2941477817,14.67
2941477817,11336930180,14.67
4587669915,4587669913,7.43
4587669913,4587669915,7.43
4587669916,6990776080,22.59
6990776080,4587669916,22.59
6990776080,6990776081,15.41
6990776081,6990776080,15.41
6990776081,4587669915,35.03
4587669915,6990776081,35.03
4587669915,4587669914,48.82
4587669914,4587669915,48.82
4587669925,6990776083,32.36
6990776083,4587669925,32.36
6990776083,4587669924,4.30
4587669924,6990776083,4.30
4587669924,4587669923,2.84
4587669923,4587669924,2.84
4587669923,4587669922,12.96
4587669922,4587669923,12.96
4587669929,6883717264,40.46
6883717264,4587669929,40.46
6883717264,4685143085,15.15
4685143085,6883717264,15.15
4685143085,11341948710,19.94
11341948710,4685143085,19.94
11341948710,4587669926,5.28
4587669926,11341948710,5.28
4587670016,4587670015,18.48
4587670015,4587670016,18.48
4587670017,4587670016,39.77
4587670016,4587670017,39.77
4587670016,4587670019,3.96
4587670019,4587670016,3.96
4587670019,4587670020,44.84
4587670020,4587670019,44.84
4587670020,4587670021,16.56
4587670021,4587670020,16.56
4587670026,4587670025,16.56
4587670025,4587670026,16.56
4587670025,4587670024,17.26
4587670024,4587670025,17.26
4587670024,4587670022,12.28
4587670022,4587670024,12.28
4587670038,11342012193,5.77
11342012193,4587670038,5.77
11342012193,4587670036,56.40
4587670036,11342012193,56.40
1947750108,4587670042,42.50
4587670042,1947750108,42.50
4587669827,4587669826,24.16
4587669826,4587669827,24.16
4587669826,4587669825,4.14
4587669825,4587669826,4.14
4587669825,4587669824,2.99
4587669824,4587669825,2.99
4587669824,4587669823,3.33
4587669823,4587669824,3.33
4587669823,4587669837,26.52
4587669837,4587669823,26.52
4587669869,4587669828,50.91
4587669828,4587669869,50.91
4587669848,4587669847,5.97
4587669847,4587669848,5.97
4587669847,4587669846,4.39
4587669846,4587669847,4.39
4587669846,4587669845,5.28
4587669845,4587669846,5.28
4587669845,4587669844,6.12
4587669844,4587669845,6.12
4587669844,4587669843,4.41
4587669843,4587669844,4.41
4587669843,4587669842,3.33
4587669842,4587669843,3.33
4587669842,4587669841,5.35
4587669841,4587669842,5.35
4587669841,4587669840,5.67
4587669840,4587669841,5.67
4587669840,4587669839,14.82
4587669839,4587669840,14.82
4587669839,4587669838,3.71
4587669838,4587669839,3.71
4587669838,4587669837,2.10
4587669837,4587669838,2.10
4587669837,4587669836,2.08
4587669836,4587669837,2.08
4587669836,4587669835,134.82
4587669835,4587669836,134.82
4587669835,4587669834,13.07
4587669834,4587669835,13.07
4587669834,4587669833,3.46
4587669833,4587669834,3.46
4587669833,4587669832,2.63
4587669832,4587669833,2.63
4587669832,4587669831,3.24
4587669831,4587669832,3.24
4587669831,4587669830,52.13
4587669830,4587669831,52.13
1747985168,4587669829,3.04
4587669829,1747985168,3.04
4587669829,4587669830,2.20
4587669830,4587669829,2.20
4587669830,6990776076,6.35
6990776076,4587669830,6.35
6990776076,4587669869,7.99
4587669869,6990776076,7.99
4587669869,4587669868,16.47
4587669868,4587669869,16.47
4587669868,4587669865,16.16
4587669865,4587669868,16.16
4587669865,6990776073,6.42
6990776073,4587669865,6.42
6990776073,4587669864,3.88
4587669864,6990776073,3.88
4587669864,6990776074,3.05
6990776074,4587669864,3.05
6990776074,4587669863,2.52
4587669863,6990776074,2.52
4587669863,4587669862,2.98
4587669862,4587669863,2.98
4587669862,4587669861,48.84
4587669861,4587669862,48.84
4587669861,4587669860,3.81
4587669860,4587669861,3.81
4587669860,4587669859,3.72
4587669859,4587669860,3.72
4587669859,4587669858,3.25
4587669858,4587669859,3.25
4587669858,4587669857,3.42
4587669857,4587669858,3.42
4587669857,4587669856,3.06
4587669856,4587669857,3.06
4587669856,4587669855,56.30
4587669855,4587669856,56.30
4587669855,4587669854,2.71
4587669854,4587669855,2.71
4587669854,4587669853,2.02
4587669853,4587669854,2.02
4587669853,4587669852,2.18
4587669852,4587669853,2.18
4587669852,4587669851,3.61
4587669851,4587669852,3.61
4587669851,4587669850,39.24
4587669850,4587669851,39.24
4587669850,4587669848,15.75
4587669848,4587669850,15.75
4587669878,4587669877,23.59
4587669877,4587669878,23.59
4587669877,4587669876,18.58
4587669876,4587669877,18.58
4587669876,1880066895,17.13
1880066895,4587669876,17.13
1880066895,6990776050,17.16
6990776050,1880066895,17.16
6990776050,6990776049,5.78
6990776049,6990776050,5.78
6990776049,4587669887,7.61
4587669887,6990776049,7.61
4587669887,4587669886,7.17
4587669886,4587669887,7.17
4587669886,4587669885,6.85
4587669885,4587669886,6.85
4587669885,4587669884,5.43
4587669884,4587669885,5.43
4587669884,4587669883,6.98
4587669883,4587669884,6.98
4587669883,4587669882,4.61
4587669882,4587669883,4.61
4587669882,4587669881,4.83
4587669881,4587669882,4.83
4587669881,4587669879,16.29
4587669879,4587669881,16.29
4587670192,4587670190,20.71
4587670190,4587670192,20.71
4587670190,4587670189,3.93
4587670189,4587670190,3.93
1843585099,4587670197,8.35
4587670197,1843585099,8.35
4587670197,4587670196,11.15
4587670196,4587670197,11.15
4587670196,4587670195,3.65
4587670195,4587670196,3.65
4587670195,4587670194,8.76
4587670194,4587670195,8.76
1863544231,6946535780,45.75
6946535780,1863544231,45.75
6946535780,1863544225,37.58
1863544225,6946535780,37.58
1863544225,4597857033,23.21
4597857033,1863544225,23.21
4597857033,342237155,36.14
342237155,4597857033,36.14
342237155,6892861235,2.61
6892861235,342237155,2.61
6892861235,6892861234,3.33
6892861234,6892861235,3.33
6892861234,342237159,2.42
342237159,6892861234,2.42
342237159,1843955529,15.83
1843955529,342237159,15.83
1847323253,4592867836,9.80
4592867836,1847323253,9.80
4592867836,6988667655,15.71
6988667655,4592867836,15.71
6988667655,6988667654,18.58
6988667654,6988667655,18.58
6988667654,6988667653,11.14
6988667653,6988667654,11.14
6988667653,6988667652,16.71
6988667652,6988667653,16.71
6988667652,6988667651,36.01
6988667651,6988667652,36.01
6988667651,6988667650,17.48
6988667650,6988667651,17.48
6988667650,6988667649,6.99
6988667649,6988667650,6.99
6988667649,10900346243,29.14
10900346243,6988667649,29.14
10900346243,6988667648,9.82
6988667648,10900346243,9.82
4592867858,6867358668,8.20
6867358668,4592867858,8.20
6867358668,4592867838,82.09
4592867838,6867358668,82.09
4592867862,4592867860,58.12
4592867860,4592867862,58.12
4592867990,4592867989,26.66
4592867989,4592867990,26.66
4592867989,4592867888,15.28
4592867888,4592867989,15.28
4592867888,4592867887,3.26
4592867887,4592867888,3.26
4592867887,4592867886,4.60
4592867886,4592867887,4.60
4592867886,4592867885,7.29
4592867885,4592867886,7.29
4592867885,4592867884,9.41
4592867884,4592867885,9.41
4592867884,4592867883,13.25
4592867883,4592867884,13.25
4592867883,4592867882,28.56
4592867882,4592867883,28.56
4592867882,4592867881,5.49
4592867881,4592867882,5.49
4592867881,4592867880,3.15
4592867880,4592867881,3.15
4592867880,4592867879,3.76
4592867879,4592867880,3.76
4592867879,4592867878,4.71
4592867878,4592867879,4.71
4592867878,4592867877,64.60
4592867877,4592867878,64.60
4592867992,6878748637,5.43
6878748637,4592867992,5.43
6878748637,10089510129,10.44
10089510129,6878748637,10.44
10089510129,10089510136,58.24
10089510136,10089510129,58.24
10089510136,10089510135,2.93
10089510135,10089510136,2.93
10089510135,10089510134,2.38
10089510134,10089510135,2.38
10089510134,10089510133,15.01
10089510133,10089510134,15.01
10089510133,4592867991,1.47
4592867991,10089510133,1.47
4592867991,10089510132,2.61
10089510132,4592867991,2.61
10089510132,6990959492,57.16
6990959492,10089510132,57.16
6990959492,10089510131,1.66
10089510131,6990959492,1.66
10089510131,10089510130,2.50
10089510130,10089510131,2.50
10089510130,10089510129,17.88
10089510129,10089510130,17.88
4592868004,4592868002,9.88
4592868002,4592868004,9.88
4592868002,6988667640,6.37
6988667640,4592868002,6.37
6988667640,4592867877,7.10
4592867877,6988667640,7.10
4592867877,4592868001,35.37
4592868001,4592867877,35.37
4592868001,4592868000,5.60
4592868000,4592868001,5.60
4592868000,4592867999,4.77
4592867999,4592868000,4.77
4592867999,4592867998,4.11
4592867998,4592867999,4.11
4592867998,4592867997,7.42
4592867997,4592867998,7.42
4592867997,4592867996,4.75
4592867996,4592867997,4.75
4592867996,4592867995,5.24
4592867995,4592867996,5.24
4592867995,4592867993,18.48
4592867993,4592867995,18.48
4592868005,6988667641,36.21
6988667641,4592868005,36.21
6988667641,6991138311,38.16
6991138311,6988667641,38.16
6991138311,4592868004,4.18
4592868004,6991138311,4.18
4592868075,11194906147,3.83
11194906147,4592868075,3.83
11194906147,11194906157,18.46
11194906157,11194906147,18.46
11194906157,11194906140,23.44
11194906140,11194906157,23.44
11194906140,4592868073,54.68
4592868073,11194906140,54.68
4592868075,4583912005,7.90
4583912005,11194906158,23.20
11194906158,4583912096,7.68
6707839843,1847323458,5.21
1847323458,6707839843,5.21
1847323458,6988661326,47.72
6988661326,1847323458,47.72
6988661326,11336930181,35.78
11336930181,6988661326,35.78
11336930181,388274006,15.85
388274006,11336930181,15.85
388274006,12479559107,21.53
12479559107,388274006,21.53
12479559107,388274007,35.68
388274007,12479559107,35.68
388274007,4592869850,31.92
4592869850,388274007,31.92
4592869850,1847323313,16.01
1847323313,4592869850,16.01
1847323313,4681968843,66.70
4681968843,1847323313,66.70
4681968843,10900374179,9.06
10900374179,4681968843,9.06
10900374179,4681968842,36.63
4681968842,10900374179,36.63
4681968842,277569132,7.46
277569132,4681968842,7.46
4592868548,1847323337,47.12
1847323337,4592868548,47.12
1847323353,4592868550,3.57
4592868550,1847323353,3.57
4592868550,6990959541,4.18
6990959541,4592868550,4.18
6990959541,4592868549,6.53
4592868549,6990959541,6.53
4592868554,4592868553,43.56
4592868553,4592868554,43.56
4592868557,6991138299,3.89
6991138299,4592868557,3.89
6991138299,6991138296,1.80
6991138296,6991138299,1.80
6991138296,6991138298,1.76
6991138298,6991138296,1.76
6991138298,6991138297,1.65
6991138297,6991138298,1.65
6991138297,6991138300,1.71
6991138300,6991138297,1.71
6991138300,4592868556,10.38
4592868556,6991138300,10.38
4592868556,4592868555,27.00
4592868555,4592868556,27.00
4592868562,4592868561,25.96
4592868561,4592868562,25.96
4592868565,4592868564,35.40
4592868564,4592868565,35.40
4592868564,4592868563,4.71
4592868563,4592868564,4.71
388273957,4592868559,30.51
4592868559,4592868560,48.65
4592868560,388273960,43.47
388273960,4592868041,32.44
4592868041,1847323504,8.52
4592868570,4592868569,59.16
4592868569,4592868570,59.16
4592868569,4592868568,21.28
4592868568,4592868569,21.28
4592868572,4592868571,16.74
4592868571,4592868572,16.74
4592868574,4592868573,16.58
4592868573,4592868574,16.58
4592868578,4592868571,26.06
4592868571,4592868578,26.06
4592868571,4592868573,29.96
4592868573,4592868571,29.96
4592868573,4592868575,26.99
4592868575,4592868573,26.99
4592868581,4592868579,54.78
4592868579,4592868581,54.78
4592868581,11194949985,26.98
11194949985,4592868581,26.98
11194949985,11194949980,10.00
11194949980,11194949985,10.00
11194949980,4592868580,5.71
4592868580,11194949980,5.71
4592868137,4592868584,7.42
4592868584,4592868137,7.42
4592868584,4592868583,6.07
4592868583,4592868584,6.07
4592868695,4592868692,7.30
4592868692,4592868695,7.30
4592868692,12445417365,1.98
12445417365,4592868692,1.98
12445417365,4592868691,7.23
4592868691,12445417365,7.23
4592868691,4592868690,8.30
4592868690,4592868691,8.30
4592868690,4592868689,8.72
4592868689,4592868690,8.72
4592868689,4592868588,2.38
4592868588,4592868689,2.38
4592868588,6946535801,4.37
6946535801,4592868588,4.37
1845774474,4592868141,15.54
4592868141,1845774474,15.54
4592868141,4592868140,8.66
4592868140,4592868141,8.66
4592868140,4592868139,16.31
4592868139,4592868140,16.31
4592868139,4592868138,4.97
4592868138,4592868139,4.97
4592868138,6946535803,5.49
6946535803,4592868138,5.49
6946535803,4592868137,4.21
4592868137,6946535803,4.21
4592868137,4592868136,4.16
4592868136,4592868137,4.16
4592868136,4592868144,8.60
4592868144,4592868136,8.60
4592868144,6946535802,3.88
6946535802,4592868144,3.88
6946535802,4592868135,3.72
4592868135,6946535802,3.72
4592868135,4592868134,5.57
4592868134,4592868135,5.57
4592868134,4592868133,12.63
4592868133,4592868134,12.63
4592868133,4592868695,10.12
4592868695,4592868133,10.12
4592868695,4592868694,16.80
4592868694,4592868695,16.80
11194900496,4592868147,23.31
4592868147,11194900496,23.31
4592868147,4592868146,24.04
4592868146,4592868147,24.04
4592868146,4592868145,7.11
4592868145,4592868146,7.11
4592868145,4592868144,4.71
4592868144,4592868145,4.71
4592868153,4592868148,22.22
4592868148,4592868153,22.22
4535745133,4573039084,10.35
4573039084,4535745133,10.35
4573039084,4535780622,17.77
4535780622,4573039084,17.77
4592868172,4592868167,8.78
4592868167,4592868172,8.78
4592868167,4592868169,31.60
4592868169,4592868167,31.60
4592868169,4592868171,13.24
4592868171,4592868169,13.24
4592868721,4592868720,8.77
4592868720,4592868721,8.77
4592868720,4592868719,8.83
4592868719,4592868720,8.83
4592868719,4592868718,10.43
4592868718,4592868719,10.43
4592868718,4592868717,12.98
4592868717,4592868718,12.98
4592868717,4592868716,10.70
4592868716,4592868717,10.70
4592868716,4592868715,13.10
4592868715,4592868716,13.10
4592868715,4592868714,13.47
4592868714,4592868715,13.47
4592868714,4592868713,10.48
4592868713,4592868714,10.48
4592868713,4592868712,13.56
4592868712,4592868713,13.56
4592868712,4592868711,15.86
4592868711,4592868712,15.86
4592868711,4592868710,10.45
4592868710,4592868711,10.45
4592868710,4592868709,8.79
4592868709,4592868710,8.79
4592868709,4592868708,6.73
4592868708,4592868709,6.73
4592868732,4592868731,17.11
4592868731,4592868732,17.11
4592868731,4592868730,14.08
4592868730,4592868731,14.08
4592868730,4592868729,13.93
4592868729,4592868730,13.93
4592868729,4592868728,19.33
4592868728,4592868729,19.33
4592868728,4592868726,13.59
4592868726,4592868728,13.59
4592868726,4592868725,10.54
4592868725,4592868726,10.54
4592868742,4592868740,37.49
4592868740,4592868742,37.49
4592868740,6990796003,8.23
6990796003,4592868740,8.23
6990796003,4592868739,6.98
4592868739,6990796003,6.98
4592868739,4592868738,4.76
4592868738,4592868739,4.76
4592868738,4592868737,6.50
4592868737,4592868738,6.50
4592868737,4592868736,50.80
4592868736,4592868737,50.80
4592868736,4592868735,44.49
4592868735,4592868736,44.49
4592868746,4592868743,14.63
4592868743,4592868746,14.63
4592868747,4592868746,31.04
4592868746,4592868747,31.04
4592868746,4592868748,34.19
4592868748,4592868746,34.19
4592868748,6990796000,23.26
6990796000,4592868748,23.26
6990796000,4592868745,34.17
4592868745,6990796000,34.17
4592868745,4592868744,23.59
4592868744,4592868745,23.59
388272817,4592868748,56.29
4592868748,388272817,56.29
4592868754,4592868753,8.47
4592868753,4592868754,8.47
4592868753,4592868752,30.02
4592868752,4592868753,30.02
4592868833,6946165093,3.95
6946165093,4592868833,3.95
6946165093,4592868831,25.40
4592868831,6946165093,25.40
4592868831,4592868830,10.45
4592868830,4592868831,10.45
4592868830,6946165089,6.98
6946165089,4592868830,6.98
6946165089,6946165088,8.11
6946165088,6946165089,8.11
6946165088,4592868829,12.80
4592868829,6946165088,12.80
4592868829,4592868880,14.03
4592868880,4592868829,14.03
4592868863,6959195362,5.58
6959195362,4592868863,5.58
6959195362,4592868862,4.71
4592868862,6959195362,4.71
4592868862,4592868861,7.38
4592868861,4592868862,7.38
4592868861,4592868860,7.20
4592868860,4592868861,7.20
4592868860,4592868859,5.45
4592868859,4592868860,5.45
4592868859,6959195370,4.92
6959195370,4592868859,4.92
6959195370,6959195369,4.43
6959195369,6959195370,4.43
6959195369,11065965783,5.87
11065965783,6959195369,5.87
11065965783,6959195368,31.01
6959195368,11065965783,31.01
6959195368,6959195367,3.42
6959195367,6959195368,3.42
6959195367,6959195366,2.91
6959195366,6959195367,2.91
6959195366,6959195365,3.03
6959195365,6959195366,3.03
6959195365,6959195364,2.93
6959195364,6959195365,2.93
6959195364,11065965772,3.65
11065965772,6959195364,3.65
11065965772,11065965775,17.51
11065965775,11065965772,17.51
11065965775,11006733411,46.05
11006733411,11065965775,46.05
11006733411,11065965777,2.47
11065965777,11006733411,2.47
11065965777,6959195363,1.87
6959195363,11065965777,1.87
12338075385,4592868872,6.58
4592868872,12338075385,6.58
4592868872,4592868871,11.70
4592868871,4592868872,11.70
4592868871,6946154874,2.76
6946154874,4592868871,2.76
6946154874,6946154875,5.22
6946154875,6946154874,5.22
6946154875,4592868869,24.10
4592868869,6946154875,24.10
1847323374,1847323129,12.27
1847323129,1847323374,12.27
1847323129,1847323421,21.93
1847323421,1847323129,21.93
1843574682,10909521040,14.87
10909521040,1843574682,14.87
10909521040,6990795997,10.87
6990795997,10909521040,10.87
6990795997,6990795996,6.37
6990795996,6990795997,6.37
6990795996,1843574913,7.80
1843574913,6990795996,7.80
4592868884,1843574668,6.19
1843574668,4592868884,6.19
1843574668,1843574939,5.12
1843574939,1843574668,5.12
1843574939,1843574709,26.97
1843574709,1843574939,26.97
1843574709,7535181202,32.69
7535181202,1843574709,32.69
7535181202,4592868887,10.07
4592868887,7535181202,10.07
4592868994,10909521051,3.94
10909521051,4592868994,3.94
10909521051,10909521052,27.32
10909521052,10909521051,27.32
10909521052,4592868993,34.35
4592868993,10909521052,34.35
4592868754,4592868751,24.15
4592868751,4592868754,24.15
4592868751,6990796038,14.61
6990796038,4592868751,14.61
6990796038,4592868960,12.89
4592868960,6990796038,12.89
4592868960,4592868959,13.70
4592868959,4592868960,13.70
4592868962,1843574790,36.96
1843574790,4592868962,36.96
4592868971,4592868970,12.32
4592868970,4592868971,12.32
4592868970,6990959539,4.85
6990959539,4592868970,4.85
6990959539,6990959540,5.35
6990959540,6990959539,5.35
6990959540,4592868969,4.69
4592868969,6990959540,4.69
4592868969,4592868968,10.87
4592868968,4592868969,10.87
4592868973,11336894167,48.85
11336894167,4592868973,48.85
11336894167,11336930172,17.33
11336930172,11336894167,17.33
11336930172,11336894159,31.06
11336894159,11336930172,31.06
11336894159,11336930499,10.86
11336930499,11336894159,10.86
11336930499,11336930204,14.50
11336930204,11336930499,14.50
11336930204,4592868972,3.17
4592868972,11336930204,3.17
4592868981,4592868979,36.01
4592868979,4592868981,36.01
4592868979,4592868978,23.32
4592868978,4592868979,23.32
4592868983,4592868978,15.37
4592868978,4592868983,15.37
4592868978,4592868982,16.24
4592868982,4592868978,16.24
4592869095,4592869091,25.90
4592869091,4592869095,25.90
4592869091,4592869090,5.38
4592869090,4592869091,5.38
4592869090,4592869089,6.93
4592869089,4592869090,6.93
4592869089,4592868988,3.86
4592868988,4592869089,3.86
4592868988,4592868987,3.35
4592868987,4592868988,3.35
4592868987,6708399639,2.69
6708399639,4592868987,2.69
6708399639,4592868986,1.50
4592868986,6708399639,1.50
4592868986,4592868984,29.88
4592868984,4592868986,29.88
4592868975,6988661339,4.00
6988661339,4592868975,4.00
6988661339,4592868984,70.37
4592868984,6988661339,70.37
4592868984,4592869099,56.74
4592869099,4592868984,56.74
4592869102,11336930519,4.26
11336930519,4592869102,4.26
11336930519,4592868982,95.50
4592868982,11336930519,95.50
4592868982,4592869101,25.03
4592869101,4592868982,25.03
4592869106,4592869105,53.00
4592869105,4592869106,53.00
4592869241,6988667527,27.07
6988667527,4592869241,27.07
6988667527,4592869236,10.95
4592869236,6988667527,10.95
4592869236,6988667526,8.72
6988667526,4592869236,8.72
6988667526,4592869296,8.11
4592869296,6988667526,8.11
4592869296,4592869235,8.91
4592869235,4592869296,8.91
4592869235,6988667525,5.14
6988667525,4592869235,5.14
6988667525,6988667524,5.46
6988667524,6988667525,5.46
6988667524,4592869295,5.31
4592869295,6988667524,5.31
4592869295,4592869234,7.84
4592869234,4592869295,7.84
4592869234,4592869233,34.85
4592869233,4592869234,34.85
4592869233,11746085813,5.26
11746085813,4592869233,5.26
11746085813,6988667523,6.50
6988667523,11746085813,6.50
6988667523,6988667520,9.06
6988667520,6988667523,9.06
6988667520,4592869232,7.83
4592869232,6988667520,7.83
4592869232,6988667521,19.03
6988667521,4592869232,19.03
6988667521,4592869231,19.59
4592869231,6988667521,19.59
4592869241,4592869309,6.51
4592869309,4592869241,6.51
4592869309,6988667528,40.39
6988667528,4592869309,40.39
6988667528,4592869240,15.00
4592869240,6988667528,15.00
4592869240,4592869239,26.81
4592869239,4592869240,26.81
4592869239,6988667529,15.64
6988667529,4592869239,15.64
6988667529,4592869238,13.43
4592869238,6988667529,13.43
4592869238,6988667530,9.24
6988667530,4592869238,9.24
6988667530,4592869237,23.34
4592869237,6988667530,23.34
1880066957,4592869741,18.70
4592869741,1880066957,18.70
4592869741,4592869740,5.40
4592869740,4592869741,5.40
4592869740,4592869739,5.60
4592869739,4592869740,5.60
4592869739,4592869738,4.27
4592869738,4592869739,4.27
4592869738,4592869736,4.07
4592869736,4592869738,4.07
4592869736,4592869735,4.51
4592869735,4592869736,4.51
4592869735,4592869734,4.24
4592869734,4592869735,4.24
4592869734,4592869732,4.71
4592869732,4592869734,4.71
4592869732,4592869731,4.11
4592869731,4592869732,4.11
4592869731,4592869730,5.51
4592869730,4592869731,5.51
4592869730,4592869729,4.66
4592869729,4592869730,4.66
4592869729,4592869728,6.75
4592869728,4592869729,6.75
4592869728,4592869725,17.62
4592869725,4592869728,17.62
4592869725,4592869724,3.65
4592869724,4592869725,3.65
1880066902,6990776018,26.25
6990776018,1880066902,26.25
6990776018,6990776019,31.59
6990776019,6990776018,31.59
6990776019,1880066931,70.32
1880066931,6990776019,70.32
4592869752,6990776024,5.17
6990776024,4592869752,5.17
6990776024,6990776023,3.45
6990776023,6990776024,3.45
6990776023,6990776022,3.86
6990776022,6990776023,3.86
6990776022,4592869751,12.88
4592869751,6990776022,12.88
4592869751,4592869750,4.73
4592869750,4592869751,4.73
4592869750,4592869749,4.12
4592869749,4592869750,4.12
4592869749,4592869748,3.11
4592869748,4592869749,3.11
4592869748,4592869747,4.27
4592869747,4592869748,4.27
4592869747,12756253988,28.18
12756253988,4592869747,28.18
4592869663,4592869662,10.63
4592869662,4592869663,10.63
4592869662,4592869661,23.08
4592869661,4592869662,23.08
4592869661,4592869660,9.86
4592869660,4592869661,9.86
1947750440,4592869665,2.43
4592869665,1947750440,2.43
4592869665,4592869666,4.71
4592869666,4592869665,4.71
4592869666,1947750468,11.81
1947750468,4592869666,11.81
4592869669,4592869668,15.85
4592869668,4592869669,15.85
4592869679,4592869678,10.17
4592869678,4592869679,10.17
4592869678,4592869677,6.50
4592869677,4592869678,6.50
4592869677,4592869676,3.12
4592869676,4592869677,3.12
1880066926,4592869681,16.33
4592869681,1880066926,16.33
4592869681,6990776011,8.48
6990776011,4592869681,8.48
6990776011,4592869680,7.59
4592869680,6990776011,7.59
4592869687,4592869685,19.96
4592869685,4592869687,19.96
4592869434,4592869804,8.31
4592869804,4592869434,8.31
4592869804,4592869802,7.10
4592869802,4592869804,7.10
4592869802,6883728489,5.86
6883728489,4592869802,5.86
4592869231,4592869445,6.95
4592869445,4592869231,6.95
4592869445,6988667522,5.55
6988667522,4592869445,5.55
6988667522,1880066887,25.47
1880066887,6988667522,25.47
4592869453,4592869448,72.53
4592869448,4592869453,72.53
4592869457,4592869456,20.47
4592869456,4592869457,20.47
4592869456,6990776037,6.72
6990776037,4592869456,6.72
6990776037,4592869455,6.98
4592869455,6990776037,6.98
4592869455,4592869453,9.44
4592869453,4592869455,9.44
4592869453,4592869454,21.52
4592869454,4592869453,21.52
4592869482,4592869481,4.36
4592869481,4592869482,4.36
4592869481,4592869480,13.15
4592869480,4592869481,13.15
4592869480,4592869478,36.72
4592869478,4592869480,36.72
4592869824,4592869823,21.71
4592869823,4592869824,21.71
4592869823,4592869822,7.61
4592869822,4592869823,7.61
4592869822,4592869821,3.20
4592869821,4592869822,3.20
4592869821,4592869820,2.87
4592869820,4592869821,2.87
4592869820,6883728493,3.29
6883728493,4592869820,3.29
4592869841,4592869840,14.68
4592869840,4592869841,14.68
4592869840,4592869839,5.73
4592869839,4592869840,5.73
4592869839,4592869838,6.09
4592869838,4592869839,6.09
4592869838,4592869837,4.83
4592869837,4592869838,4.83
4592869837,4592869836,4.18
4592869836,4592869837,4.18
4592869836,4592869835,3.80
4592869835,4592869836,3.80
4592869835,4592869834,4.55
4592869834,4592869835,4.55
4592869834,4592869833,4.00
4592869833,4592869834,4.00
4592869833,4592869832,9.37
4592869832,4592869833,9.37
4592869832,388274006,31.54
388274006,4592869832,31.54
4592869850,4592869847,20.56
4592869847,4592869850,20.56
4592869847,4592869845,7.53
4592869845,4592869847,7.53
4592869845,4592869843,24.21
4592869843,4592869845,24.21
4592869843,4592869842,14.45
4592869842,4592869843,14.45
4592869860,4592869859,10.92
4592869859,4592869860,10.92
4592869859,4592869858,22.78
4592869858,4592869859,22.78
4592869858,4592869857,14.82
4592869857,4592869858,14.82
4592869857,4592869856,28.95
4592869856,4592869857,28.95
4592869856,4592869855,24.98
4592869855,4592869856,24.98
4592869940,4592869939,55.82
4592869939,4592869940,55.82
4592869950,4592869949,12.68
4592869949,4592869950,12.68
4592869949,4592869948,8.49
4592869948,4592869949,8.49
4592869948,4592869947,5.08
4592869947,4592869948,5.08
4592869947,4592869946,6.05
4592869946,4592869947,6.05
4592869946,4592869944,6.28
4592869944,4592869946,6.28
4592869944,4592869943,7.84
4592869943,4592869944,7.84
4592869960,4592869971,9.08
4592869971,4592869960,9.08
4592869971,1880066878,21.32
1880066878,4592869971,21.32
1880066878,4592869954,9.70
4592869954,1880066878,9.70
4592869954,4592869950,6.50
4592869950,4592869954,6.50
4592869950,1880066880,40.94
1880066880,4592869950,40.94
1880066880,4592869952,19.13
4592869952,1880066880,19.13
4592884114,4592884113,31.39
4592884113,4592884114,31.39
4592884113,4592884112,10.89
4592884112,4592884113,10.89
4592884112,4592884111,23.78
4592884111,4592884112,23.78
1843955240,10916953168,50.82
10916953168,1843955240,50.82
10916953168,1946518361,6.68
1946518361,10916953168,6.68
1946518361,1843955751,137.49
1843955751,1946518361,137.49
1843955751,10922495916,58.21
10922495916,1843955751,58.21
10922495916,1843956002,3.43
1843956002,10922495916,3.43
1843956002,9362753289,35.34
9362753289,1843956002,35.34
9362753289,10922495920,22.48
10922495920,9362753289,22.48
10922495920,6946535600,11.06
6946535600,10922495920,11.06
6946535600,1843955399,13.74
1843955399,6946535600,13.74
1843955399,6946535602,11.35
6946535602,1843955399,11.35
6946535602,6946535605,12.29
6946535605,6946535602,12.29
6946535605,6946535604,17.73
6946535604,6946535605,17.73
6946535604,1843955541,12.26
1843955541,6946535604,12.26
1843955541,6967343896,10.78
6967343896,1843955541,10.78
6967343896,6946535603,3.90
6946535603,6967343896,3.90
6946535603,6442820143,27.05
6442820143,6946535603,27.05
6442820143,5021787567,4.48
5021787567,6442820143,4.48
5021787567,1484741959,11.75
1484741959,5021787567,11.75
1843869728,6918291446,7.46
6918291446,1843869728,7.46
6918291446,4671258931,5.04
4671258931,6918291446,5.04
4671258931,4671258932,7.86
4671258932,4671258931,7.86
4671258932,4664984999,11.98
4664984999,4671258932,11.98
4664984999,1843869774,5.46
1843869774,4664984999,5.46
1843869774,1843869618,9.18
1843869618,1843869774,9.18
1843869618,1843869888,8.34
1843869888,1843869618,8.34
4663284211,6887076984,9.99
6887076984,4663284211,9.99
6887076984,6946535662,8.20
6946535662,6887076984,8.20
6946535662,4593280313,7.23
4593280313,6946535662,7.23
4593280313,4671258933,42.92
4671258933,4593280313,42.92
4671258933,4593309550,41.11
4593309550,4671258933,41.11
4593309550,6946535632,31.82
6946535632,4593309550,31.82
6946535632,4671258942,57.86
4671258942,6946535632,57.86
4671258942,11421113693,21.39
11421113693,4671258942,21.39
11421113693,6967343926,19.84
6967343926,11421113693,19.84
6967343926,5400855911,9.34
5400855911,6967343926,9.34
5400855911,5361337541,4.45
5361337541,5400855911,4.45
5361337541,1843869761,11.24
1843869761,5361337541,11.24
1843869761,10303928769,29.69
10303928769,1843869761,29.69
10303928769,10248176843,23.93
10248176843,10303928769,23.93
10248176843,6967343918,14.49
6967343918,10248176843,14.49
6967343918,4664985196,35.90
4664985196,6967343918,35.90
4664985196,1843869721,31.30
1843869721,4664985196,31.30
1843869721,6967343920,21.34
6967343920,1843869721,21.34
6967343920,4664985192,35.99
4664985192,6967343920,35.99
4664985192,11413374564,15.75
11413374564,4664985192,15.75
11413374564,1917401846,32.26
1917401846,11413374564,32.26
1917401846,4664985084,20.80
4664985084,1917401846,20.80
4664985084,12111719826,7.14
12111719826,4664985084,7.14
12111719826,12111719808,15.21
12111719808,12111719826,15.21
12111719808,4664985078,13.10
4664985078,12111719808,13.10
4664985078,6967343924,13.39
6967343924,4664985078,13.39
6967343924,5400855913,19.11
5400855913,6967343924,19.11
5400855913,11413374548,3.11
11413374548,5400855913,3.11
11413374548,5360576521,2.84
5360576521,11413374548,2.84
5360576521,12111719819,10.23
12111719819,5360576521,10.23
12111719819,1843869716,47.49
1843869716,12111719819,47.49
1843869716,576989612,61.69
576989612,1843869716,61.69
576989612,576989628,40.90
576989628,576989612,40.90
576989628,1843869629,62.89
1843869629,576989628,62.89
1843869629,576989634,21.34
576989634,1843869629,21.34
576989634,4664985004,48.73
4664985004,576989634,48.73
4664985004,4664985002,18.74
4664985002,4664985004,18.74
4664985002,4593268898,32.13
4593268898,4664985002,32.13
4595086904,4595086910,10.03
4595086910,4595086904,10.03
4595086910,6988667485,10.31
6988667485,4595086910,10.31
6988667485,4597856148,7.43
4597856148,6988667485,7.43
4597856148,4595086905,17.06
4595086905,4597856148,17.06
4595086905,6301370588,14.72
6301370588,4595086905,14.72
6301370588,4595086906,14.15
4595086906,6301370588,14.15
4595086906,4595086907,30.27
4595086907,4595086906,30.27
4595086907,4595086909,16.08
4595086909,4595086907,16.08
4595086909,4597856146,22.93
4597856146,4595086909,22.93
4597856146,4595086913,9.18
4595086913,4597856146,9.18
4597855704,4597855703,17.54
4597855703,4597855704,17.54
4597855703,4597855702,5.42
4597855702,4597855703,5.42
4597855702,4597855701,7.22
4597855701,4597855702,7.22
4597855701,4597855700,6.36
4597855700,4597855701,6.36
4597855700,4597855699,13.60
4597855699,4597855700,13.60
4597855699,4597855698,7.17
4597855698,4597855699,7.17
4597855698,4597855697,6.09
4597855697,4597855698,6.09
4597855697,4597855696,14.29
4597855696,4597855697,14.29
4597855696,4597855695,11.12
4597855695,4597855696,11.12
4597855695,4597855694,12.98
4597855694,4597855695,12.98
4597855694,4597855693,9.18
4597855693,4597855694,9.18
4597855707,4597855706,23.98
4597855706,4597855707,23.98
4597855706,4584378222,23.04
4584378222,4597855706,23.04
1946518780,4597855756,5.35
4597855756,1946518485,15.40
1946518485,1946518602,8.31
1946518602,4597855755,10.43
4597855755,1946518408,12.60
1946518408,4597855750,12.33
4597855750,1946518355,7.88
6301364069,4597855787,5.65
4597855787,6301364069,5.65
4597855787,6988667510,5.12
6988667510,4597855787,5.12
6988667510,4597855786,9.23
4597855786,6988667510,9.23
4597855786,6988667509,7.35
6988667509,4597855786,7.35
6988667509,4597855785,5.26
4597855785,6988667509,5.26
577939028,4583911585,12.49
4583911585,577939028,12.49
4583911585,6988661375,14.27
6988661375,4583911585,14.27
6988661375,6310290598,13.14
6310290598,6988661375,13.14
6310290598,6988661372,7.02
6988661372,6310290598,7.02
6988661372,577939069,6.23
577939069,6988661372,6.23
577939069,6310290599,7.86
6310290599,577939069,7.86
6310290599,4583911584,5.76
4583911584,6310290599,5.76
4583911584,4583911567,16.70
4583911567,4583911584,16.70
4583911567,4583911582,9.59
4583911582,4583911567,9.59
4583911582,577939074,14.60
577939074,4583911582,14.60
577939074,4583911581,20.78
4583911581,577939074,20.78
4583911581,6988661376,4.80
6988661376,4583911581,4.80
6988661376,4583911571,5.11
4583911571,6988661376,5.11
4583911571,577939078,11.26
577939078,4583911571,11.26
577939078,4583911580,10.49
4583911580,577939078,10.49
4583911580,6988661379,15.93
6988661379,4583911580,15.93
6988661379,6988661381,13.33
6988661381,6988661379,13.33
6988661381,577939080,29.27
577939080,6988661381,29.27
4597855717,1863543137,36.06
1863543137,4597855717,36.06
4597855723,4597855722,44.86
4597855722,4597855723,44.86
4597855722,4597855718,17.95
4597855718,4597855722,17.95
4597855728,4597855727,8.41
4597855727,4597855728,8.41
4597855727,6988667489,1.98
6988667489,4597855727,1.98
6988667489,4597855726,1.82
4597855726,6988667489,1.82
4597855726,4597855725,3.80
4597855725,4597855726,3.80
4597855725,4597855724,15.40
4597855724,4597855725,15.40
4597855728,4597855732,12.73
4597855732,4597855728,12.73
4597855732,4597855733,19.72
4597855733,4597855732,19.72
4597855733,4597855734,9.64
4597855734,4597855733,9.64
4597855734,4597855735,12.36
4597855735,4597855734,12.36
4597855735,4597855736,9.69
4597855736,4597855735,9.69
4597855736,4597855737,6.28
4597855737,4597855736,6.28
4597855737,4597855738,11.31
4597855738,4597855737,11.31
4597855738,6310290597,48.21
6310290597,4597855738,48.21
6310290597,4597855739,5.19
4597855739,6310290597,5.19
4597855741,4597855740,30.78
4597855740,4597855741,30.78
4597855742,4597855743,6.52
4597855743,4597855742,6.52
4597855743,4597855744,21.89
4597855744,4597855743,21.89
4597855744,4597855745,4.11
4597855745,4597855744,4.11
4597855745,4597855746,2.38
4597855746,4597855745,2.38
4597855746,4597855747,2.49
4597855747,4597855746,2.49
4597855747,4597855748,3.87
4597855748,4597855747,3.87
4597855748,4597855749,35.15
4597855749,4597855748,35.15
4597855753,4597855752,6.49
4597855752,4597855753,6.49
4597855752,4597855751,5.68
4597855751,4597855752,5.68
4597855751,4597855750,6.32
4597855750,4597855751,6.32
4597855763,4597855762,13.28
4597855762,4597855763,13.28
4597855762,4597855761,11.19
4597855761,4597855762,11.19
4597855761,4597855760,9.58
4597855760,4597855761,9.58
4597855760,4597855759,8.74
4597855759,4597855760,8.74
4597855759,4597855758,9.98
4597855758,4597855759,9.98
4597855758,4597855757,8.97
4597855757,4597855758,8.97
4597855757,4597855756,5.53
4597855756,4597855757,5.53
4597855765,4597855764,23.69
4597855764,4597855765,23.69
4597855771,4597855770,6.23
4597855770,4597855771,6.23
4597855770,4597855769,4.72
4597855769,4597855770,4.72
4597855769,6301364075,5.72
6301364075,4597855769,5.72
6301364075,4597855768,6.67
4597855768,6301364075,6.67
4597855779,4597855778,5.35
4597855778,4597855779,5.35
4597855778,6301369599,4.77
6301369599,4597855778,4.77
6301369599,4597855776,3.93
4597855776,6301369599,3.93
4597855776,4597855775,10.32
4597855775,4597855776,10.32
4597855775,4597855774,4.39
4597855774,4597855775,4.39
4597855774,4597855773,3.41
4597855773,4597855774,3.41
4597855773,6988667497,7.96
6988667497,4597855773,7.96
4597856093,6988667515,28.37
6988667515,4597856093,28.37
6988667515,4597856092,4.51
4597856092,6988667515,4.51
4597856092,4597856091,4.72
4597856091,4597856092,4.72
4597856091,4597855788,6.65
4597855788,4597856091,6.65
4597855788,4597856166,4.43
4597856166,4597855788,4.43
4597856166,6988667513,9.15
6988667513,4597856166,9.15
6988667513,6988667514,6.87
6988667514,6988667513,6.87
6988667514,4597856171,11.37
4597856171,6988667514,11.37
4597856171,4597856173,24.37
4597856173,4597856171,24.37
4597856173,4597856176,11.22
4597856176,4597856173,11.22
4597856176,4597856202,19.88
4597856202,4597856176,19.88
4597856202,4597856203,8.19
4597856203,4597856202,8.19
4597856203,4597856204,7.93
4597856204,4597856203,7.93
4597856204,4597856205,7.02
4597856205,4597856204,7.02
4597856205,4597856206,14.50
4597856206,4597856205,14.50
4597856206,11551990240,3.73
11551990240,4597856206,3.73
11551990240,4597856207,2.49
4597856207,11551990240,2.49
4597856207,4597856208,5.46
4597856208,4597856207,5.46
4597856208,4597856209,7.81
4597856209,4597856208,7.81
4597856209,1946518349,10.38
1946518349,4597856209,10.38
1946518349,1946518780,14.18
1946518780,1946518349,14.18
4597856100,4597856101,17.20
4597856101,4597856100,17.20
4597856101,4597856102,8.59
4597856102,4597856101,8.59
4597856102,4597856104,15.65
4597856104,4597856102,15.65
577939090,4597856117,6.01
4597856117,577939090,6.01
4597856117,4597856116,5.07
4597856116,4597856117,5.07
4597856116,4597856115,4.12
4597856115,4597856116,4.12
4597856115,4597856114,48.37
4597856114,4597856115,48.37
4597856114,4597856113,2.02
4597856113,4597856114,2.02
4597856113,6707862973,1.13
6707862973,4597856113,1.13
6707862973,4597856112,1.13
4597856112,6707862973,1.13
4597856112,4597856111,2.14
4597856111,4597856112,2.14
4597856111,4597856109,51.02
4597856109,4597856111,51.02
6988667487,6988667488,17.28
6988667488,6988667487,17.28
6988667488,4597856120,14.57
4597856120,6988667488,14.57
4597856120,6988667486,22.42
6988667486,4597856120,22.42
6988667486,577939093,6.01
577939093,6988667486,6.01
4597856122,4597856121,47.57
4597856121,4597856122,47.57
4597856137,4597856136,6.74
4597856136,4597856137,6.74
4597856136,4597856135,5.98
4597856135,4597856136,5.98
4597856135,4597856134,12.96
4597856134,4597856135,12.96
4597856134,4597856133,10.40
4597856133,4597856134,10.40
4597856133,4597856132,6.76
4597856132,4597856133,6.76
4597856132,4597856131,3.11
4597856131,4597856132,3.11
4597856215,6858649159,4.11
6858649159,4597856215,4.11
6858649159,4597856214,4.33
4597856214,6858649159,4.33
4597856214,4597856213,13.25
4597856213,4597856214,13.25
4597856213,4597856212,17.94
4597856212,4597856213,17.94
4597856221,4597856211,52.58
4597856211,4597856221,52.58
4597856211,4597856210,24.18
4597856210,4597856211,24.18
4597856210,4597856220,21.55
4597856220,4597856210,21.55
4597856220,4597856219,22.77
4597856219,4597856220,22.77
4597856219,4597856218,15.78
4597856218,4597856219,15.78
4597856226,4597856225,17.23
4597856225,4597856226,17.23
4597856242,6310290514,3.97
6310290514,4597856242,3.97
6310290514,4597856225,51.17
4597856225,6310290514,51.17
4597856225,4597856240,8.54
4597856240,4597856225,8.54
4597856240,4597856239,24.76
4597856239,4597856240,24.76
4597856239,4597856238,15.96
4597856238,4597856239,15.96
4597856238,4597856237,4.38
4597856237,4597856238,4.38
4597856244,4597856243,58.66
4597856247,4597856246,30.91
4597856246,4597856247,30.91
4597856248,6301368560,13.67
6301368560,6301368553,4.38
6301368553,4597856249,33.02
4597856249,4597856250,5.86
4597856250,4597856251,13.14
4597856251,4597856254,11.16
4597856254,4597856256,5.52
4597856256,4597856247,6.77
4597856247,4597856257,5.30
4597856257,6301368572,18.23
6301368572,4597856259,14.02
4597856259,4597856260,8.29
4597856260,6988667516,4.95
6988667516,4597856261,4.96
4597856261,4597856264,40.26
4597856264,4597856265,3.79
4597856265,4597856266,2.72
4597856266,4597856267,2.48
4597856267,4597856268,3.79
4597856268,4597856270,10.56
4597856270,4597856272,10.76
4597856272,4597855918,7.38
4597855918,4597855920,11.10
4597855920,4597855921,2.87
4597855921,6988667517,2.62
6988667517,4597855922,3.97
4597855922,4597855923,5.82
4597855953,4597855952,10.24
4597855952,4597855953,10.24
4597855952,4597855951,10.53
4597855951,4597855952,10.53
4597855951,4597855950,6.73
4597855950,4597855951,6.73
4597855950,4597855949,9.13
4597855949,4597855950,9.13
4597855949,4597855948,11.19
4597855948,4597855949,11.19
4597855948,4597855947,6.58
4597855947,4597855948,6.58
4597855947,4597855946,9.94
4597855946,4597855947,9.94
4597855946,4597855945,9.01
4597855945,4597855946,9.01
4597855945,4597855944,10.13
4597855944,4597855945,10.13
4597855944,4597855943,9.65
4597855943,4597855944,9.65
4597855943,4597855936,47.19
4597855936,4597855943,47.19
4597855936,6988667502,6.53
6988667502,4597855936,6.53
6988667502,6988667503,6.12
6988667503,6988667502,6.12
6988667503,4597855931,16.52
4597855931,6988667503,16.52
4597855931,4597855930,9.35
4597855930,4597855931,9.35
4597855930,4597855929,9.40
4597855929,4597855930,9.40
4597855929,4597855928,9.29
4597855928,4597855929,9.29
4597855928,4597855927,19.81
4597855927,4597855928,19.81
4597855927,4597855926,30.43
4597855926,4597855927,30.43
4597855926,4597855925,14.33
4597855925,4597855926,14.33
4597855925,4597855924,6.05
4597855924,4597855925,6.05
4597855977,4597855976,51.44
4597855976,4597855977,51.44
4597855982,4597855977,107.35
4597855977,4597855982,107.35
4597855977,4597855981,6.57
4597855981,4597855977,6.57
4597855981,4597855980,10.42
4597855980,4597855981,10.42
4597855980,4597855979,8.77
4597855979,4597855980,8.77
4597855979,4597855978,7.61
4597855978,4597855979,7.61
4597855982,1848746455,141.64
1848746455,4597855982,141.64
1848746455,10975127876,46.71
10975127876,1848746455,46.71
10975127876,6988667499,17.81
6988667499,10975127876,17.81
4597856464,11551973989,27.74
11551973989,4597856464,27.74
11551973989,4597856451,27.44
4597856451,11551973989,27.44
4597856689,4597856576,14.09
4597856576,4597856689,14.09
4597856576,4597856575,12.12
4597856575,4597856576,12.12
4597856575,4597856617,5.52
4597856617,4597856575,5.52
4597856617,4597856616,12.22
4597856616,4597856617,12.22
4597856616,11635634389,46.06
11635634389,4597856616,46.06
11635634389,4597856611,14.81
4597856611,11635634389,14.81
4597856709,4597856708,29.58
4597856708,4597856709,29.58
4597856708,4597856711,37.69
4597856711,4597856708,37.69
11514545274,4597856749,37.97
4597856749,11514545274,37.97
4597856749,4597856748,6.94
4597856748,4597856749,6.94
4597856748,6710877051,7.61
6710877051,4597856748,7.61
6710877051,11551974010,9.77
11551974010,6710877051,9.77
11551974010,4597856744,10.04
4597856744,11551974010,10.04
4597856744,4597856741,31.90
4597856741,4597856744,31.90
4597856741,4597856734,30.97
4597856734,4597856741,30.97
4597856734,4597856725,15.59
4597856725,4597856734,15.59
4597856783,13056522438,5.97
13056522438,4597856783,5.97
13056522438,4597856781,3.49
4597856781,13056522438,3.49
4597856781,4597856780,24.90
4597856780,4597856781,24.90
4597856780,4597856778,8.10
4597856778,4597856780,8.10
4597856778,4597856777,20.76
4597856777,4597856778,20.76
4597856777,4597856776,12.92
4597856776,4597856777,12.92
4597856776,4597856775,9.56
4597856775,4597856776,9.56
4597856775,4597856774,19.30
4597856774,4597856775,19.30
4597856774,4597856773,17.17
4597856773,4597856774,17.17
4597856773,4597856772,9.32
4597856772,4597856773,9.32
4597856772,4597856771,4.56
4597856771,4597856772,4.56
4597856771,4597856770,4.13
4597856770,4597856771,4.13
4597856770,4597856769,5.24
4597856769,4597856770,5.24
4597856769,4597856768,6.85
4597856768,4597856769,6.85
4597856800,4597856799,11.53
4597856799,4597856800,11.53
4597856803,4597856801,23.06
4597856801,4597856803,23.06
4597856832,4597856800,37.15
4597856800,4597856832,37.15
4597856800,4597856803,40.47
4597856803,4597856800,40.47
4597856803,4597856829,3.95
4597856829,4597856803,3.95
4597856829,4597856828,3.86
4597856828,4597856829,3.86
4597856828,4597856825,3.21
4597856825,4597856828,3.21
4597856835,4597856834,13.77
4597856834,4597856835,13.77
4597856834,4597856833,21.08
4597856833,4597856834,21.08
4597856833,4597856838,58.56
4597856838,4597856833,58.56
4597856848,4597856849,48.79
4597856849,4597856848,48.79
4597856849,4597856847,9.42
4597856847,4597856849,9.42
4597856847,4597856846,9.13
4597856846,4597856847,9.13
4597856846,4597856845,6.43
4597856845,4597856846,6.43
4597856845,4597856844,4.04
4597856844,4597856845,4.04
4597856844,4597856843,5.31
4597856843,4597856844,5.31
4597856843,4597856842,4.52
4597856842,4597856843,4.52
4597856842,4597856841,4.59
4597856841,4597856842,4.59
4597856841,4597856840,6.37
4597856840,4597856841,6.37
4597856840,4597856839,5.45
4597856839,4597856840,5.45
4597856839,4597856838,6.28
4597856838,4597856839,6.28
4597856838,4597856837,6.51
4597856837,4597856838,6.51
4597856837,4597856836,17.33
4597856836,4597856837,17.33
4597856854,4597856853,10.09
4597856853,4597856854,10.09
4597856853,4597856852,7.03
4597856852,4597856853,7.03
4597856852,4597856851,7.80
4597856851,4597856852,7.80
4597856851,4597856850,10.15
4597856850,4597856851,10.15
4597856850,4597856849,4.44
4597856849,4597856850,4.44
4597856864,4597856863,20.87
4597856863,4597856864,20.87
4597856863,4597856862,3.77
4597856862,4597856863,3.77
4597856862,4597856861,2.91
4597856861,4597856862,2.91
4597856861,4597856860,4.23
4597856860,4597856861,4.23
4597856860,4597856859,12.66
4597856859,4597856860,12.66
4597856859,4597856858,18.38
4597856858,4597856859,18.38
4597856858,4597856857,6.71
4597856857,4597856858,6.71
4597856857,4597856856,10.62
4597856856,4597856857,10.62
4597856856,4597856855,15.39
4597856855,4597856856,15.39
1843955903,10974728487,7.63
10974728487,1843955903,7.63
10974728487,6988667662,23.39
6988667662,10974728487,23.39
6988667662,12835690519,18.53
12835690519,6988667662,18.53
12835690519,6310290500,13.04
6310290500,12835690519,13.04
6310290500,6310290499,7.47
6310290499,6310290500,7.47
6310290499,1843955482,7.25
1843955482,6310290499,7.25
1843955482,6886784251,8.56
6886784251,1843955482,8.56
6886784251,4584301664,105.86
4584301664,6886784251,105.86
4584301664,4584301659,6.94
4584301659,4584301664,6.94
4584301659,6310290501,5.80
6310290501,4584301659,5.80
6310290501,6868406771,5.76
6868406771,6310290501,5.76
6868406771,1843955213,5.79
1843955213,6868406771,5.79
1843955213,4584301663,57.14
4584301663,1843955213,57.14
4584301663,4597856855,29.78
4597856855,4584301663,29.78
4597856855,4584301990,38.34
4584301990,4597856855,38.34
4584301990,5985354639,33.00
5985354639,4584301990,33.00
5985354639,4584301992,68.87
4584301992,5985354639,68.87
4584301992,342232969,37.92
342232969,4584301992,37.92
4597856867,4597856865,28.21
4597856865,4597856867,28.21
4597856866,4597856867,25.35
4597856867,6867767411,10.32
6867767411,342232454,4.05
4597856872,6867767410,2.16
6867767410,4597856871,6.39
4597856871,4597856870,21.52
4597856870,4597856866,27.44
4597856874,4597856873,30.08
4597856873,4597856874,30.08
4597857018,4597856875,15.10
4597856875,4597857018,15.10
4597857017,10909251666,4.10
10909251666,4597857017,4.10
4597856881,6946535784,5.00
6946535784,4597856881,5.00
6946535784,6946535786,3.25
6946535786,6946535784,3.25
6946535786,4597856880,29.58
4597856880,6946535786,29.58
4597856880,4597856879,24.21
4597856879,4597856880,24.21
4597856879,4597856878,29.09
4597856878,4597856879,29.09
4597856878,6946535785,2.55
6946535785,4597856878,2.55
6946535785,4597856876,16.09
4597856876,6946535785,16.09
4597856876,4597856881,9.61
4597856881,4597856876,9.61
1847297741,4597856884,36.24
4597856884,1847297741,36.24
4597856995,4597856994,9.80
4597856994,4597856995,9.80
4597856994,4597856993,21.88
4597856993,4597856994,21.88
4597856993,11639030706,12.53
11639030706,4597856993,12.53
11639030706,4597856992,10.34
4597856992,11639030706,10.34
4597856992,4597856991,14.84
4597856991,4597856992,14.84
4597856991,4597856990,11.17
4597856990,4597856991,11.17
4597856990,4597856989,13.09
4597856989,4597856990,13.09
4597856989,4597856888,11.07
4597856888,4597856989,11.07
4597856888,4597856887,13.20
4597856887,4597856888,13.20
4597856887,4597856886,7.89
4597856886,4597856887,7.89
4597857019,5519070436,25.16
5519070436,4597857019,25.16
5519070436,4597857018,3.94
4597857018,5519070436,3.94
4597857018,4597857017,16.23
4597857017,4597857018,16.23
4597857017,4597857016,19.40
4597857016,4597857017,19.40
4597857016,4597857015,7.12
4597857015,4597857016,7.12
4597857015,4597857014,6.43
4597857014,4597857015,6.43
4597857014,4597857013,7.14
4597857013,4597857014,7.14
4597857013,4597857012,5.56
4597857012,4597857013,5.56
4597857012,4597857011,7.27
4597857011,4597857012,7.27
4597857011,4597857010,7.58
4597857010,4597857011,7.58
4597857010,4597857009,6.11
4597857009,4597857010,6.11
4597857009,4597857008,5.96
4597857008,4597857009,5.96
4597857008,4597857007,4.79
4597857007,4597857008,4.79
4597857007,4597857006,4.09
4597857006,4597857007,4.09
4597857006,4597857005,5.07
4597857005,4597857006,5.07
4597857005,4597857002,20.85
4597857002,4597857005,20.85
4597857002,4597856999,33.13
4597856999,4597857002,33.13
4597856999,6946535787,16.46
6946535787,4597856999,16.46
6946535787,5519157105,16.09
5519157105,6946535787,16.09
4597857021,4597857024,50.72
4597857024,4597857026,23.62
4597857026,4597857028,40.17
4597857028,4597857030,11.36
4597857030,4597857033,58.78
4597857042,4597857040,52.80
4597857040,4597857042,52.80
4597857058,10089510117,13.08
10089510117,4597857058,13.08
10089510117,4597857055,0.91
4597857055,10089510117,0.91
4597857055,10089510118,0.73
10089510118,4597857055,0.73
10089510118,10089498515,44.36
10089498515,10089510118,44.36
10089498515,4597857054,2.36
4597857054,10089498515,2.36
4597857054,10089498516,2.74
10089498516,4597857054,2.74
10089498516,4597857053,14.52
4597857053,10089498516,14.52
4597857053,4597857052,27.78
4597857052,4597857053,27.78
4597857061,4597857062,27.50
4597857062,4597857061,27.50
4597857062,6959195348,25.20
6959195348,4597857062,25.20
6959195348,6959195346,3.45
6959195346,6959195348,3.45
6959195346,6959195347,3.35
6959195347,6959195346,3.35
6959195347,6959195345,3.24
6959195345,6959195347,3.24
6959195345,6887304148,3.28
6887304148,6959195345,3.28
6887304148,4597857060,20.03
4597857060,6887304148,20.03
4597857065,4597857064,31.76
4597857064,4597857065,31.76
1847297551,5538162793,31.70
5538162793,1847297551,31.70
5538162793,1847297766,2.43
1847297766,5538162793,2.43
1847297766,10904937979,6.09
10904937979,1847297766,6.09
10904937979,4597857065,9.87
4597857065,10904937979,9.87
4597857065,1847297842,10.89
1847297842,4597857065,10.89
1847297842,10904937988,13.62
10904937988,1847297842,13.62
10904937988,4597857066,4.48
4597857066,10904937988,4.48
4597857066,5021787584,9.11
5021787584,4597857066,9.11
1847297820,1847297794,40.21
1847297794,1847297820,40.21
1847297794,1847297857,17.02
1847297857,1847297794,17.02
1847297857,1847297891,12.40
1847297891,1847297857,12.40
1847297891,11946165883,4.83
11946165883,1847297891,4.83
11946165883,6946535753,25.65
6946535753,11946165883,25.65
6946535753,6946535752,14.89
6946535752,6946535753,14.89
6946535752,4597857062,3.23
4597857062,6946535752,3.23
1847297754,1847297612,22.22
1847297612,1847297822,28.84
1847297822,11946165870,10.41
11946165870,1847297843,5.94
1847297843,1847297823,13.37
1847297823,1847297621,15.28
4631903638,4631903639,93.02
4631903639,4631903638,93.02
4631903640,4631903641,89.73
4631903641,4631903640,89.73
6988667557,4631903643,15.99
4631903643,6988667557,15.99
4631903643,6988667558,4.80
6988667558,4631903643,4.80
6988667558,6988667559,4.59
6988667559,6988667558,4.59
4631903653,4631903652,0.58
4631903652,4631903653,0.58
4631903652,5338702589,0.64
5338702589,4631903652,0.64
5338702589,4631903655,24.50
4631903655,5338702589,24.50
4631903655,11009459132,2.47
11009459132,4631903655,2.47
11009459132,5338702588,10.26
5338702588,11009459132,10.26
5338702588,5052133955,32.07
5052133955,5338702588,32.07
4572948651,4631903656,8.82
4631903656,4572948651,8.82
4631903656,4631903657,19.10
4631903657,4631903656,19.10
4631903657,4572948898,16.73
4572948898,4631903657,16.73
4572948898,4631903658,34.40
4631903658,4572948898,34.40
4631903658,4572948893,26.81
4572948893,4631903658,26.81
4572948893,4631903659,33.96
4631903659,4572948893,33.96
4631903659,4572948898,27.18
4572948898,4631903659,27.18
4631903656,4631903660,17.36
4631903660,4631903656,17.36
4631903660,4631903658,16.57
4631903658,4631903660,16.57
4572948893,4631903661,2.89
4631903661,4572948893,2.89
4631903661,4631903662,4.26
4631903662,4631903661,4.26
4631903662,4631903663,16.96
4631903663,4631903662,16.96
4631903663,4631903664,48.55
4631903664,4631903663,48.55
4631903664,4631903665,4.49
4631903665,4631903664,4.49
6886283139,4631865434,33.32
4631865434,6886283139,33.32
4631865434,4655551412,26.25
4655551412,4631865434,26.25
4655551412,5528647640,3.13
5528647640,4655551412,3.13
4631865433,4655551415,6.11
4655551415,4631865433,6.11
4655551415,4655551411,23.69
4655551411,4655551415,23.69
4655551411,4631865434,12.29
4631865434,4655551411,12.29
4631865434,4655551425,28.12
4655551425,4631865434,28.12
4655551425,1847297881,5.66
1847297881,4655551425,5.66
4633692798,4633692794,22.03
4633692794,4633692798,22.03
2941477782,6946165096,2.12
6946165096,2941477782,2.12
6946165096,4633692804,32.13
4633692804,6946165096,32.13
4633692804,4633692798,34.95
4633692798,4633692804,34.95
4633692798,4633692805,49.88
4633692805,4633692798,49.88
4633692805,4633692797,19.32
4633692797,4633692805,19.32
4633692797,4633692796,33.89
4633692796,4633692797,33.89
4633692796,4633692802,54.01
4633692802,4633692796,54.01
4633692802,4633692795,33.02
4633692795,4633692802,33.02
4633692801,4633692803,33.57
4633692803,4633692801,33.57
4633692804,4633692803,40.94
4633692803,4633692804,40.94
4633692803,4633692806,8.24
4633692806,4633692803,8.24
4633692806,4633692802,33.89
4633692802,4633692806,33.89
4633692806,4633692805,34.69
4633692805,4633692806,34.69
4655549054,4655549052,21.03
4655549052,4655549054,21.03
4655549052,4655549051,16.50
4655549051,4655549052,16.50
4655549051,4655759597,6.69
4655759597,4655549051,6.69
4655549070,4655549073,9.48
4655549073,4655549070,9.48
4655549073,4655549072,29.50
4655549072,4655549073,29.50
4655549072,11341875868,4.17
11341875868,4655549072,4.17
11341875868,11341875866,3.96
11341875866,11341875868,3.96
11341875866,4655549071,27.38
4655549071,11341875866,27.38
4655547938,4655547937,17.70
4655547937,4655547938,17.70
4655547937,11384609728,17.32
11384609728,4655547937,17.32
11384609728,11384609726,8.47
11384609726,11384609728,8.47
11384609725,4655547942,10.12
4655547942,11384609725,10.12
4655547942,9970863700,12.77
9970863700,4655547942,12.77
9970863700,4655547939,39.70
4655547939,9970863700,39.70
4655547951,4655547950,21.51
4655547950,4655547951,21.51
4655547950,4655547949,9.23
4655547949,4655547950,9.23
4655547949,11384609719,6.07
11384609719,4655547949,6.07
11384609719,4655547948,4.59
4655547948,11384609719,4.59
4655547948,4655547947,8.31
4655547947,4655547948,8.31
4655547947,4655547946,16.86
4655547946,4655547947,16.86
4655547946,4655547945,25.10
4655547945,4655547946,25.10
1847297720,6959218911,7.35
6959218911,1847297720,7.35
6959218911,4655550184,22.45
4655550184,6959218911,22.45
4655550186,6946165118,7.18
6946165118,7185443015,5.38
7185443015,12084095324,2.18
12084095324,7185443019,3.78
7185443019,7185443018,7.25
7185443018,4655547953,7.75
4655547953,4655547952,32.77
4655547955,4655547954,36.51
4655547954,1847297824,18.20
4655550710,4655550719,12.69
4655550719,4655550710,12.69
4655547984,11341136704,12.94
11341136704,4655547984,12.94
11341136704,4655547983,25.94
4655547983,11341136704,25.94
4655549084,4655549698,41.99
4655549698,4655549084,41.99
4655549689,4655549085,10.79
4655549085,4655549689,10.79
6946165110,4655549720,3.30
4655549720,6946165110,3.30
4655549720,5920586129,17.39
5920586129,4655549720,17.39
5920586129,6959218903,1.78
6959218903,5920586129,1.78
6959218903,4655549719,1.95
4655549719,6959218903,1.95
4655549719,6959218904,2.18
6959218904,4655549719,2.18
6959218904,5920586130,1.99
5920586130,6959218904,1.99
5920586130,4655549718,13.26
4655549718,5920586130,13.26
4655549718,6959218905,1.78
6959218905,4655549718,1.78
6959218905,4655549717,1.42
4655549717,6959218905,1.42
4655549717,6959218906,1.91
6959218906,4655549717,1.91
6959218906,5920586126,1.78
5920586126,6959218906,1.78
5920586126,4655549715,24.72
4655549715,5920586126,24.72
4655549705,4655549704,48.87
4655549704,4655549705,48.87
6946165111,4655549706,3.26
4655549706,6946165111,3.26
4655549706,4655547988,3.41
4655547988,4655549706,3.41
4655549711,6946165109,10.75
6946165109,4655549711,10.75
6946165109,4655549708,13.20
4655549708,6946165109,13.20
4655549710,6946165112,2.78
6946165112,4655549710,2.78
6946165112,4655549714,4.03
4655549714,6946165112,4.03
4655549896,4655549895,13.84
4655549895,4655549896,13.84
4655549895,5920554347,3.53
5920554347,4655549895,3.53
5920554347,5920554348,2.75
5920554348,5920554347,2.75
5920554348,5920554349,3.37
5920554349,5920554348,3.37
5920554349,5920554350,3.72
5920554350,5920554349,3.72
5920554350,5920554346,4.88
5920554346,5920554350,4.88
5920554346,6959218910,6.76
6959218910,5920554346,6.76
6959218910,5920554345,8.61
5920554345,6959218910,8.61
5920554345,11341089061,9.84
11341089061,5920554345,9.84
11341089061,11341089063,9.65
11341089063,11341089061,9.65
11341089063,4655549894,52.63
4655549894,11341089063,52.63
4655550185,4655550184,23.15
4655550184,4655550185,23.15
4655550187,4655550186,23.78
4655550493,11265540044,44.02
11265540044,11265540041,5.98
11265540041,1847297548,21.07
4655550689,4655547954,23.87
4655547954,4655550689,23.87
4655550690,1847297668,21.46
1847297668,4655550690,21.46
4655550692,4655550691,21.13
4655550691,4655550692,21.13
4655550902,4655550701,4.39
4655550701,4655550898,17.85
4655550898,4551484139,3.32
4551484139,6886283139,4.79
6886283139,4655550900,28.80
4655550900,1847297881,3.12
1847297622,1847297584,44.39
1847297584,1847297622,44.39
4655550721,11341089067,30.27
11341089067,4655550721,30.27
4655547985,4655547979,28.53
4655547979,4655547985,28.53
4655547979,4655547986,10.69
4655547986,4655547979,10.69
4655547986,4655549080,8.73
4655549080,4655547986,8.73
4655549080,4655549081,10.36
4655549081,4655549080,10.36
4655549081,4655549083,7.20
4655549083,4655549081,7.20
4655549083,4663212957,10.92
4663212957,4655549083,10.92
4663212957,11341136719,9.42
11341136719,4663212957,9.42
11341136719,1847297855,5.83
1847297855,11341136719,5.83
1847297855,4663240121,3.04
4663240121,1847297855,3.04
4663240121,1847297720,20.06
1847297720,4663240121,20.06
4655550726,4655550694,4.78
4655550694,4655550725,67.78
4655550702,10991121585,4.55
10991121585,1847297653,67.73
1847297746,4655550734,6.21
4655550734,1847297746,6.21
4655550734,4655550733,3.92
4655550733,4655550734,3.92
4655550733,4655550732,3.88
4655550732,4655550733,3.88
4655550732,4655550731,4.17
4655550731,4655550732,4.17
4655550731,4655550730,3.68
4655550730,4655550731,3.68
4655550730,4655550729,4.42
4655550729,4655550730,4.42
4655550729,4655550728,6.06
4655550728,4655550729,6.06
4655550728,11265540033,9.58
11265540033,4655550728,9.58
11265540033,4655550727,5.70
4655550727,11265540033,5.70
4655551411,4655551413,24.56
4655551413,4655551411,24.56
4655551413,5528647641,3.36
5528647641,4655551413,3.36
4551484139,4655550899,3.21
4655550899,4631865433,62.29
4631865433,5528647641,27.80
5528647641,4655550901,3.38
4655550901,1847297797,5.18
4655758421,4655758420,15.46
4655758420,4655758419,54.26
4655758419,6946165142,6.51
6946165142,4655758418,14.09
4551141107,4655758423,10.06
4655758423,4551141107,10.06
4655758423,5915881547,12.92
5915881547,4655758423,12.92
5915881547,4655758424,13.67
4655758424,5915881547,13.67
4655758424,4655758425,25.28
4655758425,4655758424,25.28
4655759589,6959218908,48.70
6959218908,4655759589,48.70
6959218908,4655758788,7.30
4655758788,6959218908,7.30
4655758788,4655758787,27.58
4655758787,4655758788,27.58
4655758787,4655758786,45.95
4655758786,4655758787,45.95
4655759594,4655759593,10.68
4655759593,4655759594,10.68
4655759593,4655759592,7.18
4655759592,4655759593,7.18
4655759592,11341846515,8.65
11341846515,4655759592,8.65
11341846515,4655759590,5.36
4655759590,11341846515,5.36
4655759590,4655759591,4.79
4655759591,4655759590,4.79
4655759596,4655759595,41.92
4655759595,4655759596,41.92
4655759602,11382509225,15.27
11382509225,4655759602,15.27
11382509225,4655759598,11.03
4655759598,11382509225,11.03
4655759598,11382509226,3.20
11382509226,4655759598,3.20
11382509226,4655759597,9.24
4655759597,11382509226,9.24
11330020502,11330020506,23.87
11330020506,11330020502,23.87
11330020506,4655759623,62.64
4655759623,11330020506,62.64
1843574911,11115235807,9.64
11115235807,1843574911,9.64
11115235807,4658919291,9.54
4658919291,11115235807,9.54
4663281819,11429603775,41.80
11429603775,4663281819,41.80
11429603775,6179169928,104.08
6179169928,11429603775,104.08
6179169928,1843955627,13.36
1843955627,6179169928,13.36
4664984484,6236347545,42.56
6236347545,4664984484,42.56
6236347545,1843955464,5.06
1843955464,6236347545,5.06
4664984486,4664984487,7.15
4664984487,4664984486,7.15
4664984487,4664984488,8.61
4664984488,4664984487,8.61
4664984488,4664984989,7.72
4664984989,4664984488,7.72
4664984989,4664984990,6.34
4664984990,4664984989,6.34
4664984990,4664984991,5.48
4664984991,4664984990,5.48
4664984991,4664984992,3.48
4664984992,4664984991,3.48
1843955627,6946535640,4.71
6946535640,1843955627,4.71
6946535640,11216378990,5.34
11216378990,6946535640,5.34
11216378990,11216378988,5.55
11216378988,11216378990,5.55
11216378988,11216378989,5.59
11216378989,11216378988,5.59
10916991941,10916921176,5.92
10916921176,12476200012,21.81
12476200012,12476200011,13.04
12476200011,10916921177,18.52
10916921177,4664984997,7.61
4664984997,6887369405,31.34
6887369405,6179169924,3.38
6179169924,6179169918,18.10
6179169918,6179169917,26.43
6179169917,6179169916,4.01
6179169916,6179169915,4.30
6179169915,6179169914,6.69
6179169914,6179169913,8.09
6179169913,6179169912,6.19
6179169912,6179169911,8.22
6179169911,6179169910,9.94
6179169910,11429512569,12.37
11429512569,6236336749,26.75
6236336749,6236336751,2.27
6236336751,6179169908,1.87
4664985001,6236347539,31.37
6236347539,4664985001,31.37
6236347539,4664985002,5.23
4664985002,6236347539,5.23
4664985003,4664985004,36.91
4664985004,4664985003,36.91
4664985005,6236347544,15.08
6236347544,4664985005,15.08
6236347544,4664985006,27.69
4664985006,6236347544,27.69
4664985006,6179169927,43.57
6179169927,4664985006,43.57
6179169927,4664985007,12.39
4664985007,6179169927,12.39
1843954979,6918291452,5.25
6918291452,6236347552,34.52
6236347552,6236347551,15.49
6236347551,6236347549,29.47
6236347549,1843955838,16.02
1843955838,6179169895,24.96
6179169895,6179169894,11.97
6179169894,6179169893,3.76
6179169893,6179169892,2.54
6179169892,6179169891,3.68
6179169891,6179169890,5.68
6179169890,6179169889,6.92
6179169889,6179169888,9.40
6179169888,6179169887,4.87
6179169887,3386134041,5.26
6887304146,4664985038,6.97
4664985038,6887304146,6.97
4664985038,6236347541,5.12
6236347541,4664985038,5.12
6236347541,4664985037,4.78
4664985037,6236347541,4.78
4664985037,4664985036,7.86
4664985036,4664985037,7.86
4664985036,4664985035,17.82
4664985035,4664985036,17.82
4664985035,4664985034,5.25
4664985034,4664985035,5.25
4664985034,4664985033,4.73
4664985033,4664985034,4.73
4664985033,4664985032,4.07
4664985032,4664985033,4.07
4664985032,4664985031,52.00
4664985031,4664985032,52.00
4667780669,4667780668,39.46
4667780668,4667780669,39.46
4667780668,4667780667,7.01
4667780667,4667780668,7.01
4667780667,4667780666,5.81
4667780666,4667780667,5.81
4667780666,4667780665,5.92
4667780665,4667780666,5.92
4667780665,6179169383,12.63
6179169383,4667780665,12.63
6179169383,4667780664,6.64
4667780664,6179169383,6.64
11006666503,12985459157,43.39
12985459157,11006666503,43.39
12985459157,6317624539,1.63
6317624539,12985459157,1.63
6317624539,4535748139,5.40
4535748139,6317624539,5.40
4535748139,6879759314,8.17
6879759314,4535748139,8.17
4668094232,5876964744,56.28
5876964744,4668094232,56.28
5876964744,4668094231,55.79
4668094231,5876964744,55.79
4668094235,4668094700,72.37
4668094700,4668094235,72.37
4668094701,4668094700,39.96
4668094700,4668094701,39.96
4668094701,4668094699,27.45
4668094699,4668094701,27.45
4668094702,4668094701,25.64
4668094701,4668094702,25.64
4668094237,4668092964,5.38
4668092964,4668094237,5.38
4668092964,4668092965,3.12
4668092965,4668092964,3.12
4668092965,4668092967,58.59
4668092967,4668092965,58.59
4668092967,6959195361,10.02
6959195361,4668092967,10.02
4668094705,11201005888,7.17
11201005888,4668094705,7.17
11201005888,4668094704,5.77
4668094704,11201005888,5.77
4668094718,4668094717,42.77
4668094717,4668094718,42.77
4668094717,5876964262,1.42
5876964262,4668094717,1.42
5876964262,5876964264,1.50
5876964264,5876964262,1.50
5876964264,5876964263,1.16
5876964263,5876964264,1.16
5876964263,4668094716,1.42
4668094716,5876964263,1.42
4668094716,5876964265,1.15
5876964265,4668094716,1.15
5876964265,5876964267,1.53
5876964267,5876964265,1.53
5876964267,5876964266,0.91
5876964266,5876964267,0.91
5876964266,4668094715,1.17
4668094715,5876964266,1.17
4668094715,4668094714,3.32
4668094714,4668094715,3.32
4668094714,4668094713,58.79
4668094713,4668094714,58.79
4668094713,5876964275,1.73
5876964275,4668094713,1.73
5876964275,5876964276,1.93
5876964276,5876964275,1.93
5876964276,4668094712,1.69
4668094712,5876964276,1.69
4668094712,5876964277,1.36
5876964277,4668094712,1.36
5876964277,4668094711,1.45
4668094711,5876964277,1.45
4668094711,5876964278,1.69
5876964278,4668094711,1.69
5876964278,4668094710,1.63
4668094710,5876964278,1.63
4668094710,5876964280,2.42
5876964280,4668094710,2.42
5876964280,5876964279,1.39
5876964279,5876964280,1.39
5876964279,4668094709,1.07
4668094709,5876964279,1.07
4668094709,5876964281,2.25
5876964281,4668094709,2.25
5876964281,5876964282,2.40
5876964282,5876964281,2.40
5876964282,5876964283,5.10
5876964283,5876964282,5.10
5876964283,5876964284,10.16
5876964284,5876964283,10.16
5876964284,5876964687,113.95
5876964687,5876964284,113.95
5876964687,4668094708,7.52
4668094708,5876964687,7.52
4668094708,4668094232,8.97
4668094232,4668094708,8.97
4668094232,4668094237,16.21
4668094237,4668094232,16.21
4668094237,6959195361,65.77
6959195361,4668094237,65.77
6959195361,4668094706,6.79
4668094706,6959195361,6.79
6179169338,6179169339,11.18
6179169339,6179169340,19.74
6179169340,6179169341,5.86
6179169341,6179169342,3.03
6179169342,10937754621,1.96
10937754621,6179169343,1.51
6179169343,1843869540,4.39
1843869540,4670756945,4.92
4670756945,1843869879,3.32
1843869879,4670756946,3.20
4670756946,1843869835,3.50
1843869835,1843869914,44.05
1843869914,4671260315,4.48
4671260315,6179169337,4.62
6179169337,6179169336,43.79
6179169336,6179169348,51.96
6179169348,10949906094,2.99
10949906094,6179169346,5.53
4671252670,4671252668,30.78
4671252668,4671252670,30.78
4671252672,4671252671,32.16
4671252671,4671252672,32.16
4671252682,4671252673,32.71
4671252673,4671252682,32.71
4671252683,4671252674,37.93
4671252674,4671252683,37.93
10922665728,4671252683,62.78
4671252683,10922665728,62.78
4671252683,4671252682,43.17
4671252682,4671252683,43.17
4671252682,4671252672,15.44
4671252672,4671252682,15.44
4671252672,4671252667,14.44
4671252667,4671252672,14.44
4671252667,4671252668,31.19
4671252668,4671252667,31.19
4671259792,4671259791,19.35
4671259791,4671259792,19.35
4671259791,4671259790,8.13
4671259790,4671259791,8.13
4671259790,4671259789,10.31
4671259789,4671259790,10.31
4671259789,4671258988,10.77
4671258988,4671259789,10.77
4671258988,4671258987,11.51
4671258987,4671258988,11.51
4671258987,4671258986,79.94
4671258986,4671258987,79.94
4671259800,4671252674,150.53
4671252674,4671259800,150.53
4671259747,4671259746,32.05
4671259746,4671259747,32.05
4671259767,4671259766,4.85
4671259766,4671259767,4.85
4671259766,4671259765,4.31
4671259765,4671259766,4.31
4671259765,4671259764,3.31
4671259764,4671259765,3.31
4671259764,4671259763,6.41
4671259763,4671259764,6.41
4671259763,4671259762,3.41
4671259762,4671259763,3.41
4671259762,4671259761,4.06
4671259761,4671259762,4.06
4671259761,4671259752,5.68
4671259752,4671259761,5.68
4671259752,4671259760,27.38
4671259760,4671259752,27.38
4671256584,1843955054,33.48
1843955054,4671256584,33.48
1843955054,10922495967,10.26
10922495967,1843955054,10.26
10922495967,4593444940,20.00
4593444940,10922495967,20.00
4593470321,1843955845,5.03
1843955845,4593470321,5.03
1843955845,4671224267,5.35
4671224267,1843955845,5.35
4671224267,4671259641,16.58
4671259641,4671224267,16.58
4671259641,1843955623,12.62
1843955623,4671259641,12.62
1843955886,4593457499,11.94
4593457499,1843955886,11.94
4593457499,4593470321,3.61
4593470321,4593457499,3.61
4671260295,4671260294,11.93
4671260294,4671260295,11.93
4671260294,4671260293,3.33
4671260293,4671260294,3.33
1843955888,12077071281,17.86
12077071281,1843955888,17.86
12077071281,1843955085,7.73
1843955085,12077071281,7.73
1843955085,1843955849,43.72
1843955849,1843955085,43.72
1843955849,12077063655,5.25
12077063655,1843955849,5.25
12077063655,12077063654,49.59
12077063654,12077063655,49.59
12077063654,4671224278,16.08
4671224278,12077063654,16.08
4671259641,4671259640,34.16
4671259640,4671259641,34.16
4671259640,4671259639,65.60
4671259639,4671259640,65.60
4671224267,4671224266,34.16
4671224266,4671224267,34.16
4671224266,4671259642,65.60
4671259642,4671224266,65.60
1843954994,10998429435,7.15
10998429435,1843954994,7.15
10998429435,4671224287,3.63
4671224287,10998429435,3.63
4671260293,4671224266,10.66
4671224266,4671260293,10.66
4671224266,4671259640,16.58
4671259640,4671224266,16.58
1843884453,1843884264,8.30
1843884264,1843884453,8.30
1843884264,4671260301,5.83
4671260301,1843884264,5.83
4671260301,1843884321,48.06
1843884321,4671260301,48.06
11265585661,4681968812,10.52
4681968812,11265585661,10.52
4681968812,11186835757,16.02
11186835757,4681968812,16.02
11186835757,11186835758,4.58
11186835758,11186835757,4.58
11186835758,4584301792,8.59
4584301792,11186835758,8.59
5533548604,6946535751,13.23
6946535751,5533548604,13.23
6946535751,6946535750,37.30
6946535750,6946535751,37.30
6946535750,4681968813,12.67
4681968813,6946535750,12.67
4681968813,4681968814,24.92
4681968814,4681968813,24.92
4681968814,4681968815,13.11
4681968815,4681968814,13.11
4681968815,6946535749,1.72
6946535749,4681968815,1.72
6946535749,1847297820,2.08
1847297820,6946535749,2.08
4681968818,10932428025,24.10
10932428025,4681968818,24.10
10932428025,5531790462,13.13
5531790462,10932428025,13.13
5531790462,4681968817,2.43
4681968817,5531790462,2.43
4681968820,10983313230,4.06
10983313230,4681968820,4.06
10983313230,4681968819,20.99
4681968819,10983313230,20.99
10904937989,5533548604,4.07
5533548604,10904937989,4.07
5533548604,5533548603,47.38
5533548603,5533548604,47.38
5533548603,6892805406,14.28
6892805406,5533548603,14.28
6892805406,5533548602,11.64
5533548602,6892805406,11.64
5533548602,5533548601,7.16
5533548601,5533548602,7.16
5533548601,5533548600,16.03
5533548600,5533548601,16.03
6241445171,10904937991,4.58
10904937991,6241445171,4.58
10904937991,11948655760,29.32
11948655760,10904937991,29.32
11948655760,10904937992,22.00
10904937992,11948655760,22.00
10904937992,4681968823,1.72
4681968823,10904937992,1.72
4681968829,4681968828,4.77
4681968828,4681968829,4.77
4681968828,4681968827,9.03
4681968827,4681968828,9.03
4681968827,4681968823,8.63
4681968823,4681968827,8.63
4681968823,5021787574,49.04
5021787574,4681968823,49.04
4681968841,4681968840,34.49
4681968840,4681968841,34.49
4681968854,4681968853,45.86
4681968853,4681968854,45.86
4681968853,4681968852,13.32
4681968852,4681968853,13.32
4681968852,4681968851,18.39
4681968851,4681968852,18.39
4681968851,4681968850,6.80
4681968850,4681968851,6.80
4681968850,4681968849,2.80
4681968849,4681968850,2.80
4681968849,4681968848,4.69
4681968848,4681968849,4.69
4681968848,4681968847,25.37
4681968847,4681968848,25.37
4681968847,4681968846,5.42
4681968846,4681968847,5.42
4681968846,4681968845,10.72
4681968845,4681968846,10.72
4681968845,4681968844,5.53
4681968844,4681968845,5.53
4681968865,4681968856,24.63
4681968856,4681968865,24.63
4681968857,4681968859,25.40
4681968859,4681968857,25.40
4681968859,4681968860,13.81
4681968860,4681968859,13.81
4681968860,4681968862,14.83
4681968862,4681968860,14.83
4681968862,4681968863,9.80
4681968863,4681968862,9.80
4681968863,4681968864,9.45
4681968864,4681968863,9.45
4681968864,4681968865,14.68
4681968865,4681968864,14.68
4681968865,4681968866,10.61
4681968866,4681968865,10.61
4681968866,6310290601,13.13
6310290601,4681968866,13.13
6310290601,4681968867,5.39
4681968867,6310290601,5.39
4681968878,6301368576,14.22
6301368576,4681968878,14.22
6301368576,4681968877,21.46
4681968877,6301368576,21.46
1848746210,4681968911,8.07
4681968911,1848746210,8.07
4681968911,5346936327,2.31
5346936327,4681968911,2.31
5346936327,4681968910,7.42
4681968910,5346936327,7.42
4681968910,4681968909,32.14
4681968909,4681968910,32.14
4681968733,10790019796,9.31
10790019796,4681968733,9.31
10790019796,12586300407,14.13
12586300407,10790019796,14.13
12586300407,12586300411,3.74
12586300411,12586300407,3.74
12586300411,6883829415,1.99
6883829415,12586300411,1.99
4681969035,4681969034,19.82
4681969034,4681969035,19.82
4681969034,4681969032,11.89
4681969032,4681969034,11.89
4681969032,4681969031,19.24
4681969031,4681969032,19.24
4681969031,4681969030,28.35
4681969030,4681969031,28.35
4681969030,6879837414,7.68
6879837414,4681969030,7.68
6879837414,6879837421,12.93
6879837421,6879837414,12.93
6879837421,6879837423,7.90
6879837423,6879837421,7.90
6879837423,6879837422,84.85
6879837422,6879837423,84.85
4681969039,4681969038,10.48
4681969038,4681969039,10.48
4681969038,6988555356,24.14
6988555356,4681969038,24.14
6988555356,4681969041,7.93
4681969041,6988555356,7.93
4681969041,6988555358,10.81
6988555358,4681969041,10.81
6988555358,4681969037,13.39
4681969037,6988555358,13.39
4681969037,6988555357,6.85
6988555357,4681969037,6.85
6988555357,4681969036,16.74
4681969036,6988555357,16.74
4681969046,4681969045,16.48
4681969045,4681969046,16.48
4681969045,4681969044,13.01
4681969044,4681969045,13.01
4681969044,4681969043,12.47
4681969043,4681969044,12.47
4681969043,4681969042,10.10
4681969042,4681969043,10.10
4681969042,4681969041,9.32
4681969041,4681969042,9.32
4681969068,4681969067,31.58
4681969067,4681969068,31.58
4681969142,4681969141,30.10
4681969141,4681969142,30.10
4583911380,4681969146,23.50
4681969146,12358525377,14.66
4681969152,4681969151,7.20
4681969151,4681969152,7.20
4681969151,4681969150,4.06
4681969150,4681969151,4.06
4681969150,4681969149,3.63
4681969149,4681969150,3.63
4681969090,6988555382,51.26
6988555382,4681969163,7.84
4681969163,4681969152,10.85
4681969152,6988555383,15.62
6988555383,4681969165,16.73
4681969165,4681969166,24.86
4681969171,4681969170,9.39
4681969170,4681969171,9.39
4681969170,4681969169,12.20
4681969169,4681969170,12.20
4681969169,4681969168,8.62
4681969168,4681969169,8.62
4681969168,4681969167,11.71
4681969167,4681969168,11.71
4681969173,11688433311,4.04
11688433311,11688433314,24.43
11688433314,11952493018,5.36
11952493018,11688433310,30.79
11688433310,11688433330,49.32
11688433330,11688433317,1.41
11688433317,4681969172,21.06
4681969172,6301370157,22.14
6301370157,11110820419,19.93
11110820419,11110820420,39.14
11110820420,11688433337,28.42
11688433337,11110820421,8.38
11110820421,11110820422,19.95
11110820422,11110820423,24.61
11110820423,4681969090,16.13
4681969175,4681969174,48.51
4681969174,4681969175,48.51
12358503418,4681969305,35.44
4681969305,12358503418,35.44
4681969305,11110810202,13.34
11110810202,4681969305,13.34
11110810202,11110810203,17.94
11110810203,11110810202,17.94
11110810203,11110810204,17.63
11110810204,11110810203,17.63
11110810204,11110820405,12.31
11110820405,11110810204,12.31
11110820405,11952492982,8.38
11952492982,11110820405,8.38
11952492982,11110820406,8.73
11110820406,11952492982,8.73
11110820406,11110820407,27.87
11110820407,11110820406,27.87
11110820407,12358503417,7.96
12358503417,11110820407,7.96
12358503417,12358503416,17.78
12358503416,12358503417,17.78
12358503416,12358503415,62.09
12358503415,12358503416,62.09
12358503415,4681969179,19.61
4681969179,12358503415,19.61
4681969179,4681969180,24.46
4681969180,4681969179,24.46
4681969180,4681969181,56.54
4681969181,4681969180,56.54
4681969181,4681969182,28.30
4681969182,4681969181,28.30
4681969182,4681969183,16.64
4681969183,4681969182,16.64
4681969183,4681969184,11.38
4681969184,4681969183,11.38
4681969184,4681969185,26.23
4681969185,4681969184,26.23
4681969185,4681969186,54.20
4681969186,4681969185,54.20
4681969299,4681969298,14.64
4681969298,4681969299,14.64
4681969298,4681969297,34.03
4681969297,4681969298,34.03
4681969297,4681969296,31.30
4681969296,4681969297,31.30
4681969296,4681969295,28.19
4681969295,4681969296,28.19
4681969295,4681969294,16.48
4681969294,4681969295,16.48
4681969294,4681969293,7.75
4681969293,4681969294,7.75
4681969293,4681969292,5.26
4681969292,4681969293,5.26
4681969292,4681969291,7.63
4681969291,4681969292,7.63
4681969291,4681969289,75.70
4681969289,4681969291,75.70
4681969289,4681967485,15.58
4681967485,4681969289,15.58
4681967485,4681967484,10.90
4681967484,4681967485,10.90
4681967484,4681967483,13.55
4681967483,4681967484,13.55
4681967483,4681967482,8.95
4681967482,4681967483,8.95
4681967482,4681967481,12.39
4681967481,4681967482,12.39
4681967481,4681967480,7.98
4681967480,4681967481,7.98
4681967480,4681967479,5.61
4681967479,4681967480,5.61
4681967479,4681967478,14.15
4681967478,4681967479,14.15
4681969304,11103154373,6.67
11103154373,4681969304,6.67
11103154373,4681969303,15.34
4681969303,11103154373,15.34
4681969303,4681969302,5.17
4681969302,4681969303,5.17
4681969302,4681969301,5.61
4681969301,4681969302,5.61
4681969301,4681969300,35.39
4681969300,4681969301,35.39
4681969308,4681969307,47.16
4681969307,4681969308,47.16
4681969311,11952492993,29.76
11952492993,4681969311,29.76
11952492993,11952492994,56.09
11952492994,11952492993,56.09
4681969313,4681969312,39.42
4681969312,4681969313,39.42
4681969315,4681969314,40.52
4681969314,4681969315,40.52
4681969320,4681969319,24.85
4681969319,4681969320,24.85
4681969319,4681969316,59.56
4681969316,4681969319,59.56
4681969326,4681969325,16.49
4681969325,4681969326,16.49
4681969325,4681969324,25.81
4681969324,4681969325,25.81
4681969324,4681969323,81.21
4681969323,4681969324,81.21
4681969402,4681968287,55.87
4681968287,4681969402,55.87
4681969401,4681969393,37.54
4681969393,4681969401,37.54
4681969393,4681969392,6.19
4681969392,4681969393,6.19
4681969392,4681969391,6.21
4681969391,4681969392,6.21
4681969391,11952492989,13.18
11952492989,4681969391,13.18
11952492989,11952492990,5.85
11952492990,11952492989,5.85
11952492990,11952492991,7.22
11952492991,11952492990,7.22
11952492991,11952492992,9.26
11952492992,11952492991,9.26
4685143086,4685143085,51.54
4685143085,4685143086,51.54
4685143200,4685143198,12.45
4685143198,4685143200,12.45
4685143198,4685143196,5.72
4685143196,4685143198,5.72
4685143196,4587669922,7.09
4587669922,4685143196,7.09
6301370651,6301370650,15.03
6301370650,6301370651,15.03
6301370650,6301370649,14.33
6301370649,6301370650,14.33
6301370649,6301370648,15.23
6301370648,6301370649,15.23
6301370648,6301370647,12.58
6301370647,6301370648,12.58
6301370647,6301370646,6.22
6301370646,6301370647,6.22
6301370646,6301370645,34.60
6301370645,6301370646,34.60
6301370645,6301370644,19.34
6301370644,6301370645,19.34
6301370644,6301370643,10.07
6301370643,6301370644,10.07
6301370643,6301370642,10.98
6301370642,6301370643,10.98
6301370642,6301370641,11.81
6301370641,6301370642,11.81
6301370641,6301370640,16.15
6301370640,6301370641,16.15
6301370640,6301370639,18.22
6301370639,6301370640,18.22
6301370639,6301370638,7.61
6301370638,6301370639,7.61
6301370638,6301370637,15.05
6301370637,6301370638,15.05
6301370637,6301370636,13.52
6301370636,6301370637,13.52
6301370636,6301370635,10.81
6301370635,6301370636,10.81
6301370635,6301370634,15.84
6301370634,6301370635,15.84
6301370634,6301370633,12.13
6301370633,6301370634,12.13
6301370633,6301370657,18.55
6301370657,6301370633,18.55
6301370657,6301370632,8.76
6301370632,6301370657,8.76
6301370632,6301370631,11.88
6301370631,6301370632,11.88
6301370631,6301370630,24.28
6301370630,6301370631,24.28
6301370630,6301370629,31.66
6301370629,6301370630,31.66
6301370629,6301370628,24.37
6301370628,6301370629,24.37
6301370628,6301370627,44.05
6301370627,6301370628,44.05
6301370627,6301370626,33.92
6301370626,6301370627,33.92
6301370626,6301370625,30.33
6301370625,6301370626,30.33
6301370625,6301370624,24.08
6301370624,6301370625,24.08
6301370624,6301370623,23.51
6301370623,6301370624,23.51
6301370623,6301370622,31.02
6301370622,6301370623,31.02
6301370622,6301370621,11.87
6301370621,6301370622,11.87
6301370621,6301370620,15.82
6301370620,6301370621,15.82
6301370620,6301370619,17.50
6301370619,6301370620,17.50
6301370619,6301370618,12.87
6301370618,6301370619,12.87
6301370618,6301370617,13.49
6301370617,6301370618,13.49
6301370617,6301370616,12.35
6301370616,6301370617,12.35
6301370616,6301370615,5.57
6301370615,6301370616,5.57
6301370615,6301370911,7.44
6301370911,6301370615,7.44
6301370911,6301370910,8.21
6301370910,6301370911,8.21
6301370910,6301370909,11.62
6301370909,6301370910,11.62
6301370909,6301370908,15.57
6301370908,6301370909,15.57
6301370908,6301370907,13.12
6301370907,6301370908,13.12
6301370907,6301370906,15.87
6301370906,6301370907,15.87
6301370906,6301370905,21.70
6301370905,6301370906,21.70
6301370905,4587670217,20.44
4587670217,6301370905,20.44
4587670217,4587670206,33.42
4587670206,4587670217,33.42
4587670206,4587670210,12.78
4587670210,4587670206,12.78
4587670210,4587670211,21.67
4587670211,4587670210,21.67
4587670211,6301370904,2.02
6301370904,4587670211,2.02
6301370904,6301370903,13.26
6301370903,6301370904,13.26
6301370903,6301370902,12.12
6301370902,6301370903,12.12
6301370902,6301370901,8.54
6301370901,6301370902,8.54
6301370901,6301370900,18.28
6301370900,6301370901,18.28
6301370900,6301370899,11.87
6301370899,6301370900,11.87
6301370899,6301370898,9.21
6301370898,6301370899,9.21
6301370898,6301370897,7.67
6301370897,6301370898,7.67
6301370897,6301370896,6.66
6301370896,6301370897,6.66
6301370896,6301370895,8.69
6301370895,6301370896,8.69
6301370895,6301370894,7.57
6301370894,6301370895,7.57
6301370894,6301370893,6.48
6301370893,6301370894,6.48
6301370893,6301370892,6.97
6301370892,6301370893,6.97
6301370892,6301370891,8.65
6301370891,6301370892,8.65
6301370891,6301370890,5.63
6301370890,6301370891,5.63
6301370890,6301370889,9.88
6301370889,6301370890,9.88
6301370889,6301370888,13.68
6301370888,6301370889,13.68
6301370888,4685366184,8.37
4685366184,6301370888,8.37
4685366184,4685366183,16.04
4685366183,4685366184,16.04
4685366183,4685366182,7.12
4685366182,4685366183,7.12
4685366182,4685366181,8.94
4685366181,4685366182,8.94
4685366181,4685366180,5.62
4685366180,4685366181,5.62
4685366180,4685366179,6.50
4685366179,4685366180,6.50
4685366179,4685366178,9.60
4685366178,4685366179,9.60
4685366178,4685366177,6.96
4685366177,4685366178,6.96
4685366177,4685366176,5.76
4685366176,4685366177,5.76
4685366176,6301370887,10.84
6301370887,4685366176,10.84
6301370887,6301370886,8.78
6301370886,6301370887,8.78
6301370886,6301370885,6.44
6301370885,6301370886,6.44
6301370885,6301370784,8.43
6301370784,6301370885,8.43
6301370784,6301370783,8.47
6301370783,6301370784,8.47
6301370783,6301370782,5.74
6301370782,6301370783,5.74
6301370782,6301370781,5.94
6301370781,6301370782,5.94
6301370781,6301370780,11.58
6301370780,6301370781,11.58
6301370780,6301370779,7.72
6301370779,6301370780,7.72
6301370779,6301370778,4.40
6301370778,6301370779,4.40
6301370778,6301370777,3.75
6301370777,6301370778,3.75
6301370777,6301370776,8.69
6301370776,6301370777,8.69
6301370776,6301370775,10.83
6301370775,6301370776,10.83
6301370775,6301370774,5.49
6301370774,6301370775,5.49
6301370774,2941471723,2.92
2941471723,6301370774,2.92
2941471723,6301370772,4.02
6301370772,2941471723,4.02
6301370772,6301370771,14.05
6301370771,6301370772,14.05
6301370771,6301370770,25.47
6301370770,6301370771,25.47
6301370770,6301370769,5.30
6301370769,6301370770,5.30
6301370769,6301370768,3.12
6301370768,6301370769,3.12
6301370768,6301370767,6.52
6301370767,6301370768,6.52
6301370767,6301370766,5.86
6301370766,6301370767,5.86
6301370766,6301370765,4.47
6301370765,6301370766,4.47
6301370765,6301370764,20.38
6301370764,6301370765,20.38
6301370764,6301370763,21.61
6301370763,6301370764,21.61
6301370763,6301370762,4.97
6301370762,6301370763,4.97
6301370762,2941471930,4.10
2941471930,6301370762,4.10
2941471930,6301370576,3.58
6301370576,2941471930,3.58
6301370576,6301370575,16.85
6301370575,6301370576,16.85
6301370575,6301370574,8.42
6301370574,6301370575,8.42
6301370574,6301370573,8.27
6301370573,6301370574,8.27
6301370573,6301370572,10.08
6301370572,6301370573,10.08
6301370572,6301370571,15.98
6301370571,6301370572,15.98
6301370571,6301370570,24.15
6301370570,6301370571,24.15
6301370570,4594693881,7.24
4594693881,6301370570,7.24
4594693881,6301370569,10.12
6301370569,4594693881,10.12
6301370569,6301370568,13.04
6301370568,6301370569,13.04
6301370568,6301370567,9.58
6301370567,6301370568,9.58
6301370567,6301370566,18.29
6301370566,6301370567,18.29
6301370566,2941471745,21.14
2941471745,6301370566,21.14
2941471745,6301370564,7.08
6301370564,2941471745,7.08
6301370564,6301370563,5.32
6301370563,6301370564,5.32
6301370563,2941471840,4.61
2941471840,6301370563,4.61
2941471840,6301370561,5.05
6301370561,2941471840,5.05
6301370561,6301370560,6.17
6301370560,6301370561,6.17
6301370560,6301370559,17.38
6301370559,6301370560,17.38
6301370559,6301370558,21.62
6301370558,6301370559,21.62
6301370558,6301370557,16.19
6301370557,6301370558,16.19
6301370557,6301370556,6.65
6301370556,6301370557,6.65
6301370556,6301370555,4.64
6301370555,6301370556,4.64
6301370555,6301370554,5.61
6301370554,6301370555,5.61
6301370554,6301370553,6.72
6301370553,6301370554,6.72
6301370553,6301370552,12.34
6301370552,6301370553,12.34
6301370552,6301370551,17.93
6301370551,6301370552,17.93
6301370551,6301370550,21.48
6301370550,6301370551,21.48
6301370550,6301370549,17.63
6301370549,6301370550,17.63
6301370549,6301370548,13.47
6301370548,6301370549,13.47
6301370548,6301370547,17.91
6301370547,6301370548,17.91
6301370547,2941471940,17.05
2941471940,6301370547,17.05
2941471940,6301370545,17.54
6301370545,2941471940,17.54
6301370545,6301370544,19.55
6301370544,6301370545,19.55
6301370544,6301370543,8.85
6301370543,6301370544,8.85
6301370543,6301370542,11.65
6301370542,6301370543,11.65
6301370542,6301370541,14.41
6301370541,6301370542,14.41
4685366592,4685366591,13.98
4685366591,4685366592,13.98
4685366596,4685366594,51.21
4685366594,4685366596,51.21
4685366594,4685366593,39.82
4685366593,4685366594,39.82
4685366600,4685366599,38.35
4685366599,4685366600,38.35
4685366599,4685366598,17.24
4685366598,4685366599,17.24
4685366520,4685366519,23.50
4685366519,4685366520,23.50
4685366519,4685366518,27.06
4685366518,4685366519,27.06
11432825854,4685366537,31.58
4685366537,11432825854,31.58
4685366542,4685366540,39.08
4685366540,4685366542,39.08
4685366540,4685366539,7.03
4685366539,4685366540,7.03
4685366555,6305478374,4.65
6305478374,4685366555,4.65
6305478374,4685366554,21.24
4685366554,6305478374,21.24
4685366554,4685366553,19.25
4685366553,4685366554,19.25
4685366553,4685366552,6.96
4685366552,4685366553,6.96
4685366614,4685366613,30.51
4685366613,4685366614,30.51
4685366613,4685366612,5.31
4685366612,4685366613,5.31
4685366612,4685366611,3.12
4685366611,4685366612,3.12
4685366611,4685366610,2.59
4685366610,4685366611,2.59
4685366610,4685366561,2.76
4685366561,4685366610,2.76
4685366561,4685366560,29.96
4685366560,4685366561,29.96
4685366560,4685366559,10.94
4685366559,4685366560,10.94
4685366559,4685366558,12.25
4685366558,4685366559,12.25
4685366621,6988661357,6.78
6988661357,4685366621,6.78
6988661357,4685366623,3.49
4685366623,6988661357,3.49
4685366623,6997515995,3.28
6997515995,4685366623,3.28
6997515995,4685366624,3.38
4685366624,6997515995,3.38
11639002953,4685366626,27.17
4685366626,11639002953,27.17
4685366633,11639002965,7.13
11639002965,4685366633,7.13
11639002965,4685366624,46.54
4685366624,11639002965,46.54
4685366639,4685366637,24.36
4685366637,4685366639,24.36
4685366637,4685366635,6.01
4685366635,4685366637,6.01
4685366635,6997515992,4.95
6997515992,4685366635,4.95
6997515992,6997515991,4.69
6997515991,6997515992,4.69
6997515991,6997515989,5.99
6997515989,6997515991,5.99
6997515989,6997515990,4.56
6997515990,6997515989,4.56
4584378392,4685366643,10.23
4685366643,4584378392,10.23
4685366643,4685366642,4.22
4685366642,4685366643,4.22
4685366642,4685366641,5.21
4685366641,4685366642,5.21
4685366641,4685366640,5.48
4685366640,4685366641,5.48
4685366330,4685366329,24.13
4685366329,4685366330,24.13
4685366329,4685366328,4.32
4685366328,4685366329,4.32
4685366328,4685366327,3.12
4685366327,4685366328,3.12
4685366327,4685366326,3.82
4685366326,4685366327,3.82
4685366326,4685366325,3.48
4685366325,4685366326,3.48
4685366325,4685366324,3.10
4685366324,4685366325,3.10
4685366324,4685366323,2.24
4685366323,4685366324,2.24
4685366323,11342012195,16.69
11342012195,4685366323,16.69
11342012195,4685366322,4.72
4685366322,11342012195,4.72
4685366333,11927085500,4.78
11927085500,4685366333,4.78
11927085500,4685366332,15.65
4685366332,11927085500,15.65
4685366332,4685366331,7.85
4685366331,4685366332,7.85
1843869551,5021787591,38.32
5021787591,5021787587,15.75
5021787587,6868204011,5.54
6868204011,11006413516,4.33
11006413516,6938555171,1.64
6938555171,5021787588,7.50
5021787588,5021787589,9.08
5021787589,4542131306,46.36
4542131306,4542131305,19.84
4542131305,4542131304,10.45
4542131304,4542131303,8.29
4542131303,11002525916,6.24
11002525916,4542131302,2.33
4542131302,4542131301,7.05
4542131301,4542131300,10.60
4542131300,4542131299,18.28
4542131299,4542131298,13.78
4542131298,4542131297,16.81
4542131297,4542131296,18.83
4542131296,6938555170,15.74
6938555170,6938555169,11.32
6938555169,1842449736,16.37
5257900455,5257900447,9.92
5257900447,5257900455,9.92
5257900448,5257900447,12.33
5257900447,5257900448,12.33
5257900455,5257900449,5.29
5257900449,5257900455,5.29
5257900449,5257900450,4.94
5257900450,5257900449,4.94
5257900450,5257900451,9.11
5257900451,5257900450,9.11
5257900449,5257900452,12.10
5257900452,5257900449,12.10
4839956534,5257900453,13.30
5257900453,4839956534,13.30
5257900453,5257900454,1.28
5257900454,5257900453,1.28
5257900454,5257900452,1.25
5257900452,5257900454,1.25
5257900454,4668094198,13.70
4668094198,5257900454,13.70
5257900455,4839956534,3.34
4839956534,5257900455,3.34
4839956534,5257900456,5.35
5257900456,4839956534,5.35
5257900456,5257900457,4.56
5257900457,5257900456,4.56
5257900457,5257900458,4.14
5257900458,5257900457,4.14
10909673431,5304933857,84.14
5304933857,10909673422,22.59
10909673422,6879759328,59.48
6879759328,2276695579,2.86
1843574934,6988667533,13.02
6988667533,1843574934,13.02
6988667533,4584378394,20.29
4584378394,6988667533,20.29
4584378394,6988667534,21.22
6988667534,4584378394,21.22
6988667534,1843575175,19.52
1843575175,6988667534,19.52
1843575175,4584378395,21.95
4584378395,1843575175,21.95
4584378395,4592869106,20.65
4592869106,4584378395,20.65
4592869106,5306289774,66.90
5306289774,4592869106,66.90
5306289774,507807438,42.41
507807438,5306289774,42.41
4932022921,4932022616,12.28
5297403659,5306537852,57.08
5306537852,1842446710,49.20
1840275660,6879759304,5.29
6879759304,5306289766,39.83
5306289766,11115279307,58.13
11115279307,5297635246,23.39
342237138,6892914595,9.64
6892914595,342237138,9.64
6892914595,4592867832,53.19
4592867832,6892914595,53.19
4592867832,6988667618,43.94
6988667618,4592867832,43.94
6988667618,6988667617,31.80
6988667617,6988667618,31.80
6988667617,11639030702,18.73
11639030702,6988667617,18.73
11639030702,6892861230,12.14
6892861230,11639030702,12.14
6892861230,4597856884,6.89
4597856884,6892861230,6.89
4597856884,6892861231,6.36
6892861231,4597856884,6.36
6892861231,11639030700,38.91
11639030700,6892861231,38.91
11639030700,4597856995,8.86
4597856995,11639030700,8.86
4597856995,11541727696,63.90
11541727696,4597856995,63.90
11541727696,6988667615,22.29
6988667615,11541727696,22.29
6988667615,11384768754,14.16
11384768754,6988667615,14.16
11384768754,6988667594,8.63
6988667594,11384768754,8.63
6988667594,4597857038,60.50
4597857038,6988667594,60.50
4597857038,11009459119,22.86
11009459119,4597857038,22.86
11009459119,4597857035,6.61
4597857035,11009459119,6.61
4597857035,1863544231,24.96
1863544231,4597857035,24.96
576989624,576989623,44.91
576989623,576989624,44.91
576989623,576989622,12.14
576989622,576989623,12.14
576989622,1843869782,7.39
1843869782,576989622,7.39
4655549892,4655549891,16.90
4655549891,4655549892,16.90
4655549891,4655547988,10.65
4655547988,4655549891,10.65
4655547988,4655547987,4.49
4655547987,4655547988,4.49
4655547987,5920586132,6.38
5920586132,4655547987,6.38
5920586132,4655549728,6.12
4655549728,5920586132,6.12
4655549728,4655549727,6.03
4655549727,4655549728,6.03
4655549727,4655549726,3.17
4655549726,4655549727,3.17
4655549726,5920586131,3.38
5920586131,4655549726,3.38
5920586131,6946165110,2.69
6946165110,5920586131,2.69
342234396,6886353695,16.50
6886353695,342234396,16.50
6886353695,4584299364,4.95
4584299364,6886353695,4.95
4584299364,6310290498,55.52
6310290498,4584299364,55.52
6310290498,11709381501,1.57
11709381501,6310290498,1.57
11709381501,4584301843,50.79
4584301843,11709381501,50.79
4584301843,342235014,8.40
342235014,4584301843,8.40
6317624538,1840291161,11.46
1840291161,1843955218,8.66
1843955218,1840291015,8.24
1840291015,12985475606,5.90
12985475606,1840291009,2.24
1843574674,4655549893,8.45
4655549893,1843574674,8.45
4593268898,1843869728,33.12
1843869728,4593268898,33.12
388273897,388274131,20.07
388274131,388273897,20.07
388274131,4583911865,6.45
4583911865,388274131,6.45
4583911865,388273922,5.38
388273922,4583911865,5.38
388273922,6991138306,6.06
6991138306,388273922,6.06
6991138306,6991138307,3.87
6991138307,6991138306,3.87
6991138307,388273923,24.09
388273923,6991138307,24.09
388273923,388273927,32.03
388273927,388273923,32.03
388273927,388273957,50.94
388273957,388273927,50.94
388273957,6991138302,18.05
6991138302,388273957,18.05
6991138302,6991138301,11.37
6991138301,6991138302,11.37
6991138301,1847323494,12.21
1847323494,6991138301,12.21
5519070436,5519070435,45.63
5519070435,5519070436,45.63
5519070435,5519070434,5.55
5519070434,5519070435,5.55
5519070434,5519070433,6.96
5519070433,5519070434,6.96
5519070433,6946535781,5.60
6946535781,5519070433,5.60
6946535781,5519070432,5.00
5519070432,6946535781,5.00
5519070432,5519070431,4.97
5519070431,5519070432,4.97
5519070431,5519070429,22.65
5519070429,5519070431,22.65
5519105134,6946535782,4.60
6946535782,5519105134,4.60
6946535782,5519105133,4.70
5519105133,6946535782,4.70
5519105133,6946535783,4.77
6946535783,5519105133,4.77
6946535783,5519105132,4.86
5519105132,6946535783,4.86
5519105132,5519105131,12.26
5519105131,5519105132,12.26
5519105131,5528562997,4.48
5528562997,5519105131,4.48
5528562997,5519105130,4.66
5519105130,5528562997,4.66
5519181323,5519181322,20.34
5519181322,5519181323,20.34
5519181322,5528647645,2.22
5528647645,5519181322,2.22
5519105130,11156716053,27.38
11156716053,5519105130,27.38
11156716053,5521907746,13.39
5521907746,11156716053,13.39
5521907746,5521907745,32.64
5521907745,5521907746,32.64
5527425281,6990959495,16.83
6990959495,5527425281,16.83
6990959495,6990959493,33.20
6990959493,6990959495,33.20
6990959493,6991098348,13.57
6991098348,6990959493,13.57
6991098348,1859979609,65.19
1859979609,6991098348,65.19
1859979609,4592867992,58.06
4592867992,1859979609,58.06
4592867992,11006456857,30.49
11006456857,4592867992,30.49
11006456857,11006456855,28.07
11006456855,11006456857,28.07
11006456855,4583912003,8.69
4583912003,11006456855,8.69
4583912003,6991138312,3.69
6991138312,4583912003,3.69
6991138312,4592867993,53.05
4592867993,6991138312,53.05
4592867993,4583912110,37.10
4583912110,4592867993,37.10
1859979607,5527425281,46.92
5527425281,1859979607,46.92
5528647644,5519181321,7.24
5519181321,5528647644,7.24
5519181321,10909417803,17.37
10909417803,5519181321,17.37
10909417803,4551484169,8.99
4551484169,10909417803,8.99
5528647645,5528647644,16.42
5528647644,5528647645,16.42
5528647647,5528647646,4.27
5528647646,5528647647,4.27
5528647646,11341732599,11.79
11341732599,5528647646,11.79
11341732599,11341732619,5.92
11341732619,11341732599,5.92
5528647648,5528647647,8.04
5528647647,5528647648,8.04
6886403345,5528647649,20.58
5528647649,6886403345,20.58
5528647649,5528647648,12.62
5528647648,5528647649,12.62
4539989269,5531790461,12.62
5531790461,4539989269,12.62
5531790461,10968483316,8.22
10968483316,5531790461,8.22
10968483316,5528647657,3.22
5528647657,10968483316,3.22
5528647657,5528647656,40.50
5528647656,5528647657,40.50
5528647656,10968483311,3.44
10968483311,5528647656,3.44
10968483311,10968483312,8.94
10968483312,10968483311,8.94
10968483312,10968483313,7.28
10968483313,10968483312,7.28
10968483313,10968483314,6.86
10968483314,10968483313,6.86
10968483314,10968483315,7.50
10968483315,10968483314,7.50
10968483315,10968483317,7.31
10968483317,10968483315,7.31
10968483317,10968483316,6.40
10968483316,10968483317,6.40
5528684062,4542131063,10.32
4542131063,5528684062,10.32
5528684063,5528684062,20.96
5528684062,5528684063,20.96
5528684066,5528684065,10.59
5528684065,5528684066,10.59
5528684067,5528684066,13.15
5528684066,5528684067,13.15
5528684064,5528684061,21.72
5528684061,5528684064,21.72
5528684065,5528684064,15.60
5528684064,5528684065,15.60
5528684064,5528684063,13.12
5528684063,5528684064,13.12
5531790448,4551141135,12.02
4551141135,5531790448,12.02
5531790449,11330020505,2.22
11330020505,5531790449,2.22
11330020505,5531790448,15.20
5531790448,11330020505,15.20
4655759635,5531790451,11.77
5531790451,4655759635,11.77
5531790451,5531790452,10.12
5531790452,5531790451,10.12
5531790452,5531790453,11.61
5531790453,5531790452,11.61
5531790453,4578288276,13.08
4578288276,5531790453,13.08
4578288274,10968483329,18.77
10968483329,4578288274,18.77
10968483329,5531790461,9.77
5531790461,10968483329,9.77
5528684061,5531790462,3.82
5531790462,5528684061,3.82
6892805404,5533548550,4.95
5533548550,6892805404,4.95
5533548550,5533548551,6.59
5533548551,5533548550,6.59
5533548551,6946535793,6.63
6946535793,5533548551,6.63
6946535793,5533548552,23.98
5533548552,6946535793,23.98
1843955841,5533548571,45.11
5533548571,1843955841,45.11
5533548571,11384768725,34.63
11384768725,5533548571,34.63
11384768725,11384768726,27.26
11384768726,11384768725,27.26
5538162793,5538162747,3.12
5538162747,5538162793,3.12
5538162747,5538162792,16.96
5538162792,5538162747,16.96
5538162792,10904937986,21.59
10904937986,5538162792,21.59
5538162796,5538162795,78.70
5538162795,5538162794,8.96
4592868721,1847323216,3.98
1847323216,4592868721,3.98
1847323216,1847323287,33.69
1847323287,1847323216,33.69
1847323287,11316513194,14.82
11316513194,1847323287,14.82
11316513194,1847323444,22.63
1847323444,11316513194,22.63
1847323444,11201093840,71.77
11201093840,1847323444,71.77
1844091144,6988555234,18.83
6988555234,1844091144,18.83
6988555234,1844090988,17.07
1844090988,6988555234,17.07
1844090988,10547781945,10.50
10547781945,1844090988,10.50
10547781945,507893040,3.27
507893040,10547781945,3.27
507893040,6988555233,10.01
6988555233,507893040,10.01
6988555233,507893045,17.12
507893045,6988555233,17.12
507893045,6708399647,32.17
6708399647,507893045,32.17
6708399647,507893051,6.46
507893051,6708399647,6.46
507893051,6988555200,20.71
6988555200,507893051,20.71
6988555200,507893054,19.59
507893054,6988555200,19.59
507893054,6708399643,57.99
6708399643,507893054,57.99
6708399643,12170806981,84.67
12170806981,6708399643,84.67
12170806981,12203449129,9.05
12203449129,12170806981,9.05
4584378214,4584378212,43.41
4584378212,4584378214,43.41
4584378212,6710877042,40.91
6710877042,4584378212,40.91
6710877042,4584378206,7.66
4584378206,6710877042,7.66
1847323457,1847323434,41.61
1847323434,1847323457,41.61
1847323416,1847323181,38.82
1847323181,1847323416,38.82
1845774482,4681968841,68.88
4681968841,1845774482,68.88
4681968841,11120897126,4.16
11120897126,4681968841,4.16
11120897126,1847323275,21.85
1847323275,11120897126,21.85
1847323275,11006733413,14.25
11006733413,1847323275,14.25
11006733413,1847323412,35.82
1847323412,11006733413,35.82
1847323412,1845774474,18.05
1845774474,1847323412,18.05
1847323405,4681968876,16.78
4681968876,1847323405,16.78
4681968876,6991098381,8.82
6991098381,4681968876,8.82
6991098381,1847323211,50.83
1847323211,6991098381,50.83
1847323211,4592867843,32.63
4592867843,1847323211,32.63
4592867843,1847323399,3.24
1847323399,4592867843,3.24
1847323399,6991138289,3.66
6991138289,1847323399,3.66
6991138289,6991138290,5.16
6991138290,6991138289,5.16
6991138290,1847323289,42.97
1847323289,6991138290,42.97
1847323289,1847323173,40.59
1847323173,1847323289,40.59
1848746359,4584377276,7.13
4584377276,1848746359,7.13
4584377276,4597856248,9.60
4597856248,4584377276,9.60
2941477849,1848746369,21.78
1848746369,2941477849,21.78
1848746369,4597855987,18.32
4597855987,1848746369,18.32
4597855987,1848746364,9.14
1848746364,4597855987,9.14
1848746364,4597856215,37.51
4597856215,1848746364,37.51
4597856215,4584377254,27.91
4584377254,4597856215,27.91
4584377254,1848746534,44.92
1848746534,4584377254,44.92
1848746534,11552033848,28.53
11552033848,1848746534,28.53
11552033848,4584377255,50.01
4584377255,11552033848,50.01
4584377255,1848746359,11.36
1848746359,4584377255,11.36
13190454533,4584377236,8.89
4584377236,13190454533,8.89
4584377236,1848746426,26.89
1848746426,4584377236,26.89
1848746426,4597856222,14.62
4597856222,1848746426,14.62
4597856222,344253346,14.24
344253346,4597856222,14.24
344253346,4597856221,19.10
4597856221,344253346,19.10
4597856221,1848746324,9.76
1848746324,4597856221,9.76
1946518492,6867767409,6.06
6867767409,1946518492,6.06
6867767409,1946518627,61.69
1946518627,6867767409,61.69
1946518627,1946518367,7.77
1946518367,1946518627,7.77
1946518367,6988667583,5.22
6988667583,1946518367,5.22
6988667583,6988667582,5.06
6988667582,6988667583,5.06
6988667582,6988667584,6.05
6988667584,6988667582,6.05
6988667584,6988667585,11.75
6988667585,6988667584,11.75
6988667585,1946518292,14.89
1946518292,6988667585,14.89
1847297652,1847297786,29.29
1847297786,1847297914,48.75
4584301487,4584301486,46.51
4584301486,4584301487,46.51
507887030,507887034,26.95
507887034,507887030,26.95
507887034,507887056,30.15
507887056,507887034,30.15
507887056,507887060,30.86
507887060,507887056,30.86
507887060,507887064,42.30
507887064,507887060,42.30
507887064,6988555366,3.79
6988555366,507887064,3.79
6988555366,6988555367,2.96
6988555367,6988555366,2.96
6988555367,6988555368,3.07
6988555368,6988555367,3.07
6988555368,507887069,40.44
507887069,6988555368,40.44
6919732891,6919732890,20.36
6919732890,6919732891,20.36
6919732890,7027438495,11.71
7027438495,6919732890,11.71
7027438495,6919732892,12.18
6919732892,7027438495,12.18
6919732892,7027438496,17.29
7027438496,6919732892,17.29
7027438496,6919732893,21.94
6919732893,7027438496,21.94
6919732893,7027438499,24.95
7027438499,6919732893,24.95
7027438499,7027438497,33.36
7027438497,7027438499,33.36
7027438497,7027438498,32.44
7027438498,7027438497,32.44
7027438498,7027431382,54.77
7027431382,7027438498,54.77
7027431382,7027438513,11.83
7027438513,7027431382,11.83
7027438513,6988555276,26.18
6988555276,7027438513,26.18
6988555276,507889692,36.50
507889692,6988555276,36.50
507889692,6988555274,8.41
6988555274,507889692,8.41
6988555274,7027438519,12.69
7027438519,6988555274,12.69
7027438519,7027438517,20.75
7027438517,7027438519,20.75
7027438517,6988555267,41.14
6988555267,7027438517,41.14
6988555267,6988555278,24.62
6988555278,6988555267,24.62
6988555278,6988555264,30.32
6988555264,6988555278,30.32
6988555264,6988555260,76.91
6988555260,6988555264,76.91
6988555260,6988555283,18.60
6988555283,6988555260,18.60
6988555283,6988555282,16.11
6988555282,6988555283,16.11
6988555282,507887011,23.82
507887011,6988555282,23.82
507887011,507892930,21.00
507892930,507887011,21.00
507892930,6988555360,25.77
6988555360,507892930,25.77
6988555360,507892950,25.19
507892950,6988555360,25.19
507892950,6988555359,13.05
6988555359,507892950,13.05
6988555359,4681969051,73.49
4681969051,6988555359,73.49
4681969051,507892957,44.49
507892957,4681969051,44.49
507886967,6919732902,7.34
6919732902,507886967,7.34
6919732902,6919732901,4.14
6919732901,6919732902,4.14
6919732901,507886971,30.79
507886971,6919732901,30.79
507886971,7027438486,19.73
7027438486,507886971,19.73
7027438486,507886974,17.10
507886974,7027438486,17.10
507886974,507886979,68.50
507886979,507886974,68.50
507886979,6879730348,102.58
6879730348,507886979,102.58
6879730348,6988555219,50.10
6988555219,6879730348,50.10
6988555219,6988555209,23.01
6988555209,6988555219,23.01
6988555209,6988555228,17.92
6988555228,6988555209,17.92
6988555228,507886990,15.28
507886990,6988555228,15.28
507886990,507886994,18.04
507886994,507886990,18.04
507886994,4583911371,59.80
4583911371,507886994,59.80
4583911371,507886486,83.02
507886486,4583911371,83.02
1843585105,6988328911,53.26
6988328911,1843585105,53.26
6988328911,1843585283,4.61
1843585283,6988328911,4.61
1843585099,4587670203,27.72
4587670203,1843585099,27.72
4587670203,4587670202,17.25
4587670202,4587670203,17.25
1947750151,6990776038,12.09
6990776038,1947750151,12.09
6990776038,1947750214,8.52
1947750214,6990776038,8.52
1947750214,1947750338,8.76
1947750338,1947750214,8.76
1947750338,4592869800,8.84
4592869800,1947750338,8.84
4592869800,1947750088,13.20
1947750088,4592869800,13.20
1947750088,6883728489,8.06
6883728489,1947750088,8.06
6883728489,6990776039,7.81
6990776039,6883728489,7.81
6990776039,1947750072,12.86
1947750072,6990776039,12.86
1947750072,6990776040,7.77
6990776040,1947750072,7.77
6990776040,1947750480,6.39
1947750480,6990776040,6.39
4668094235,5876964739,18.53
5876964739,4668094235,18.53
6274653705,6883585603,178.22
6883585603,6274653705,178.22
6883585603,6882646808,119.49
6882646808,6883585603,119.49
6882646808,6238462681,13.60
6238462681,6882646808,13.60
6238462681,6882646807,16.98
6882646807,6238462681,16.98
6882646807,5885533053,145.04
5885533053,6882646807,145.04
5885533053,5911205384,118.09
5911205384,5885533053,118.09
4592867818,4592867823,11.25
4592867823,4592867818,11.25
4592867823,5021787583,9.13
5021787583,4592867823,9.13
5985314753,10792594618,24.54
10792594618,5985314753,24.54
10792594618,5985314754,3.21
5985314754,10792594618,3.21
5985354639,5985354640,36.98
5985354640,5985354639,36.98
6024781866,6991098352,11.08
6991098352,6024781866,11.08
6991098352,6991098350,11.95
6991098350,6991098352,11.95
6991098350,6024781867,15.32
6024781867,6991098350,15.32
6024781867,6883693984,10.59
6883693984,6024781867,10.59
6883693984,6024781868,6.57
6024781868,6883693984,6.57
6024781868,6883728485,14.68
6883728485,6024781868,14.68
6883728485,6024781869,17.60
6024781869,6883728485,17.60
6024781869,6024781870,23.57
6024781870,6024781869,23.57
6024781870,6024781871,10.15
6024781871,6024781870,10.15
6024781871,6024781872,13.58
6024781872,6024781871,13.58
6024781872,6024781873,6.92
6024781873,6024781872,6.92
6024781873,6024781874,17.48
6024781874,6024781873,17.48
6024781874,6024781875,9.15
6024781875,6024781874,9.15
6024782086,6307602823,6.86
6307602823,6024782085,77.19
6024782085,6307580787,5.42
6307580787,6024782170,10.78
6024782170,6024781884,7.85
6024782099,6024812296,16.06
6024812296,6024781816,5.05
6024781816,6307566073,3.18
6307566073,6307566072,3.23
6307566072,6024782094,5.05
6024782094,6024782093,71.91
6024782100,6024782101,8.21
6024782101,6024782100,8.21
6024782101,6024782102,14.43
6024782102,6024782101,14.43
6024782102,6024782103,10.63
6024782103,6024782102,10.63
6024782103,6024782104,14.60
6024782104,6024782103,14.60
6024782104,6024782105,20.39
6024782105,6024782104,20.39
6024782105,6024812296,8.97
6024812296,6024782105,8.97
6024812296,6024782106,12.65
6024782106,6024812296,12.65
6024782106,6024782107,33.59
6024782107,6024782106,33.59
6024782107,6024782108,11.86
6024782108,6024782107,11.86
6024782108,6024782109,10.65
6024782109,6024782108,10.65
6024782109,6024782110,15.27
6024782110,6024782109,15.27
6024782110,6024782111,22.62
6024782111,6024782110,22.62
6024782111,6024782112,17.04
6024782112,6024782111,17.04
6024782112,6024782113,9.04
6024782113,6024782112,9.04
6024782113,6024782114,11.79
6024782114,6024782113,11.79
6024782114,6024782116,21.61
6024782116,6024782114,21.61
6024782116,6024782117,3.40
6024782117,6024782116,3.40
6024812294,1947750200,52.05
1947750200,6024812294,52.05
910005978,910005982,13.32
910005982,910005978,13.32
910005982,910005985,14.66
910005985,910005982,14.66
910005985,4592868884,7.91
4592868884,910005985,7.91
6179169320,6179169321,11.24
6179169321,6179169322,5.16
6179169322,6179169323,15.64
6179169323,6179169324,2.04
6179169324,6179169325,2.51
6179169325,6179169326,1.40
6179169326,6179169327,2.61
6179169327,6179169328,3.63
6179169328,6179169329,3.95
6179169329,6179169330,3.43
6179169330,6179169331,4.29
6179169331,6179169332,2.09
6179169332,6179169333,2.59
6179169333,6179169334,7.45
6179169334,1843869548,38.48
1843869548,4670756944,15.65
6179169362,10937754624,1.66
10937754624,6179169362,1.66
10937754624,6241445166,2.07
6241445166,10937754624,2.07
6241445166,1843869647,1.69
1843869647,6241445166,1.69
1843869647,1843869551,9.22
1843869551,1843869647,9.22
4542128559,6179169367,16.63
6179169367,6179169364,2.12
6179169364,6179169366,19.57
6179169366,6179169363,39.60
6179169369,6179169370,39.60
6179169370,6179169369,39.60
6179169370,6179169363,15.35
6179169363,6179169370,15.35
6179169363,10937754620,2.43
10937754620,6179169363,2.43
10937754620,1843869594,2.48
1843869594,10937754620,2.48
6179169366,6179169369,15.34
6179169369,6179169366,15.34
6179169369,6179169362,8.94
6179169362,6179169369,8.94
6179169369,6179169368,19.57
6179169368,6179169369,19.57
6179169368,6179169365,12.32
6179169365,6179169368,12.32
6179169365,6179169364,3.02
6179169364,6179169365,3.02
1843869594,6179169361,66.87
6179169919,6179169920,3.16
6179169920,6179169919,3.16
6179169920,6179169921,1.75
6179169921,6179169920,1.75
6179169921,6179169922,2.23
6179169922,6179169921,2.23
6179169922,1843955999,3.40
1843955999,6179169922,3.40
1843955999,1843955231,20.23
1843955231,1843955999,20.23
1843955231,6179169923,5.96
6179169923,1843955231,5.96
6179169923,1843955197,2.61
1843955197,6179169923,2.61
1843955197,1843955827,14.67
1843955827,1843955197,14.67
1843955827,6179169924,4.84
6179169924,1843955827,4.84
4664984998,1843955627,15.07
1843955627,4664984998,15.07
1843955464,6236336755,2.89
6236336755,1843955464,2.89
6236336755,1843955595,3.08
1843955595,6236336755,3.08
1843955595,6236336757,1.23
6236336757,1843955595,1.23
6236336757,1843955824,2.33
1843955824,6236336757,2.33
1843955824,6236336753,1.77
6236336753,1843955824,1.77
6236336753,1843955651,10.31
1843955651,6236336753,10.31
5052133955,11009459131,27.55
11009459131,5052133955,27.55
11009459131,4631903645,12.46
4631903645,11009459131,12.46
4631903645,11009459130,4.26
11009459130,4631903645,4.26
11009459130,4631903653,2.31
4631903653,11009459130,2.31
4631903653,4631903646,21.66
4631903646,4631903653,21.66
4631903646,6988667556,31.59
6988667556,4631903646,31.59
4631903642,11009459134,7.78
11009459134,4631903642,7.78
11009459134,4631903649,2.82
4631903649,11009459134,2.82
4631903649,11009459135,20.41
11009459135,4631903649,20.41
5911205384,6241445161,3.62
6241445161,5911205384,3.62
6241445161,6307602812,21.97
6307602812,6241445161,21.97
6307602812,6241445155,2.31
6241445155,6307602812,2.31
6241445155,10162768389,1.28
10162768389,6241445155,1.28
10162768389,10162768392,1.37
10162768392,10162768389,1.37
10162768392,10162768390,1.36
10162768390,10162768392,1.36
10162768390,10162768391,1.53
10162768391,10162768390,1.53
10162768391,6241445154,1.64
6241445154,10162768391,1.64
6241445154,6879759323,2.20
6879759323,6241445154,2.20
6879759323,6241445147,22.22
6241445147,6879759323,22.22
6241445147,5911205384,3.16
5911205384,6241445147,3.16
6241445172,11948655756,9.94
11948655756,6241445172,9.94
11948655756,11948655761,19.13
11948655761,11948655756,19.13
11948655761,6241445171,20.01
6241445171,11948655761,20.01
6286106788,6286106787,9.18
6286106787,6286106788,9.18
6286106787,6286106786,6.08
6286106786,6286106787,6.08
6286106786,6286106785,5.34
6286106785,6286106786,5.34
6286106785,2932654266,11.32
2932654266,6286106785,11.32
6286106797,6286106796,7.88
6286106796,6286106797,7.88
6286106796,6286106794,12.90
6286106794,6286106796,12.90
6286106794,6286106793,10.75
6286106793,6286106794,10.75
4573038446,11194930231,7.45
11194930231,4573038446,7.45
11194930231,4573038448,14.96
4573038448,11194930231,14.96
4573038446,6297459369,12.75
6297459369,6959195355,1.67
6959195355,6297459368,1.86
6297459368,11194938840,8.08
11194938840,6297459363,4.31
6297459363,6297459367,15.82
6297459367,6959195356,1.96
6959195356,6297459366,1.81
6297459366,6297459365,10.09
6297459365,6959195357,1.89
6959195357,6297459364,2.04
6297459364,4573038450,7.73
4573038450,4573038445,11.45
4573038445,4573038446,10.59
4573038455,4573038450,31.11
4573038450,4573038455,31.11
4584301630,6988667623,14.68
6988667623,342236331,9.96
6301368526,4584301632,21.35
4584301632,6301368526,21.35
11009444821,11009444822,10.23
11009444822,11009444821,10.23
2365675989,6301368548,35.75
6301368548,2365675989,35.75
6301368548,6887210141,24.18
6887210141,6301368548,24.18
6887210141,1946518443,2.47
1946518443,6887210141,2.47
6301368546,6301368543,34.96
6301368543,6301368546,34.96
6301368548,6301368546,100.19
6301368546,6301368548,100.19
6301368556,6301368554,9.74
6301368554,6301368559,13.16
6301368559,6301368553,3.77
11336862281,6301364054,2.07
6301364054,11336862281,2.07
6301364054,6988667511,1.94
6988667511,6301364054,1.94
6988667511,6301364067,1.94
6301364067,6988667511,1.94
6301364067,6301364066,1.94
6301364066,6301364067,1.94
6301364066,6301364065,1.93
6301364065,6301364066,1.93
6301364065,6301364064,1.95
6301364064,6301364065,1.95
6301364064,6301364063,1.94
6301364063,6301364064,1.94
6301364063,6301364062,1.94
6301364062,6301364063,1.94
6301364062,6301364061,1.94
6301364061,6301364062,1.94
6301364061,11336862279,1.94
11336862279,6301364061,1.94
11336862279,11336862280,1.94
11336862280,11336862279,1.94
11336862280,6301364069,1.94
6301364069,11336862280,1.94
6301364069,6301364060,2.07
6301364060,6301364069,2.07
6301364060,6301364059,2.08
6301364059,6301364060,2.08
6301364059,6301364058,2.08
6301364058,6301364059,2.08
6301364058,6301364057,2.08
6301364057,6301364058,2.08
6301364057,6301364056,2.07
6301364056,6301364057,2.07
6301364056,6301364055,2.08
6301364055,6301364056,2.08
6301364055,11336862281,2.07
11336862281,6301364055,2.07
6301364054,6988667512,6.63
6988667512,6301364054,6.63
6988667512,1946518713,2.52
1946518713,6988667512,2.52
1946518713,4584377269,28.10
4584377269,1946518713,28.10
4584377269,11336862278,10.38
11336862278,4584377269,10.38
11336862278,6301364053,6.03
6301364053,11336862278,6.03
6301364053,1946518355,4.13
1946518355,6301364053,4.13
1946518687,6310290516,4.83
6310290516,1946518549,11.35
1946518549,6301364076,21.98
6301364076,6301364077,18.72
6301364077,4597855768,6.81
4597855768,1946518467,7.90
1946518467,4597855767,5.09
4597855767,1946518416,9.42
1946518416,1946518846,19.27
1946518846,4597855779,4.69
1946518216,6301364079,4.58
6301364079,1946518216,4.58
6301364079,1946518263,3.12
1946518263,6301364079,3.12
1946518263,6301364078,3.58
6301364078,1946518263,3.58
6301364078,6988667494,4.08
6988667494,6301364078,4.08
6988667494,1946518358,21.11
1946518358,6988667494,21.11
4597856199,4597856176,9.68
4597856176,4597856199,9.68
13184413466,4681969029,30.06
4681969029,13184413466,30.06
4681969066,13277158143,32.84
13277158143,4681969066,32.84
13277158143,4681969065,20.86
4681969065,13277158143,20.86
6301370286,6301370285,4.60
6301370285,6301370286,4.60
6301370285,6301370084,17.20
6301370084,6301370285,17.20
6301370084,6301370083,7.70
6301370083,6301370084,7.70
6301370083,6301370082,2.74
6301370082,6301370083,2.74
6301370082,6301370081,4.70
6301370081,6301370082,4.70
6301370081,6301370080,12.67
6301370080,6301370081,12.67
6301370080,6301370079,27.15
6301370079,6301370080,27.15
6301370079,6301370078,13.84
6301370078,6301370079,13.84
6301370078,6301370077,21.02
6301370077,6301370078,21.02
6301370077,6301370076,11.27
6301370076,6301370077,11.27
6301370076,6301370075,18.50
6301370075,6301370076,18.50
6301370075,6301370074,12.54
6301370074,6301370075,12.54
6301370074,6301370073,7.51
6301370073,6301370074,7.51
6301370073,6301370072,9.15
6301370072,6301370073,9.15
6301370072,6301370071,19.21
6301370071,6301370072,19.21
6301370071,6301370070,10.02
6301370070,6301370071,10.02
6301370070,6301370069,4.13
6301370069,6301370070,4.13
6301370069,6301370068,9.65
6301370068,6301370069,9.65
6301370068,6301370067,18.14
6301370067,6301370068,18.14
6301370067,6301370066,12.43
6301370066,6301370067,12.43
6301370066,6301370065,7.05
6301370065,6301370066,7.05
6301370065,6301370064,12.03
6301370064,6301370065,12.03
6301370064,6301370063,8.85
6301370063,6301370064,8.85
6301370063,6301370062,15.89
6301370062,6301370063,15.89
6301370062,6301370061,12.55
6301370061,6301370062,12.55
6301370061,6301370060,3.53
6301370060,6301370061,3.53
6301370060,6301370059,5.38
6301370059,6301370060,5.38
6301370059,6301370058,6.26
6301370058,6301370059,6.26
6301370058,6301370057,3.94
6301370057,6301370058,3.94
6301370057,6301370056,2.95
6301370056,6301370057,2.95
6301370056,6301370055,5.42
6301370055,6301370056,5.42
6301370055,6301370054,3.25
6301370054,6301370055,3.25
6301370054,6301370053,7.62
6301370053,6301370054,7.62
6301370053,6301370052,25.05
6301370052,6301370053,25.05
6301370052,6301370051,7.22
6301370051,6301370052,7.22
6301370051,6301370050,9.67
6301370050,6301370051,9.67
6301370050,6301370049,9.94
6301370049,6301370050,9.94
6301370049,6301370048,5.58
6301370048,6301370049,5.58
6301370048,6301370047,7.45
6301370047,6301370048,7.45
6301370047,6301370046,20.29
6301370046,6301370047,20.29
6301370046,6301370045,8.30
6301370045,6301370046,8.30
6301370045,6301370044,13.11
6301370044,6301370045,13.11
6301370044,6301370043,18.54
6301370043,6301370044,18.54
6301370043,6301370042,9.77
6301370042,6301370043,9.77
6301370042,6301370041,5.35
6301370041,6301370042,5.35
6301370041,6301370040,17.03
6301370040,6301370041,17.03
6301370040,6301370039,21.53
6301370039,6301370040,21.53
6301370039,6301370038,21.58
6301370038,6301370039,21.58
6301370038,6301370037,8.96
6301370037,6301370038,8.96
6301370037,6301370036,4.50
6301370036,6301370037,4.50
6301370036,6301370035,10.39
6301370035,6301370036,10.39
6301370035,6301370034,8.06
6301370034,6301370035,8.06
6301370034,6301370033,5.92
6301370033,6301370034,5.92
6301370033,6301370032,11.72
6301370032,6301370033,11.72
6301370032,6301370031,12.22
6301370031,6301370032,12.22
6301370031,6301370030,9.78
6301370030,6301370031,9.78
6301370030,6301370029,6.49
6301370029,6301370030,6.49
6301370029,6301370028,7.57
6301370028,6301370029,7.57
6301370028,6301370027,10.29
6301370027,6301370028,10.29
6301370027,6301370026,6.30
6301370026,6301370027,6.30
6301370026,6301370025,6.35
6301370025,6301370026,6.35
6301370025,6301370024,8.39
6301370024,6301370025,8.39
6301370024,6301370023,3.94
6301370023,6301370024,3.94
6301370023,6301370022,5.56
6301370022,6301370023,5.56
6301370022,6301370021,4.51
6301370021,6301370022,4.51
6301370021,6301370020,8.26
6301370020,6301370021,8.26
6301370020,6301370019,8.34
6301370019,6301370020,8.34
6301370019,6301370215,7.68
6301370215,6301370019,7.68
6301370215,6301370214,5.38
6301370214,6301370215,5.38
6301370214,6301370213,3.99
6301370213,6301370214,3.99
6301370213,6301370212,9.23
6301370212,6301370213,9.23
6301370212,6301370211,6.11
6301370211,6301370212,6.11
6301370211,6301370210,7.42
6301370210,6301370211,7.42
6301370210,6301370209,11.72
6301370209,6301370210,11.72
6301370209,6301370208,7.36
6301370208,6301370209,7.36
6301370208,6301370207,5.32
6301370207,6301370208,5.32
6301370207,6301370206,3.85
6301370206,6301370207,3.85
6301370206,6301370205,6.87
6301370205,6301370206,6.87
6301370205,6301370204,15.79
6301370204,6301370205,15.79
6301370204,6301370203,90.00
6301370203,6301370204,90.00
6301370203,6301370202,49.52
6301370202,6301370203,49.52
6301370202,6301370201,14.67
6301370201,6301370202,14.67
6301370201,6301370200,13.72
6301370200,6301370201,13.72
6301370200,6301370199,10.56
6301370199,6301370200,10.56
6301370199,6301370198,12.52
6301370198,6301370199,12.52
6301370198,6301370197,27.34
6301370197,6301370198,27.34
6301370197,6301370196,30.11
6301370196,6301370197,30.11
6301370196,6301370195,42.07
6301370195,6301370196,42.07
6301370195,6301370194,38.07
6301370194,6301370195,38.07
6301370194,6301370193,32.16
6301370193,6301370194,32.16
6301370193,6301370192,19.31
6301370192,6301370193,19.31
6301370192,6301370191,7.92
6301370191,6301370192,7.92
6301370191,6301370190,6.66
6301370190,6301370191,6.66
6301370190,6301370189,5.16
6301370189,6301370190,5.16
6301370189,4681969623,13.22
4681969623,6301370189,13.22
4681969623,6301370188,8.11
6301370188,4681969623,8.11
6301370188,6301370187,12.19
6301370187,6301370188,12.19
6301370187,6301370186,11.78
6301370186,6301370187,11.78
6301370186,6301370185,10.93
6301370185,6301370186,10.93
6301370185,6301369984,6.61
6301369984,6301370185,6.61
6301369984,6301369983,10.94
6301369983,6301369984,10.94
6301369983,6301369982,13.13
6301369982,6301369983,13.13
6301369982,6301369981,21.73
6301369981,6301369982,21.73
6301369981,6301369980,11.48
6301369980,6301369981,11.48
6301369980,6301369979,4.45
6301369979,6301369980,4.45
6301369979,6301369978,5.86
6301369978,6301369979,5.86
6301369978,6301369977,23.81
6301369977,6301369978,23.81
6301369977,6301369976,36.70
6301369976,6301369977,36.70
6301369976,6301369975,10.06
6301369975,6301369976,10.06
6301369975,6301369974,8.79
6301369974,6301369975,8.79
6301369974,6301369973,12.98
6301369973,6301369974,12.98
6301369973,6301369972,28.83
6301369972,6301369973,28.83
6301369972,6301369971,3.73
6301369971,6301369972,3.73
6301369971,6301369970,3.61
6301369970,6301369971,3.61
6301369970,6301369969,11.59
6301369969,6301369970,11.59
6301369969,6301369968,8.09
6301369968,6301369969,8.09
6301369968,6301369967,16.44
6301369967,6301369968,16.44
6301369967,6301369966,8.33
6301369966,6301369967,8.33
6301369966,6301369965,7.93
6301369965,6301369966,7.93
6301369965,6301369964,8.12
6301369964,6301369965,8.12
6301369964,6301369963,6.75
6301369963,6301369964,6.75
6301369963,6301369962,5.10
6301369962,6301369963,5.10
6301369962,6301369961,5.91
6301369961,6301369962,5.91
6301369961,6301369960,5.46
6301369960,6301369961,5.46
6301369960,6301369959,4.20
6301369959,6301369960,4.20
6301369959,6301369958,3.65
6301369958,6301369959,3.65
6301369958,6301369957,3.03
6301369957,6301369958,3.03
6301369957,6301369956,8.13
6301369956,6301369957,8.13
6301369956,6301369955,57.44
6301369955,6301369956,57.44
6301369955,6301369954,7.82
6301369954,6301369955,7.82
6301369954,6301369953,2.47
6301369953,6301369954,2.47
6307566691,6307566690,5.25
6307566690,6307566691,5.25
6307566693,6307566692,4.76
6307566692,6307566693,4.76
6307558170,6307558169,7.83
6307558169,6307558170,7.83
6307558169,6307558168,7.43
6307558168,6307558169,7.43
6307558168,6307566691,2.21
6307566691,6307558168,2.21
6307566691,6307558167,5.61
6307558167,6307566691,5.61
6307558167,6307558170,7.44
6307558170,6307558167,7.44
6307558171,10909673427,1.49
10909673427,6307558171,1.49
10909673427,10909673423,1.41
10909673423,10909673427,1.41
10909673423,6307558173,3.35
6307558173,10909673423,3.35
6307558173,6307558172,2.90
6307558172,6307558173,2.90
6307558172,6307558171,3.35
6307558171,6307558172,3.35
6307566910,6307566064,7.63
6307566064,6887347898,201.36
6887347898,6024782129,21.66
6024782129,6307566898,37.12
6307566898,6887297070,12.34
6887297070,6308695454,5.82
6308695454,6887347888,11.47
6887347888,6887297079,6.81
6887297079,12190001166,161.74
12190001166,6887353110,7.08
6887353110,6307566068,4.88
6307566068,6887353105,251.64
6887353105,6887353103,23.18
6887353103,6887353099,20.73
6887353099,6307566895,29.67
6307566895,6024782123,17.96
6024782123,6024781884,156.25
6024781884,6024782120,112.13
6024782120,6307566071,11.67
6307566062,6307566910,8.63
6307566910,6307566062,8.63
6307566910,6887303602,7.78
6887303602,6307566910,7.78
6887303602,6308695462,10.52
6308695462,6887303602,10.52
6308695462,6308695459,6.72
6308695459,6308695462,6.72
6307566070,6024782144,12.73
6024782144,6024782099,111.59
6024782099,6024782142,137.48
6024782142,6307566069,24.38
6307566069,6307566894,12.32
6307566894,6887353098,29.69
6887353098,6887353102,20.80
6887353102,12190001167,266.11
12190001167,6307566067,9.42
6307566067,6887353109,4.80
6887353109,6887297078,168.42
6887297078,6887347887,6.75
6887347887,6308695455,11.36
6308695455,6887297071,5.99
6887297071,6307566899,12.38
6307566899,6024782136,37.05
6024782136,6307566063,222.76
6307566063,6307566062,7.70
6307566071,12985458627,5.21
12985458627,6887353094,2.62
6887353094,12190001171,47.23
12190001171,6887353095,3.73
6887353095,4932022616,9.71
4932022921,6887353096,9.74
6887353096,12985458628,47.68
12985458628,6887353093,2.95
6887353093,6307566070,7.54
6024782093,6307566075,5.39
6307566075,6024782092,5.49
6024782092,6024782091,33.33
6024782088,6024782087,32.85
6024782087,6307566078,4.91
6307566078,6024782086,5.86
6307580786,6307580785,111.67
6307580785,6307580786,111.67
6307580785,6307570884,40.15
6307570884,6307580785,40.15
6307570884,6307570883,3.82
6307570883,6307570884,3.82
6307570883,6307570882,2.59
6307570882,6307570883,2.59
6307570882,6307570881,3.54
6307570881,6307570882,3.54
6307570881,6307570880,2.75
6307570880,6307570881,2.75
6307570880,6307570879,1.76
6307570879,6307570880,1.76
6307570879,6307570878,4.52
6307570878,6307570879,4.52
6307570878,6307570877,4.96
6307570877,6307570878,4.96
6307602816,6307602815,9.50
6307602815,6307602816,9.50
6307602815,6307602814,8.76
6307602814,6307602815,8.76
6307602814,6307602813,9.40
6307602813,6307602814,9.40
6307602813,4551484164,12.06
4551484164,6307602813,12.06
4551484164,6307602812,3.55
6307602812,4551484164,3.55
6307602812,6307602811,3.26
6307602811,6307602812,3.26
6307602811,6879759323,3.36
6879759323,6307602811,3.36
6879759323,4551484168,4.05
4551484168,6879759323,4.05
4551484168,6879759324,8.86
6879759324,4551484168,8.86
6879759324,1840275613,9.11
1840275613,6879759324,9.11
1840275613,4551484167,8.78
4551484167,1840275613,8.78
4551484167,6879759325,9.78
6879759325,4551484167,9.78
6307656060,12190001170,30.21
12190001170,4551484167,3.71
4551484167,4932022921,10.30
6307602821,6307602820,4.32
6307602820,6307602821,4.32
6307602820,6946154870,4.93
6946154870,6307602820,4.93
6946154870,6946154871,11.92
6946154871,6946154870,11.92
6946154871,6307602819,27.47
6307602819,6946154871,27.47
6307602819,6307602818,7.69
6307602818,6307602819,7.69
6307602818,10909673430,5.88
10909673430,6307602818,5.88
10909673430,6307602817,36.01
6307602817,10909673430,36.01
6307602817,6879759326,6.22
6879759326,6307602817,6.22
6879759326,6307602816,5.67
6307602816,6879759326,5.67
6024782133,6887314957,10.97
6887314957,6698477172,6.43
6887303603,11342006038,122.26
11342006038,6887303603,122.26
6698477173,6887314956,6.49
6887314956,9061661584,11.09
4592868975,4592869102,32.92
4592869102,4592868975,32.92
4592869102,11195021717,48.03
11195021717,4592869102,48.03
11195021717,277569132,12.35
277569132,11195021717,12.35
277569132,11195021716,19.17
11195021716,277569132,19.17
11195021716,1847323334,62.94
1847323334,11195021716,62.94
1847323334,11195021718,82.92
11195021718,1847323334,82.92
11195021718,1847323255,10.28
1847323255,11195021718,10.28
342230206,6883728491,7.02
6883728491,342230206,7.02
6883728491,6990795995,57.83
6990795995,6883728491,57.83
6990795995,9061674036,50.36
9061674036,6990795995,50.36
9061674036,4685366333,6.52
4685366333,9061674036,6.52
4685366333,6988661327,6.82
6988661327,4685366333,6.82
6988661327,1747985169,33.14
1747985169,6988661327,33.14
1747985169,1947750376,30.69
1947750376,1747985169,30.69
6307566062,6887302868,5.18
6887302868,6308695456,7.16
6308695456,9487683262,27.88
9487683262,6887314939,130.76
6887314939,6024782133,8.75
9061661584,6308695457,167.45
6308695457,9487683263,2.80
9487683263,6887302867,4.41
6887302867,6307566910,5.19
6307580788,6307580787,5.71
6307580787,6307580788,5.71
6307580787,6307580786,2.83
6307580786,6307580787,2.83
6307580788,6307580789,71.34
6307580789,6307580788,71.34
6307580789,6307580790,3.16
6307580790,6307580789,3.16
6307580790,6307602823,2.06
6307602823,6307580790,2.06
6307602823,6307602822,1.92
6307602822,6307602823,1.92
6307602822,6307602821,1.72
6307602821,6307602822,1.72
6307580546,6307580545,21.01
6307580545,6307580546,21.01
6307580545,6307580544,38.26
6307580544,6307580545,38.26
6307580544,6307580543,13.38
6307580543,6307580544,13.38
6307580543,6307580542,17.07
6307580542,6307580543,17.07
6307580542,6307580541,48.43
6307580541,6307580542,48.43
6307580541,6307580540,50.65
6307580540,6307580541,50.65
6307580540,6307580539,47.11
6307580539,6307580540,47.11
6307580539,6307580538,13.40
6307580538,6307580539,13.40
6307570877,6307580551,2.60
6307580551,6307570877,2.60
6307580551,6307580549,11.93
6307580549,6307580551,11.93
6307580549,6887353100,22.48
6887353100,6307580549,22.48
6887353100,6307580524,20.62
6307580524,6887353100,20.62
6307580524,6307580548,16.93
6307580548,6307580524,16.93
6307580548,6307580547,12.25
6307580547,6307580548,12.25
6307580547,6307580546,2.58
6307580546,6307580547,2.58
6307580537,6307580536,88.20
6307580536,6307580537,88.20
6307580536,6307580535,36.55
6307580535,6307580536,36.55
6307580535,6887347891,49.57
6887347891,6307580535,49.57
6887303604,6307580528,137.24
6307580528,6887303604,137.24
6307580528,6307580529,81.14
6307580529,6307580528,81.14
6307580529,11342006046,2.82
11342006046,6307580529,2.82
6310290591,6310290590,25.56
6310290590,6310290591,25.56
4583911541,4583911542,17.55
4583911542,4583911541,17.55
4583911542,4597855708,9.45
4597855708,4583911542,9.45
4597855708,6859023408,18.35
6859023408,4597855708,18.35
6859023408,4597855709,12.98
4597855709,6859023408,12.98
4597855709,4583911544,14.48
4583911544,4597855709,14.48
4583911544,577939080,11.71
577939080,4583911544,11.71
6310290604,6310290603,29.04
6310290603,6310290604,29.04
11702595588,6310290603,22.60
6310290603,11702595588,22.60
6310290603,10974883295,2.73
10974883295,6310290603,2.73
10974883295,10974883296,9.18
10974883296,10974883295,9.18
10974883296,6310290605,4.96
6310290605,10974883296,4.96
6310290609,10974883297,5.66
10974883297,6310290609,5.66
10974883297,10974883294,8.80
10974883294,10974883297,8.80
10974883294,6310290604,2.47
6310290604,10974883294,2.47
6310290604,11702595589,23.22
11702595589,6310290604,23.22
11702595589,6310290608,35.87
6310290608,11702595589,35.87
6310290611,11702595592,39.33
11702595592,11702595593,2.43
11702595593,10974883293,20.76
10974883293,10974883298,8.32
10974883298,1843955753,6.80
6310290513,6310290512,15.50
6310290512,6310290513,15.50
6310290512,6310290511,3.55
6310290511,6310290512,3.55
6310290524,6310290523,31.80
6310290523,6310290524,31.80
6310290523,6310290522,4.18
6310290522,6310290523,4.18
1843955544,10909251667,24.05
10909251667,1843955544,24.05
10909251667,1843955300,4.46
1843955300,10909251667,4.46
5519169122,1880064077,21.67
1880064077,5519169122,21.67
1880064077,4551141113,26.39
4551141113,1880064077,26.39
1843869728,6312152402,18.17
6312152402,1843869728,18.17
6312152402,6946535590,198.86
6946535590,6312152402,198.86
6946535590,11413374549,163.18
11413374549,6946535590,163.18
11413374549,6967343892,22.13
6967343892,11413374549,22.13
6967343892,11413374565,101.94
11413374565,6967343892,101.94
11413374565,6967343915,51.72
6967343915,11413374565,51.72
6967343915,6967343916,88.50
6967343916,6967343915,88.50
6967343916,10879607514,38.36
10879607514,6967343916,38.36
10879607514,6967343925,54.76
6967343925,10879607514,54.76
6967343925,6946535589,99.18
6946535589,6967343925,99.18
6946535589,6312152403,126.05
6312152403,6946535589,126.05
6312152403,4663284211,14.41
4663284211,6312152403,14.41
5021787566,6938555176,20.73
6938555176,6938555177,13.51
6938555177,4543025212,11.40
4543025212,1840291111,12.83
1840291111,10905047539,3.29
1843574674,6879759308,9.05
6879759308,6317624549,6.14
6317624549,12985459156,75.94
12985459156,6317624544,2.57
6317624544,4535748139,10.31
4535748139,6879759315,8.90
6879759315,5297403658,21.60
5297403658,4668094704,46.40
4668094704,6317624542,53.53
6317624542,6317624543,50.13
6317624543,5297403656,106.97
5297403656,6317624538,94.86
6317624540,5297635247,43.34
5297635247,12985437800,32.57
12985437800,6317624548,2.66
6317624548,4655549893,15.66
6317624551,1843574674,13.42
2276695579,12985474001,100.79
12985474001,6317624551,1.83
1867590712,1840275637,13.27
4932022616,1867590712,8.92
1840275637,1840275613,9.68
1840275613,1842446717,28.26
12302177078,13056522435,7.09
13056522435,12302177078,7.09
13056522435,4597856609,65.73
4597856609,13056522435,65.73
6327773242,6327773251,8.76
6327773251,6327773242,8.76
6327773251,6861545465,36.49
6861545465,6327773251,36.49
6861545465,4592868975,7.24
4592868975,6861545465,7.24
6327773240,5306289772,22.42
5306289772,6327773240,22.42
5306289772,4592869824,19.21
4592869824,5306289772,19.21
4592869824,6883728492,29.66
6883728492,4592869824,29.66
6883728492,342230206,6.89
342230206,6883728492,6.89
1843574791,1843575200,4.46
1843575200,1843574791,4.46
1843575200,4584378087,3.97
4584378087,1843575200,3.97
4584378087,4584378389,3.76
4584378389,4584378087,3.76
4584378389,1843574678,4.58
1843574678,4584378389,4.58
1843574678,6988661354,13.76
6988661354,342231133,18.94
507807438,6861545447,8.25
6861545447,507807438,8.25
6861545447,4584378393,88.16
4584378393,6861545447,88.16
4584378393,4584378390,4.59
4584378390,4584378393,4.59
4584378390,4685366639,2.08
4685366639,4584378390,2.08
4685366639,1843574696,3.68
1843574696,4685366639,3.68
1843574696,4584378392,4.41
4584378392,1843574696,4.41
4584378392,4584378391,6.32
4584378391,4584378392,6.32
4584378391,1843574678,32.46
1843574678,4584378391,32.46
6327773253,1843574791,12.69
1840275637,4932022921,8.93
1843955051,6886228969,6.24
6886228969,1843955051,6.24
6886228969,11006693932,26.03
11006693932,6886228969,26.03
11006693932,11006656196,26.44
11006656196,11006693932,26.44
11006656196,11006456866,58.56
11006456866,11006656196,58.56
11006456866,1859979609,8.28
1859979609,11006456866,8.28
1859979609,388274216,50.50
388274216,1859979609,50.50
4583912056,4583912055,18.74
4583912055,4583912056,18.74
4583912055,4583912054,4.99
4583912054,4583912055,4.99
4583912054,4583912053,7.29
4583912053,4583912054,7.29
4583912053,11009471011,3.86
11009471011,4583912053,3.86
11009471011,4583912052,38.72
4583912052,11009471011,38.72
4583912052,6990956467,7.45
6990956467,4583912052,7.45
4583912056,6990956473,11.90
6990956473,4583912056,11.90
6990956473,6695550202,8.25
6695550202,6990956473,8.25
6695550202,6990956472,9.65
6990956472,6695550202,9.65
6990956472,4583912048,42.65
4583912048,6990956472,42.65
4583912110,4583912057,9.30
4583912057,4583912110,9.30
4583912057,6990956474,8.08
6990956474,4583912057,8.08
6990956474,6990959491,7.76
6990959491,6990956474,7.76
6990959491,4583912056,17.45
4583912056,6990959491,17.45
5527425280,11009484201,33.50
11009484201,11009484199,4.56
11009484199,5527425281,49.66
1847297576,1847297656,33.47
1847297656,1847297576,33.47
1847297656,11450475965,20.09
11450475965,1847297656,20.09
11450475965,11639030689,12.39
11639030689,11450475965,12.39
11639030689,1847297543,2.73
1847297543,11639030689,2.73
1847297543,1847297873,11.16
1847297873,1847297543,11.16
1847297873,6988667639,3.12
6988667639,1847297873,3.12
6988667639,6988667638,1.66
6988667638,6988667639,1.66
6988667638,1847297893,2.01
1847297893,6988667638,2.01
4584301678,10860267299,55.43
10860267299,4584301678,55.43
1847323445,10974914424,32.59
10974914424,1847323445,32.59
10974914424,10974935662,11.37
10974935662,10974914424,11.37
10974935662,1847323303,3.31
1847323303,10974935662,3.31
1946518857,4584301629,36.26
4584301629,1946518857,36.26
6301368542,4597856865,45.08
4597856865,6988667578,14.83
6988667578,1946518620,12.22
1946518620,342232453,8.87
1946518292,1946518829,49.19
6301368543,6301368542,54.00
6301368542,6301368543,54.00
1844115268,6988667665,2.85
6988667665,1844115268,2.85
6988667665,6988667664,2.72
6988667664,6988667665,2.72
6988667664,6988667666,2.59
6988667666,6988667664,2.59
6988667666,11702595599,14.38
11702595599,6988667666,14.38
11702595599,6988667667,2.31
6988667667,11702595599,2.31
6988667667,1844115332,2.92
1844115332,6988667667,2.92
1844115332,4584301698,3.00
4584301698,1844115332,3.00
4584301698,1844115529,25.76
1844115529,4584301698,25.76
1843955778,1843955061,12.18
1843955061,1843955718,58.97
1843955718,10920309911,23.89
10920309911,10916959750,19.57
4584301792,10860267298,21.55
10860267298,4584301792,21.55
10860267298,4584301791,3.59
4584301791,10860267298,3.59
4584301794,4584301795,9.13
4584301795,4584301794,9.13
4584301795,10968366316,28.35
10968366316,4584301795,28.35
10968366316,4584301790,3.41
4584301790,10968366316,3.41
4584301790,10968366318,46.72
10968366318,4584301790,46.72
10968366318,11863309728,25.88
11863309728,10968366318,25.88
11863309728,11863309732,42.84
11863309732,11863309728,42.84
11863309732,4584301796,29.30
4584301796,11863309732,29.30
4584216016,4584216015,76.75
4584216015,4584216016,76.75
4584216014,4584216013,75.06
4584216013,4584216014,75.06
4584216015,4584216014,50.63
4584216014,4584216015,50.63
4584301473,4584301472,17.75
4584301472,4584301473,17.75
4584301472,4584301471,11.11
4584301471,4584301472,11.11
4584301471,11253757112,5.58
11253757112,4584301471,5.58
11253757112,4584301470,4.61
4584301470,11253757112,4.61
4584301470,4584301469,19.51
4584301469,4584301470,19.51
4584301469,4584301468,14.08
4584301468,4584301469,14.08
4584301468,4584301467,6.22
4584301467,4584301468,6.22
4584301467,4584301466,5.35
4584301466,4584301467,5.35
4584301466,11253757105,6.78
11253757105,4584301466,6.78
11253757105,4584301464,4.93
4584301464,11253757105,4.93
1844115435,1844115458,90.68
1844115458,1844115435,90.68
1844115458,1844115502,32.74
1844115502,1844115458,32.74
1844115502,1844115454,37.72
1844115454,1844115502,37.72
1844115454,4584301702,10.18
4584301702,1844115454,10.18
4584301702,1844115459,8.76
1844115459,4584301702,8.76
4671252667,4671252666,18.74
4671252666,4671252667,18.74
6967343906,11420978492,5.02
11420978492,6967343906,5.02
11420978492,4671258983,8.38
4671258983,11420978492,8.38
4671258983,6967343907,9.91
6967343907,4671258983,9.91
6967343907,11420978517,3.80
11420978517,6967343907,3.80
11420978517,10916921152,7.76
10916921152,11420978517,7.76
10916921152,6967343912,5.45
6967343912,10916921152,5.45
1947750322,1947750198,15.39
1947750198,1947750322,15.39
1947750198,4592869444,10.08
4592869444,1947750198,10.08
4592869444,1947750246,13.29
1947750246,4592869444,13.29
1947750246,1947750048,19.66
1947750048,1947750246,19.66
6990776035,4592869443,20.21
4592869443,6990776035,20.21
4592869443,4592869442,15.05
4592869442,4592869443,15.05
1847297584,1847297866,68.37
4668094237,4668094235,25.01
4668094235,4668094237,25.01
4668094706,4668094702,40.35
4668094702,4668094706,40.35
4668094702,4668094703,17.81
4668094703,4668094702,17.81
4668094706,4668094700,25.22
4668094700,4668094706,25.22
4668094700,4668094705,19.25
4668094705,4668094700,19.25
1847297720,4655550724,33.03
4655550724,1847297720,33.03
4655550724,6946165116,11.69
6946165116,4655550724,11.69
6946165116,4655550723,18.71
4655550723,6946165116,18.71
4655549711,4655549705,36.29
4655549705,4655549711,36.29
4655549705,4655549894,2.97
4655549894,4655549705,2.97
4655549894,12985437799,16.16
12985437799,4655549894,16.16
12985437799,6317624546,1.30
6317624546,12985437799,1.30
6317624546,4655549893,5.24
4655549893,6317624546,5.24
4592869791,4592869790,2.32
4592869790,4592869791,2.32
4592869790,4592869789,2.63
4592869789,4592869790,2.63
4592869789,4592869687,28.32
4592869687,4592869789,28.32
4592869687,4592869688,27.76
4592869688,4592869687,27.76
6707839840,6990776046,5.75
6990776046,6707839840,5.75
6990776046,1843585198,21.68
1843585198,6990776046,21.68
1843585198,1843585099,32.00
1843585099,1843585198,32.00
1843585099,6990776055,36.94
6990776055,1843585099,36.94
6990776055,12162331492,23.37
12162331492,6990776055,23.37
12162331492,1843585310,3.98
1843585310,12162331492,3.98
388274000,1847323409,46.56
1847323409,388274000,46.56
1847323409,6988661324,4.09
6988661324,1847323409,4.09
6988661324,6988661325,4.59
6988661325,6988661324,4.59
6988661325,6707839843,4.04
6707839843,6988661325,4.04
388273998,388273999,23.06
388273999,388273998,23.06
388273999,6988661321,5.95
6988661321,388273999,5.95
6988661321,6988661322,11.29
6988661322,6988661321,11.29
6988661322,6988661323,4.55
6988661323,6988661322,4.55
6988661323,388274000,3.10
388274000,6988661323,3.10
6990776009,1880066895,15.85
1880066895,6990776009,15.85
1880066957,4592869756,7.06
4592869756,1880066957,7.06
4592869756,4592869755,8.77
4592869755,4592869756,8.77
4592869755,1880066968,9.34
1880066968,4592869755,9.34
1880066968,4592869760,13.15
4592869760,1880066968,13.15
4592869760,6990776027,6.74
6990776027,4592869760,6.74
6990776027,4592869761,7.48
4592869761,6990776027,7.48
4592869761,1880066976,9.30
1880066976,4592869761,9.30
1880066976,1880066978,10.93
1880066978,1880066976,10.93
1880066978,1880066971,18.88
1880066971,1880066978,18.88
4584378403,4592869457,14.98
4592869457,4584378403,14.98
4592869457,1880066891,10.35
1880066891,4592869457,10.35
1880066891,4584378402,10.46
4584378402,1880066891,10.46
4584378402,1880066892,11.38
1880066892,4584378402,11.38
1880066892,4584378401,12.38
4584378401,1880066892,12.38
4584378401,4584378400,22.14
4584378400,4584378401,22.14
4584378400,1947750322,13.93
1947750322,4584378400,13.93
1947750322,6990776035,11.77
6990776035,1947750322,11.77
6990776035,6990776036,19.45
6990776036,6990776035,19.45
6990776036,6990776033,14.61
6990776033,6990776036,14.61
6990776033,12756253993,8.92
12756253993,6990776033,8.92
12756253993,6990776034,3.44
6990776034,12756253993,3.44
6990776034,1880066894,19.01
1880066894,6990776034,19.01
1880066894,6990776032,15.12
6990776032,1880066894,15.12
6990776032,1880066897,17.20
1880066897,6990776032,17.20
1880066897,4584378397,12.00
4584378397,1880066897,12.00
4584378397,1880066903,9.40
1880066903,4584378397,9.40
1843574934,1880066885,33.57
1880066885,1843574934,33.57
1880066885,1880066887,50.98
1880066887,1880066885,50.98
1947750142,1947750471,11.23
1947750471,1947750142,11.23
1947750471,1947750196,15.36
1947750196,1947750471,15.36
1947750196,6990776041,7.16
6990776041,1947750196,7.16
6990776041,1947750350,5.51
1947750350,6990776041,5.51
1947750350,6990776042,6.72
6990776042,1947750350,6.72
6990776042,1947750320,7.79
1947750320,6990776042,7.79
1947750320,1947750207,12.11
1947750207,1947750320,12.11
1947750207,1947750417,14.70
1947750417,1947750207,14.70
1947750417,1947750480,4.10
1947750480,1947750417,4.10
1747985169,1747985171,73.18
1747985171,1747985169,73.18
1847323366,10079717059,1.17
10079717059,1847323366,1.17
10079717059,1847323290,9.59
1847323290,10079717059,9.59
1847323290,6707898678,1.71
6707898678,1847323290,1.71
1847323218,10079717058,29.60
10079717058,1847323218,29.60
10079717058,1847323366,1.12
1847323366,10079717058,1.12
4573039057,4592868033,40.05
4592868033,4573039057,40.05
4592868033,6991138295,2.45
6991138295,4592868033,2.45
6991138295,6707898680,2.44
6707898680,6991138295,2.44
6707898680,1847323461,2.24
1847323461,6707898680,2.24
1847323461,1847323494,65.33
1847323494,1847323461,65.33
4597856109,4597856105,20.23
4597856105,4597856109,20.23
1843574787,11639013269,50.17
11639013269,1843574787,50.17
1880068055,6988667535,14.40
6988667535,1880068055,14.40
6988667535,1880068053,15.54
1880068053,6988667535,15.54
1880068053,1880068052,9.28
1880068052,1880068053,9.28
1880068052,4583911491,15.12
4583911491,1880068052,15.12
4583911491,1880068049,4.47
1880068049,4583911491,4.47
1880068049,6988667536,2.31
6988667536,1880068049,2.31
6988667536,1880068047,3.26
1880068047,6988667536,3.26
1880068047,4583911499,3.82
4583911499,1880068047,3.82
4583911516,1880069095,12.03
1880069095,4583911516,12.03
1880069095,1880069097,8.49
1880069097,1880069095,8.49
1880069097,1880069099,6.64
1880069099,1880069097,6.64
1880069099,4583911517,7.80
4583911517,1880069099,7.80
4583911517,1880069101,16.38
1880069101,4583911517,16.38
1880069101,577939019,7.05
577939019,1880069101,7.05
1847323353,1847323337,41.29
1847323337,1847323353,41.29
1847323337,6990959543,14.22
6990959543,1847323337,14.22
6990959543,388273968,13.69
388273968,6990959543,13.69
388273968,10079717056,14.77
10079717056,388273968,14.77
10079717056,1847323193,1.79
1847323193,10079717056,1.79
388273968,4592868565,30.54
4592868565,388273968,30.54
4592868565,4592868566,13.71
4592868566,4592868565,13.71
4592868566,6990959555,5.30
6990959555,4592868566,5.30
6990959555,6990959556,7.60
6990959556,6990959555,7.60
6990959556,388273966,4.30
388273966,6990959556,4.30
388273966,4592868562,9.99
4592868562,388273966,9.99
4592868562,6990959557,13.96
6990959557,4592868562,13.96
6990959557,6990959558,12.57
6990959558,6990959557,12.57
6990959558,10900343798,24.76
10900343798,6990959558,24.76
10900343798,4592868567,5.10
4592868567,10900343798,5.10
1847323396,1847323200,92.70
1847323200,1847323396,92.70
1847323200,4592868656,5.77
4592868656,1847323200,5.77
4595086913,4595086915,44.99
4595086915,4595086913,44.99
4595086915,4595086908,31.59
4595086908,4595086915,31.59
6708399643,6988555202,14.48
6988555202,6708399643,14.48
6988555202,6988555201,18.83
6988555201,6988555202,18.83
6988555201,6988555194,3.43
6988555194,6988555201,3.43
6988555194,6708399642,18.44
6708399642,6988555194,18.44
6708399642,6708399641,7.46
6708399641,6708399642,7.46
6708399647,6988555241,39.15
6988555241,6708399647,39.15
6988555241,6988555243,26.71
6988555243,6988555241,26.71
6988555243,6988555242,47.40
6988555242,6988555243,47.40
6988555242,6708399646,16.99
6708399646,6988555242,16.99
507886494,11922515619,4.17
11922515619,507886494,4.17
11922515619,6988555207,34.78
6988555207,11922515619,34.78
6988555207,6708399648,59.22
6708399648,6988555207,59.22
6708399650,6988555206,72.77
6988555206,6708399650,72.77
6988555206,6708399649,68.87
6708399649,6988555206,68.87
342231133,4584378088,22.78
4584378088,342231133,22.78
4584378088,4685366621,6.47
4685366621,4584378088,6.47
4685366621,577939000,20.89
577939000,4685366621,20.89
577939000,6988661355,4.52
6988661355,577939000,4.52
6988661355,1843574945,12.86
1843574945,6988661355,12.86
1843574945,577939003,14.80
577939003,1843574945,14.80
577939003,1880068055,14.82
1880068055,577939003,14.82
1880068055,577939006,21.35
577939006,1880068055,21.35
577939006,577939013,37.47
577939013,577939006,37.47
577939013,577939016,46.59
577939016,577939013,46.59
577939016,577939019,6.11
577939019,577939016,6.11
6710817869,6710817868,45.75
6710817868,6710817869,45.75
4584378220,4584378221,7.25
4584378221,4584378220,7.25
4584378221,4584378222,15.26
4584378222,4584378221,15.26
4584378222,4584378223,16.47
4584378223,4584378222,16.47
4584378223,4584378224,9.77
4584378224,4584378223,9.77
4584378224,4584378225,8.47
4584378225,4584378224,8.47
4584378225,4584378226,9.82
4584378226,4584378225,9.82
4584378226,4584378227,19.41
4584378227,4584378226,19.41
4584378227,4597856711,20.00
4597856711,4584378227,20.00
4597856711,11635634399,4.96
11635634399,4597856711,4.96
11635634399,4584378230,3.12
4584378230,11635634399,3.12
4584378230,4584378231,7.62
4584378231,4584378230,7.62
4584378231,4584378232,13.44
4584378232,4584378231,13.44
4584378232,4584378234,8.11
4584378234,4584378232,8.11
507879028,4681969412,8.47
4681969412,507879028,8.47
4681969412,4681969411,19.68
4681969411,4681969412,19.68
4681969411,4681969326,23.84
4681969326,4681969411,23.84
4681969326,507808046,19.12
507808046,4681969326,19.12
507808046,4681969409,16.43
4681969409,507808046,16.43
4681969409,4681969327,20.64
4681969327,4681969409,20.64
4681969327,507808061,13.91
507808061,4681969327,13.91
507808061,4681969407,7.10
4681969407,507808061,7.10
13190454525,12993625735,5.01
12993625735,12190347829,9.46
12190347829,12190347830,14.08
12190347830,12190347831,30.87
12190347831,12190804980,32.24
12190804980,12190347832,45.13
12190347832,11551974008,53.07
11551974008,12190347838,19.56
12190347838,12190347834,24.68
12190347834,11432791174,14.96
11432791174,12190347835,28.27
12190347835,11822806511,43.54
11822806511,11822806512,41.10
11822806512,4597856783,20.43
4597856783,12620382312,9.50
12620382312,4597856758,24.72
4597856758,12476174785,45.78
12476174785,12476174784,64.31
12476174784,12476174783,14.37
12476174783,12586300416,60.47
12586300416,12347057830,31.58
2941477849,6321789547,4.72
6321789547,2941477849,4.72
6321789547,6321789548,120.47
6321789548,6321789547,120.47
6321789548,4584377239,10.55
4584377239,6321789548,10.55
4584299374,4584299373,16.69
4584299373,4584299374,16.69
4584301846,4584299380,57.73
4584299380,4584301846,57.73
11952494171,12170806993,15.90
12170806993,11952494171,15.90
12170806993,11952494185,15.34
11952494185,12170806993,15.34
11952494185,11952494184,24.26
11952494184,11952494185,24.26
11952494184,6710933580,9.90
6710933580,11952494184,9.90
4681969289,4681967488,9.39
4681967488,4681969289,9.39
4681967488,4681967487,7.58
4681967487,4681967488,7.58
4681967487,6988550756,6.99
6988550756,4681967487,6.99
6988550756,6991098349,4.72
6991098349,6988550756,4.72
6991098349,6988550755,17.64
6988550755,6991098349,17.64
6710933582,6879636808,58.68
6879636808,6710933582,58.68
6879636808,6710933581,7.08
6710933581,6879636808,7.08
507886903,6710958250,97.90
6710958250,507886903,97.90
6710958253,6710958252,3.66
6710958252,6710958253,3.66
6710958252,6710958251,22.64
6710958251,6710958252,22.64
6710958255,6710958254,61.62
6710958254,6710958255,61.62
6710958254,6710958253,3.69
6710958253,6710958254,3.69
507808269,6710958258,23.95
6710958258,507808269,23.95
6710958258,6710958257,26.54
6710958257,6710958258,26.54
6710958257,6710958256,55.50
6710958256,6710958257,55.50
507808269,12427709302,49.14
12427709302,507808269,49.14
12427709302,1885988020,32.27
1885988020,12427709302,32.27
1885988020,507808295,5.69
507808295,1885988020,5.69
507808295,507808298,28.06
507808298,507808295,28.06
507808298,6919732790,19.46
6919732790,507808298,19.46
6919732790,507808303,16.19
507808303,6919732790,16.19
507808303,507808310,23.01
507808310,507808303,23.01
507808310,507808316,32.67
507808316,507808310,32.67
507808316,6919732789,20.85
6919732789,507808316,20.85
6919732789,507879586,11.30
507879586,6919732789,11.30
507879586,6919732788,13.66
6919732788,507879586,13.66
6919732788,6993561951,5.90
6993561951,6919732788,5.90
6993561951,507879600,5.57
507879600,6993561951,5.57
507879600,6993658804,9.50
6993658804,507879600,9.50
6993658804,507879606,17.90
507879606,6993658804,17.90
507879606,6993561950,13.63
6993561950,507879606,13.63
6993561950,507879613,11.13
507879613,6993561950,11.13
507879613,6993561949,6.40
6993561949,507879613,6.40
6993561949,6919732787,9.14
6919732787,6993561949,9.14
6919732787,507878772,9.87
507878772,6919732787,9.87
507878772,6919732786,20.00
6919732786,507878772,20.00
6919732786,6919732785,10.11
6919732785,6919732786,10.11
6919732785,507879619,11.42
507879619,6919732785,11.42
507879619,6710958233,16.03
6710958233,507879619,16.03
6710958233,507879626,48.86
507879626,6710958233,48.86
507879626,6993561943,14.46
6993561943,507879626,14.46
6993561943,507879632,11.52
507879632,6993561943,11.52
507879632,6919718184,8.64
6919718184,507879632,8.64
6919718184,6710958240,11.94
6710958240,6919718184,11.94
6710958240,6993561940,13.44
6993561940,6710958240,13.44
6993561940,507879636,10.26
507879636,6993561940,10.26
507879636,6919718183,7.48
6919718183,507879636,7.48
6919718183,12374671106,4.55
12374671106,6919718183,4.55
12374671106,507879644,4.56
507879644,12374671106,4.56
507879644,6879074694,7.53
6879074694,507879644,7.53
6879074694,507879749,6.77
507879749,6879074694,6.77
507879749,507879745,7.75
507879745,507879749,7.75
507879745,507879738,18.22
507879738,507879745,18.22
507879738,6919732822,25.46
6919732822,507879738,25.46
6919732822,507879729,20.07
507879729,6919732822,20.07
507879729,507879723,16.88
507879723,507879729,16.88
507879723,6993561918,6.14
6993561918,507879723,6.14
6993561918,507879718,7.34
507879718,6993561918,7.34
507879718,6993561936,11.86
6993561936,507879718,11.86
6993561936,6993561935,8.38
6993561935,6993561936,8.38
6993561935,507879712,11.13
507879712,6993561935,11.13
507879712,507886743,13.41
507886743,507879712,13.41
507886743,507886739,31.68
507886739,507886743,31.68
507886739,6710958232,72.67
6710958232,507886739,72.67
6710958232,6710977795,20.43
6710977795,6710958232,20.43
6710977795,6993561914,5.30
6993561914,6710977795,5.30
6993561914,507886730,5.56
507886730,6993561914,5.56
507886730,6919732838,4.99
6919732838,507886730,4.99
6919732838,6919732839,5.87
6919732839,6919732838,5.87
6919732839,6919732840,28.64
6919732840,6919732839,28.64
6919732840,6993561915,4.75
6993561915,6919732840,4.75
6993561915,507886727,5.07
507886727,6993561915,5.07
507886727,6710977798,8.12
6710977798,507886727,8.12
6710977798,507886724,26.83
507886724,6710977798,26.83
507886724,12374296318,16.06
12374296318,507886724,16.06
12374296318,507886718,12.52
507886718,12374296318,12.52
507886718,12374296317,6.48
12374296317,507886718,6.48
1946518355,6301368551,7.65
6301368551,6301368573,48.01
6301368573,4597855923,9.49
4597855923,1946518860,17.58
1946518860,4584377270,9.60
4584377270,4584377272,22.51
4584377272,6301368575,4.60
6301368575,4597856244,5.36
1851793464,4535961289,27.44
4535961289,4535960677,26.78
4535960677,1851793454,20.39
1851793454,6959195358,4.55
6959195358,4535962784,5.52
4535962784,1851793450,13.82
1851793450,6959195359,9.74
6959195359,1851793449,9.09
1851793449,1851793447,7.84
1844115485,1844115304,33.00
1844115304,1844115850,37.42
1844115850,1844115629,32.37
6301368546,6988667581,5.60
6988667581,10895062579,16.18
10895062579,6301368544,5.78
342232969,6310290503,48.68
6310290503,342232969,48.68
6310290503,4573039801,30.54
4573039801,6310290503,30.54
4573039801,6310290509,10.26
6310290509,4573039801,10.26
6310290509,4584301995,7.09
4584301995,6310290509,7.09
1843954971,6887381159,24.94
6887381159,4597857035,10.38
4655550725,1847297622,37.60
1847297622,4655550185,8.08
4655550185,1847297582,13.97
1847297582,11341136675,12.55
11341136675,1847297919,33.77
1847297919,1847297792,26.44
1847297792,4655550187,21.35
4655550187,1847297698,12.24
1847297698,4655550690,25.23
4655550690,1847297610,12.71
1847297610,4655550692,26.10
4655550692,1847297653,12.39
1847297653,1847297748,24.91
1847297748,1847297746,5.24
1843955314,10920309915,25.52
10920309915,1843955314,25.52
4655547939,6771538363,12.14
6771538363,4655547939,12.14
10805163961,10033965438,8.09
10033965438,10033965420,14.57
10033965420,9227194379,12.64
9227194379,8592566755,13.87
8592566755,9228279516,7.15
9228279516,9227194381,8.31
9227194381,8592566757,6.53
8592566757,9179701823,7.65
9179701823,10033965471,5.87
10033965471,8592566758,7.05
8592566758,10033965421,7.43
10033965421,10033912407,8.55
10033912407,433581897,9.97
433581897,10033965439,6.96
10033965439,10033912406,9.01
10033912406,10033965469,7.12
10033965469,9343361988,9.08
9343361988,10033965435,7.40
10033965435,9231194468,8.15
9231194468,10033965463,8.36
10033965463,10033965433,10.47
10033965433,9227194380,9.55
9227194380,10033965461,9.79
10033965461,10033965446,9.95
10033965446,10033912403,11.35
10033912403,9343491866,20.77
9343491866,10033965418,17.32
10033965418,10033965448,15.82
4583911690,6859145263,35.37
6859145263,4583911690,35.37
4573039066,6310290520,21.43
6310290520,4573039066,21.43
6310290520,4573039065,23.44
4573039065,6310290520,23.44
4573039065,4573039064,40.78
4573039064,4573039065,40.78
4573039064,6310290521,27.71
6310290521,4573039064,27.71
6310290521,4573039071,28.19
4573039071,6310290521,28.19
4573039071,6310290526,3.09
6310290526,4573039071,3.09
6310290526,4573039062,28.51
4573039062,6310290526,28.51
4573039062,4573039061,39.32
4573039061,4573039062,39.32
4573039061,4681968867,23.07
4681968867,4573039061,23.07
4681968867,4573039060,22.90
4573039060,4681968867,22.90
4573039060,6310290527,22.87
6310290527,4573039060,22.87
6310290527,6310290534,25.55
6310290534,6310290527,25.55
6310290534,6310290533,34.48
6310290533,6310290534,34.48
6310290533,6310290532,71.91
6310290532,6310290533,71.91
6310290532,6310290602,29.03
6310290602,6310290532,29.03
6310290602,6310290531,6.89
6310290531,6310290602,6.89
6310290531,6310290528,21.88
6310290528,6310290531,21.88
6310290528,6310290530,19.90
6310290530,6310290528,19.90
6310290530,6860808455,7.25
6860808455,6310290530,7.25
6860808455,6310290529,6.18
6310290529,6860808455,6.18
6861014926,6861014924,34.75
6861014924,6861014926,34.75
6864074970,6864074969,6.50
6864074969,6864074970,6.50
6864074969,6864074968,4.96
6864074968,6864074969,4.96
6864074968,4187365688,5.24
4187365688,6864074968,5.24
4187365683,6864074964,5.54
6864074964,4187365683,5.54
6864074964,6864074963,8.80
6864074963,6864074964,8.80
6864074963,6864074962,8.73
6864074962,6864074963,8.73
4187365688,6864074967,2.77
6864074967,4187365688,2.77
6864074967,6864074961,3.66
6864074961,6864074967,3.66
6864074961,6864074966,4.56
6864074966,6864074961,4.56
6864074966,6864074965,5.51
6864074965,6864074966,5.51
6864074965,4187365683,3.89
4187365683,6864074965,3.89
6864471922,6864471921,14.18
6864471921,6864471922,14.18
6864471921,6864471920,15.85
6864471920,6864471921,15.85
6864471920,10790032209,7.40
10790032209,6864471920,7.40
10790032212,6864471917,14.47
6864471917,10790032212,14.47
6864471917,6864471922,9.47
6864471922,6864471917,9.47
1843955484,6887379952,13.53
6887379952,11429483760,38.46
11429483760,6887379947,22.87
6887379947,6179169907,2.84
6179169907,5329339852,26.45
5329339852,6286106794,12.19
6286106794,1843955715,7.94
1843955715,3386058989,24.63
3386058989,1843955805,58.93
1843955805,10741941831,77.25
10741941831,5297635252,41.83
5297635252,6310290497,22.00
6310290497,1484741960,11.90
342235014,6310290613,12.37
6310290613,4584301797,24.80
4584301797,5330787339,177.09
5330787339,6286106796,29.81
6286106796,5021787581,32.44
5021787581,5021787580,120.36
6867511246,6867511245,29.34
6867511245,6867511246,29.34
6867511245,6867511244,7.95
6867511244,6867511245,7.95
6867511244,6867511243,6.17
6867511243,6867511244,6.17
6867511243,6988667658,7.97
6988667658,6867511243,7.97
6988667658,6867511242,15.52
6867511242,6988667658,15.52
6867511242,6867511241,14.73
6867511241,6867511242,14.73
6867511249,6867511247,6.64
6867511247,6867511249,6.64
6867511247,6867511248,36.79
6867511248,6867511247,36.79
5021787590,6179169338,1.83
6179169338,1843869551,44.39
6967343903,6967343902,27.77
6967343902,6967343903,27.77
6967343902,9362753284,73.30
9362753284,6967343902,73.30
9362753284,6967343901,5.90
6967343901,9362753284,5.90
6967343901,9362753285,5.98
9362753285,6967343901,5.98
9362753285,9362753282,73.22
9362753282,9362753285,73.22
9362753282,6967343900,6.42
6967343900,9362753282,6.42
6967343900,9362753283,6.17
9362753283,6967343900,6.17
9362753283,9362753287,63.77
9362753287,9362753283,63.77
9362753287,9362753288,6.58
9362753288,9362753287,6.58
9362753288,9362753286,6.81
9362753286,9362753288,6.81
9362753286,6967343903,52.73
6967343903,9362753286,52.73
4685366544,4685366543,44.87
4685366543,4685366544,44.87
6872122908,6872122906,4.74
6872122906,6872122908,4.74
6872122906,6872122907,46.72
6872122907,6872122906,46.72
507897491,4685366589,33.59
4685366589,507897491,33.59
4685366589,4685366088,9.73
4685366088,4685366589,9.73
4583912096,11981050352,11.97
11981050352,4583912102,20.22
4583912102,4583912101,40.58
4583912101,4583912100,23.95
4583912100,6879194491,18.30
6879194491,4583912097,34.38
6879111561,6879111560,22.56
6879111560,6879111561,22.56
6879111562,1847323219,70.14
1847323219,6879111562,70.14
6879335455,6879335454,38.03
6879335454,6879335455,38.03
6879636807,6988550758,41.81
6988550758,6879636807,41.81
6988550758,6879636806,26.34
6879636806,6988550758,26.34
6879636806,6988550757,11.73
6988550757,6879636806,11.73
6988550757,6988550759,19.62
6988550759,6988550757,19.62
6988550759,6988550760,28.50
6988550760,6988550759,28.50
6988550760,6988550761,34.52
6988550761,6988550760,34.52
6988550761,6988550762,37.14
6988550762,6988550761,37.14
6988550762,6988550763,15.18
6988550763,6988550762,15.18
6988550763,6988550764,11.45
6988550764,6988550763,11.45
6988550764,6988550765,38.63
6988550765,6988550764,38.63
6988550765,6988550766,7.99
6988550766,6988550765,7.99
6988550766,6988550767,8.46
6988550767,6988550766,8.46
6988550767,6988550768,31.58
6988550768,6988550767,31.58
6988550768,6988550769,5.83
6988550769,6988550768,5.83
6988550769,6988550770,5.64
6988550770,6988550769,5.64
6988550770,6988550771,20.39
6988550771,6988550770,20.39
6988550771,6988550772,8.15
6988550772,6988550771,8.15
6988550772,6988550773,5.30
6988550773,6988550772,5.30
6988550773,1844091144,4.62
1844091144,6988550773,4.62
507807963,507886865,4.28
507886865,507807963,4.28
11201005887,6317624544,5.43
6317624544,11201005887,5.43
6317624544,6317624540,8.21
6317624540,6317624544,8.21
6317624540,11201005886,4.47
11201005886,6317624540,4.47
6879730359,6879730358,16.99
6879730358,6879730359,16.99
6879730358,6879730357,5.03
6879730357,6879730358,5.03
6879730357,6879730356,5.04
6879730356,6879730357,5.04
6879730356,6879730355,47.78
6879730355,6879730356,47.78
6879730361,6879730360,38.59
6879730360,6879730361,38.59
6879759329,6879759307,3.55
6879759307,6879759329,3.55
6879759313,6879759312,2.47
6879759312,6879759307,3.63
6879759307,6879759309,3.84
6879759309,6879759308,2.94
11201005885,6879759316,4.33
6879759316,11201005885,4.33
6879759316,6879759315,8.11
6879759315,6879759316,8.11
6879759315,11201005884,5.50
11201005884,6879759315,5.50
1840291009,6879759321,6.17
6879759321,6879759320,4.85
6879759320,6892805407,4.40
6892805407,6879759319,3.08
6879759319,6879759318,3.56
6879759318,4551141113,6.35
2941446403,1842446712,5.37
1842446712,2941446403,5.37
1842446712,6307602813,4.36
6307602813,1842446712,4.36
6307602811,5911205384,22.07
5911205384,6307602811,22.07
11341203372,6879759328,6.63
6879759328,11341203372,6.63
6879759328,6879759327,8.17
6879759327,6879759328,8.17
6879759327,11341203371,4.87
11341203371,6879759327,4.87
11341142865,6317624550,5.15
6317624550,11341142865,5.15
6317624550,6317624551,8.43
6317624551,6317624550,8.43
6317624551,11341142864,4.69
11341142864,6317624551,4.69
11341142866,6317624549,4.36
6317624549,11341142866,4.36
6317624549,6317624548,8.28
6317624548,6317624549,8.28
6317624548,11341142863,5.20
11341142863,6317624548,5.20
11201005893,6317624542,5.88
6317624542,11201005893,5.88
6317624542,6879759330,7.97
6879759330,6317624542,7.97
6879759330,11201005898,4.60
11201005898,6879759330,4.60
4551141113,12985475604,8.99
12985475604,4551141113,8.99
12985475604,6886128485,0.46
6886128485,12985475604,0.46
6886128485,4551484169,9.95
4551484169,6886128485,9.95
1840291009,1842446691,9.46
1842446691,1840291009,9.46
1842446691,11341203375,5.05
11341203375,1842446691,5.05
4551141111,4551141112,9.42
4551141112,4551141111,9.42
6879759319,6886128485,5.06
6886128485,6879759319,5.06
1840291009,4551484169,19.98
11793918674,6946535815,4.37
6946535815,11793918674,4.37
6946535815,6946535816,5.98
6946535816,6946535815,5.98
6946535816,6886110365,8.16
6886110365,6946535816,8.16
6886110365,6959195353,5.91
6959195353,6886110365,5.91
6959195353,1843955858,14.24
1843955858,6959195353,14.24
6886228961,6886228959,7.25
6886228959,11635635069,12.84
11635635069,11635552708,40.08
11635552708,6886228960,11.62
6886228960,11635552691,10.41
11635552691,8294499400,34.34
8294499400,8294499401,10.84
8294499401,8294499402,6.63
8294499402,8294499403,5.56
8294499403,6988667555,33.30
6988667555,11635552723,6.65
11635552723,6988667554,41.75
6886228965,6886228964,25.06
6886228964,6886228965,25.06
6886228964,6988667642,7.23
6988667642,6886228964,7.23
6988667642,11745998733,25.82
11745998733,6988667642,25.82
6886228971,6886228970,25.67
6886228970,6886228971,25.67
6886228973,6886228972,36.89
6886228972,6886228973,36.89
6886228975,6886228974,41.61
6886228974,6886228975,41.61
6886256587,6886256586,38.44
6886256586,6886256587,38.44
6886353696,6886353695,8.57
6886353695,6886353696,8.57
5346936333,6886353698,7.02
6886353698,5346936333,7.02
6886353698,6886353697,8.51
6886353697,6886353698,8.51
6886353697,6886353696,5.43
6886353696,6886353697,5.43
6886418744,1840275612,23.05
1847297791,6886784250,26.53
6886784250,1847297791,26.53
6886784253,6310290613,8.43
6310290613,6886784253,8.43
6310290613,6310290497,12.53
6310290497,6310290613,12.53
6310290497,6886784252,12.16
6886784252,6310290497,12.16
342235014,1484741960,12.48
1484741960,342235014,12.48
342230206,6887318096,9.18
6887318096,342230206,9.18
6887318096,6887302874,12.78
6887302874,6887318096,12.78
6308695459,6308695460,13.17
6308695460,6308695459,13.17
6308695460,6308695458,9.15
6308695458,6308695460,9.15
6308695458,6308695461,7.56
6308695461,6308695458,7.56
6308695461,4592869855,11.10
4592869855,6308695461,11.10
4592869855,11317191162,44.71
11317191162,4592869855,44.71
11317191162,6988661341,126.40
6988661341,11317191162,126.40
6988661341,6301466847,8.85
6301466847,6988661341,8.85
6301466847,2941477817,39.86
2941477817,6301466847,39.86
2941477817,6988661340,11.77
6988661340,2941477817,11.77
6988661340,12549984747,3.55
12549984747,6988661340,3.55
12549984747,12549984744,13.18
12549984744,12549984747,13.18
12549984744,12549984746,19.98
12549984746,12549984744,19.98
12549984746,2941477809,32.82
2941477809,12549984746,32.82
2941477809,4592868974,11.38
4592868974,2941477809,11.38
4592868974,11639002952,31.66
11639002952,4592868974,31.66
11639002952,6327773242,2.53
6327773242,11639002952,2.53
6887314946,9061674033,52.68
9061674033,6887314946,52.68
9061674033,6991098356,9.93
6991098356,9061674033,9.93
6991098356,9061674043,1.54
9061674043,6991098356,1.54
9061674043,9061674037,3.65
9061674037,9061674043,3.65
9061674037,6991098357,2.80
6991098357,9061674037,2.80
6991098357,6991098358,16.04
6991098358,6991098357,16.04
6991098358,6991098359,26.01
6991098359,6991098358,26.01
6991098359,6991098360,26.09
6991098360,6991098359,26.09
6991098360,6991098361,19.43
6991098361,6991098360,19.43
6991098361,6887302873,17.36
6887302873,6991098361,17.36
6887302873,6887302875,5.15
6887302875,6887302873,5.15
6887302875,6887318092,7.69
6887318092,6887302875,7.69
6887302870,6887302873,10.93
6887302873,6887302870,10.93
6887302873,6887302868,15.35
6887302868,6887302873,15.35
6887302868,6887302867,8.59
6887302867,6887302868,8.59
6887302867,6887302850,18.22
6887302850,6887302867,18.22
6887318092,6887318090,15.11
6887318090,6887318092,15.11
6887318090,6887318089,10.32
6887318089,6887318090,10.32
6887318089,6887302854,25.47
6887302854,6887318089,25.47
6887302854,6887318087,29.11
6887318087,6887302854,29.11
6887318087,6887318086,25.63
6887318086,6887318087,25.63
6887318086,6887318085,11.07
6887318085,6887318086,11.07
6887318085,6887302884,15.41
6887302884,6887318085,15.41
6887302884,6887302883,11.60
6887302883,6887302884,11.60
6887302883,6887302882,18.03
6887302882,6887302883,18.03
6887302882,6887302881,16.92
6887302881,6887302882,16.92
6887302881,6887302880,8.87
6887302880,6887302881,8.87
6887302880,6887302879,10.41
6887302879,6887302880,10.41
6887302879,6887302878,12.59
6887302878,6887302879,12.59
6887302878,6991098353,8.48
6991098353,6887302878,8.48
6991098353,11336862295,4.45
11336862295,6991098353,4.45
6887302850,6887302851,6.77
6887302851,6887302850,6.77
6887302851,6308695459,5.08
6308695459,6887302851,5.08
6308695459,6887302852,7.65
6887302852,6308695459,7.65
6887302852,6887302853,6.71
6887302853,6887302852,6.71
6887302853,6307566064,18.49
6307566064,6887302853,18.49
6307566064,6307566063,8.56
6307566063,6307566064,8.56
6307566063,6887318092,15.51
6887318092,6307566063,15.51
6887318092,6887318091,10.90
6887318091,6887318092,10.90
6887314959,4592869940,14.97
4592869940,6887314959,14.97
4592869940,4685366322,34.14
4685366322,4592869940,34.14
4685366322,6988667531,26.70
6988667531,4685366322,26.70
6988667531,1843575196,11.07
1843575196,6988667531,11.07
1843575196,6988667532,12.53
6988667532,1843575196,12.53
6988667532,1843574934,10.01
1843574934,6988667532,10.01
6887314951,6887314955,7.91
6887314955,6887314952,5.56
6887314952,6887314959,7.24
6887314959,6887314953,7.37
6887314953,6887314954,5.83
6887314954,12988700562,4.02
12988700562,6887314950,3.83
6887314941,6887314940,15.86
6887314940,6887314941,15.86
6887314940,6887314951,3.48
6887314951,6887314940,3.48
6887314951,6887314950,6.33
6887314950,6887314951,6.33
6887314950,11336862299,8.63
11336862299,6887314956,7.22
6887314956,6887314957,8.73
6887297084,6887297083,5.56
6887297083,6887297084,5.56
6887297083,6887297082,11.63
6887297082,6887297083,11.63
6887297082,6887297081,6.91
6887297081,6887297082,6.91
6887297081,6887297079,11.63
6887297079,6887297081,11.63
6887297079,6887297078,8.18
6887297078,6887297079,8.18
6887297078,6024781866,16.23
6024781866,6887297078,16.23
6024781866,6887297075,6.66
6887297075,6024781866,6.66
6887297075,6887297074,11.22
6887297074,6887297075,11.22
6887297074,11342006044,6.22
11342006044,6887297074,6.22
11342006044,6887297073,7.70
6887297073,11342006044,7.70
6887297073,6887297071,8.29
6887297071,6887297073,8.29
6887297071,6887297070,8.22
6887297070,6887297071,8.22
6887297070,6887297069,7.93
6887297069,6887297070,7.93
6887297069,6887297084,3.92
6887297084,6887297069,3.92
6887347892,6887297074,8.52
6887297074,6887347895,11.35
6887347895,6308695455,4.70
6308695455,6308695454,8.21
6308695454,6887347896,4.90
6887347896,6887297083,6.90
6887297083,6887347893,6.65
6887347893,6887347894,3.18
6887347894,9397859247,2.17
9397859247,9397859246,1.70
9397859246,9397859245,3.28
9397859245,9397859244,4.48
9397859244,9397859243,1.59
9397859243,6887347891,2.06
6887347891,6887347890,3.07
6887347890,6887297082,6.85
6887297082,6887347889,6.69
6887347889,6887347888,5.00
6887347888,6887347887,8.19
6887347887,6887347886,4.66
6887347886,6887297075,11.51
6887297075,6887347885,8.30
6887347885,9397859242,1.79
9397859242,9397859241,1.89
9397859241,9397859240,7.82
9397859240,9397859239,1.32
9397859239,6887347892,1.40
6307580513,6024782136,9.75
6024782136,6307580513,9.75
6024782136,6024782129,7.73
6024782129,6024782136,7.73
6024782129,6307580520,8.26
6307580520,6024782129,8.26
6887353094,6887353093,12.11
6887353093,6887353094,12.11
6887353100,6887353099,10.27
6887353099,6887353100,10.27
6887353099,6887353098,7.92
6887353098,6887353099,7.92
6887353098,11342006048,12.56
11342006048,6887353098,12.56
11342006049,6887353102,13.04
6887353102,11342006049,13.04
6887353102,6887353103,7.93
6887353103,6887353102,7.93
6887353103,6307580524,10.23
6307580524,6887353103,10.23
6887353107,6887353115,4.68
6887353115,6887353107,4.68
6887353115,6024781875,4.52
6024781875,6887353115,4.52
6887353107,6024781876,18.12
6024781876,6887353107,18.12
6024781876,6024781877,12.55
6024781877,6024781876,12.55
6024781877,6024781878,35.75
6024781878,6024781877,35.75
6024781878,6883728486,15.65
6883728486,6024781878,15.65
6883728486,6024781879,15.32
6024781879,6883728486,15.32
6024781879,6024781880,16.79
6024781880,6024781879,16.79
6024781880,6024781881,1.25
6024781881,6024781880,1.25
6024781881,6024781882,0.04
6024781882,6024781881,0.04
6024781882,6024781883,1.48
6024781883,6024781882,1.48
6024781875,6887353109,15.86
6887353109,6024781875,15.86
6887353109,6887353110,7.96
6887353110,6887353109,7.96
6887353110,11342012194,19.96
11342012194,6887353110,19.96
11342012194,6887353112,4.56
6887353112,11342012194,4.56
6887353119,6887353118,5.19
6887353118,6887353119,5.19
6887353118,6887353113,9.59
6887353113,6887353118,9.59
6887353113,6307566068,9.82
6307566068,6887353113,9.82
6307566068,6307566067,7.95
6307566067,6307566068,7.95
6307566067,6887353115,15.85
6887353115,6307566067,15.85
6887353115,6990796012,8.71
6990796012,6887353115,8.71
6887369398,6887369397,10.09
6887369397,6887369395,4.92
6887369395,6887431164,9.95
6887431164,6887369396,14.28
6887369400,6887431163,15.00
6887431163,6887369399,10.02
6887369399,6887369398,4.89
6887379952,6887379951,10.28
6887379951,6887379952,10.28
6887379950,6887379949,42.29
6887379949,6887379950,42.29
6887379949,11429483765,25.32
11429483765,6887379949,25.32
11429483765,11429483766,37.30
11429483766,11429483765,37.30
11429483766,6887379950,24.26
6887379950,11429483766,24.26
6892758203,11009469762,7.90
11009469762,6892758203,7.90
11009469762,6892758202,34.73
6892758202,11009469762,34.73
6892805410,11006693944,6.23
11006693944,6892805410,6.23
11006693944,11006693927,25.83
11006693927,11006693944,25.83
11006693927,6892805409,22.04
6892805409,11006693927,22.04
6892805409,11006693924,30.13
11006693924,6892805409,30.13
4584301629,4584301630,68.35
4584301630,4584301629,68.35
1946518352,6892914594,18.67
6892914594,1946518764,5.40
342236323,6988667626,13.31
6988667626,342236323,13.31
6988667626,11635484296,25.68
11635484296,6988667626,25.68
11635484296,6988667625,5.20
6988667625,11635484296,5.20
6988667625,342236329,9.18
342236329,6988667625,9.18
342236329,6988667624,11.01
6988667624,342236329,11.01
6988667624,342236331,11.35
342236331,6988667624,11.35
342236331,6988667622,8.43
6988667622,342236331,8.43
6988667622,1946518668,34.37
1946518668,6988667622,34.37
1946518668,342237138,24.16
342237138,1946518668,24.16
1843869739,576989624,16.89
576989624,1843869739,16.89
6918323494,6918323493,26.74
6918323493,6918323494,26.74
4583911406,4583911405,33.52
4583911405,6919732796,5.72
6919732796,507807990,6.71
12089832200,4681969048,17.35
4681969048,12089832200,17.35
4681969048,507807690,21.32
507807690,4681969048,21.32
4592868885,6946154872,23.47
6946154872,4592868885,23.47
6946154872,6959218895,10.29
6959218895,6946154872,10.29
6959218895,2276695581,12.63
2276695581,6959218895,12.63
4592868883,6879708577,5.05
6879708577,4592868883,5.05
6879708577,4592868882,105.46
4592868882,6879708577,105.46
4592868882,4592868880,4.90
4592868880,4592868882,4.90
2941477735,9309028229,40.50
9309028229,2941477735,40.50
9309028229,10909521034,26.06
10909521034,9309028229,26.06
10909521034,9309028234,21.42
9309028234,10909521034,21.42
9309028234,4592868886,35.17
4592868886,9309028234,35.17
6946165102,6946165101,23.13
6946165101,6946165102,23.13
1880064077,6946165104,36.57
6946165104,1880064077,36.57
5531790449,5531790450,13.18
5531790450,5531790449,13.18
5531790450,4578288280,11.40
4578288280,5531790450,11.40
4655549708,11341846490,7.51
11341846490,4655549708,7.51
11341846490,12084095337,20.33
12084095337,11341846490,20.33
12084095337,6946165106,12.51
6946165106,12084095337,12.51
6946165106,4551141120,22.86
4551141120,6946165106,22.86
6946165116,11341136682,23.40
11341136682,6946165116,23.40
4655547956,7185443010,12.90
7185443010,4655547956,12.90
7185443010,4655547952,11.81
4655547952,7185443010,11.81
6946165133,10079489208,41.13
10079489208,6946165133,41.13
10079489208,6946165132,0.96
6946165132,10079489208,0.96
6946165132,10079489209,1.03
10079489209,6946165132,1.03
10079489209,6946165131,7.97
6946165131,10079489209,7.97
4655549074,4655549073,30.80
4655549073,4655549074,30.80
4584299358,1847297745,20.60
1847297745,4584299358,20.60
6887369399,6946535592,10.67
6946535592,6887369399,10.67
6946535592,6946535591,19.94
6946535591,6946535592,19.94
6946535591,6887369395,10.78
6887369395,6946535591,10.78
1843955591,6946535596,45.72
6946535596,1843955591,45.72
6946535596,6946535593,5.71
6946535593,6946535596,5.71
6946535593,9362752641,6.37
9362752641,6946535593,6.37
9362752641,9362752640,5.82
9362752640,9362752641,5.82
9362752640,6946535595,6.41
6946535595,9362752640,6.41
6946535595,12048145643,30.49
12048145643,6946535595,30.49
12048145643,1843955681,31.62
1843955681,12048145643,31.62
6946535601,9362752635,10.73
9362752635,6946535601,10.73
9362752635,9362752637,79.40
9362752637,9362752635,79.40
576989628,6946535590,3.11
6946535590,576989628,3.11
6946535590,6946535635,16.23
6946535635,6946535590,16.23
6946535632,6946535589,4.52
6946535589,6946535632,4.52
6946535589,6946535631,15.76
6946535631,6946535589,15.76
6946535631,6946535633,9.51
6946535633,6946535631,9.51
6946535633,6967343914,31.96
6967343914,6946535633,31.96
6967343914,6967343927,67.69
6967343927,6967343914,67.69
6967343927,6946535628,56.28
6946535628,6967343927,56.28
6946535628,6946535634,14.06
6946535634,6946535628,14.06
6946535634,6967343917,22.75
6967343917,6946535634,22.75
6967343917,6967343919,88.31
6967343919,6967343917,88.31
6967343919,11413374566,51.67
11413374566,6967343919,51.67
11413374566,6967343922,89.74
6967343922,11413374566,89.74
6967343922,6967343923,12.35
6967343923,6967343922,12.35
6967343923,11413374550,22.03
11413374550,6967343923,22.03
11413374550,12415420917,15.06
12415420917,11413374550,15.06
12415420917,6946535636,7.76
6946535636,12415420917,7.76
6946535636,6946535637,60.26
6946535637,6946535636,60.26
6946535637,6946535638,9.44
6946535638,6946535637,9.44
6946535638,11429555543,30.69
11429555543,6946535638,30.69
11429555543,11429555568,20.50
11429555568,11429555543,20.50
11429555568,6946535635,28.58
6946535635,11429555568,28.58
6946535635,6946535639,4.27
6946535639,6946535635,4.27
6946535639,6946535641,23.04
6946535641,6946535639,23.04
6946535641,11429603772,77.42
11429603772,6946535641,77.42
11429603772,6946535640,112.50
6946535640,11429603772,112.50
1847297643,10904889994,26.51
10904889994,1847297643,26.51
10904889994,6946535754,22.90
6946535754,10904889994,22.90
6946535761,11946153162,4.49
11946153162,6946535761,4.49
11946153162,6946535758,13.72
6946535758,11946153162,13.72
6946535760,6946535758,30.03
6946535758,6946535760,30.03
6946535758,6946535759,16.21
6946535759,6946535758,16.21
6946535759,6988667599,7.47
6988667599,6946535759,7.47
6988667599,6988667598,5.88
6988667598,6988667599,5.88
6988667598,10089510120,43.69
10089510120,6988667598,43.69
10089510120,6988667597,0.87
6988667597,10089510120,0.87
6988667597,10089510119,0.75
10089510119,6988667597,0.75
10089510119,6988667596,22.35
6988667596,10089510119,22.35
1847297795,1847297552,30.26
1847297552,1847297795,30.26
1847297552,1847297565,8.26
1847297565,1847297552,8.26
1847297565,11643225131,7.01
11643225131,1847297565,7.01
6582480275,10904890003,5.84
10904890003,6582480275,5.84
10904890003,6946535764,53.57
6946535764,10904890003,53.57
6959195343,6946535768,33.18
6946535768,6959195343,33.18
6946535768,6946535767,12.92
6946535767,6946535768,12.92
6946535776,11007909862,28.53
11007909862,6946535776,28.53
6946535778,6946535777,47.69
6946535777,6946535778,47.69
11007909816,6946535776,29.27
6946535776,11007909816,29.27
6946535776,6946535777,17.77
6946535777,6946535776,17.77
6946535777,11007909857,1.77
11007909857,6946535777,1.77
11007909857,11007909868,29.86
11007909868,11007909857,29.86
6946535792,10089498513,34.42
10089498513,6946535792,34.42
10089498513,4597857037,1.70
4597857037,10089498513,1.70
4597857037,10089498514,1.67
10089498514,4597857037,1.67
10089498514,10089498511,24.51
10089498511,10089498514,24.51
10089498511,4597857036,1.97
4597857036,10089498511,1.97
4597857036,10089498512,1.83
10089498512,4597857036,1.83
10089498512,1843954971,25.32
1843954971,10089498512,25.32
4592868171,6946535795,17.81
6946535795,4592868171,17.81
6946535795,6959195360,52.01
6959195360,6946535795,52.01
6959195360,4592868170,5.82
4592868170,6959195360,5.82
4592868170,4592868171,50.81
4592868171,4592868170,50.81
10909398602,6946535797,3.88
6946535797,10909398602,3.88
6946535797,6946535796,21.65
6946535796,6946535797,21.65
4573038424,6946535807,11.41
6946535807,4573038424,11.41
6946535807,11194900507,18.64
11194900507,6946535807,18.64
11194900507,4573039189,31.52
4573039189,11194900507,31.52
6946165131,11341875856,13.06
11341875856,6946165131,13.06
11341875856,11341241546,40.81
11341241546,11341875856,40.81
1847297848,6946535755,37.61
6946535755,1847297848,37.61
5538162796,4597857052,62.76
4597857052,5538162796,62.76
4597857052,4597857060,28.05
4597857060,4597857052,28.05
4597857060,6887304149,14.89
6887304149,4597857060,14.89
6887304149,4597857061,20.92
4597857061,6887304149,20.92
4597857061,1847297551,37.54
1847297551,4597857061,37.54
1847297551,1847297820,34.84
1847297820,1847297551,34.84
6959195354,11793854660,18.19
11793854660,6959195354,18.19
11793854660,6959195353,11.03
6959195353,11793854660,11.03
6959195363,10909468008,27.79
10909468008,6959195363,27.79
10909468008,6959195373,5.90
6959195373,10909468008,5.90
6959195378,6959195377,3.52
6959195377,6959195378,3.52
6959195377,6959195376,7.80
6959195376,6959195377,7.80
6959195383,10905557175,11.05
10905557175,6959195383,11.05
10905557175,10907409707,1.56
10907409707,10905557175,1.56
10907409707,6959195382,13.75
6959195382,10907409707,13.75
2276695580,6946165094,64.88
6946165094,2276695580,64.88
6946165094,4592884115,24.53
4592884115,6946165094,24.53
6959218896,2276695581,24.86
2276695581,6959218896,24.86
6959218909,6959218908,26.42
6959218908,6959218909,26.42
4655550736,11201005897,55.21
11201005897,4655550736,55.21
4551141122,4655759602,29.61
4655759602,4551141122,29.61
6967343896,12052133505,6.23
12052133505,6967343896,6.23
12052133505,6967343895,24.56
6967343895,12052133505,24.56
6946535601,9362752636,7.83
9362752636,6946535601,7.83
9362752636,6967343897,26.55
6967343897,9362752636,26.55
6967343906,11420978493,23.58
11420978493,6967343906,23.58
11420978493,10916921136,13.87
10916921136,11420978493,13.87
10916921136,6967343905,36.32
6967343905,10916921136,36.32
6967343905,11420978513,112.12
11420978513,6967343905,112.12
11420978513,7539003368,9.62
7539003368,11420978513,9.62
7539003368,11420978514,15.74
11420978514,7539003368,15.74
11420978514,11420978495,108.82
11420978495,11420978514,108.82
11420978495,6967343904,9.04
6967343904,11420978495,9.04
11420978490,11420978489,11.24
11420978489,11420978490,11.24
11420978489,6967343909,26.04
6967343909,11420978489,26.04
6967343909,6967343908,12.12
6967343908,6967343909,12.12
6967343908,11420978490,26.15
11420978490,6967343908,26.15
11420978490,11420978491,1.38
11420978491,11420978490,1.38
11420978491,6967343907,1.64
6967343907,11420978491,1.64
6967343912,6967343911,23.16
6967343911,6967343912,23.16
10922665718,10922732882,73.38
10922732882,10922665718,73.38
10922732882,10922665741,74.08
10922665741,10922732882,74.08
10922665741,4663283981,65.67
4663283981,10922665741,65.67
4663283981,4593425498,28.44
4593425498,4663283981,28.44
4593425498,11421113745,15.55
11421113745,4593425498,15.55
11421113745,1843955240,6.09
1843955240,11421113745,6.09
1843955240,11421113744,4.41
11421113744,1843955240,4.41
11421113744,11421113743,18.10
11421113743,11421113744,18.10
11421113743,11421113742,1.79
11421113742,11421113743,1.79
11421113742,11417285402,1.61
11417285402,11421113742,1.61
11417285402,11421113741,23.09
11421113741,11417285402,23.09
11421113741,11421113694,3.53
11421113694,11421113741,3.53
11421113694,11421113740,6.91
11421113740,11421113694,6.91
11421113740,11421113739,19.14
11421113739,11421113740,19.14
11421113739,11421113725,2.60
11421113725,11421113739,2.60
11421113725,11421113730,2.78
11421113730,11421113725,2.78
11421113730,11421113727,29.10
11421113727,11421113730,29.10
11421113727,11421113729,3.03
11421113729,11421113727,3.03
11421113729,6967343913,11.13
6967343913,11421113729,11.13
6967343913,11421113723,6.63
11421113723,6967343913,6.63
11421113723,11421113721,7.09
11421113721,11421113723,7.09
11421113721,11421113724,8.02
11421113724,11421113721,8.02
11421113724,11421113720,8.51
11421113720,11421113724,8.51
11421113720,11421113717,14.68
11421113717,11421113720,14.68
11421113717,11421113714,1.24
11421113714,11421113717,1.24
11421113714,11421113712,30.09
11421113712,11421113714,30.09
11421113712,11421113736,22.54
11421113736,11421113712,22.54
11421113736,11421113710,7.72
11421113710,11421113736,7.72
11421113710,11421113737,5.20
11421113737,11421113710,5.20
11421113737,11421113738,14.66
11421113738,11421113737,14.66
11421113738,11421113708,8.79
11421113708,11421113738,8.79
11421113708,6967343921,37.71
6967343921,11421113708,37.71
6967343922,10922665718,16.28
10922665718,6967343922,16.28
6988555195,12170806996,56.98
12170806996,6988555195,56.98
12170806996,6988555194,2.81
6988555194,12170806996,2.81
6988555248,6988555247,19.57
6988555247,6988555248,19.57
6988555247,6988555246,4.25
6988555246,6988555247,4.25
6988555246,6988555245,3.65
6988555245,6988555246,3.65
6988555245,6988555244,10.78
6988555244,6988555245,10.78
6988667540,1880068023,15.85
1880068023,6988667540,15.85
1880068023,6988667541,5.51
6988667541,1880068023,5.51
6988667541,1880068029,5.21
1880068029,6988667541,5.21
1880068029,6310290602,6.41
6310290602,1880068029,6.41
6988667538,1880068026,7.09
1880068026,6988667538,7.09
1880068026,1880068032,8.49
1880068032,1880068026,8.49
1880068032,1880068030,7.92
1880068030,1880068032,7.92
1880068030,6988667539,7.70
6988667539,1880068030,7.70
11639002957,6988661348,39.14
6988661348,11639002957,39.14
577939057,11639002958,33.82
11639002958,577939057,33.82
577939080,4583911562,11.96
4583911562,577939080,11.96
4583911562,6988661383,29.61
6988661383,4583911562,29.61
6988661383,4583911561,33.30
4583911561,6988661383,33.30
4597855729,4597855730,14.51
4597855730,4597855729,14.51
4597855730,4597855728,9.41
4597855728,4597855730,9.41
4597855936,6988667501,68.13
6988667501,4597855936,68.13
6988667501,6988667500,53.42
6988667500,6988667501,53.42
6988667500,6988667499,44.52
6988667499,6988667500,44.52
4592869233,6988667519,25.10
6988667519,4592869233,25.10
6988667529,6988667528,28.63
6988667528,6988667529,28.63
6988667553,8593529416,35.52
8593529416,6988667553,35.52
8593529416,8593529413,20.00
8593529413,8593529416,20.00
8593529413,11635552709,22.89
11635552709,8593529413,22.89
11635552709,6886228960,6.42
6886228960,11635552709,6.42
6698477172,6698477173,8.82
6698477173,6887314951,15.90
6698477172,6887314943,3.18
6887314943,6698477174,232.38
6698477175,12988700561,230.64
12988700561,6887314941,1.62
6887314941,6698477173,2.99
4631903644,6988667557,28.00
6988667557,4631903644,28.00
6988667557,11009459135,5.20
11009459135,6988667557,5.20
11009459135,5052133955,3.16
5052133955,11009459135,3.16
4572948843,4572948661,72.30
4572948661,4572948843,72.30
4572948661,4572948660,4.67
4572948660,4572948661,4.67
4572948660,4572948659,4.12
4572948659,4572948660,4.12
4572948659,4572948658,6.67
4572948658,4572948659,6.67
4572948658,4572948657,6.20
4572948657,4572948658,6.20
4572948657,4572948656,5.05
4572948656,4572948657,5.05
4572948656,4572948655,16.90
4572948655,4572948656,16.90
6988667562,11156231216,2.05
11156231216,6988667562,2.05
11156231216,6988667561,29.81
6988667561,11156231216,29.81
6988667561,11156231205,13.19
11156231205,6988667561,13.19
11156231205,6988667560,22.63
6988667560,11156231205,22.63
1946518288,6988667572,16.06
6988667572,1946518288,16.06
4597856870,11156463995,1.14
11156463995,6988667574,3.86
6988667574,6988667573,9.78
6988667573,6988667575,1.52
6988667575,6301368543,2.76
6988667576,6988667578,6.24
6988667578,6988667576,6.24
6988667577,6988667576,10.47
6988667576,6988667577,10.47
6301368532,6988667579,3.12
6988667579,6301368532,3.12
6988667579,6988667577,1.73
6988667577,6988667579,1.73
11384768745,6988667595,5.56
6988667595,11384768745,5.56
6988667595,10089510139,19.76
10089510139,6988667595,19.76
10089510139,10089510138,3.01
10089510138,10089510139,3.01
10089510138,10089510137,3.10
10089510137,10089510138,3.10
10089510137,6988667594,32.73
6988667594,10089510137,32.73
1847297640,1847297550,19.06
1847297550,6988667605,6.29
6988667605,6988667606,6.21
6988667606,1847297789,5.09
1847297789,4584301644,5.24
4584301644,1847297741,43.30
342237138,1946518764,24.79
1946518764,342237138,24.79
1946518764,6988667619,7.88
6988667619,1946518764,7.88
6988667619,6988667620,5.97
6988667620,6988667619,5.97
1843955529,1843955003,39.18
1843955003,1843955529,39.18
1843955003,4597856874,9.74
4597856874,1843955003,9.74
4597856874,1843955597,18.68
1843955597,4597856874,18.68
1843955597,1843955969,25.40
1843955969,1843955597,25.40
1843955969,1843955066,26.57
1843955066,1843955969,26.57
1843955066,6946535745,2.65
6946535745,1843955066,2.65
6946535745,6946535746,2.54
6946535746,6946535745,2.54
6946535746,6946535747,2.42
6946535747,6946535746,2.42
6946535747,6946535748,4.07
6946535748,6946535747,4.07
6946535748,6946535744,15.34
6946535744,6946535748,15.34
6946535744,1843955128,15.26
1843955128,6946535744,15.26
1843955128,6946535742,2.71
6946535742,1843955128,2.71
6946535742,6946535743,2.36
6946535743,6946535742,2.36
6946535743,1843955135,2.41
1843955135,6946535743,2.41
1843955135,1843955537,12.16
1843955537,1843955135,12.16
4592869791,6990776008,32.34
6990776008,4592869791,32.34
4592869746,6990776025,13.94
6990776025,4592869746,13.94
6990776025,4592869752,8.44
4592869752,6990776025,8.44
4592869741,6301370541,10.22
6301370541,4592869741,10.22
6707839840,6990776043,13.31
6990776043,6707839840,13.31
6990776043,2941471723,24.00
2941471723,6990776043,24.00
6990795992,6990795991,45.78
6990795991,6990795992,45.78
6990795991,4587670022,10.21
4587670022,6990795991,10.21
6990796008,6990796004,86.63
6990796004,6990796008,86.63
6990796016,6990796015,2.34
6990796015,6990796016,2.34
6990796015,6990796014,2.06
6990796014,6990796015,2.06
6990796014,6990796013,2.04
6990796013,6990796014,2.04
6990796013,6990796012,106.00
6990796012,6990796013,106.00
6024782085,6990796022,177.88
6990796022,6024782085,177.88
6990956467,6990956468,17.86
6990956468,6990956467,17.86
6990956479,6990959485,18.51
6990959485,6990956479,18.51
6990959485,6990956484,24.68
6990956484,6990959485,24.68
6990956484,6990956483,12.37
6990956483,6990956484,12.37
6990956483,6990956482,2.96
6990956482,6990956483,2.96
6990956482,6990956481,2.62
6990956481,6990956482,2.62
6990956481,6990956480,3.19
6990956480,6990956481,3.19
6990956480,6990956479,19.20
6990956479,6990956480,19.20
6990959494,11981050368,38.24
11981050368,6990959494,38.24
11981050368,6990959493,14.11
6990959493,11981050368,14.11
6990959496,6990959495,56.82
6990959495,6990959496,56.82
6990959501,6990959499,39.87
6990959499,6990959501,39.87
6990959499,11194942978,28.87
11194942978,6990959499,28.87
11194942978,6990959498,43.15
6990959498,11194942978,43.15
6990959498,11194942970,16.32
11194942970,6990959498,16.32
6990959504,6990959503,31.19
6990959503,6990959504,31.19
6990959503,1851793474,17.28
1851793474,6990959503,17.28
3392861304,6990959509,42.21
6990959509,3392861304,42.21
6990959509,6990959506,11.21
6990959506,6990959509,11.21
6990959507,6990959506,12.24
6990959506,6990959507,12.24
6990959508,6990959507,18.59
6990959507,6990959508,18.59
6990959511,6990959512,19.08
6990959512,6990959511,19.08
6990959510,6990959511,16.48
6990959511,6990959510,16.48
1845774486,6990959513,17.64
6990959513,1845774486,17.64
6990959513,4592868580,10.95
4592868580,6990959513,10.95
1847323181,1847323457,51.73
1847323457,1847323181,51.73
6990959534,11336930520,25.59
11336930520,6990959534,25.59
11336930520,11336930526,8.20
11336930526,11336930520,8.20
11336930526,11336930521,4.65
11336930521,11336930526,4.65
4592868075,4583912091,22.09
4583912091,4592868075,22.09
11009484196,6991098347,82.97
6991098347,11009484196,82.97
6991098367,6991098366,16.97
6991098366,6991098367,16.97
6991098369,6991098367,45.28
6991098367,6991098369,45.28
6991098367,6991098368,75.61
6991098368,6991098367,75.61
6991098371,6991098366,28.38
6991098366,6991098371,28.38
6991098366,6991098370,76.02
6991098370,6991098366,76.02
6991098373,6991098368,13.55
6991098368,6991098373,13.55
6991098368,6991098370,16.68
6991098370,6991098368,16.68
6991098370,10974935634,21.12
10974935634,6991098370,21.12
6991138309,6991138308,21.64
6991138308,6991138309,21.64
11006456842,4592868003,39.81
4592868003,11006456842,39.81
6991138312,4592868003,49.72
4592868003,6991138312,49.72
388274216,4583912082,28.84
4583912082,4583912068,26.65
1843955858,1851793457,65.17
1851793457,6946535813,4.69
6946535813,6886748330,4.74
6886748330,4573038442,5.97
4573038442,4573038813,5.12
4573038813,1851793460,5.46
1851793460,4573038812,6.29
4573038812,4573038811,10.49
4573038811,1851793463,48.49
1946518443,342236329,143.63
5297635246,6946165130,46.18
6946165130,4551484159,94.01
4551484159,1842439709,17.98
507879079,6305478364,11.17
6305478364,507879079,11.17
6305478364,4681969288,14.10
4681969288,6305478364,14.10
4681969288,507879075,32.32
507879075,4681969288,32.32
507879075,4681969286,14.76
4681969286,507879075,14.76
4681969286,4681969532,42.37
4681969532,4681969286,42.37
4681969532,1885988015,9.73
1885988015,4681969532,9.73
1885988015,11688419190,32.04
11688419190,1885988015,32.04
11688419190,4681969530,9.15
4681969530,11688419190,9.15
4681969530,11688419195,17.23
11688419195,4681969530,17.23
11688419195,4681969525,9.26
4681969525,11688419195,9.26
4681969525,4681969523,10.64
4681969523,4681969525,10.64
4681969523,13208046508,38.98
13208046508,4681969523,38.98
13208046508,11688498261,1.10
11688498261,13208046508,1.10
11688498261,6301369937,10.27
6301369937,11688498261,10.27
6301369937,4681969520,10.83
4681969520,6301369937,10.83
4681969520,11952493032,22.33
11952493032,4681969520,22.33
11952493032,6301369936,4.65
6301369936,11952493032,4.65
6301369936,1885988014,6.76
1885988014,6301369936,6.76
1885988014,4681969491,59.83
4681969491,1885988014,59.83
4681969491,4681969426,11.26
4681969426,4681969491,11.26
4681969426,4681969489,13.16
4681969489,4681969426,13.16
4681969489,4681969420,33.80
4681969420,4681969489,33.80
4681969420,4681969423,4.22
4681969423,4681969420,4.22
4681969423,11952494201,11.64
11952494201,4681969423,11.64
11952494201,11952494205,25.13
11952494205,11952494201,25.13
11952494205,4681969417,5.85
4681969417,11952494205,5.85
4681969417,4681969415,27.76
4681969415,4681969417,27.76
4681969415,11952493002,21.42
11952493002,4681969415,21.42
11952493002,4583911418,49.73
4583911418,11952493002,49.73
4583911418,4583911417,10.02
4583911417,4583911418,10.02
4583911417,507879028,8.10
507879028,4583911417,8.10
507879028,507808027,7.08
507808027,507879028,7.08
507808027,507808016,23.73
507808016,507808027,23.73
507808016,507807990,26.12
507807990,507808016,26.12
507807990,507807982,31.36
507807982,507807990,31.36
507807982,4583911415,5.39
4583911415,507807982,5.39
4583911415,4583911401,6.26
4583911401,4583911415,6.26
4583911401,4583911414,8.18
4583911414,4583911401,8.18
4583911414,507807972,12.54
507807972,4583911414,12.54
507807972,4583911399,17.07
4583911399,507807972,17.07
4583911399,6879695876,8.94
6879695876,4583911399,8.94
6879695876,507807963,4.34
507807963,6879695876,4.34
507807963,4583911398,15.62
4583911398,507807963,15.62
4583911398,4583911397,13.86
4583911397,4583911398,13.86
4583911397,4583911396,17.90
4583911396,4583911397,17.90
4583911396,11688433361,18.06
11688433361,4583911396,18.06
11688433361,4681969315,17.37
4681969315,11688433361,17.37
4681969315,4681969313,55.68
4681969313,4681969315,55.68
4681969313,6710933581,39.66
6710933581,4681969313,39.66
6710933581,4681969311,49.09
4681969311,6710933581,49.09
4681969311,507886913,4.62
507886913,4681969311,4.62
507886913,4681969309,28.88
4681969309,507886913,28.88
4681969309,11952493005,51.90
11952493005,4681969309,51.90
11952493005,4681969306,10.68
4681969306,11952493005,10.68
4681969306,12358503420,15.80
12358503420,4681969306,15.80
12358503420,6305478365,5.58
6305478365,12358503420,5.58
6305478365,507878988,10.98
507878988,6305478365,10.98
507878988,4681969299,6.17
4681969299,507878988,6.17
4681969299,6305478366,11.04
6305478366,4681969299,11.04
6305478366,4681969304,3.84
4681969304,6305478366,3.84
4681969304,11103154380,18.67
11103154380,4681969304,18.67
11103154380,11952494183,19.71
11952494183,11103154380,19.71
11952494183,12203449132,16.30
12203449132,11952494183,16.30
12203449132,6879730360,15.17
6879730360,12203449132,15.17
6879730360,12203449131,11.83
12203449131,6879730360,11.83
1946518843,6310290590,94.43
6310290590,1946518843,94.43
6310290590,1848746551,35.03
1848746551,6310290590,35.03
1848746551,6310290517,30.18
6310290517,1848746551,30.18
6310290517,4597855739,31.82
4597855739,6310290517,31.82
4597855739,4584377277,26.16
4584377277,4597855739,26.16
4584377277,6310290519,24.89
6310290519,4584377277,24.89
6310290519,6310290518,17.58
6310290518,6310290519,17.58
6310290518,4573039070,18.68
4573039070,6310290518,18.68
4573039070,4573039066,31.95
4573039066,4573039070,31.95
1946518687,11551990246,80.42
11551990246,1946518687,80.42
11551990246,1946518843,20.80
1946518843,11551990246,20.80
11163682224,11163682215,4.24
11163682215,11163682224,4.24
11163682215,4573039204,8.31
4573039204,11163682215,8.31
4573039204,11635552683,6.38
11635552683,4573039204,6.38
11635552683,342232444,11.74
342232444,11635552683,11.74
342232444,6988667553,43.51
6988667553,342232444,43.51
6988667553,11635552689,6.53
11635552689,6988667553,6.53
11635552689,1946518685,48.58
1946518685,11635552689,48.58
1946518685,6988667554,11.83
6988667554,1946518685,11.83
6988667554,4592867862,12.58
4592867862,6988667554,12.58
4592867862,12549999111,1.10
12549999111,4592867862,1.10
12549999111,6988667648,13.26
6988667648,12549999111,13.26
6988667648,5346885405,5.24
5346885405,6988667648,5.24
5346885405,5346936337,5.73
5346936337,5346885405,5.73
5346936337,10900346248,4.07
10900346248,5346936337,4.07
10900346248,1847323253,10.37
1847323253,10900346248,10.37
4537625039,7535181185,15.78
7535181185,4537625039,15.78
7535181185,12096159570,13.05
12096159570,7535181185,13.05
12096159570,10124361674,45.83
10124361674,12096159570,45.83
10124361674,7535157784,44.64
7535157784,10124361674,44.64
7535157784,7535157783,26.76
7535157783,7535157784,26.76
7535157783,10124361673,26.32
10124361673,7535157783,26.32
10124361673,10124361676,15.57
10124361676,10124361673,15.57
7535181213,7535181212,13.57
7535181212,7535181213,13.57
7535181212,7535181211,6.16
7535181211,7535181212,6.16
7535181211,7535181210,5.48
7535181210,7535181211,5.48
7535181210,7535181209,15.06
7535181209,7535181210,15.06
7535181209,7535181208,4.69
7535181208,7535181209,4.69
7535181208,7535181207,17.16
7535181207,7535181208,17.16
7535181207,10124361675,11.72
10124361675,7535181207,11.72
10124361675,7535181206,15.90
7535181206,10124361675,15.90
11316513208,11316513207,6.88
11316513207,11316513208,6.88
11316513207,11316513206,4.92
11316513206,11316513207,4.92
11316513206,11316513205,2.08
11316513205,11316513206,2.08
11316513205,11316513204,5.04
11316513204,11316513205,5.04
11316513204,7535181236,5.75
7535181236,11316513204,5.75
7535181236,7535181235,14.36
7535181235,7535181236,14.36
7535181235,7535181234,64.83
7535181234,7535181235,64.83
7535181234,7535181233,6.43
7535181233,7535181234,6.43
7535181233,7535181232,14.77
7535181232,7535181233,14.77
7535181232,7535181231,7.22
7535181231,7535181232,7.22
7535181231,7535181230,31.06
7535181230,7535181231,31.06
7535181230,7535181229,5.20
7535181229,7535181230,5.20
7535181229,7535181228,9.16
7535181228,7535181229,9.16
7535181228,7535181227,6.02
7535181227,7535181228,6.02
7535181227,7535181226,4.91
7535181226,7535181227,4.91
7535181226,7535181225,20.03
7535181225,7535181226,20.03
6946535598,1843955591,62.65
1843955591,6946535598,62.65
6946535593,10922732886,3.63
10922732886,6946535593,3.63
10922732886,10922732885,41.67
10922732885,10922732886,41.67
10922732885,11420978512,4.36
11420978512,10922732885,4.36
11420978512,7539003368,8.08
7539003368,11420978512,8.08
4592867832,7542457508,45.63
7542457508,4592867832,45.63
7542457508,1946518755,23.86
1946518755,7542457508,23.86
8262418663,9228337760,27.40
9228337760,12988689754,83.21
12988689754,10790019779,4.16
10790019779,9487715557,14.48
8593529414,11635552707,1.41
11635552707,8593529414,1.41
11635552707,8593529415,6.46
8593529415,11635552707,6.46
8593529415,8593529413,10.14
8593529413,8593529415,10.14
8593529413,11635552698,10.40
11635552698,8593529413,10.40
11635552698,11635552699,24.12
11635552699,11635552698,24.12
11635552699,11635552700,24.56
11635552700,11635552699,24.56
8593529415,10900673580,17.44
10900673580,8593529415,17.44
8593620823,8593620824,12.99
8593620824,8593620823,12.99
8593620824,8593620825,26.13
8593620825,8593620824,26.13
8593620825,8593620826,15.02
8593620826,8593620825,15.02
8593620826,8593620820,33.70
8593620820,8593620826,33.70
8593620820,8593620827,27.69
8593620827,8593620820,27.69
6969713784,10741941826,3.99
10741941826,6969713784,3.99
10741941826,10905419693,33.81
10905419693,10741941826,33.81
10905419693,9919718128,32.55
9919718128,10905419693,32.55
9919718128,9919718127,14.46
9919718127,9919718128,14.46
9919718127,4584301481,12.90
4584301481,9919718127,12.90
6698477174,11927085480,9.45
11927085480,6698477174,9.45
11927085480,9061661577,10.03
9061661577,11927085480,10.03
9061661577,9061661578,22.90
9061661578,9061661577,22.90
9061661578,9061661579,24.80
9061661579,9061661578,24.80
9061661579,4592869796,44.54
4592869796,9061661579,44.54
1947750190,1880066950,7.07
1880066950,1947750190,7.07
1880066950,4592869795,12.19
4592869795,1880066950,12.19
4592869795,4592869663,7.47
4592869663,4592869795,7.47
4592869663,1880066947,5.17
1880066947,4592869663,5.17
1880066947,4592869794,14.16
4592869794,1880066947,14.16
4592869794,1880066936,24.18
1880066936,4592869794,24.18
1880066936,6990776013,8.99
6990776013,1880066936,8.99
6990776013,6990776012,8.78
6990776012,6990776013,8.78
6990776012,1880066926,8.95
1880066926,6990776012,8.95
1880066926,4592869793,10.86
4592869793,1880066926,10.86
4592869793,4592869792,6.71
4592869792,4592869793,6.71
4592869792,6990776010,4.64
6990776010,4592869792,4.64
6990776010,1880066923,5.39
1880066923,6990776010,5.39
1880066923,4592869791,3.80
4592869791,1880066923,3.80
4592869442,9061661580,15.83
9061661580,4592869442,15.83
9061661580,9061661581,19.19
9061661581,9061661580,19.19
9061661582,9061661581,81.35
9061661581,9061661582,81.35
9061661581,6887314940,138.30
6887314940,9061661581,138.30
9061661583,11336862302,228.65
11336862302,9061661583,228.65
11336862302,6887314946,20.63
6887314946,11336862302,20.63
11336862298,6887314949,9.29
6887314949,11336862298,9.29
6887314949,9061661584,7.06
9061661584,6887314949,7.06
9061661584,6024782133,8.24
6024782133,9061661584,8.24
6024782133,6887314946,14.38
6887314946,6024782133,14.38
9061674039,9061674042,3.33
9061674042,9061674039,3.33
9061674042,11336862288,3.35
11336862288,9061674042,3.35
9061674036,9061674039,4.31
9061674039,9061674036,4.31
9061674039,9061674040,13.04
9061674040,9061674039,13.04
9061674040,9061674041,3.15
9061674041,9061674040,3.15
9061674041,9061674042,13.11
9061674042,9061674041,13.11
9061674042,11336862287,14.06
11336862287,9061674042,14.06
11336862287,11336862290,3.44
11336862290,11336862287,3.44
6887314943,6887314941,8.86
6887314941,6887314943,8.86
11120897117,11045424449,14.18
11045424449,11120897117,14.18
11120897118,11120897124,19.38
11120897124,11120897118,19.38
4537607519,4592868880,11.37
4592868880,4537607519,11.37
9063224220,9063224221,62.77
9063224221,9063224220,62.77
9133402284,9133402283,25.92
9133402283,9133402284,25.92
9139001390,10792594771,6.13
10792594771,9139001390,6.13
10792594771,9139001391,59.00
9139001391,10792594771,59.00
4584301995,9139010279,6.22
9139010279,4584301995,6.22
9139010279,6969713750,6.89
6969713750,9139010279,6.89
9227194388,10790032215,17.56
10790032215,9227194389,33.25
9227194389,9487715554,16.48
9487715554,9227194390,12.69
9227194390,10792343415,14.23
10792343415,9179701817,2.57
9228337757,9487715570,19.95
9487715570,9487715542,14.45
9487715542,10033965434,13.97
10033965434,9228337756,17.14
9228337756,9343361987,12.73
9343361987,9228337754,16.70
9228337754,10033965417,13.15
10033965417,9228337753,14.00
9228337753,9487715541,13.68
9487715541,10033965466,18.12
10033965466,10033965449,13.11
10033965449,9228337751,10.66
9228337751,10033912395,12.15
9919674340,9228337759,34.79
9228337759,10792594746,25.33
10792594746,9228337757,14.03
9054489148,12988689753,38.43
12988689753,10790032213,3.19
10790032213,10792580046,2.17
10792580046,9487715555,10.08
4592868887,1843574682,83.29
1843574682,4592868887,83.29
910005956,10909521020,10.51
10909521020,910005956,10.51
10909521020,4592868885,2.55
4592868885,10909521020,2.55
4592868885,910005957,20.47
910005957,4592868885,20.47
910005957,910005961,47.26
910005961,910005957,47.26
910005961,910005963,66.74
910005963,910005961,66.74
9362752637,9362752638,21.03
9362752638,9362752637,21.03
9362752638,9362752639,14.46
9362752639,9362752638,14.46
9362752639,9309075435,10.10
9309075435,9362752639,10.10
9309075435,1843955681,55.29
1843955681,9309075435,55.29
4584301481,4681968733,28.78
4681968733,342233539,77.12
342233539,12993625716,38.18
12993625716,12519188210,63.93
12519188210,12519188211,28.73
6967343902,10922495912,11.23
10922495912,6967343902,11.23
9487715543,9919674340,38.70
9394308327,9749167536,130.09
9749167536,9487715544,57.83
9394308325,9394308329,93.05
9394308330,9394308327,91.88
9394308329,10795856315,145.80
10795856315,5297403649,25.52
6990796012,6997486924,4.74
6997486924,6990796012,4.74
6997486924,6997486925,5.51
6997486925,6997486924,5.51
6997486925,1947750094,4.10
1947750094,6997486925,4.10
1947750094,4587670010,26.19
4587670010,1947750094,26.19
4587670010,6883728488,8.18
6883728488,4587670010,8.18
6883728488,1947750217,8.30
1947750217,6883728488,8.30
6887303603,6887302850,2.53
6887302850,6887303603,2.53
6887302850,6308695462,5.30
6308695462,6887302850,5.30
6308695462,6887302853,7.60
6887302853,6308695462,7.60
6887302853,6887303604,2.33
6887303604,6887302853,2.33
11342006038,11342006037,9.27
11342006037,11342006038,9.27
11342006037,6887314949,49.23
6887314949,11342006037,49.23
10033965451,10792594740,32.90
10792594740,9749167536,22.39
10033912390,10033965428,6.48
10033965428,10033965460,7.02
10033965460,10033965445,10.20
10033965445,10033912415,8.65
10033912415,10033912399,8.64
10033912399,10033965443,11.67
10033965443,10033965432,13.00
10033965432,10033912398,10.13
10033912398,10033965459,7.69
10033965459,9749167538,8.30
9749167538,10033965424,8.69
10033965424,10033965472,9.67
10033965472,10033965454,7.18
10033965454,10033965423,10.43
10033965423,10033912409,7.34
10033912409,10033965452,6.24
10033965452,9749167539,12.76
9749167539,10033965474,7.69
10033965474,10033965457,8.95
10033965457,10033965426,9.45
10033965426,10033912411,8.59
10033912411,10033965456,8.67
10033965456,10033965440,7.11
10033965440,10033912410,6.99
10033912410,10033965473,10.88
10033965473,10033912405,9.51
10033912405,10033965468,7.57
10033965468,10033965437,11.19
10033965437,9749167540,12.23
9749167540,9749167541,11.87
9749167541,10033965450,11.40
10033965450,10033965419,10.45
10033965419,10033912404,11.26
10033912404,9749167542,12.07
9749167542,10033965422,13.69
10033965422,10033965470,12.34
10033965470,10033965451,11.86
9919674399,10790022099,17.81
10790022099,10795856319,45.98
10795856319,9919674394,32.10
9227194388,10790032214,18.06
10790032214,10033965464,17.00
10033965464,9919674410,15.41
9919674410,9919674409,13.29
9919674409,9919674408,9.46
9919674408,9919674407,6.80
9919674407,9919674406,6.22
9919674406,9919674405,6.90
9919674405,9919674404,10.15
9919674404,9919674403,5.55
9919674403,9919674402,5.46
9919674402,9919674401,5.30
9919674401,9919674400,5.39
9919674400,9919674397,18.10
9919674397,10033912392,17.79
10033912392,10790022096,15.28
10790022096,9919674394,10.04
8262418663,10033912394,37.68
10033912394,9919718124,15.35
9919718124,9919718123,16.01
9919718123,9919718122,14.58
9919718122,9919718121,8.82
9919718121,9919718120,6.74
9919718120,9919718119,5.26
9919718119,9919718118,5.75
9919718118,10033965462,5.71
10033965462,9919718117,5.49
9919718117,9919674416,6.50
9919674416,9919674415,6.48
9919674415,9919674414,7.45
9919674414,9919674413,7.18
9919674413,9919674412,16.36
9919674412,10033912393,22.17
9179701820,9487715555,18.93
9970863700,9970863699,54.03
9970863699,9970863700,54.03
10089510141,10089510140,32.41
10089510140,10089510141,32.41
7535181225,7535181224,5.07
7535181224,7535181225,5.07
7535181224,7535181223,4.16
7535181223,7535181224,4.16
7535181223,7535181222,10.52
7535181222,7535181223,10.52
7535181222,7535181221,8.03
7535181221,7535181222,8.03
7535181221,4592868721,18.34
4592868721,7535181221,18.34
10124361676,7535157782,13.34
7535157782,10124361676,13.34
7535157782,7535157781,21.49
7535157781,7535157782,21.49
7535157781,4592868721,36.80
4592868721,7535157781,36.80
10312327536,10312327535,18.75
10312327535,10312327536,18.75
10312327535,6988667605,13.55
6988667605,10312327535,13.55
10547781946,10547781945,47.27
10547781945,10547781946,47.27
10547781949,10547781948,27.17
10547781948,10547781949,27.17
10547781948,10547781947,4.29
10547781947,10547781948,4.29
10547781947,6708399641,3.93
6708399641,10547781947,3.93
10547781951,10547781950,60.06
10547781950,10547781951,60.06
10547781950,11922515644,37.44
11922515644,10547781950,37.44
4655759594,10563627333,5.65
10563627333,11341846518,5.55
11341846518,11341846519,10.00
11341846519,11341846520,7.63
11341846520,11341846521,4.62
11341846521,11335691040,6.19
10563627334,10563627335,11.43
10563627335,10563627334,11.43
10563627335,10563627336,3.83
10563627336,10563627335,3.83
10563627336,10563627337,2.73
10563627337,10563627336,2.73
10879556351,10863322505,17.00
10863322505,10879556351,17.00
10863322505,4584301791,43.60
4584301791,10863322505,43.60
6179169908,6179169907,10.69
6990959486,6990956479,11.65
6990956479,6990959486,11.65
4583912082,11009470971,6.16
11009470971,4583912082,6.16
11009470971,4583912079,3.16
4583912079,11009470971,3.16
10741941816,10741941815,23.79
10741941815,10741941816,23.79
9919718128,10741941822,13.22
10741941822,9919718128,13.22
10741941822,10741941821,6.24
10741941821,10741941822,6.24
10741941821,10741941819,6.68
10741941819,10741941821,6.68
10741941819,10741941818,52.94
10741941818,10741941819,52.94
10741941817,10741941819,49.91
10741941819,10741941817,49.91
10741941823,10741941822,62.52
10741941822,10741941823,62.52
10741941827,10741941828,10.35
10741941828,10962339868,47.47
10962339868,10962339870,23.99
10962339870,10741941830,49.94
10783565007,1484741959,12.32
1484741959,10783565007,12.32
7513636077,1840234411,13.84
1840234411,9394308330,66.72
9487715557,9919674399,23.73
10790019748,10795800826,1.83
10795800826,10790019748,1.83
10795800826,10790022099,6.06
10790022099,10795800826,6.06
10790022099,10790022098,4.52
10790022098,10790022099,4.52
10790022098,10790022097,42.17
10790022097,10790022098,42.17
10790022097,9179701817,5.52
9179701817,10790022097,5.52
9179701817,10795800825,3.74
10795800825,9179701817,3.74
10795800825,10789961795,1.97
10789961795,10795800825,1.97
9919674399,9179701820,51.90
10790019756,10790019757,12.03
10790019757,10790019756,12.03
10790019757,10790019759,26.71
10790019759,10790019757,26.71
10790019759,10790019760,20.65
10790019760,10790019759,20.65
10790019760,10790019761,24.35
10790019761,10790019760,24.35
10790019761,10790019762,18.95
10790019762,10790019761,18.95
10790019762,10790019763,20.28
10790019763,10790019762,20.28
10790019763,10790019764,22.58
10790019764,10790019763,22.58
10790019764,10790019765,53.89
10790019765,10790019764,53.89
10790019765,10790019766,16.30
10790019766,10790019765,16.30
10790019766,10790019767,7.18
10790019767,10790019766,7.18
10790019767,10792594765,2.58
10792594765,10790019767,2.58
10792594765,10790019778,3.45
10790019778,10792594765,3.45
10790019803,10795800823,3.62
10795800823,10790019803,3.62
10795800823,10790019782,6.18
10790019782,10795800823,6.18
10790019782,10790019781,4.69
10790019781,10790019782,4.69
10790019781,10790019780,38.15
10790019780,10790019781,38.15
10790019780,10790019779,6.91
10790019779,10790019780,6.91
10790019779,10795800822,6.53
10795800822,10790019779,6.53
10795800822,10790019778,1.93
10790019778,10795800822,1.93
10789961793,12476120270,2.61
12476120270,10789961793,2.61
12476120270,10790019786,2.30
10790019786,12476120270,2.30
10790019786,10789961792,7.08
10789961792,10790019786,7.08
10789961792,10789961791,9.00
10789961791,10789961792,9.00
10789961791,12065247524,7.29
12065247524,10789961791,7.29
12065247524,10792343422,27.70
10792343422,12065247524,27.70
10792343422,6236336779,3.74
6236336779,10792343422,3.74
6236336779,6236336754,4.32
6236336754,6236336779,4.32
6236336754,11432631110,32.17
11432631110,6236336754,32.17
11432631110,11432631109,22.05
11432631109,11432631110,22.05
11432631109,10792343418,27.12
10792343418,11432631109,27.12
10792343418,6236336753,1.74
6236336753,10792343418,1.74
6236336753,10792343419,1.76
10792343419,6236336753,1.76
10792343419,10792343420,5.68
10792343420,10792343419,5.68
10792343420,10741941828,1.90
10741941828,10792343420,1.90
10741941828,10792343421,1.83
10792343421,10741941828,1.83
10792343421,4606311628,28.41
4606311628,10792343421,28.41
4606311628,6887379951,15.95
6887379951,4606311628,15.95
6887379951,11429483763,39.77
11429483763,6887379951,39.77
11429483763,6887379948,1.02
6887379948,11429483763,1.02
6887379948,11429483764,16.80
11429483764,6887379948,16.80
11429483764,6179169908,4.26
6179169908,11429483764,4.26
6179169908,6286106793,38.43
6286106793,6179169908,38.43
6286106793,4606311630,7.79
4606311630,6286106793,7.79
4606311630,6238462680,24.49
6238462680,4606311630,24.49
6238462680,4606311629,59.15
4606311629,6238462680,59.15
4606311629,6179169380,69.64
6179169380,4606311629,69.64
6179169380,10741941832,8.36
10741941832,6179169380,8.36
10741941832,6179169378,34.59
6179169378,10741941832,34.59
6179169378,6179169379,6.00
6179169379,6179169378,6.00
6179169379,6179169376,6.68
6179169376,6179169379,6.68
6179169376,6179169377,3.76
6179169377,6179169376,3.76
6179169377,6886784252,14.75
6886784252,6179169377,14.75
6886784252,10920309916,141.54
10920309916,6886784252,141.54
10920309916,6887431163,46.80
6887431163,10920309916,46.80
6887431163,6887431164,31.90
6887431164,6887431163,31.90
6887431164,10998430104,58.57
10998430104,6887431164,58.57
10998430104,10998452011,31.51
10998452011,10998430104,31.51
10998452011,10998452013,23.54
10998452013,10998452011,23.54
10998452013,5021787567,19.67
5021787567,10998452013,19.67
5021787567,10998429416,14.60
10998429416,5021787567,14.60
10998429416,10998429437,50.58
10998429437,10998429416,50.58
10998429437,6286106789,43.73
6286106789,10998429437,43.73
6286106789,10949902137,12.86
10949902137,6286106789,12.86
10949902137,10949902140,22.17
10949902140,10949902137,22.17
10949902140,4593457499,16.32
4593457499,10949902140,16.32
4593457499,4671260294,34.32
4671260294,4593457499,34.32
4671260294,4671260305,97.81
4671260305,4671260294,97.81
4671260305,4671260308,56.59
4671260308,4671260305,56.59
4671260308,12601564517,9.12
12601564517,4671260308,9.12
12601564517,2932654266,95.89
2932654266,12601564517,95.89
2932654266,6179169321,4.34
6179169321,2932654266,4.34
6179169321,6179169339,4.44
6179169339,6179169321,4.44
6179169339,6179169381,38.88
6179169381,6179169339,38.88
6179169381,6241445166,5.57
6241445166,6179169381,5.57
6241445166,6179169357,38.32
6179169357,6241445166,38.32
5021787580,6864471925,16.72
6864471925,6864471919,60.80
6864471919,9054489148,23.36
10790019786,10795800824,2.11
10795800824,10790019786,2.11
10795800824,10790019785,9.12
10790019785,10795800824,9.12
10790019785,10790019784,4.14
10790019784,10790019785,4.14
10790019784,10792594738,2.46
10792594738,10790019784,2.46
10792594738,10790032213,12.31
10790032213,10792594738,12.31
10790032213,10790019783,10.76
10790019783,10790032213,10.76
10790019783,10790019804,3.12
10790019804,10790019783,3.12
10792586518,13056522472,15.27
13056522472,10792586518,15.27
13056522472,12168558933,58.71
12168558933,13056522472,58.71
12168558933,10792594787,7.33
10792594787,12168558933,7.33
10792594787,10792594786,41.19
10792594786,10792594787,41.19
10792594786,10792594782,42.42
10792594782,10792594786,42.42
10792594782,10860300029,64.73
10860300029,10792594782,64.73
10860300029,10792594781,7.89
10792594781,10860300029,7.89
10792594781,10860273409,11.11
10860273409,10792594781,11.11
10860273409,10792594779,15.54
10792594779,10860273409,15.54
10792594779,10792594776,27.06
10792594776,10792594779,27.06
10792594776,10792594774,21.14
10792594774,10792594776,21.14
10792594774,10792594773,9.62
10792594773,10792594774,9.62
10792594773,10792594772,20.04
10792594772,10792594773,20.04
10792594772,10792594771,3.83
10792594771,10792594772,3.83
10790019792,10792586518,6.30
10792586518,10790019792,6.30
9487715555,10790019782,16.53
10790019782,10792594769,3.81
9179701817,9227194391,9.35
9227194391,9179701820,9.45
10790019755,10795800821,2.90
10795800821,10790019755,2.90
10795800821,10790019754,7.84
10790019754,10795800821,7.84
10790019754,10790019753,5.86
10790019753,10790019754,5.86
10790019753,10790019752,9.56
10790019752,10790019753,9.56
10790019752,10790019751,8.87
10790019751,10790019752,8.87
10790019751,10795800820,9.44
10795800820,10790019751,9.44
10795800820,10790019750,2.10
10790019750,10795800820,2.10
9919674340,9394308325,149.56
9487715555,9487715557,50.03
9343491856,9179701824,13.39
9179701824,8262418663,95.72
9343491860,9227194372,85.28
9227194372,10792594634,12.72
10792594634,10790019751,3.44
10790019751,9919674399,13.09
7513636077,9227194377,24.81
9227194377,10033965425,11.06
10033965425,10805163961,3.38
9487715557,10790019754,13.41
10790019754,10792594637,2.13
10792594637,9487715565,8.92
9487715565,9487715558,17.66
9487715558,9487715559,21.34
9487715559,9228337765,25.48
4584301679,10860267297,8.51
10860267297,4584301679,8.51
10860267297,10860267298,33.42
10860267298,10860267297,33.42
10860267299,10860267304,7.43
10860267304,10860267299,7.43
10860267304,3386070767,45.38
3386070767,10860267304,45.38
10860267301,10860273409,5.24
10860273409,10860267301,5.24
10860273409,10860267303,2.54
10860267303,10860273409,2.54
10860267303,10860267302,14.04
10860267302,10860267303,14.04
10860267304,10860273406,6.49
10860273406,10860267304,6.49
10860273406,10860273405,11.90
10860273405,10860273406,11.90
10860273407,3386071836,41.65
3386071836,10860273407,41.65
10860300019,10860300020,15.16
10860300020,10860300019,15.16
4584301678,10860300021,7.16
10860300021,4584301678,7.16
10860300020,10860300022,4.66
10860300022,10860300020,4.66
10860300021,10860300022,44.43
10860300022,10860300021,44.43
10860300028,10860300031,9.41
10860300031,10860300028,9.41
10860300031,10860300029,1.76
10860300029,10860300031,1.76
4584301666,10860300037,8.82
10860300037,4584301666,8.82
3386070767,10792594786,3.22
10792594786,3386070767,3.22
10792594786,10933823029,15.26
10933823029,10792594786,15.26
3386071842,3386108074,23.01
3386108074,3386071842,23.01
3386108074,10860326952,6.07
10860326952,3386108074,6.07
1844115331,10860326962,5.76
10860326962,1844115331,5.76
10860326962,10860326963,12.24
10860326963,10860326962,12.24
10860326963,11946062421,7.55
11946062421,10860326963,7.55
10860326963,10860326964,6.17
10860326964,10860326963,6.17
10860326964,10860326965,30.62
10860326965,10860326964,30.62
10860326965,10792594774,22.70
10792594774,10860326965,22.70
6946535761,1847297619,21.32
1847297619,6946535761,21.32
10863284197,10863284198,24.64
10863284198,10863284197,24.64
10863284198,10741941815,10.88
10741941815,10863284198,10.88
10863284199,10909251637,11.05
10909251637,10863284199,11.05
10909251637,10863284200,13.27
10863284200,10909251637,13.27
10863284200,10741941815,7.64
10741941815,10863284200,7.64
10863284201,10863284202,14.05
10863284202,10863284201,14.05
10863284202,10863284203,9.58
10863284203,10863284202,9.58
10863284203,10863284204,4.36
10863284204,10863284203,4.36
10863322505,10863322506,38.59
10863322506,10863322505,38.59
10863284204,12475410255,3.27
12475410255,10863284204,3.27
12475410255,4584301479,3.76
4584301479,12475410255,3.76
10863322521,10863322522,28.25
10863322522,10863322521,28.25
10863322522,12475410253,19.82
12475410253,10863322522,19.82
12475410253,12475410254,4.90
12475410254,12475410253,4.90
12475410254,12475410255,5.98
12475410255,12475410254,5.98
10860300030,10863322522,17.52
10863322522,10860300030,17.52
6883829415,4681968732,19.81
4681968732,6883829415,19.81
4584301691,10865597130,14.24
10865597130,4584301691,14.24
10865597130,10865597131,8.80
10865597131,10865597130,8.80
1847297786,1847297757,38.07
1847297757,1847297603,15.13
6893066600,1847297762,29.46
1847297762,6893066600,29.46
1847297762,6988667607,5.43
6988667607,1847297762,5.43
6988667607,6893066599,4.91
6893066599,6988667607,4.91
6893066599,1847297790,4.35
1847297790,6893066599,4.35
1847297790,6988667608,9.26
6988667608,1847297790,9.26
6988667608,1847297725,6.30
1847297725,6988667608,6.30
1847297725,1847297575,6.47
1847297575,1847297725,6.47
10869384306,10869384307,28.22
10869384307,10869384306,28.22
4584301687,10869384307,12.12
10869384307,4584301687,12.12
10869384307,4584301789,17.79
4584301789,10869384307,17.79
10869384308,4584301789,27.55
4584301789,10869384308,27.55
10869384313,10869384309,7.57
10869384309,10869384313,7.57
10869384314,10869384311,8.39
10869384311,10869384314,8.39
10869397454,10792594611,9.93
10792594611,10869397454,9.93
10566591778,10879556351,30.57
10879556351,10566591778,30.57
10881952249,10881952250,11.03
10881952250,10881952249,11.03
10884945374,10884945376,6.20
10884945376,10884945374,6.20
10884945376,10884945375,13.65
10884945375,10884945376,13.65
10881952250,10881952251,49.70
10881952251,10881952250,49.70
10895044609,4464777437,18.26
4464777437,10895044619,47.05
10895044619,10895044630,24.98
10895044630,10895044618,19.32
10895044618,10895044648,9.43
10895044648,4464777432,12.07
4464777432,10895044617,45.58
10895044617,10895044616,14.08
10895044616,10900343782,17.35
10900343782,10895044615,26.00
10895044615,10900343786,24.57
10900343786,11635526310,19.51
11635526310,10895044614,20.28
10895044614,10895044613,10.87
10895044613,10895044612,4.17
10895044612,10895044611,22.95
10895044611,10895044645,45.51
10895044645,10895044629,7.10
10895044629,10895044610,20.81
10895044610,10895044608,71.45
10895044608,10895044641,28.67
10895044641,10900343784,4.85
10900343784,10900343783,70.18
10900343783,10895044609,13.70
10895044629,11635526302,2.99
11635526302,10895044629,2.99
11635526302,10895044633,7.68
10895044633,11635526302,7.68
10895044633,11635526309,24.37
11635526309,10895044633,24.37
11635526309,10895044642,10.39
10895044642,11635526309,10.39
10895044642,11635526308,8.85
11635526308,10895044642,8.85
11635526308,11635526311,24.98
11635526311,11635526308,24.98
11635526311,10895044631,24.96
10895044631,11635526311,24.96
10895044631,11635526303,31.47
11635526303,10895044631,31.47
11635526303,10895044618,6.90
10895044618,11635526303,6.90
10895044634,10900343785,23.93
10900343785,10895044634,23.93
10900343785,10895044643,11.43
10895044643,10900343785,11.43
10895044643,11635526324,7.54
11635526324,10895044643,7.54
11635526324,11635526312,26.03
11635526312,11635526324,26.03
11635526312,10895044632,25.05
10895044632,11635526312,25.05
10895044632,11635526322,33.26
11635526322,10895044632,33.26
11635526322,11635526304,2.41
11635526304,11635526322,2.41
11635526304,10895044630,2.34
10895044630,11635526304,2.34
10895044631,10895044632,19.69
10895044632,10895044631,19.69
10895044633,11635526306,9.12
11635526306,10895044633,9.12
11635526306,10895044634,11.53
10895044634,11635526306,11.53
10895044635,11635526317,1.68
11635526317,10895044635,1.68
11635526317,10895044609,7.95
10895044609,11635526317,7.95
10895044640,11635526314,1.81
11635526314,10895044640,1.81
11635526314,10895044641,9.04
10895044641,11635526314,9.04
10895044644,10895044645,12.88
10895044645,10895044644,12.88
10895044647,10895044648,14.79
10895044648,10895044647,14.79
10895062580,6988667663,8.64
6988667663,10895062580,8.64
1844115877,1844115268,32.86
1844115268,1844115877,32.86
4584301793,4584301794,27.43
4584301794,4584301793,27.43
4584301684,4584301480,18.70
4584301480,4584301684,18.70
4584301480,10860273407,20.51
10860273407,4584301480,20.51
10860273407,4584301792,20.99
4584301792,10860273407,20.99
10900343782,10895044631,69.62
10895044631,10900343782,69.62
10895044632,11635526327,28.48
11635526327,10895044632,28.48
11635526327,11635526316,34.67
11635526316,11635526327,34.67
11635526316,10900343783,8.11
10900343783,11635526316,8.11
10900343784,11635526315,8.94
11635526315,10900343784,8.94
11635526315,11635526329,33.58
11635526329,11635526315,33.58
11635526329,10900343785,28.83
10900343785,11635526329,28.83
10900343786,11635526308,74.79
11635526308,10900343786,74.79
10900346248,10900346249,10.55
10900346249,10900346248,10.55
10900346249,10900346250,29.79
10900346250,10900346249,29.79
10900346250,10900346251,11.45
10900346251,10900346250,11.45
10900350045,7807020771,7.93
7807020771,10900350045,7.93
7807020771,7807020770,61.72
7807020770,7807020771,61.72
7807020770,5346681308,10.79
5346681308,7807020770,10.79
5346681308,5346936333,6.37
5346936333,5346681308,6.37
5346936333,10900350047,9.27
10900350047,5346936333,9.27
10900350047,10900350048,79.66
10900350048,10900350047,79.66
10900350048,6886403364,2.47
6886403364,10900350048,2.47
6886403364,10900350045,11.97
10900350045,6886403364,11.97
507807611,13190454482,6.95
13190454482,507807611,6.95
11098141053,9664332478,31.41
9664332478,9664332479,35.27
9664332479,9664332480,41.56
9664332480,9664332481,41.87
9664332481,9664332482,35.54
9664332482,9664332483,49.62
9664332483,9664332484,60.63
9664332484,9664332485,59.36
9664332485,9664332486,60.64
9664332486,9664332487,55.22
9664332487,9664332488,68.39
9664332488,13190454524,35.58
13190454524,9664332489,33.49
9664332489,13190454522,38.38
13190454522,9664332490,32.12
9664332490,9664332491,72.61
9664332491,9664332492,111.03
9664332492,9664332493,121.51
9664332493,13190454519,113.86
13190454519,11432791192,76.56
11432791196,13190454520,72.85
13190454520,9664332590,115.90
9664332590,9664332589,121.42
9664332589,9664332588,111.06
9664332588,9664332587,72.22
9664332587,13190454523,38.85
13190454523,9664332586,37.49
9664332586,9664332585,61.80
9664332585,9664332584,64.09
9664332584,9664332583,55.22
9664332583,9664332582,66.02
9664332582,9664332581,61.93
9664332581,11688433346,32.31
11688433346,9664332580,32.04
9664332580,9664332579,42.37
9664332579,9664332578,44.95
9664332578,9664332577,34.86
9664332577,9664332576,41.05
9664332576,9664332575,55.06
9664332575,11098141054,23.00
9664332592,9664332591,139.27
9664332494,9664332495,140.04
10900387931,507807645,50.52
507807645,10900387931,50.52
10900387956,10900387957,17.79
10900387957,10900387956,17.79
10900673578,11635552702,8.17
11635552702,10900673578,8.17
11635552702,10900673579,31.16
10900673579,11635552702,31.16
10900673579,8593529414,16.12
8593529414,10900673579,16.12
4584301476,10904889978,8.13
10904889978,4584301476,8.13
10904889978,10904889979,6.06
10904889979,10904889978,6.06
10904889979,11673825705,11.46
11673825705,10904889979,11.46
1847297621,6946535761,17.36
6946535761,1847297621,17.36
10904889989,10904889990,28.41
10904889990,10904889989,28.41
6946535754,10904889991,41.14
10904889991,6946535754,41.14
1847297643,5538162796,13.83
5538162796,1847297643,13.83
4681968824,10904937990,20.50
10904937990,4681968824,20.50
4681968824,6241445171,30.74
6241445171,4681968824,30.74
4681968833,4681968832,3.97
4681968832,4681968833,3.97
4681968832,4681968829,20.71
4681968829,4681968832,20.71
5021787586,4681968822,9.24
4681968822,5021787586,9.24
4681968822,10904937993,6.77
10904937993,4681968822,6.77
10904937993,10904937990,40.48
10904937990,10904937993,40.48
10904937990,10904937989,3.34
10904937989,10904937990,3.34
10905047508,10983313232,31.03
10983313232,10905047508,31.03
10983313232,10905047509,11.65
10905047509,10983313232,11.65
10905047508,10905047512,11.80
10905047512,10905047508,11.80
10905047542,10905047543,16.51
10905047543,11002525929,11.26
11002525929,10905047544,2.20
10905047544,10905047545,19.33
10905047545,10905047546,19.16
10905047546,10905047548,72.22
10905047548,10905047549,6.25
10905047549,4681968822,30.77
10905419693,10905419695,2.47
10905419695,10905419693,2.47
10905419695,10905419694,20.79
10905419694,10905419695,20.79
342234392,10905559872,2.78
10905559872,342234392,2.78
10905559872,10905559875,16.51
10905559875,10905559872,16.51
10905559885,10905559887,2.99
10905559887,10905559885,2.99
10905559887,10905559886,11.02
10905559886,10905559887,11.02
10905559888,10905559900,2.76
10905559900,10905559888,2.76
10905559900,10905559889,8.49
10905559889,10905559900,8.49
10905559889,10905559890,10.44
10905559890,10905559889,10.44
6179169357,6868204011,21.92
6868204011,10905047515,52.11
10905047515,10905047516,3.89
10905047516,10905047517,38.77
10905047517,10905047518,15.15
10905047518,10905047519,7.40
10905047519,10905047521,25.48
10790019803,10792594770,4.24
10792594770,10790019803,4.24
10792594770,10790019801,16.38
10790019801,10792594770,16.38
10790019801,10790019800,31.99
10790019800,10790019801,31.99
10790019800,9919718127,35.63
9919718127,10790019800,35.63
9919718127,10790019798,9.57
10790019798,9919718127,9.57
10790019798,12040782467,7.72
12040782467,10790019798,7.72
12040782467,10790019796,18.49
10790019796,12040782467,18.49
10790019796,10790019793,86.96
10790019793,10790019796,86.96
10790019793,10790019792,7.95
10790019792,10790019793,7.95
10790019755,10790019768,2.40
10790019768,10790019755,2.40
10790019768,10792594638,1.79
10792594638,10790019768,1.79
10792594638,10790019769,5.67
10790019769,10792594638,5.67
10790019769,10790019770,6.77
10790019770,10790019769,6.77
10790019770,10790019771,9.62
10790019771,10790019770,9.62
10790019771,10790019772,13.17
10790019772,10790019771,13.17
10790019772,10790019773,22.46
10790019773,10790019772,22.46
10790019773,10790019774,17.89
10790019774,10790019773,17.89
10790019774,10790019775,10.47
10790019775,10790019774,10.47
10790019775,10790019776,15.28
10790019776,10790019775,15.28
10790019776,10790019777,16.72
10790019777,10790019776,16.72
10790019777,10792594727,5.73
10792594727,10790019777,5.73
10906465908,11863309735,28.65
11863309735,10906465908,28.65
11863309735,11863309731,43.08
11863309731,11863309735,43.08
11863309731,10968366319,25.82
10968366319,11863309731,25.82
10968366319,10968366317,49.81
10968366317,10968366319,49.81
10968366317,10906465909,34.23
10906465909,10968366317,34.23
10906465909,10792594611,15.05
10792594611,10906465909,15.05
10909251637,10909251638,38.57
10909251638,10909251637,38.57
10909251642,10909251643,37.86
10909251643,10909251642,37.86
1847297676,10909251647,27.80
10909251647,1847297676,27.80
10909251652,10909251651,5.79
10909251651,10909251652,5.79
10909251651,10909251650,18.76
10909251650,10909251651,18.76
10909251650,6988667610,33.00
6988667610,10909251650,33.00
6988667616,10909251653,22.81
10909251653,6988667616,22.81
10909417781,10909417784,9.60
10909417784,10909417781,9.60
10909417784,10909417782,36.06
10909417782,10909417784,36.06
10909417782,1843955544,6.83
1843955544,10909417782,6.83
1843955544,10909417783,6.07
10909417783,1843955544,6.07
10909417783,10909417785,33.47
10909417785,10909417783,33.47
10909417785,5519169122,10.90
5519169122,10909417785,10.90
10909417785,10909417800,20.18
10909417800,10909417785,20.18
10909417800,10909417801,19.80
10909417801,10909417800,19.80
10909417801,10909417802,5.02
10909417802,10909417801,5.02
10909417802,10909417803,17.92
10909417803,10909417802,17.92
1880064077,10909417800,10.12
10909417800,1880064077,10.12
10909417800,10909418908,11.33
10909418908,10909417800,11.33
10909418914,10909418915,7.83
10909418915,10909418914,7.83
10909418915,10909418916,13.14
10909418916,10909418915,13.14
10909418916,4535949092,3.21
4535949092,10909418916,3.21
4535780280,1851793459,18.53
1851793459,4535780280,18.53
10909418928,10909418929,4.67
10909418929,10909418928,4.67
10909418929,10909418930,33.94
10909418930,10909418929,33.94
10909418930,10909418931,24.96
10909418931,10909418930,24.96
1847323412,11006733419,4.74
11006733419,1847323412,4.74
11006733419,11120897133,35.08
11120897133,11006733419,35.08
7535181206,7535181205,16.54
7535181205,7535181206,16.54
7535181205,7535181204,10.04
7535181204,7535181205,10.04
7535181204,7535181203,8.15
7535181203,7535181204,8.15
7535181203,7535181202,25.58
7535181202,7535181203,25.58
910005963,4592868886,34.01
4592868886,910005963,34.01
4537620452,10909521037,6.53
10909521037,4537620452,6.53
10909521037,10909578405,60.35
10909578405,10909521037,60.35
10909578405,2941477735,10.20
2941477735,10909578405,10.20
4537612802,6946154879,10.40
6946154879,4537612802,10.40
10909521008,10909521009,48.26
10909521009,10909521008,48.26
6307602821,10909521012,78.39
10909521012,6307602821,78.39
10909521012,6024782085,3.70
6024782085,10909521012,3.70
10909521015,10909521016,1.43
10909521016,10909521015,1.43
10909521016,10909521017,2.66
10909521017,10909521016,2.66
10909521017,10909521018,1.39
10909521018,10909521017,1.39
10909521018,10909521019,4.86
10909521019,10909521018,4.86
10909521015,6946154870,4.49
6946154870,10909521015,4.49
10909521019,10909521020,2.44
10909521020,10909521019,2.44
10909521034,10909521035,3.68
10909521035,10909521034,3.68
10909521035,10909521036,36.08
10909521036,10909521035,36.08
10909521036,4592868886,21.72
4592868886,10909521036,21.72
10909521040,10909521046,13.22
10909521046,10909521040,13.22
10909521046,10909521041,50.13
10909521041,10909521046,50.13
10909578405,10909578406,32.07
10909578406,10909578405,32.07
10909578407,10909578408,19.92
10909578408,10909578407,19.92
10909578409,10909578410,4.27
10909578410,10909578409,4.27
10909578410,10909578411,2.96
10909578411,10909578410,2.96
10909578411,10909578408,3.90
10909578408,10909578411,3.90
10909578408,10909578412,3.28
10909578412,10909578408,3.28
10909578412,10909578413,2.78
10909578413,10909578412,2.78
10909578413,10909578414,4.79
10909578414,10909578413,4.79
6946165094,11120858785,6.57
11120858785,6946165094,6.57
10909578426,10909578427,19.87
10909578427,10909578426,19.87
4592884114,12338075366,4.26
12338075366,4592884114,4.26
10909578427,12338075369,2.69
12338075369,10909578427,2.69
12338075369,10909578429,5.25
10909578429,12338075369,5.25
10909578429,10909578430,13.77
10909578430,10909578429,13.77
4592868880,6946154883,9.53
6946154883,4592868880,9.53
6946154883,6946165086,3.56
6946165086,6946154883,3.56
6946165086,6946165085,2.19
6946165085,6946165086,2.19
6946165085,2941477782,1.91
2941477782,6946165085,1.91
10909578431,10909673419,15.37
10909673419,10909578431,15.37
10909673419,10909673420,5.24
10909673420,10909673419,5.24
10909673420,10909673421,9.76
10909673421,10909673420,9.76
10909673427,6307566693,2.26
6307566693,10909673427,2.26
6307566693,10909673428,1.53
10909673428,6307566693,1.53
10909673428,10909673429,2.90
10909673429,10909673428,2.90
10909673429,10909673430,8.96
10909673430,10909673429,8.96
4932022616,6307602815,12.69
6307602815,10909673431,27.16
4671252674,4671259792,76.23
4671259792,4671252674,76.23
4671258986,4671258985,1.87
4671258985,4671258986,1.87
4671258985,10916921126,10.83
10916921126,4671258985,10.83
10916921126,10916921127,12.15
10916921127,10916921126,12.15
10916921127,12048145638,14.22
12048145638,10916921127,14.22
10916921136,10916921137,23.39
10916921137,10916921136,23.39
10916921137,10916921138,36.94
10916921138,10916921137,36.94
1843955058,1843955681,34.05
1843955681,1843955058,34.05
6946535598,10916921151,11.02
10916921151,6946535598,11.02
10916921151,10916921152,79.88
10916921152,10916921151,79.88
6967343912,11420978515,3.31
11420978515,6967343912,3.31
11420978515,12993495194,12.34
12993495194,11420978515,12.34
12993495194,12993495193,4.64
12993495193,12993495194,4.64
12993495193,12993495192,5.89
12993495192,12993495193,5.89
12993495192,12993495195,10.97
12993495195,12993495192,10.97
12993495195,12993495186,36.34
12993495186,12993495195,36.34
12993495186,12993495187,3.73
12993495187,12993495186,3.73
12993495187,12993495188,5.33
12993495188,12993495187,5.33
12993495188,12993495189,5.51
12993495189,12993495188,5.51
12993495189,12993495190,4.01
12993495190,12993495189,4.01
12993495190,12993495191,3.80
12993495191,12993495190,3.80
12993495191,4671258978,44.52
4671258978,12993495191,44.52
10916921165,10916921162,9.83
10916921162,10916921165,9.83
10916921162,10916921163,15.20
10916921163,10916921162,15.20
10916921163,10916921184,48.18
10916921184,10916921163,48.18
10916921184,10916921185,11.11
10916921185,10916921184,11.11
10916921185,10916921164,71.94
10916921164,10916921185,71.94
10916921178,10916921179,26.82
10916921179,10916921178,26.82
10916921178,10916921180,22.24
10916921180,10916921178,22.24
10916921181,10916921182,21.18
10916921182,10916921181,21.18
10916921182,10916921183,27.65
10916921183,10916921182,27.65
10916921183,10916921179,11.80
10916921179,10916921183,11.80
10916921180,10916921184,1.81
10916921184,10916921180,1.81
10916921181,10916921185,2.64
10916921185,10916921181,2.64
10916921164,10916921187,3.92
10916921187,10916921164,3.92
10916921187,10916921188,21.91
10916921188,10916921187,21.91
10916921188,12476194789,7.64
12476194789,10916921188,7.64
12476194789,10916921189,34.84
10916921189,12476194789,34.84
10916921162,10916959741,6.75
10916959741,10916921162,6.75
3386155034,10916959759,36.11
10916959759,3386155034,36.11
10916959759,10916959751,37.49
10916959751,10916959759,37.49
10916959751,10920309910,34.29
10920309910,10916959751,34.29
10920309910,10916959749,20.10
10916959749,10920309910,20.10
10916959749,1843955369,73.72
1843955369,10916959749,73.72
1843955369,4606311629,7.83
4606311629,1843955369,7.83
4606311629,1843955805,10.87
1843955805,4606311629,10.87
1843955369,3386155034,50.37
3386155034,1843955369,50.37
10916959758,10916959759,21.85
10916959759,10916959758,21.85
3386069696,3386069697,18.88
3386069697,3386069696,18.88
3386069697,3386069698,4.70
3386069698,3386069697,4.70
3386069698,3386069699,5.88
3386069699,3386069698,5.88
1843955621,3386069695,24.06
3386069695,1843955621,24.06
3386069695,3386069696,3.87
3386069696,3386069695,3.87
1843955678,10916959768,19.25
10916959768,1843955678,19.25
10916921131,10916991941,240.97
10916991941,10916921131,240.97
10920309910,10920309912,1.87
10920309912,10920309910,1.87
10920309912,10920309911,3.33
10920309911,10920309912,3.33
1843955056,10922665709,20.87
10922665709,1843955056,20.87
10922665709,1843955707,4.19
1843955707,10922665709,4.19
10920309914,1843955783,40.88
1843955447,1843955923,44.13
1843955923,1843955447,44.13
1843955783,10920309918,1.58
10920309918,1843955783,1.58
10920309918,10920309916,1.91
10920309916,10920309918,1.91
10920309916,10920309917,11.99
10920309917,10920309916,11.99
10916959750,10741941832,6.70
10741941832,10916959750,6.70
10741941832,10741941831,12.16
10741941831,10741941832,12.16
4671259824,6868204012,15.50
6868204012,4671259824,15.50
9362752637,6946535600,32.30
6946535600,9362752637,32.30
10922495917,10922495929,17.59
10922495929,10922495917,17.59
10922495929,10922495918,47.46
10922495918,10922495929,47.46
10922495918,10922495935,5.27
10922495935,10922495918,5.27
10922495935,10922495919,18.77
10922495919,10922495935,18.77
10922495924,10922495925,7.43
10922495925,10922495924,7.43
10922495925,10922495926,41.64
10922495926,10922495925,41.64
10922495926,10922495919,8.65
10922495919,10922495926,8.65
10922495919,10922495927,9.80
10922495927,10922495919,9.80
10922495927,10922495928,48.07
10922495928,10922495927,48.07
10922495933,10922495934,38.40
10922495934,10922495933,38.40
10922495931,10922495936,18.12
10922495936,10922495931,18.12
10922495936,10922495938,17.71
10922495938,10922495936,17.71
10922495938,10922495934,17.23
10922495934,10922495938,17.23
10922495936,10922495937,38.20
10922495937,10922495936,38.20
10922495938,10922495939,38.30
10922495939,10922495938,38.30
10922495931,10922495932,38.11
10922495932,10922495931,38.11
10922495932,10922495937,17.99
10922495937,10922495939,18.10
10922495939,10922495933,17.35
10922495929,10922495930,4.72
10922495930,10922495931,9.76
10922495934,10922495940,9.33
10922495940,10922495935,5.60
10922495921,4671259747,39.60
4671259747,10922495921,39.60
4671259747,10922495922,1.32
10922495922,4671259747,1.32
10922495922,10922495923,32.81
10922495923,10922495922,32.81
10922495923,10922495941,3.64
10922495941,10922495923,3.64
10922495948,10922495949,2.29
10922495949,10922495948,2.29
10922495949,10922495950,2.29
10922495950,10922495949,2.29
10922495950,10922495924,2.30
10922495924,10922495950,2.30
10922495924,10922495951,2.29
10922495951,10922495924,2.29
10922495951,10922495952,2.29
10922495952,10922495951,2.29
10922495952,10922495953,2.30
10922495953,10922495952,2.30
10922495953,10922495954,2.29
10922495954,10922495953,2.29
10922495954,1843955781,2.29
1843955781,10922495954,2.29
1843955781,10922495955,2.29
10922495955,1843955781,2.29
10922495955,10922495956,2.29
10922495956,10922495955,2.29
10922495956,4671259760,2.29
4671259760,10922495956,2.29
4671259760,10922495944,2.32
10922495944,4671259760,2.32
10922495944,10922495945,2.32
10922495945,10922495944,2.32
10922495945,10922495946,2.31
10922495946,10922495945,2.31
10922495946,10922495947,2.33
10922495947,10922495946,2.33
10922495947,10922495941,2.32
10922495941,10922495947,2.32
10922495941,10922495942,2.29
10922495942,10922495941,2.29
10922495942,10922495943,2.30
10922495943,10922495942,2.30
10922495943,10922495948,2.29
10922495948,10922495943,2.29
4671256584,4671256577,5.26
4671256577,4671256584,5.26
4671256577,1843955911,53.75
1843955911,4671256577,53.75
1843955911,11078082372,2.18
11078082372,1843955911,2.18
11078082372,11078082371,2.74
11078082371,11078082372,2.74
11078082371,11078082370,23.39
11078082370,11078082371,23.39
10922665709,10922665710,16.83
10922665710,10922665709,16.83
10922665710,10922665711,35.51
10922665711,10922665710,35.51
10922665711,10922665712,14.61
10922665712,10922665711,14.61
1843955295,10922665717,19.33
10922665717,1843955295,19.33
4671252666,10922665718,3.56
10922665718,4671252666,3.56
10909251666,4597856876,19.42
4597856876,10909251666,19.42
4664984997,10916921165,10.50
10916921165,4664984997,10.50
10920309915,1843955783,1.72
1843955783,10920309915,1.72
10925262932,10925262933,46.72
10925262933,10925262932,46.72
10925262933,12065247519,16.69
12065247519,10925262933,16.69
12065247519,12065247520,46.11
12065247520,12065247519,46.11
10922495912,9362753289,23.13
9362753289,10922495912,23.13
10932428025,10932428026,3.86
10932428026,10932428025,3.86
6886403362,10932562722,14.99
10932562722,6886403362,14.99
10932562722,10932562723,27.58
10932562723,10932562722,27.58
10932562723,10932562721,18.43
10932562721,10932562723,18.43
10932562721,10932562724,23.02
10932562724,10932562721,23.02
10932562724,10932562725,19.78
10932562725,10932562724,19.78
10932562725,10932562719,24.66
10932562719,10932562725,24.66
6886403362,11639030685,69.65
11639030685,6886403362,69.65
11639030685,10932588113,31.63
10932588113,11639030685,31.63
10932588113,10932588114,7.04
10932588114,10932588113,7.04
10932588114,11639030686,32.26
11639030686,10932588114,32.26
11639030686,10932588115,18.85
10932588115,11639030686,18.85
10932588115,10932588116,9.59
10932588116,10932588115,9.59
10932588116,10932588117,50.03
10932588117,10932588116,50.03
10932588117,6886403362,16.67
6886403362,10932588117,16.67
10933823028,10933823029,2.92
10933823029,10933823028,2.92
10933823031,10933823032,14.70
10933823032,10933823031,14.70
10933823032,10933823033,3.23
10933823033,10933823032,3.23
4584301475,4584301667,44.07
4584301667,4584301475,44.07
4584301667,10933823034,5.58
10933823034,4584301667,5.58
4584301476,10792594782,3.82
10792594782,4584301476,3.82
10792594782,11767403462,25.97
11767403462,10792594782,25.97
11767403462,10933823031,9.14
10933823031,11767403462,9.14
10933823031,4584301475,35.65
4584301475,10933823031,35.65
4584301475,4584301474,17.47
4584301474,4584301475,17.47
4584301474,4584301473,7.88
4584301473,4584301474,7.88
10937754620,10937754622,3.53
10937754622,10937754620,3.53
10937754622,10937754621,3.26
10937754621,10937754622,3.26
4592868869,2276695581,48.10
2276695581,4592868869,48.10
6946165094,4592868876,61.20
4592868876,6946165094,61.20
4592868876,12338075385,23.20
12338075385,4592868876,23.20
4592868872,10942935428,24.45
10942935428,4592868872,24.45
6307580546,10942935434,8.47
10942935434,6307580546,8.47
10942935434,11316513208,92.58
11316513208,10942935434,92.58
11316513208,10942935435,10.80
10942935435,11316513208,10.80
10942935435,10942935436,102.76
10942935436,10942935435,102.76
10942935436,6887353119,39.02
6887353119,10942935436,39.02
6887353119,6887353112,5.09
6887353112,6887353119,5.09
6887353112,10942935437,132.73
10942935437,6887353112,132.73
10942935437,9397859244,45.77
9397859244,10942935437,45.77
6307580551,6990796022,5.01
6990796022,6307580551,5.01
10949902132,10949902133,23.69
10949902133,10949902132,23.69
10949902133,10949902134,25.83
10949902134,10949902133,25.83
10949902134,10949902135,31.91
10949902135,10949902134,31.91
10949902135,10949902136,12.62
10949902136,10949902135,12.62
10949902136,10949902137,8.51
10949902137,10949902136,8.51
10949902137,10949902138,11.96
10949902138,10949902137,11.96
10949902139,10949902140,36.70
10949902140,10949902139,36.70
10949902140,10949902141,11.93
10949902141,10949902140,11.93
10949902143,10949902145,22.46
10949902145,10949902143,22.46
10949902145,4671260308,4.21
4671260308,10949902145,4.21
4671260308,10949902144,11.59
10949902144,4671260308,11.59
10962339868,10962339869,3.39
10962339869,10962339868,3.39
10962339870,10962339871,3.93
10962339871,10962339870,3.93
10962339872,10962339873,3.98
10962339873,10962339872,3.98
10962339874,10962339875,3.71
10962339875,10962339874,3.71
10962339869,10962339876,5.47
10962339876,10962339869,5.47
10962339876,10962339877,11.88
10962339877,10962339876,11.88
10962339877,10962339875,5.78
10962339875,10962339877,5.78
10962339871,10962339878,5.04
10962339878,10962339871,5.04
10962339878,10962339879,11.49
10962339879,10962339878,11.49
10962339879,10962339873,5.77
10962339873,10962339879,5.77
10968366316,10968366317,28.62
10968366317,10968366316,28.62
10968366318,10968366319,28.22
10968366319,10968366318,28.22
6886403345,10968366988,11.33
10968366988,6886403345,11.33
10968366988,10968483329,29.94
10968483329,10968366988,29.94
10968483329,12626560610,4.73
12626560610,10968483329,4.73
12626560610,6886403353,66.82
6886403353,12626560610,66.82
10974728480,10974728481,35.46
10974728481,10974728480,35.46
10974728482,10974728483,5.97
10974728483,10974728482,5.97
10974728483,10974728485,6.10
10974728485,10974728483,6.10
10974914421,10974914423,4.47
10974914423,10974914421,4.47
10974914423,10974935663,10.95
10974935663,10974914423,10.95
10974935663,10974914422,3.33
10974914422,10974935663,3.33
10974914423,10974914424,32.12
10974914424,10974914423,32.12
10974935634,6991098372,21.97
6991098372,10974935634,21.97
6991098372,10974935640,38.52
10974935640,6991098372,38.52
10974935640,11158275270,7.20
11158275270,10974935640,7.20
11158275270,11158275265,4.27
11158275265,11158275270,4.27
11158275265,11158275269,6.26
11158275269,11158275265,6.26
11158275269,11158275268,7.82
11158275268,11158275269,7.82
11158275268,11158275267,13.12
11158275267,11158275268,13.12
11158275267,11158275266,7.61
11158275266,11158275267,7.61
1847323215,8593620829,19.45
8593620829,1847323215,19.45
8593620829,10974935643,14.37
10974935643,8593620829,14.37
10974935643,10974935644,27.82
10974935644,10974935643,27.82
1847323215,10974935645,22.85
10974935645,1847323215,22.85
10974935645,10974935646,51.65
10974935646,10974935645,51.65
10974935647,727740676,22.84
727740676,10974935647,22.84
10974935648,10974935647,2.32
10974935647,10974935648,2.32
4584216170,10974935649,5.03
10974935649,4584216170,5.03
10974935649,10974935650,14.60
10974935650,10974935649,14.60
4584216144,6991098362,5.43
6991098362,4584216144,5.43
6991098362,10974935652,17.35
10974935652,6991098362,17.35
10974935651,10974935652,4.48
10974935652,10974935651,4.48
4584216143,10974935661,3.21
10974935661,4584216143,3.21
10974935661,10974935662,34.57
10974935662,10974935661,34.57
10974935662,10974935663,32.01
10974935663,10974935662,32.01
10974935672,10974935673,8.30
10974935673,10974935672,8.30
10981715507,10981715508,9.87
10981715508,10981715507,9.87
10981715508,10981715509,45.77
10981715509,10981715508,45.77
10981715509,10981715510,22.34
10981715510,10981715509,22.34
10981715510,10981715511,29.55
10981715511,10981715510,29.55
10981715511,10981715512,12.86
10981715512,10981715511,12.86
10981715512,10981715513,16.64
10981715513,10981715512,16.64
10981715513,10981715507,13.64
10981715507,10981715513,13.64
10981715507,10981715518,13.84
10981715518,10981715507,13.84
10981715518,10981715519,16.10
10981715519,10981715518,16.10
10983313231,2941477776,6.30
2941477776,10983313231,6.30
2941477776,10983313232,14.19
10983313232,2941477776,14.19
10905047512,5021787578,17.00
5021787578,10905047512,17.00
1843869782,1843869951,7.82
1843869951,1843869782,7.82
1843869951,6887304146,11.62
6887304146,1843869951,11.62
6887304146,1843869888,5.60
1843869888,6887304146,5.60
10998429413,10998429414,8.47
10998429414,10998429413,8.47
10998429414,10998429415,12.23
10998429415,10998429414,12.23
10998429415,10998429416,11.78
10998429416,10998429415,11.78
10998429423,1843955140,28.63
1843955140,10998429423,28.63
1843954998,10998429424,27.42
10998429424,1843954998,27.42
1843955623,10998429425,5.88
10998429425,1843955623,5.88
1843955013,10998429435,41.38
10998429435,1843955013,41.38
10998429435,12077071282,39.67
12077071282,10998429435,39.67
12077071282,12077071281,26.86
12077071281,12077071282,26.86
4671259640,4671260292,11.29
4671260292,4671259640,11.29
4671260292,4671260291,5.09
4671260291,4671260292,5.09
10998430103,10998430104,11.76
10998430104,10998430103,11.76
10998430104,10998452008,3.63
10998452008,10998430104,3.63
10998452008,10998452005,20.36
10998452005,10998452008,20.36
10998452009,10998452011,11.74
10998452011,10998452009,11.74
10998452011,10998452010,6.25
10998452010,10998452011,6.25
10998452012,10998452013,11.72
10998452013,10998452012,11.72
10998452013,10998452014,29.49
10998452014,10998452013,29.49
4671256571,4671256572,11.86
4671256572,4671256571,11.86
4671256572,4671256573,5.86
4671256573,4671256572,5.86
4671256573,4671256574,4.78
4671256574,4671256573,4.78
4671256574,4671256575,5.26
4671256575,4671256574,5.26
4671256575,4671256584,6.25
4671256584,4671256575,6.25
9362753288,10998440544,15.53
10998440544,9362753288,15.53
10790032321,10790032320,10.03
10790032320,10790032321,10.03
10790032320,10790032319,9.04
10790032319,10790032320,9.04
10790032319,10790032318,4.57
10790032318,10790032319,4.57
10790032318,10795985507,4.36
10795985507,10790032318,4.36
10795985507,10790032317,1.80
10790032317,10795985507,1.80
10790032317,10790032316,5.09
10790032316,10790032317,5.09
10790032316,10790032315,5.03
10790032315,10790032316,5.03
10790032315,10790032314,28.45
10790032314,10790032315,28.45
10790032314,10790032313,5.20
10790032313,10790032314,5.20
10790032313,10790032312,3.62
10790032312,10790032313,3.62
10790032312,10790032311,37.49
10790032311,10790032312,37.49
10790032311,10790032310,37.36
10790032310,10790032311,37.36
10790032310,10790032309,49.86
10790032309,10790032310,49.86
10790032309,10790032308,5.67
10790032308,10790032309,5.67
10790032308,10790032307,3.30
10790032307,10790032308,3.30
10790032307,10790032306,7.14
10790032306,10790032307,7.14
10790032306,10790032305,9.00
10790032305,10790032306,9.00
10790032305,10789961804,8.54
10789961804,10790032305,8.54
10789961804,10789961803,42.06
10789961803,10789961804,42.06
10789961803,10789961802,35.87
10789961802,10789961803,35.87
10789961802,10789961801,20.87
10789961801,10789961802,20.87
10789961801,10789961800,18.85
10789961800,10789961801,18.85
10789961800,10789961799,12.52
10789961799,10789961800,12.52
10789961799,10789961796,13.50
10789961796,10789961799,13.50
10789961796,10789961795,41.66
10789961795,10789961796,41.66
10789961795,12476120269,3.18
12476120269,10789961795,3.18
12476120269,10789961793,2.76
10789961793,12476120269,2.76
6179169357,11007877486,24.29
11007877486,6179169357,24.29
11007877486,11002525908,8.84
11002525908,11007877486,8.84
11002525908,11070933104,54.84
11070933104,11002525908,54.84
11070933104,11002525909,4.30
11002525909,11070933104,4.30
11002525909,11002525910,28.77
11002525910,11002525909,28.77
11002525910,6868204008,10.05
6868204008,11002525910,10.05
6868204008,11002525914,8.32
11002525914,6868204008,8.32
11002525914,11002525911,9.84
11002525911,11002525914,9.84
11002525911,11002525912,16.10
11002525912,11002525911,16.10
11002525912,11002525913,33.12
11002525913,11002525912,33.12
11002525913,11011300765,28.29
11011300765,11002525913,28.29
11011300765,11011300766,20.02
11011300766,11011300765,20.02
11011300766,4542130998,8.56
4542130998,11011300766,8.56
10790019778,10790019755,6.21
10790019755,10790019778,6.21
11002472481,11002525931,19.21
11002525931,11002472481,19.21
11002525931,11002472482,16.51
11002472482,11002525931,16.51
11002472482,11002472483,13.51
11002472483,11002472482,13.51
11002472483,11002472484,17.16
11002472484,11002472483,17.16
11002472484,11002525930,20.25
11002525930,11002472484,20.25
11002525930,11002472485,8.54
11002472485,11002525930,8.54
11002472485,11002472486,9.97
11002472486,11002472485,9.97
11002472486,11002472487,9.76
11002472487,11002472486,9.76
11002472487,11002472488,18.91
11002472488,11002472487,18.91
11002472488,11002472489,28.73
11002472489,11002472488,28.73
11002472489,11002472490,23.14
11002472490,11002472489,23.14
11006413516,11006413515,51.73
11006413515,11006413516,51.73
11006413515,11006413514,44.60
11006413514,11006413515,44.60
11006413514,11006413513,8.02
11006413513,11006413514,8.02
11006413513,11002472492,6.94
11002472492,11006413513,6.94
11002472492,11002472493,10.67
11002472493,11002472492,10.67
11002472493,11002472494,17.15
11002472494,11002472493,17.15
11002472494,11002472495,8.61
11002472495,11002472494,8.61
11002472495,11002472496,11.34
11002472496,11002472495,11.34
11002472496,11002472497,11.54
11002472497,11002472496,11.54
11002472497,6868204005,11.90
6868204005,11002472497,11.90
11006656196,11006656197,26.80
11006656197,11006656196,26.80
11006656200,11006656201,24.01
11006656201,11006656200,24.01
11006656201,11006656204,12.41
11006656204,11006656201,12.41
11006656204,11006656202,5.47
11006656202,11006656204,5.47
11006656202,11006656203,14.85
11006656203,11006656202,14.85
11006656204,11006693905,24.14
11006693905,11006656204,24.14
11006656203,11006693917,29.23
11006693917,11006656203,29.23
11006693917,11006693916,5.13
11006693916,11006693917,5.13
11006693917,11006693929,22.94
11006693929,11006693917,22.94
11006693929,11006656197,4.16
11006656197,11006693929,4.16
11006656197,11006693918,26.68
11006693918,11006656197,26.68
11006693916,11006693919,14.71
11006693919,11006693916,14.71
11006693927,11006693928,4.88
11006693928,11006693927,4.88
11006693929,11006693930,18.58
11006693930,11006693929,18.58
11006693925,11006693931,22.24
11006693931,11006693925,22.24
11006693931,11006693930,2.75
11006693930,11006693931,2.75
11006693919,11006693932,7.79
11006693932,11006693919,7.79
11006693944,11006656200,27.39
11006656200,11006693944,27.39
11006656200,11006693905,12.62
11006693905,11006656200,12.62
11006693905,6886228969,77.25
6886228969,11006693905,77.25
4592868004,11006456837,12.12
11006456837,4592868004,12.12
11006456837,11006456838,4.91
11006456838,11006456837,4.91
11006456838,11006456839,14.51
11006456839,11006456838,14.51
11006456839,11006456840,3.47
11006456840,11006456839,3.47
11006456840,11009469770,15.95
11009469770,11006456840,15.95
11009469770,11009469771,2.26
11009469771,11009469770,2.26
11009469771,11009469772,9.23
11009469772,11009469771,9.23
11006456837,11006456842,1.99
11006456842,11006456837,1.99
6892805409,11006456843,3.49
11006456843,6892805409,3.49
11006456843,11006456844,3.54
11006456844,11006456843,3.54
11006456844,11006456845,5.41
11006456845,11006456844,5.41
11006456845,11006456846,19.61
11006456846,11006456845,19.61
11006456846,11006456847,10.42
11006456847,11006456846,10.42
11006456847,11006456848,12.08
11006456848,11006456847,12.08
11006456848,11006456865,1.19
11006456865,11006456848,1.19
11006456865,11006456849,11.36
11006456849,11006456865,11.36
11006456849,11006456850,1.69
11006456850,11006456849,1.69
11006456851,11006456852,2.20
11006456852,11006456851,2.20
11006456852,11006456853,15.31
11006456853,11006456852,15.31
11006456853,11006456854,2.47
11006456854,11006456853,2.47
11006456854,11006456855,12.74
11006456855,11006456854,12.74
11006456851,11006456856,5.67
11006456856,11006456851,5.67
11006456856,11006456850,9.65
11006456850,11006456856,9.65
11006456857,11006456858,19.30
11006456858,11006456857,19.30
11006456858,11006456859,17.88
11006456859,11006456858,17.88
11006456859,11006456862,17.03
11006456862,11006456859,17.03
11006456862,11006456860,2.88
11006456860,11006456862,2.88
11006456860,11006456861,5.92
11006456861,11006456860,5.92
11006456862,11006456863,6.00
11006456863,11006456862,6.00
11006456863,11006456864,12.99
11006456864,11006456863,12.99
11006456864,11006456865,2.73
11006456865,11006456864,2.73
4668094198,4668094193,10.30
4668094193,4668094198,10.30
4668094193,6959195381,2.28
6959195381,4668094193,2.28
6959195381,4535748141,2.53
4535748141,6959195381,2.53
4535748141,4668094199,15.72
4668094199,4535748141,15.72
4668094199,11006666503,10.10
11006666503,4668094199,10.10
4668094196,11006733408,4.90
11006733408,4668094196,4.90
11006733408,11006666504,4.42
11006666504,11006733408,4.42
11006666504,11006733405,22.07
11006733405,11006666504,22.07
11006733405,11006733406,1.81
11006733406,11006733405,1.81
11006733406,9063224219,10.85
9063224219,11006733406,10.85
11006733408,11006733409,8.17
11006733409,11006733408,8.17
11006733409,11006733410,13.18
11006733410,11006733409,13.18
11006733410,11006733411,11.23
11006733411,11006733410,11.23
11045424449,11006733414,4.37
11006733414,11045424449,4.37
11006733415,11006733413,6.12
11006733413,11006733415,6.12
11006733415,11006733414,5.36
11006733414,11006733415,5.36
11006733418,11120897122,42.50
11120897122,11006733418,42.50
11120897122,11006733417,30.63
11006733417,11120897122,30.63
11006733417,11006733415,35.30
11006733415,11006733417,35.30
11006733415,11006733419,36.00
11006733419,11006733415,36.00
4681968822,5021787577,48.42
5021787577,4681968822,48.42
5021787577,11002472490,4.90
11002472490,5021787577,4.90
11006413516,11007877486,7.54
11007877486,11006413516,7.54
11007909813,11007909815,2.22
11007909815,11007909812,18.53
6946535780,11007909817,14.54
11007909817,6946535780,14.54
11007909817,11007909816,5.55
11007909816,11007909817,5.55
11007909838,11007909839,24.69
11007909839,11007909838,24.69
11007909852,6946535779,7.42
6946535779,11007909852,7.42
11007909839,11007909852,1.98
11007909852,11007909839,1.98
11007909853,11007909854,37.07
11007909854,11007909853,37.07
11007909854,11007909855,2.72
11007909855,11007909854,2.72
11007909855,11007909856,5.60
11007909856,11007909855,5.60
11007909857,11007909858,29.46
11007909858,11007909857,29.46
11007909858,11007909859,3.13
11007909859,11007909858,3.13
11007909859,11007909860,4.68
11007909860,11007909859,4.68
11007909861,6946535775,5.07
6946535775,11007909861,5.07
11007909862,11007909861,3.56
11007909861,11007909862,3.56
11007909869,11007909853,38.87
11007909853,11007909869,38.87
11007909868,11007909869,2.09
11007909869,11007909868,2.09
11007909873,11007909874,8.76
11007909874,11007909873,8.76
11007909874,11007909837,2.33
11007909837,11007909874,2.33
11007909837,11007909838,6.66
11007909838,11007909837,6.66
11007909853,11007909873,3.88
11007909873,11007909853,3.88
11007909874,11007909875,25.72
11007909875,11007909874,25.72
11007909875,11007909876,11.13
11007909876,11007909875,11.13
11007909878,11007909877,8.27
11007909877,11007909878,8.27
11007909876,11007909878,1.77
11007909878,11007909876,1.77
11009429599,1946518433,18.35
1946518433,11009429599,18.35
1847323135,11009429600,17.39
11009429600,1847323135,17.39
1946518464,2365675989,23.54
2365675989,1946518464,23.54
11009444814,11009444819,4.11
11009444819,11009444814,4.11
11009444819,11009444818,5.96
11009444818,11009444819,5.96
11009444818,11009444815,20.03
11009444815,11009444818,20.03
11009444815,11009444816,5.12
11009444816,11009444815,5.12
11009444816,11009444817,10.68
11009444817,11009444816,10.68
11009444822,6301368527,12.06
6301368527,11009444822,12.06
6301368528,11009444821,2.07
11009444821,6301368528,2.07
1946518288,6988667586,26.29
6988667586,1946518292,25.24
6988667571,6988667570,18.28
6988667570,6988667571,18.28
6988667570,6988667569,7.24
6988667569,6988667570,7.24
4573038478,1946518607,36.18
1946518607,4573038478,36.18
1946518367,6988667571,11.15
6988667571,1946518367,11.15
4584301631,11009444830,3.57
11009444830,4584301631,3.57
11009444830,11009444833,2.68
11009444833,11009444830,2.68
11009444833,11009444831,6.33
11009444831,11009444833,6.33
11009444831,11009444832,3.11
11009444832,11009444831,3.11
4573039203,11009438903,27.83
11009438903,4573039203,27.83
11009459119,11009459120,14.35
11009459120,11009459119,14.35
4573039206,11386119838,12.12
11386119838,11009459122,3.44
11009459123,11009459124,10.12
11009459124,11009459123,10.12
4631903659,11009459125,3.55
11009459125,4631903659,3.55
4631903645,4631903654,23.70
4631903654,4631903645,23.70
11009459133,4631903649,33.52
4631903649,11009459133,33.52
4631903647,4631903644,14.90
4631903644,4631903647,14.90
4631903644,11009459133,20.56
11009459133,4631903644,20.56
11009459135,4572948949,18.88
4572948949,11009459135,18.88
11006456865,11009469771,15.34
11009469771,11006456865,15.34
11009469772,11006456841,5.79
11006456841,11009469772,5.79
11009469792,11009469793,43.83
11009469793,11009469792,43.83
11009469793,11009469791,16.69
11009469791,11009469793,16.69
4583912042,6990956470,4.32
6990956470,4583912042,4.32
6990956470,6990956469,5.16
6990956469,6990956470,5.16
6990956469,4583912031,7.16
4583912031,6990956469,7.16
4583912031,4583912030,9.97
4583912030,4583912031,9.97
4583912030,4583912029,10.43
4583912029,4583912030,10.43
4583912029,4583912027,13.03
4583912027,4583912029,13.03
4583912027,4583912025,5.30
4583912025,4583912027,5.30
4583912025,4583912024,3.52
4583912024,4583912025,3.52
4583912024,4583912023,4.77
4583912023,4583912024,4.77
4583912023,4583912022,4.72
4583912022,4583912023,4.72
4583912009,11009471008,56.36
11009471008,4583912009,56.36
11009471008,11009471009,5.26
11009471009,11009471008,5.26
11009471009,11009471010,17.23
11009471010,11009471009,17.23
11009471010,11009471011,8.89
11009471011,11009471010,8.89
4583912017,11009471012,21.13
11009471012,4583912017,21.13
11009471013,11009471014,2.15
11009471014,11009471013,2.15
11009471014,11009471015,7.74
11009471015,11009471014,7.74
11009471015,6990959560,2.44
6990959560,11009471015,2.44
11009470972,11009470973,32.39
11009470973,11009470972,32.39
11009470974,11009470975,9.48
11009470975,11009470974,9.48
11009484160,11009484174,5.17
11009484174,11009484160,5.17
11009484174,11009484179,44.73
11009484179,11009484174,44.73
11009484179,11009484161,9.55
11009484161,11009484179,9.55
11009484161,11009484162,7.38
11009484162,11009484161,7.38
11009484177,11009484178,1.75
11009484178,11009484177,1.75
11009484178,11009484168,6.57
11009484168,11009484178,6.57
11009484168,11009484169,25.91
11009484169,11009484168,25.91
11009484169,11009484170,13.16
11009484170,11009484169,13.16
11009484170,11009484171,9.12
11009484171,11009484170,9.12
11009484170,11009484172,26.13
11009484172,11009484170,26.13
11009484172,11009484168,13.60
11009484168,11009484172,13.60
11009484176,11009484177,20.18
11009484177,11009484176,20.18
11009484176,11009484179,7.57
11009484179,11009484176,7.57
11009484179,6990956476,7.28
6990956476,11009484179,7.28
6990956476,11009484180,18.11
11009484180,6990956476,18.11
11009484180,11009484181,11.95
11009484181,11009484180,11.95
11009484190,11009484191,7.00
11009484191,11009484190,7.00
11009484191,11009484192,18.47
11009484192,11009484191,18.47
11009484192,11009484181,7.42
11009484181,11009484192,7.42
11009484181,11009484193,6.60
11009484193,11009484181,6.60
6991098348,11009484197,19.96
11009484197,6991098348,19.96
11009484197,11009484196,7.02
11009484196,11009484197,7.02
11009484199,11009484200,10.69
11009484200,11009484199,10.69
11009484201,11009484202,43.70
11009484202,11009484201,43.70
11006656191,1843955785,7.69
1843955785,11006656191,7.69
10998440544,10998440545,10.49
10998440545,10998440544,10.49
10922495920,10922495921,12.11
10922495921,10922495920,12.11
10922495916,10922495917,9.04
10922495917,10922495916,9.04
11009469791,6990959491,7.11
6990959491,11009469791,7.11
4583912002,6990956476,49.46
6990956476,4583912002,49.46
6990956476,4583912001,12.08
4583912001,6990956476,12.08
4668094199,6959195379,5.20
6959195379,4668094199,5.20
6959195379,6959195378,3.52
6959195378,6959195379,3.52
6959195378,11065965769,6.41
11065965769,6959195378,6.41
11065965769,11065965770,6.23
11065965770,11065965769,6.23
11065965770,11065965771,7.63
11065965771,11065965770,7.63
11065965771,11065965772,4.18
11065965772,11065965771,4.18
11065965773,6959195367,4.49
6959195367,11065965773,4.49
11065965770,11065965773,3.78
11065965773,11065965770,3.78
11065965774,11065965776,13.88
11065965776,11065965774,13.88
11065965776,11065965775,6.10
11065965775,11065965776,6.10
6959195375,6959195363,18.99
6959195363,6959195375,18.99
11065965778,11065965779,57.20
11065965779,11065965778,57.20
11065965779,11065965780,19.07
11065965780,11065965779,19.07
11065965778,11065965781,18.42
11065965781,11065965778,18.42
11065965781,11065965782,9.88
11065965782,11065965781,9.88
11065965780,11065965783,7.20
11065965783,11065965780,7.20
4655758422,6883758406,2.47
6883758406,4655758422,2.47
6883758406,4655758418,3.09
4655758418,6883758406,3.09
4655758418,11074219727,9.41
11074219727,4655758418,9.41
11074219727,11074219758,30.53
11074219758,11074219727,30.53
11074219758,11074219726,19.79
11074219726,11074219758,19.79
11074219726,4655758421,3.40
4655758421,11074219726,3.40
4655758420,11074219729,9.35
11074219729,4655758420,9.35
11074219729,11074219730,25.94
11074219730,11074219729,25.94
11074219730,11074219731,36.70
11074219731,11074219730,36.70
11074219756,11074219757,4.60
11074219757,11074219756,4.60
11074219757,11074219758,10.15
11074219758,11074219757,10.15
11081910567,11081910568,33.76
11081910568,11081910567,33.76
11081910569,11081910568,7.84
11081910568,11081910569,7.84
11081910568,11081910570,14.31
11081910570,11081910568,14.31
11081910570,11081910571,3.75
11081910571,11081910570,3.75
11081910569,11081910574,8.96
11081910574,11081910569,8.96
9487715544,13190454535,63.16
13190454535,9664332462,38.89
9664332462,12993625717,52.36
12993625717,13190454537,20.93
13190454537,9664332463,20.18
9664332463,9664332464,27.97
9664332464,9664332465,31.24
9664332465,9664332466,37.93
9664332466,9664332467,29.29
9664332467,9664332468,49.39
9664332468,9664332469,54.47
9664332469,9664332470,66.12
9664332470,9664332471,47.86
9664332471,9664332472,41.95
9664332472,9664332473,37.76
9664332473,9664332474,57.85
9664332474,9664332475,45.34
9664332475,9664332476,55.89
9664332476,9664332477,31.32
9664332477,11098141051,26.35
11098141052,9664332574,24.29
9664332574,9664332573,39.15
9664332573,9664332572,56.25
9664332572,9664332571,48.58
9664332571,9664332570,57.31
9664332570,9664332569,43.28
9664332569,9664332568,44.96
9664332568,9664332567,53.77
9664332567,9664332566,49.87
9664332566,9664332565,64.07
9664332565,9664332564,50.20
9664332564,9664332563,42.60
9664332563,9664332562,29.57
9664332562,12476174786,42.02
12476174786,9664332561,21.63
9664332561,9664332560,33.99
9664332560,9664332559,41.58
9664332559,9487715543,95.89
11098141051,11098141053,238.06
11098141054,11098141052,234.47
11099482547,10905559889,25.87
10905559889,11099482547,25.87
6988555205,507893069,27.71
507893069,6988555205,27.71
11103154380,11103154381,21.53
11103154381,11103154380,21.53
4681969097,11336862286,25.79
11336862286,4681969097,25.79
6879759324,11115235813,69.01
11115235813,6879759324,69.01
11115235813,11115235807,69.09
11115235807,11115235813,69.09
11115235807,11115235806,39.76
11115235806,11115235807,39.76
11115235806,11115235808,103.07
11115235808,11115235806,103.07
11115235808,1843574900,19.69
1843574900,11115235808,19.69
1843574900,11341241551,134.84
11341241551,1843574900,134.84
11341241551,11341241543,3.20
11341241543,11341241551,3.20
11341241543,11341241544,84.10
11341241544,11341241543,84.10
11341241544,11341241545,17.59
11341241545,11341241544,17.59
11341241545,6274653703,73.22
6274653703,11341241545,73.22
11115235817,11115235816,5.28
11115235816,11115235817,5.28
11115235816,11115235815,1.79
11115235815,11115235816,1.79
11115235815,11115235809,1.88
11115235809,11115235815,1.88
11115235809,11115259891,2.86
11115259891,11115235809,2.86
11115259891,11115235810,14.20
11115235810,11115259891,14.20
11115235810,11115235811,15.79
11115235811,11115235810,15.79
11115235811,11115235813,2.70
11115235813,11115235811,2.70
11115235813,5306537852,8.96
5306537852,11115235813,8.96
11115259892,11115259893,6.45
11115259893,11115259892,6.45
11115259893,11115259896,2.40
11115259896,11115259893,2.40
11115259896,11115259894,8.34
11115259894,11115259896,8.34
11115259894,11115259895,3.68
11115259895,11115259894,3.68
11115259895,11074219730,7.38
11074219730,11115259895,7.38
11115259897,4551141116,12.76
4551141116,11115259897,12.76
4551141118,11115259901,18.21
11115259901,4551141118,18.21
11115259901,4551141117,12.74
4551141117,11115259901,12.74
11115279306,11341203370,23.21
11341203370,11115279306,23.21
11115259900,11115279306,11.45
11115279306,11115259900,11.45
6879759325,6887353096,10.24
6887353096,6879759325,10.24
6887353096,6887353095,12.14
6887353095,6887353096,12.14
6887353095,6307602816,12.77
6307602816,6887353095,12.77
11120858765,10909578431,10.01
10909578431,11120858765,10.01
10909578430,11120858765,1.90
11120858765,10909578430,1.90
11120858766,11120858772,14.16
11120858772,11120858766,14.16
11120858768,11120858769,1.55
11120858769,11120858768,1.55
11120858769,11120858767,8.82
11120858767,11120858769,8.82
11120858770,11120858771,14.28
11120858771,11120858770,14.28
11120858773,11120858772,5.19
11120858772,11120858773,5.19
11120858772,11120858778,2.35
11120858778,11120858772,2.35
11120858778,11120858767,2.35
11120858767,11120858778,2.35
11120858767,11120858771,9.71
11120858771,11120858767,9.71
11120858773,11120858774,14.64
11120858774,11120858773,14.64
11120858774,11120858775,14.30
11120858775,11120858774,14.30
11120858770,11120858776,9.98
11120858776,11120858770,9.98
10909578429,11120858777,29.49
11120858777,10909578429,29.49
11120858777,11120858778,7.19
11120858778,11120858777,7.19
11120858779,11120858780,5.72
11120858780,11120858779,5.72
11120858780,11120858781,5.80
11120858781,11120858780,5.80
11120858781,11120858783,2.58
11120858783,11120858781,2.58
11120858783,11120858767,7.44
11120858767,11120858783,7.44
12338075382,10909578431,3.43
10909578431,12338075382,3.43
10909578431,11120858782,18.39
11120858782,10909578431,18.39
11120858782,11120858783,9.01
11120858783,11120858782,9.01
11120858784,10909578426,4.63
10909578426,11120858784,4.63
11120858785,11120858784,1.43
11120858784,11120858785,1.43
11120858786,11120858787,2.37
11120858787,11120858786,2.37
11120858787,11120858788,9.60
11120858788,11120858787,9.60
11120858788,11120858789,4.83
11120858789,11120858788,4.83
6879759329,11341142864,13.67
11341142864,6879759329,13.67
11341142864,6879759306,102.53
6879759306,11341142864,102.53
6879759306,11341203372,2.95
11341203372,6879759306,2.95
11341203372,10909673421,59.48
10909673421,11341203372,59.48
10909673421,12338075378,36.72
12338075378,10909673421,36.72
12338075378,11120858791,26.42
11120858791,12338075378,26.42
11120858791,11341875854,9.58
11341875854,11120858791,9.58
11341875854,11341875855,4.45
11341875855,11341875854,4.45
11341875855,2941477795,29.89
2941477795,11341875855,29.89
11120858791,11120858789,6.00
11120858789,11120858791,6.00
6946165097,6946154877,12.80
6946154877,6946165097,12.80
11120895594,11120895595,4.00
11120895595,11120895594,4.00
11120895595,11120895596,8.80
11120895596,11120895595,8.80
11120895596,11120895599,31.31
11120895599,11120895596,31.31
11120895600,11120895601,5.93
11120895601,11120895600,5.93
11120895601,6946165098,9.60
6946165098,11120895601,9.60
11120895604,11120897105,3.95
11120897105,11120895604,3.95
11065965782,11120897119,17.13
11120897119,11065965782,17.13
11120897120,11120897121,3.34
11120897121,11120897120,3.34
11120897121,11120897122,6.59
11120897122,11120897121,6.59
11120897119,11120897123,3.64
11120897123,11120897119,3.64
11120897123,11120897120,16.55
11120897120,11120897123,16.55
11120897124,11120897117,3.35
11120897117,11120897124,3.35
11120897125,11120897127,11.57
11120897127,11120897125,11.57
11120897127,11006733417,3.06
11006733417,11120897127,3.06
11006733417,11120897126,8.71
11120897126,11006733417,8.71
11120897132,10909468005,7.39
10909468005,11120897132,7.39
11120897133,11120897132,3.33
11120897132,11120897133,3.33
11120897135,11120897137,23.38
11120897137,11120897135,23.38
11120897137,11120897136,9.40
11120897136,11120897137,9.40
1946518595,10089510121,5.94
10089510121,1946518595,5.94
10089510121,1946518251,0.64
1946518251,10089510121,0.64
1946518251,10089510122,0.64
10089510122,1946518251,0.64
10089510122,1946518478,35.96
1946518478,10089510122,35.96
11156161597,1946518476,82.77
1946518476,11156161597,82.77
1946518503,11156161598,16.84
11156161598,1946518503,16.84
11156161599,11156161600,14.89
11156161600,11156161599,14.89
1946518476,4573038486,15.33
4573038486,1946518476,15.33
4573038486,4573038842,28.29
4573038842,4573038486,28.29
4573038842,1946518296,10.05
1946518296,4573038842,10.05
4573038849,11156161601,12.25
11156161601,4573038849,12.25
11156161602,11156161603,19.02
11156161603,11156161602,19.02
11156161603,11156161604,18.70
11156161604,11156161603,18.70
11156161604,1946518607,5.48
1946518607,11156161604,5.48
11156231205,11156231208,5.97
11156231208,11156231205,5.97
11156231208,11156231206,6.92
11156231206,11156231208,6.92
11156231206,11156231207,12.43
11156231207,11156231206,12.43
11156231205,11156231213,35.49
11156231213,11156231205,35.49
6988667562,11156231214,23.32
11156231214,6988667562,23.32
11156231214,11156231215,9.11
11156231215,11156231214,9.11
11156231216,11156231217,18.46
11156231217,11156231216,18.46
11156231217,11156231218,26.49
11156231218,11156231217,26.49
11156231218,11156231219,6.51
11156231219,11156231218,6.51
11156231228,11156231219,57.27
11156231219,11156231228,57.27
11156464004,11156515805,13.17
11156515805,11156464004,13.17
11156515805,11156515806,13.54
11156515806,11156515805,13.54
11156526536,11156526537,4.28
11156526537,11156526536,4.28
11156526538,11156526540,17.18
11156526540,11156526538,17.18
11156526540,4573038830,55.86
4573038830,11156526540,55.86
4573038830,11156526539,30.30
11156526539,4573038830,30.30
11156526539,11156526540,46.04
11156526540,11156526539,46.04
11156526537,11156526538,9.20
11156526538,11156526537,9.20
11156526542,11156526543,4.68
11156526543,11156526542,4.68
11156526561,11156526562,4.49
11156526562,11156526561,4.49
11156526562,6988667563,27.99
6988667563,11156526562,27.99
4573038825,4573038824,14.09
4573038824,4573038825,14.09
4573038824,4573038823,12.03
4573038823,4573038824,12.03
6946165104,11156716049,40.91
11156716049,6946165104,40.91
11156716049,6946165101,6.96
6946165101,11156716049,6.96
6946165101,6946165103,25.81
6946165103,6946165101,25.81
11156716052,11156716053,9.00
11156716053,11156716052,9.00
11156716054,11156716056,12.36
11156716056,11156716054,12.36
11156716056,5521907745,10.60
5521907745,11156716056,10.60
5521907745,11156716055,2.12
11156716055,5521907745,2.12
11156716055,11156716061,7.50
11156716061,11156716055,7.50
11156716061,5521907744,12.36
5521907744,11156716061,12.36
11156716062,11156716063,43.84
11156716063,11156716062,43.84
11156716063,11156716064,5.05
11156716064,11156716063,5.05
11156716064,11156716065,22.35
11156716065,11156716064,22.35
11156716064,11156716066,34.69
11156716066,11156716064,34.69
11156716066,11156716067,28.00
11156716067,11156716066,28.00
11156716067,11156716068,20.24
11156716068,11156716067,20.24
11163682214,11163682217,8.39
11163682217,11163682214,8.39
11163682217,11163682218,55.64
11163682218,11163682217,55.64
11186835757,5985314753,32.40
5985314753,11186835757,32.40
11186835758,11186835759,25.34
11186835759,11186835758,25.34
11186835759,11186835760,9.61
11186835760,11186835759,9.61
4583912065,11194901133,5.96
11194901133,4583912065,5.96
11194901133,11194901134,14.23
11194901134,11194901133,14.23
11194901134,11194901135,6.44
11194901135,11194901134,6.44
11194901135,11194901136,26.79
11194901136,11194901135,26.79
11194906137,11194906138,4.94
11194906138,11194906137,4.94
11194906138,4583912000,19.79
4583912000,11194906138,19.79
11194906137,11194906139,31.81
11194906139,11194906137,31.81
11194906139,11194906140,5.04
11194906140,11194906139,5.04
11194901136,11194906137,4.77
11194906137,11194901136,4.77
11194906144,11194901135,9.99
11194901135,11194906144,9.99
11194906147,11194906146,22.12
11194906146,11194906147,22.12
11194906146,11194906145,9.16
11194906145,11194906146,9.16
11194906145,11194906144,13.49
11194906144,11194906145,13.49
11194906144,11194906151,16.50
11194906151,11194906144,16.50
11194906151,11194906148,9.37
11194906148,11194906151,9.37
11194906148,11194906155,2.95
11194906155,11194906148,2.95
11194906155,11194906149,3.32
11194906149,11194906155,3.32
11194906149,11194906150,27.45
11194906150,11194906149,27.45
11194906150,11194906139,3.82
11194906139,11194906150,3.82
11194906145,6990959488,7.70
6990959488,11194906145,7.70
11194906137,11194906155,4.56
11194906155,11194906137,4.56
11194906156,11194906157,6.08
11194906157,11194906156,6.08
11194906158,11194906159,26.09
11194906159,11194906158,26.09
11009484178,11194906168,10.27
11194906168,11009484178,10.27
11194906168,11194906165,3.91
11194906165,11194906168,3.91
11194906165,11194906166,35.19
11194906166,11194906165,35.19
11194906166,11194906167,14.84
11194906167,11194906166,14.84
11194906171,11194906172,19.67
11194906172,11194906171,19.67
11194906172,11194906173,7.09
11194906173,11194906172,7.09
11194906175,11194906176,10.64
11194906176,11194906175,10.64
11194906176,12154252802,6.46
12154252802,11194906176,6.46
12154252802,11194906177,4.16
11194906177,12154252802,4.16
11194906177,3392861304,13.60
3392861304,11194906177,13.60
11194906171,12154252811,4.78
12154252811,11194906171,4.78
12154252811,12154252803,20.54
12154252803,12154252811,20.54
12154252803,11194906177,5.24
11194906177,12154252803,5.24
3392861298,11194900475,36.01
11194900475,3392861298,36.01
11194900477,11194900475,34.46
11194900475,11194900477,34.46
11194900475,11194900478,37.44
11194900478,11194900475,37.44
11194900476,11194900477,29.26
11194900477,11194900476,29.26
11194900476,11194900479,6.42
11194900479,11194900476,6.42
6886748331,11194900481,9.27
11194900481,6886748331,9.27
11194900481,11194900482,13.58
11194900482,11194900481,13.58
11194900482,11194900483,9.09
11194900483,11194900482,9.09
11194900483,11194900484,7.52
11194900484,11194900483,7.52
11194900484,11194900485,4.43
11194900485,11194900484,4.43
11194900485,11194900489,6.07
11194900489,11194900485,6.07
11194900489,11194900486,3.99
11194900486,11194900489,3.99
11194900487,11194900488,12.72
11194900488,11194900487,12.72
11194900488,11194900489,4.34
11194900489,11194900488,4.34
11194900487,11194900490,26.86
11194900490,11194900487,26.86
1851793463,1851793464,9.91
1851793464,1851793463,9.91
1851793464,4573038810,13.84
4573038810,1851793464,13.84
4573038810,4573038809,8.36
4573038809,4573038810,8.36
4573038809,1851793467,10.29
1851793467,4573038809,10.29
1851793467,1851793476,47.96
1851793476,1851793467,47.96
1851793476,4573038440,14.65
4573038440,1851793476,14.65
4573039189,11194900494,19.95
11194900494,4573039189,19.95
11194900494,11194900495,7.45
11194900495,11194900494,7.45
4573038436,11194900497,16.23
11194900497,4573038436,16.23
11194900497,11194900498,7.34
11194900498,11194900497,7.34
11194900498,11194900499,13.13
11194900499,11194900498,13.13
11194900499,11194900500,2.92
11194900500,11194900499,2.92
4573039189,11194900496,24.26
11194900496,4573039189,24.26
11194900505,11194900506,7.28
11194900506,11194900505,7.28
11194900505,11194900507,11.83
11194900507,11194900505,11.83
11194900506,11194900508,2.58
11194900508,11194900506,2.58
11194900508,4535949093,7.14
4535949093,11194900508,7.14
11194930219,11194930220,20.15
11194930220,11194930219,20.15
4573038436,4573038439,28.05
4573038439,4573038436,28.05
4573038440,4573038439,32.08
4573038439,4573038440,32.08
10909418914,11194930221,5.28
11194930221,10909418914,5.28
11194930221,4535968144,36.73
4535968144,11194930221,36.73
4535968144,4573038439,6.57
4573038439,4535968144,6.57
4573038455,11194930227,9.42
11194930227,4573038455,9.42
11194930227,11194930228,11.86
11194930228,11194930227,11.86
4573038445,11194938838,2.98
11194938838,4573038445,2.98
11194938838,11194938839,7.55
11194938839,11194938838,7.55
11194938839,11194938840,4.59
11194938840,11194938839,4.59
11194938852,11194938853,27.02
11194938853,11194938852,27.02
11194942968,11194942969,5.93
11194942969,11194942968,5.93
6990959497,11194942982,44.13
11194942982,6990959497,44.13
11194942982,6990959501,28.33
6990959501,11194942982,28.33
6990959501,6990959502,19.53
6990959502,6990959501,19.53
11194942970,11194942969,10.42
11194942969,11194942970,10.42
11194942969,6990959497,12.76
6990959497,11194942969,12.76
11194942979,11194942978,17.63
11194942978,11194942979,17.63
11194942977,11194942979,2.67
11194942979,11194942977,2.67
11194942977,11194942980,14.57
11194942980,11194942977,14.57
11194942980,11194942981,2.39
11194942981,11194942980,2.39
11194942981,11194942982,2.47
11194942982,11194942981,2.47
4573038818,11194942983,4.99
11194942983,4573038818,4.99
11194942983,11194942984,9.85
11194942984,11194942983,9.85
11194949980,11194949981,6.67
11194949981,11194949980,6.67
11194949981,11194949982,47.56
11194949982,11194949981,47.56
11194949982,4592868579,38.41
4592868579,11194949982,38.41
11194949982,11194949983,7.73
11194949983,11194949982,7.73
11194949984,11194949985,9.27
11194949985,11194949984,9.27
4584299358,11200991742,3.99
11200991742,4584299358,3.99
11200991742,4584299357,7.12
4584299357,11200991742,7.12
4584299357,11200991747,24.57
11200991747,4584299357,24.57
11200991747,11643225135,28.33
11643225135,11200991747,28.33
11643225135,11200991743,39.46
11200991743,11643225135,39.46
11200991743,11200991746,10.40
11200991746,11200991743,10.40
11200991751,11200991752,3.75
11200991752,11200991751,3.75
11200991752,11200991753,12.54
11200991753,11200991752,12.54
6879759307,11341142866,11.48
11341142866,6879759307,11.48
11341142866,11201005887,78.50
11201005887,11341142866,78.50
11201005887,6317624539,10.32
6317624539,11201005887,10.32
6317624539,11201005884,8.82
11201005884,6317624539,8.82
11201005884,11201005888,68.08
11201005888,11201005884,68.08
11201005888,11201005893,53.43
11201005893,11201005888,53.43
11201005893,11201005889,62.99
11201005889,11201005893,62.99
11201005889,11201005890,38.50
11201005890,11201005889,38.50
11201005890,11201005891,33.38
11201005891,11201005890,33.38
11201005891,11201005892,49.62
11201005892,11201005891,49.62
11201005886,11201005885,19.36
11201005885,11201005886,19.36
11201005885,4655550694,38.61
4655550694,11201005885,38.61
4655550694,4655550695,37.60
4655550695,4655550694,37.60
4655550695,11201005898,45.35
11201005898,4655550695,45.35
11201005898,4655550696,23.01
4655550696,11201005898,23.01
4655550696,11201005894,26.39
11201005894,4655550696,26.39
11201005894,4655550698,33.64
4655550698,11201005894,33.64
4655550698,4655550699,38.52
4655550699,4655550698,38.52
4655550699,10991121585,37.85
10991121585,4655550699,37.85
10991121585,4655550701,36.87
4655550701,10991121585,36.87
4655550701,11201005896,67.73
11201005896,4655550701,67.73
11201005896,11201005897,18.36
11201005897,11201005896,18.36
11201005897,11341203375,3.10
11341203375,11201005897,3.10
11341203375,11341203373,12.62
11341203373,11341203375,12.62
11341203373,4551141109,7.00
4551141109,11341203373,7.00
11201038516,11201038517,71.52
11201038517,11201038516,71.52
11201091646,11201091647,8.22
11201091647,11201091646,8.22
11201091647,6990796039,42.09
6990796039,11201091647,42.09
11216378989,4664985007,4.78
4664985007,11216378989,4.78
4664985007,1843869728,6.53
1843869728,4664985007,6.53
4584301464,4584301463,5.32
4584301463,4584301464,5.32
4584301463,4584301462,5.82
4584301462,4584301463,5.82
4584301462,4584301461,7.43
4584301461,4584301462,7.43
4584301461,4584301460,11.01
4584301460,4584301461,11.01
4584301460,4584301459,9.40
4584301459,4584301460,9.40
4584301459,4597856798,11.51
4597856798,4584301459,11.51
4597856832,11253757108,24.99
11253757108,4597856832,24.99
11253757108,11253757109,24.91
11253757109,11253757108,24.91
11253757109,11253757110,17.17
11253757110,11253757109,17.17
11253757110,11253757111,10.79
11253757111,11253757110,10.79
11253757111,11253757112,26.61
11253757112,11253757111,26.61
4584301458,4597856798,6.89
4597856798,4584301458,6.89
11265540027,11265540028,6.85
11265540028,11265540027,6.85
11265540028,11265540029,6.03
11265540029,11265540028,6.03
11265540029,11265540030,4.59
11265540030,11265540029,4.59
11265540030,11265540031,27.73
11265540031,11265540030,27.73
11265540032,11265540033,25.69
11265540033,11265540032,25.69
4655550727,11265540034,4.40
11265540034,4655550727,4.40
11265540034,11265540035,50.74
11265540035,11265540034,50.74
4655550729,11265540040,17.52
11265540040,4655550729,17.52
11265540040,11265540042,12.58
11265540042,11265540040,12.58
11265540042,11265540041,11.81
11265540041,11265540042,11.81
11265540044,11265540045,2.12
11265540045,11265540044,2.12
11265540045,11265540046,1.72
11265540046,11265540045,1.72
11265540046,11265540047,2.95
11265540047,11265540046,2.95
11265540047,11265540048,3.14
11265540048,11265540047,3.14
11265540048,11265540049,2.52
11265540049,11265540048,2.52
11265540049,11265540050,2.98
11265540050,11265540049,2.98
11265540050,11265540051,3.66
11265540051,11265540050,3.66
11265540051,11265540052,4.88
11265540052,11265540051,4.88
11265540052,11265540053,12.75
11265540053,11265540052,12.75
1847297824,7185443014,5.57
7185443014,1847297824,5.57
7185443014,7185443013,3.62
7185443013,7185443014,3.62
7185443013,7185443012,4.47
7185443012,7185443013,4.47
7185443012,1847297691,3.17
1847297691,7185443012,3.17
1847297691,4655550186,4.78
4655550186,1847297691,4.78
4655550188,11265540054,19.57
11265540054,4655550188,19.57
11265540054,4655550689,4.26
4655550689,11265540054,4.26
11265540054,11265540055,3.40
11265540055,11265540054,3.40
11265540055,11265540056,17.19
11265540056,11265540055,17.19
11265540056,11265540057,3.92
11265540057,11265540056,3.92
4655550709,11265513059,3.95
11265513059,4655550709,3.95
11265513059,4655760114,24.10
4655760114,11265513059,24.10
9664332497,9664332498,16.78
9664332498,9664332499,52.19
9664332499,9664332500,47.75
9664332500,9664332501,42.29
9664332501,9664332502,59.13
9664332502,9664332503,45.58
9664332503,9664332504,78.02
9664332504,9664332505,107.72
9664332505,9664332506,52.80
9664332506,9664332507,42.32
9664332507,9664332508,42.31
9664332508,9664332510,29.92
9664332510,13190454500,36.89
13190454500,9664332511,41.71
9664332511,9664332512,31.06
9664332512,9664332513,50.74
9664332513,9664332514,118.67
9664332514,11291845992,18.44
11291845991,9664332611,19.13
9664332611,9664332610,119.39
9664332610,9664332609,50.49
9664332609,9664332608,30.57
9664332608,13190454499,44.11
13190454499,9664332606,22.00
9664332606,9664332607,18.34
9664332607,9664332605,17.35
9664332605,9664332604,39.33
9664332604,9664332603,53.00
9664332603,9664332602,66.61
9664332602,13190454498,78.63
13190454498,9664332601,72.77
9664332601,9664332600,49.52
9664332600,9664332599,41.51
9664332599,9664332598,42.43
9664332598,9664332597,46.66
9664332597,9664332596,39.56
9664332596,11982032383,43.45
5021787573,5021787572,6.66
5021787572,5021787573,6.66
5021787572,10790032212,14.99
10790032212,5021787572,14.99
10790032212,10790032211,11.37
10790032211,10790032212,11.37
10790032211,10790032210,31.40
10790032210,10790032211,31.40
10790032210,10790032209,6.85
10790032209,10790032210,6.85
10790032209,10790032208,4.64
10790032208,10790032209,4.64
10790032208,10790032207,40.77
10790032207,10790032208,40.77
10790032207,10790032206,8.46
10790032206,10790032207,8.46
10790032206,10790032205,7.07
10790032205,10790032206,7.07
10790032205,10790019804,7.05
10790019804,10790032205,7.05
10790019804,10790019803,3.14
10790019803,10790019804,3.14
1847323180,11316513175,5.95
11316513175,1847323180,5.95
11316513175,11316513174,16.44
11316513174,11316513175,16.44
11316513176,11316513177,10.12
11316513177,11316513176,10.12
1847323351,11316513178,5.30
11316513178,1847323351,5.30
11316513179,11316513180,43.07
11316513180,11316513179,43.07
1847323107,11316513180,6.35
11316513180,1847323107,6.35
1847323415,11316513187,18.42
11316513187,1847323415,18.42
11316513194,11316513195,10.26
11316513195,11316513194,10.26
11316513195,11316513196,6.54
11316513196,11316513195,6.54
11316513196,11316513197,3.89
11316513197,11316513196,3.89
11316513197,11316513198,17.95
11316513198,11316513197,17.95
11316513198,11316513199,3.90
11316513199,11316513198,3.90
11316513200,11316513201,27.64
11316513201,11316513200,27.64
11316513201,11316513202,24.56
11316513202,11316513201,24.56
4592868734,11317191151,34.89
11317191151,4592868734,34.89
11317191151,11317191152,25.49
11317191152,11317191151,25.49
11317191152,9397859245,31.04
9397859245,11317191152,31.04
4592869855,4592869854,17.06
4592869854,4592869855,17.06
4592869854,4592869853,16.76
4592869853,4592869854,16.76
4592869853,4592869852,31.92
4592869852,4592869853,31.92
4592869852,388273998,6.65
388273998,4592869852,6.65
388273999,11317191161,41.65
11317191161,388273999,41.65
11317191161,11317191162,21.90
11317191162,11317191161,21.90
6310290518,11317214197,5.07
11317214197,6310290518,5.07
11317214197,11317214199,5.64
11317214199,11317214197,5.64
6310290511,11317214205,5.36
11317214205,6310290511,5.36
11317214205,11317214206,6.92
11317214206,11317214205,6.92
1847323417,6990959517,18.12
6990959517,1847323417,18.12
6990959517,1847323499,15.54
1847323499,6990959517,15.54
1847323499,1847323181,7.91
1847323181,1847323499,7.91
11330020502,11330020505,8.03
11330020505,11330020502,8.03
11330020505,11330020503,5.23
11330020503,11330020505,5.23
11330020503,11330020504,44.49
11330020504,11330020503,44.49
4578288276,11330020504,6.22
11330020504,4578288276,6.22
11335686982,11335686981,42.31
11335686981,11335686982,42.31
11335686981,11335686980,16.34
11335686980,11335686981,16.34
11341846511,11341846513,5.97
11341846513,11341846511,5.97
11341846513,11341846512,4.78
11341846512,11341846513,4.78
11341846512,11335691040,7.34
11335691040,11341846512,7.34
11336862282,11336862283,32.55
11336862283,11336862282,32.55
11336862282,11336862284,9.61
11336862284,11336862282,9.61
11336862283,6301369685,19.46
6301369685,11336862283,19.46
4681969146,11336862285,53.95
11336862285,4681969146,53.95
11336862286,11110820427,17.64
11110820427,11336862286,17.64
11110820427,11336862285,29.49
11336862285,11110820427,29.49
4681969166,6988555384,7.17
6988555384,4681969166,7.17
6988555384,507807926,7.68
507807926,6988555384,7.68
507807926,507807932,6.92
507807932,507807926,6.92
507807932,6879730355,16.01
6879730355,507807932,16.01
6879730355,4681969171,46.39
4681969171,6879730355,46.39
4681969171,6305478369,82.38
6305478369,4681969171,82.38
6305478369,4681969173,7.60
4681969173,6305478369,7.60
4681969090,11110820425,26.01
11110820425,4681969090,26.01
11110820425,11110820426,21.05
11110820426,11110820425,21.05
11110820426,11336862284,18.43
11336862284,11110820426,18.43
6887318091,6883728490,7.68
6883728490,6887318091,7.68
6883728490,6887302870,5.17
6887302870,6883728490,5.17
6887302870,11336862296,62.57
11336862296,6887302870,62.57
11336862296,11336862290,29.95
11336862290,11336862296,29.95
11336862290,11336862288,14.36
11336862288,11336862290,14.36
11336862288,11336862289,67.41
11336862289,11336862288,67.41
11336862289,6887314946,12.76
6887314946,11336862289,12.76
6887302874,6883728490,7.84
6883728490,6887302874,7.84
6883728490,6887302875,11.00
6887302875,6883728490,11.00
6887302875,6861396927,6.37
6861396927,6887302875,6.37
6861396927,6307566062,8.88
6307566062,6861396927,8.88
6887318091,11336862297,50.25
11336862297,6887318091,50.25
11336862297,11341948703,87.30
11341948703,11336862297,87.30
11341948703,11336862291,70.04
11336862291,11341948703,70.04
11336862291,11336862292,3.93
11336862292,11336862291,3.93
11336862292,11336862293,6.71
11336862293,11336862292,6.71
11336862293,11336862294,5.73
11336862294,11336862293,5.73
11336862294,11336862295,13.19
11336862295,11336862294,13.19
6991098359,11336862296,7.88
11336862296,6991098359,7.88
6887302854,11336862297,6.68
11336862297,6887302854,6.68
6887314943,11336862302,13.79
11336862302,6887314943,13.79
11336894160,12331423830,3.43
12331423830,11336894160,3.43
12331423830,11336894159,59.48
11336894159,12331423830,59.48
11336894159,2941477736,46.81
2941477736,11336894159,46.81
2941477736,12549984742,9.77
12549984742,2941477736,9.77
12549984742,12479559101,11.00
12479559101,12549984742,11.00
12479559101,12549984741,12.19
12549984741,12479559101,12.19
12549984741,2941477809,7.29
2941477809,12549984741,7.29
4592868967,4592868966,51.89
4592868966,4592868967,51.89
11336894166,11336894167,6.97
11336894167,11336894166,6.97
11336930169,11336930170,11.03
11336930170,11336930169,11.03
11336930172,11336930173,9.35
11336930173,11336930172,9.35
11336930178,11336930179,54.58
11336930179,11336930178,54.58
11336930179,11336930180,7.13
11336930180,11336930179,7.13
11336930182,11336930183,12.65
11336930183,11336930182,12.65
11336930185,11336930186,11.47
11336930186,11336930185,11.47
11336930185,11336930187,16.94
11336930187,11336930185,16.94
2941477736,11336930190,20.24
11336930190,2941477736,20.24
11336930190,11336930191,14.97
11336930191,11336930190,14.97
2941477736,11336930202,25.74
11336930202,2941477736,25.74
11336930202,11336930203,28.31
11336930203,11336930202,28.31
11336930203,11336930204,17.29
11336930204,11336930203,17.29
11336930498,11336930499,19.21
11336930499,11336930498,19.21
4592868978,11336930518,6.57
11336930518,4592868978,6.57
11336930518,4592868976,25.85
4592868976,11336930518,25.85
1847323404,1847323182,22.19
1847323182,1847323404,22.19
4592868957,11336964067,16.58
11336964067,4592868957,16.58
11336964067,11336964068,3.76
11336964068,11336964067,3.76
11336964068,11336965269,10.25
11336965269,11336964068,10.25
11336965269,11336965270,16.54
11336965270,11336965269,16.54
11336965279,11336965280,3.96
11336965280,11336965279,3.96
11336965280,11336965281,3.99
11336965281,11336965280,3.99
1847323377,1847323362,68.70
1847323362,1847323377,68.70
1847323362,1847323228,17.63
1847323228,1847323362,17.63
1847323228,1847323453,22.11
1847323453,1847323228,22.11
11336965293,11336965294,3.59
11336965294,11336965293,3.59
11336965295,11336965298,6.28
11336965298,11336965295,6.28
11336965298,11336965296,16.84
11336965296,11336965298,16.84
11336965303,11336965304,6.38
11336965304,11336965303,6.38
11336965296,11336965305,36.55
11336965305,11336965296,36.55
11336965296,11336965297,19.46
11336965297,11336965296,19.46
11336967760,11336967762,10.31
11336967762,11336967760,10.31
11336967762,11336967761,6.89
11336967761,11336967762,6.89
11201005886,11341089062,33.83
11341089062,11201005886,33.83
11341089062,11341089064,9.51
11341089064,11341089062,9.51
11341089064,11341142863,35.28
11341142863,11341089064,35.28
11341142863,6317624546,15.93
6317624546,11341142863,15.93
6317624546,11341142865,12.45
11341142865,6317624546,12.45
11341142865,11341846498,44.85
11341846498,11341142865,44.85
11341846498,11341846509,57.84
11341846509,11341846498,57.84
11341846509,11341203371,2.86
11341203371,11341846509,2.86
11341203371,11341875853,22.13
11341875853,11341203371,22.13
11341875853,4551141107,79.96
4551141107,11341875853,79.96
4551141107,11341142861,63.27
11341142861,4551141107,63.27
11341142861,2941446076,5.52
2941446076,11341142861,5.52
2941446076,11341142862,4.35
11341142862,2941446076,4.35
11341142862,2941446403,15.38
2941446403,11341142862,15.38
2941446403,2941446070,10.54
2941446070,2941446403,10.54
2941446070,4551141126,12.26
4551141126,2941446070,12.26
11341089061,11341089062,18.49
11341089062,11341089061,18.49
11341089063,11341089064,18.31
11341089064,11341089063,18.31
11341089067,4655550720,13.63
4655550720,11341089067,13.63
4655550720,4655550722,10.71
4655550722,4655550720,10.71
4655550725,4655550723,9.72
4655550723,4655550725,9.72
4655550723,4655550720,14.19
4655550720,4655550723,14.19
4655550184,1847297596,15.17
1847297596,4655550184,15.17
1847297596,11341123496,4.70
11341123496,1847297596,4.70
1847297596,11341123497,18.80
11341123497,1847297596,18.80
11341136673,11341136674,4.42
11341136674,11341136673,4.42
11341136674,11341136675,4.37
11341136675,11341136674,4.37
11341136682,11341136683,3.53
11341136683,11341136682,3.53
11341136683,11341136684,13.02
11341136684,11341136683,13.02
11341136684,4655549084,3.49
4655549084,11341136684,3.49
4655550724,11341136694,11.28
11341136694,4655550724,11.28
4655550724,11341136695,8.11
11341136695,4655550724,8.11
11341136694,11341136697,5.71
11341136697,11341136694,5.71
11341136697,11341136698,15.28
11341136698,11341136697,15.28
11341136698,11341136696,5.03
11341136696,11341136698,5.03
11341136702,11341136703,5.43
11341136703,11341136702,5.43
11341136704,11341136705,27.88
11341136705,11341136704,27.88
11341136705,11341136706,24.13
11341136706,11341136705,24.13
4655549700,11341136705,28.00
11341136705,4655549700,28.00
4655547984,11341136716,13.87
11341136716,4655547984,13.87
4655547984,11341136717,11.95
11341136717,4655547984,11.95
11341136719,11341136720,21.88
11341136720,11341136719,21.88
11341136720,11341136721,8.41
11341136721,11341136720,8.41
11341136721,11341136722,6.58
11341136722,11341136721,6.58
11341241546,4551484174,113.00
4551484174,11341241546,113.00
4551484174,11341241547,87.93
11341241547,4551484174,87.93
11341241547,11341241552,42.96
11341241552,11341241547,42.96
11341241552,11341241548,6.91
11341241548,11341241552,6.91
11341241548,11341241549,7.33
11341241549,11341241548,7.33
11341241549,11341241550,74.45
11341241550,11341241549,74.45
11341241550,2941446080,89.79
2941446080,11341241550,89.79
1847297881,1847297853,6.12
1847297853,1847297881,6.12
1847297853,1847297746,4.42
1847297746,1847297853,4.42
4551141109,11341732599,5.76
11341732599,4551141109,5.76
11341732599,11341732598,22.00
11341732598,11341732599,22.00
11341732598,11341732597,21.83
11341732597,11341732598,21.83
11341732597,6886403345,6.61
6886403345,11341732597,6.61
4655549703,4655549702,9.69
4655549702,4655549703,9.69
4655549702,4655549701,5.42
4655549701,4655549702,5.42
4655549701,4655549700,7.64
4655549700,4655549701,7.64
4655549700,11341136703,8.14
11341136703,4655549700,8.14
11341136703,6959218902,14.78
6959218902,11341136703,14.78
6959218902,4655549698,4.42
4655549698,6959218902,4.42
4655549698,4655549695,14.96
4655549695,4655549698,14.96
4655549695,4655549694,4.43
4655549694,4655549695,4.43
4655549694,4655549085,13.45
4655549085,4655549694,13.45
4655549085,4655549693,8.83
4655549693,4655549085,8.83
4655549693,4655549692,6.43
4655549692,4655549693,6.43
4655549692,4655549691,5.33
4655549691,4655549692,5.33
4655549691,5920586127,4.47
5920586127,4655549691,4.47
5920586127,5920586128,2.53
5920586128,5920586127,2.53
5920586128,6946165110,2.96
6946165110,5920586128,2.96
4655549715,7185445701,23.98
7185445701,4655549715,23.98
7185445701,4655549714,4.67
4655549714,7185445701,4.67
4655549714,6946165114,3.50
6946165114,4655549714,3.50
6946165114,4655549711,5.82
4655549711,6946165114,5.82
4655549719,11341846492,4.78
11341846492,4655549719,4.78
11341846492,11341846493,10.86
11341846493,11341846492,10.86
11341846494,11341846493,31.45
11341846493,11341846494,31.45
11341846493,11341846495,12.60
11341846495,11341846493,12.60
11341846495,4655549695,17.83
4655549695,11341846495,17.83
4655549704,11341846500,6.36
11341846500,4655549704,6.36
11341846500,11341846496,0.88
11341846496,11341846500,0.88
11341846496,11341846497,17.63
11341846497,11341846496,17.63
11341846497,11341846498,3.12
11341846498,11341846497,3.12
11341846499,11341846500,2.68
11341846500,11341846499,2.68
11341846501,11341846502,13.82
11341846502,11341846501,13.82
11341846503,11341846508,17.49
11341846508,11341846503,17.49
11341846508,11341846504,2.74
11341846504,11341846508,2.74
11341846504,11341846505,9.04
11341846505,11341846504,9.04
11341846505,11341846506,6.83
11341846506,11341846505,6.83
11341846506,11341846507,11.26
11341846507,11341846506,11.26
6959218909,11341846508,8.58
11341846508,6959218909,8.58
11341846507,11341846509,6.41
11341846509,11341846507,6.41
11341846503,11341846510,8.31
11341846510,11341846503,8.31
11341846510,11341846511,3.22
11341846511,11341846510,3.22
11341846514,11341846515,15.84
11341846515,11341846514,15.84
4655759593,11341846516,28.94
11341846516,4655759593,28.94
11341846516,11341846517,14.27
11341846517,11341846516,14.27
11335691040,11341846514,6.26
11341846514,11335691040,6.26
11341846514,11335691039,11.51
11335691039,11341846514,11.51
11341846501,11341846504,7.89
11341846504,11341846501,7.89
4655758788,11341875851,13.52
11341875851,4655758788,13.52
11341875851,11341875852,25.24
11341875852,11341875851,25.24
11341875852,11341875853,4.56
11341875853,11341875852,4.56
4551141126,11341142867,9.89
11341142867,4551141126,9.89
11341142867,11341142868,26.13
11341142868,11341142867,26.13
11341142868,11341203369,3.09
11341203369,11341142868,3.09
11341203369,11987333584,42.13
11987333584,11341203369,42.13
11341203370,11341875857,30.47
11341875857,11341203370,30.47
11341875857,11341241546,39.07
11341241546,11341875857,39.07
11115279313,11341875857,10.24
11341875857,11115279313,10.24
1863293007,11341837674,20.72
11341837674,6946165139,23.50
6946165139,6946165138,24.14
6946165138,4655549076,20.54
4655549076,4655549071,7.75
4655549071,6946165133,4.11
6946165133,4655549071,4.11
6946165133,4655549075,8.73
4655549075,6946165133,8.73
4655549075,11341875864,5.60
11341875864,4655549075,5.60
11341875864,6946165134,3.19
6946165134,11341875864,3.19
6946165134,6946165135,7.58
6946165135,6946165134,7.58
11341875863,11341875864,18.92
11341875864,11341875863,18.92
11341875865,11341875866,6.72
11341875866,11341875865,6.72
11341875867,11341875868,13.94
11341875868,11341875867,13.94
9397859242,11341948702,144.29
11341948702,9397859242,144.29
11341948702,11349400016,29.98
11349400016,11341948702,29.98
11349400016,6997486924,5.05
6997486924,11349400016,5.05
6997486924,6990796016,108.22
6990796016,6997486924,108.22
6990796016,11341948696,151.61
11341948696,6990796016,151.61
11341948696,11341948697,15.30
11341948697,11341948696,15.30
11341948697,11342006049,17.43
11342006049,11341948697,17.43
11342006049,11342006048,20.93
11342006048,11342006049,20.93
11342006048,11341948698,22.71
11341948698,11342006048,22.71
11341948698,11341948699,17.22
11341948699,11341948698,17.22
11341948699,11341948700,60.65
11341948700,11341948699,60.65
11341948700,11341948701,246.79
11341948701,11341948700,246.79
6024812294,11341948703,6.67
11341948703,6024812294,6.67
11341948717,6990796011,24.09
6990796011,11341948717,24.09
6990796011,6990796010,16.92
6990796010,6990796011,16.92
6990796010,4587669725,13.85
4587669725,6990796010,13.85
11341948727,11341948728,86.86
11341948728,11341948727,86.86
11341948728,11341948730,26.41
11341948730,11341948728,26.41
11341948730,2523548657,5.34
2523548657,11341948730,5.34
2523548657,11341948729,4.16
11341948729,2523548657,4.16
11341948730,11341948731,85.49
11341948731,11341948730,85.49
11341948731,11341948727,8.13
11341948727,11341948731,8.13
4587669746,7185463801,3.29
7185463801,4587669746,3.29
7185463801,4587669753,21.44
4587669753,7185463801,21.44
4587669922,4587669917,34.63
4587669917,4587669922,34.63
11342012185,11342012186,2.11
11342012186,11342012185,2.11
11342012186,11342012188,11.43
11342012188,11342012186,11.43
11342012188,11342012187,8.88
11342012187,11342012188,8.88
6307580538,6887353118,4.75
6887353118,6307580538,4.75
6887353118,11342012194,4.99
11342012194,6887353118,4.99
11342012194,6307580537,2.62
6307580537,11342012194,2.62
4592869952,1880066882,23.57
1880066882,4592869952,23.57
1880066882,4592869951,16.36
4592869951,1880066882,16.36
4592869951,1880066884,14.31
1880066884,4592869951,14.31
1880066884,1843574934,18.42
1843574934,1880066884,18.42
11336862298,6887314950,11.32
6887314950,11336862298,11.32
11342006038,11342006039,6.27
11342006039,11342006038,6.27
11342006039,6887302851,125.10
6887302851,11342006039,125.10
6887302852,11342006042,223.85
11342006042,6887302852,223.85
11342006042,11342006046,7.75
11342006046,11342006042,7.75
11342006046,6307580520,9.44
6307580520,11342006046,9.44
6307580520,6887297069,49.50
6887297069,6307580520,49.50
6307580513,6887297073,49.13
6887297073,6307580513,49.13
11336862295,6307580513,7.52
6307580513,11336862295,7.52
11342054587,11342054592,3.20
11342054592,11342054587,3.20
11342054592,11342054589,17.28
11342054589,11342054592,17.28
11342054590,11342054600,13.41
11342054600,11342054590,13.41
11342054600,11342054591,16.97
11342054591,11342054600,16.97
11342054601,11342054602,18.13
11342054602,11342054601,18.13
11342054602,11342054603,5.37
11342054603,11342054602,5.37
11342054603,11342054604,23.32
11342054604,11342054603,23.32
11342054604,11342054605,3.01
11342054605,11342054604,3.01
1947750217,4587669914,52.87
4587669914,1947750217,52.87
6024781875,11349400016,13.33
11349400016,6024781875,13.33
5021787580,5021787572,12.19
5021787572,5021787580,12.19
5021787572,4584301482,8.43
4584301482,5021787572,8.43
4584301482,10860300019,29.49
10860300019,6969713784,35.41
11382509223,11382509224,32.95
11382509224,11382509223,32.95
11382509224,11382509225,5.52
11382509225,11382509224,5.52
11384609711,11384609712,24.98
11384609712,11384609711,24.98
11384609715,11384609716,24.29
11384609716,11384609715,24.29
11384609717,11384609719,5.89
11384609719,11384609717,5.89
9970863699,11384609717,15.16
11384609717,9970863699,15.16
11384609717,11384609718,16.96
11384609718,11384609717,16.96
11384609718,10563627336,5.11
10563627336,11384609718,5.11
4655547944,4655547943,26.82
4655547943,4655547944,26.82
4655547943,11384609725,8.82
11384609725,4655547943,8.82
11384609726,4655549078,35.87
4655549078,11384609726,35.87
11384609727,11384609728,18.04
11384609728,11384609727,18.04
11384768728,11384768729,23.35
11384768729,11384768728,23.35
11384768729,11384768730,9.72
11384768730,11384768729,9.72
11384768730,11384768731,6.74
11384768731,11384768730,6.74
11384768731,1843955631,8.18
1843955631,11384768731,8.18
11384768731,11384768732,12.27
11384768732,11384768731,12.27
11384768732,11384768733,20.05
11384768733,11384768732,20.05
1847297661,11384768747,7.70
11384768747,1847297661,7.70
11384768747,1847297602,10.87
1847297602,11384768747,10.87
1847297602,4597856996,8.51
4597856996,1847297602,8.51
10089510139,11384768746,5.82
11384768746,10089510139,5.82
11384768746,11384768747,5.45
11384768747,11384768746,5.45
11384768748,11384768749,4.66
11384768749,11384768748,4.66
11384768749,11384768750,4.78
11384768750,11384768749,4.78
11384768750,11384768751,6.06
11384768751,11384768750,6.06
11384768751,11384768752,8.30
11384768752,11384768751,8.30
11384768753,11384768756,10.08
11384768756,11384768753,10.08
11384768756,11384768755,33.67
11384768755,11384768756,33.67
11384768755,11384768754,2.41
11384768754,11384768755,2.41
11384768756,10089510138,9.95
10089510138,11384768756,9.95
11384768767,11384768766,6.80
11384768766,11384768767,6.80
11384768766,11384768768,6.83
11384768768,11384768766,6.83
11413374541,5219443721,13.40
5219443721,11413374541,13.40
11413374541,6179169928,2.76
6179169928,11413374541,2.76
11413374548,11413374549,3.24
11413374549,11413374548,3.24
11413374549,11413374550,25.02
11413374550,11413374549,25.02
10916921175,10916921189,65.13
10916921189,10916921175,65.13
10916921189,11420978476,77.83
11420978476,10916921189,77.83
10916921176,12476194794,2.72
12476194794,10916921176,2.72
12476194794,11413374539,3.23
11413374539,12476194794,3.23
11413374539,12476200023,10.42
12476200023,11413374539,10.42
12476200023,12476200003,7.90
12476200003,12476200023,7.90
12476200003,12476200004,6.44
12476200004,12476200003,6.44
12476200004,12476194793,8.56
12476194793,12476200004,8.56
12476194793,11421775116,42.44
11421775116,12476194793,42.44
11421775116,10916921175,15.67
10916921175,11421775116,15.67
10916921164,11420978477,5.78
11420978477,10916921164,5.78
11420978477,11420978478,7.53
11420978478,11420978477,7.53
11420978478,11420978479,11.87
11420978479,11420978478,11.87
11420978479,11420978480,11.37
11420978480,11420978479,11.37
11420978480,11420978481,10.14
11420978481,11420978480,10.14
11420978481,11420978482,8.62
11420978482,11420978481,8.62
11420978485,11420978483,10.11
11420978483,11420978485,10.11
11420978483,11420978486,5.47
11420978486,11420978483,5.47
11420978486,11420978487,5.46
11420978487,11420978486,5.46
11420978487,11420978488,40.55
11420978488,11420978487,40.55
11420978488,11420978476,5.18
11420978476,11420978488,5.18
11420978476,10916921131,5.52
10916921131,11420978476,5.52
6967343909,11420978494,6.27
11420978494,6967343909,6.27
11420978494,11420978493,6.65
11420978493,11420978494,6.65
11420978517,11420978518,16.65
11420978518,11420978517,16.65
11420978518,11420978519,3.89
11420978519,11420978518,3.89
11420978519,11420978520,3.96
11420978520,11420978519,3.96
11420978520,4671258978,8.53
4671258978,11420978520,8.53
11420978482,11420978484,8.43
11420978484,11420978482,8.43
11420978484,11420978483,7.42
11420978483,11420978484,7.42
10916921179,11421775116,16.33
11421775116,10916921179,16.33
11429483757,11429483758,7.52
11429483758,11429483757,7.52
11429483758,11429483759,5.26
11429483759,11429483758,5.26
11429483760,11429483763,11.23
11429483763,11429483761,9.11
11429483761,11429483762,11.39
11429483762,11429483764,9.22
11429483764,6887379947,10.69
11429483768,11429512569,4.61
11429512569,11429483768,4.61
4671258986,11429555520,9.94
11429555520,4671258986,9.94
11429555520,11429555521,10.81
11429555521,11429555520,10.81
11429555521,11429555540,7.86
11429555540,11429555521,7.86
11429555540,11429555522,7.26
11429555522,11429555540,7.26
11429555522,11429555553,33.18
11429555553,11429555522,33.18
11429555553,11429555523,9.43
11429555523,11429555553,9.43
11429555528,11429555529,25.73
11429555529,11429555528,25.73
11429555529,11429555520,10.53
11429555520,11429555529,10.53
11429555530,11429555531,9.03
11429555531,11429555530,9.03
11429555522,11429555532,7.43
11429555532,11429555522,7.43
11429555532,11429555531,9.15
11429555531,11429555532,9.15
11429555531,11429555533,25.53
11429555533,11429555531,25.53
11429555533,11429555534,3.24
11429555534,11429555533,3.24
11429555534,11429555566,10.27
11429555566,11429555534,10.27
11429555566,11429555554,9.35
11429555554,11429555566,9.35
11429555554,11429603784,9.47
11429603784,11429555554,9.47
11429603784,11429555552,10.76
11429555552,11429603784,10.76
11429555552,11429555549,21.37
11429555549,11429555552,21.37
11429555549,11429555535,15.18
11429555535,11429555549,15.18
11429555535,11429555536,4.40
11429555536,11429555535,4.40
11429555536,11429555537,5.63
11429555537,11429555536,5.63
11429555537,11429555538,17.23
11429555538,11429555537,17.23
11429555538,11429555539,17.81
11429555539,11429555538,17.81
11429555539,11429555550,3.36
11429555550,11429555539,3.36
11429555550,11429555551,20.80
11429555551,11429555550,20.80
11429555551,11429555523,10.40
11429555523,11429555551,10.40
11429555541,11429609843,39.69
11429609843,11429555541,39.69
11429609843,11429555542,20.70
11429555542,11429609843,20.70
11429555542,11429603769,2.99
11429603769,11429555542,2.99
11429603769,11429555543,23.51
11429555543,11429603769,23.51
11429555540,11429555541,7.04
11429555541,11429555540,7.04
11429555549,11429555550,41.70
11429555550,11429555549,41.70
11429555551,11429603797,19.52
11429603797,11429555551,19.52
11429603797,11429603785,1.94
11429603785,11429603797,1.94
11429603785,11429555552,21.05
11429555552,11429603785,21.05
11429555553,11429603787,21.80
11429603787,11429555553,21.80
11429603787,11429555554,21.32
11429555554,11429603787,21.32
11429555566,11429555567,22.60
11429555567,11429555566,22.60
11429555567,11429555568,23.39
11429555568,11429555567,23.39
11429555567,4663284047,1.57
4663284047,11429555567,1.57
4663284047,4663284048,14.82
4663284048,4663284047,14.82
4663284048,11429603769,3.89
11429603769,4663284048,3.89
11429603771,11429603775,3.34
11429603775,11429603771,3.34
11429603775,11429603772,12.17
11429603772,11429603775,12.17
11429603770,11429603771,4.41
11429603771,11429603770,4.41
11429555536,11429603780,10.51
11429603780,11429555536,10.51
11429603780,11429603781,20.52
11429603781,11429603780,20.52
11429603781,4663281819,6.76
4663281819,11429603781,6.76
11429555523,11429603786,21.69
11429603786,11429555523,21.69
11429603786,11429603784,21.20
11429603784,11429603786,21.20
11429603785,11429603786,10.58
11429603786,11429603785,10.58
11429603786,11429603787,9.45
11429603787,11429603786,9.45
11429555533,11429609843,10.32
11429609843,11429555533,10.32
6236336775,2140842362,10.92
2140842362,6236336775,10.92
2140842362,6236336777,11.46
6236336777,2140842362,11.46
6236336777,11432631113,4.16
11432631113,6236336777,4.16
11432631113,4664985025,10.94
4664985025,11432631113,10.94
6236336780,6236336779,3.16
6236336779,6236336780,3.16
4664985025,6236336780,5.05
6236336780,4664985025,5.05
11432631104,11432631110,9.23
11432631110,11432631104,9.23
11432631110,11432631105,12.95
11432631105,11432631110,12.95
11432631105,11432631106,3.62
11432631106,11432631105,3.62
11432631106,11432631107,7.94
11432631107,11432631106,7.94
11432631107,11432631109,14.06
11432631109,11432631107,14.06
11432631109,11432631108,10.38
11432631108,11432631109,10.38
11432631105,11432631111,17.93
11432631111,11432631105,17.93
11432631111,11432631112,12.02
11432631112,11432631111,12.02
13190454519,13190454518,29.20
13190454518,11432791193,155.22
11432791193,11982032373,52.66
11982032373,11432791194,27.20
11432791194,11982032374,39.65
11982032374,12479531291,21.56
12479531291,10900387932,24.05
11432791189,12479531290,26.17
12479531290,11432791199,10.10
11432791199,11982032386,35.84
11982032386,11982032385,25.11
11982032385,11432791198,38.98
11432791198,11982032388,63.60
11982032388,13190454521,116.29
13190454521,13190454520,34.58
11982032383,13190454532,42.77
13190454532,11982032381,99.17
11982032381,11432791201,86.74
11432791201,12479531269,53.48
12479531269,4583911459,19.89
11432791181,11432791203,21.75
11432791203,11982032378,35.91
11982032378,11982032375,42.06
11982032375,11432791204,35.26
11432791204,11982032376,53.71
11982032376,11982032379,55.86
11982032379,9664332497,37.24
11432825855,11432825856,3.86
11432825856,11432825855,3.86
11432825856,4685366542,7.03
4685366542,11432825856,7.03
11432825857,11432825858,5.74
11432825858,11432825857,5.74
11432825858,4685366543,6.52
4685366543,11432825858,6.52
11432836071,11432836072,44.93
11432836072,11432836071,44.93
6887563401,6887379950,9.24
6887379950,6887563401,9.24
6887379951,6887563401,5.98
6887563401,6887379951,5.98
4597856750,11514545274,29.64
11514545274,4597856750,29.64
11541727692,11541727693,6.06
11541727693,11541727692,6.06
11541727693,11541727694,9.59
11541727694,11541727693,9.59
11541727696,11541727697,27.78
11541727697,11541727696,27.78
11541727697,11541727698,12.45
11541727698,11541727697,12.45
4584377239,6321789549,6.61
6321789549,4584377239,6.61
6321789549,6321789084,50.08
6321789084,6321789549,50.08
6321789084,13056522451,9.98
13056522451,6321789084,9.98
13056522451,12302177074,6.75
12302177074,13056522451,6.75
6310290513,11551974011,4.65
11551974011,6310290513,4.65
11551974011,4584377249,32.12
4584377249,11551974011,32.12
4597855987,4597856216,11.66
4597856216,4597855987,11.66
4597856216,4597855986,12.68
4597855986,4597856216,12.68
4597855986,4597855985,7.63
4597855985,4597855986,7.63
4597855985,4597855984,10.19
4597855984,4597855985,10.19
4597855984,4597855982,60.71
4597855982,4597855984,60.71
6988667499,4597855961,78.09
4597855961,6988667499,78.09
4597856237,4597856236,2.86
4597856236,4597856237,2.86
4597856236,4597856235,5.64
4597856235,4597856236,5.64
4597856235,4597856234,6.01
4597856234,4597856235,6.01
4597856234,4597856233,4.51
4597856233,4597856234,4.51
4597856233,4597856232,10.45
4597856232,4597856233,10.45
4597856232,4597856231,4.30
4597856231,4597856232,4.30
4597856231,4597856229,17.77
4597856229,4597856231,17.77
11551990237,11551990238,26.65
11551990238,11551990237,26.65
11551990239,11551990240,21.46
11551990240,11551990239,21.46
4597856097,11551990241,10.13
11551990241,4597856097,10.13
11551990241,11551990242,8.29
11551990242,11551990241,8.29
11551990242,11551990243,8.39
11551990243,11551990242,8.39
11551990243,11551990244,12.33
11551990244,11551990243,12.33
11551990244,11551990245,11.56
11551990245,11551990244,11.56
4597856097,4597856099,11.57
4597856099,4597856097,11.57
4597856099,4597856100,19.83
4597856100,4597856099,19.83
4306479586,4595086901,2.87
4595086901,4306479586,2.87
4595086901,4597856150,5.25
4597856150,4595086901,5.25
4597856150,4597856149,7.05
4597856149,4597856150,7.05
4597856149,4595086914,9.65
4595086914,4597856149,9.65
4595086914,4595086902,5.63
4595086902,4595086914,5.63
4595086902,4595086911,10.76
4595086911,4595086902,10.76
4595086911,4595086903,8.69
4595086903,4595086911,8.69
4595086903,4595086912,11.29
4595086912,4595086903,11.29
4595086912,4595086904,24.87
4595086904,4595086912,24.87
4306479586,6301368883,4.22
6301368883,4306479586,4.22
6301368883,6301369685,7.46
6301369685,6301368883,7.46
11336862284,4681969097,3.89
4681969097,11336862284,3.89
11551990246,11551990247,30.08
11551990247,11551990246,30.08
11552033848,11552033849,42.97
11552033849,11552033848,42.97
11585838420,11585838421,4.81
11585838421,11585838420,4.81
11585838420,11585838424,37.22
11585838424,11585838420,37.22
11608520265,11608520266,4.98
11608520266,11608520265,4.98
11608520266,11608520267,29.44
11608520267,11608520266,29.44
11608520267,11608520268,16.30
11608520268,11608520267,16.30
11608520268,11608538469,16.71
11608538469,11608520268,16.71
11608538470,11608538471,15.73
11608538471,11608538470,15.73
11608538471,11608538472,10.72
11608538472,11608538471,10.72
11608538472,11608538473,21.37
11608538473,11608538472,21.37
11608538473,11585838423,2.13
11585838423,11608538473,2.13
11585838424,11608538470,5.05
11608538470,11585838424,5.05
11608538471,11608538475,11.70
11608538475,11608538471,11.70
11635484277,11635484278,7.52
11635484278,11635484277,7.52
11635484278,11635484279,6.71
11635484279,11635484278,6.71
11635484279,11635484280,6.59
11635484280,11635484279,6.59
11635484280,1847297734,8.77
1847297734,11635484280,8.77
11635484298,11635484297,15.01
11635484297,11635484298,15.01
11635484296,11635484298,4.74
11635484298,11635484296,4.74
11635526298,11635526299,4.03
11635526299,11635526298,4.03
11635526299,11635526301,37.68
11635526301,11635526299,37.68
11635526301,11635526300,5.70
11635526300,11635526301,5.70
4464777437,11163682224,7.55
11163682224,4464777437,7.55
11635526305,11635526306,6.34
11635526306,11635526305,6.34
11635526309,11635526310,77.39
11635526310,11635526309,77.39
10895044642,10895044643,20.32
10895044643,10895044642,20.32
11635526311,11635526312,19.95
11635526312,11635526311,19.95
10895044634,11635526313,62.26
11635526313,10895044634,62.26
11635526313,11635526314,17.96
11635526314,11635526313,17.96
11635526314,11635526315,5.20
11635526315,11635526314,5.20
11635526315,11635526325,18.87
11635526325,11635526315,18.87
11635526325,11635526323,26.12
11635526323,11635526325,26.12
11635526323,11635526316,25.21
11635526316,11635526323,25.21
11635526316,11635526317,13.32
11635526317,11635526316,13.32
11635526317,11635526318,11.73
11635526318,11635526317,11.73
11635526318,11635526319,11.80
11635526319,11635526318,11.80
11635526319,11635526320,5.32
11635526320,11635526319,5.32
11635526320,11635526321,40.18
11635526321,11635526320,40.18
11635526321,11635526322,12.12
11635526322,11635526321,12.12
11635526312,11635526326,28.70
11635526326,11635526312,28.70
11635526326,11635526323,34.22
11635526323,11635526326,34.22
11635526324,11635526328,28.84
11635526328,11635526324,28.84
11635526328,11635526325,33.84
11635526325,11635526328,33.84
11635526326,11635526327,25.13
11635526327,11635526326,25.13
11635526311,10895044615,72.37
10895044615,11635526311,72.37
11635526328,11635526330,14.86
11635526330,11635526328,14.86
11635526330,11635526329,4.07
11635526329,11635526330,4.07
11635552683,11635552684,23.60
11635552684,11635552683,23.60
11635552688,11635552700,3.08
11635552700,11635552688,3.08
11635552700,11635552690,25.31
11635552690,11635552700,25.31
11635552690,8593529416,10.45
8593529416,11635552690,10.45
8593529416,10900673580,5.58
10900673580,8593529416,5.58
10900673580,11635552686,15.26
11635552686,10900673580,15.26
11635552686,11635552687,15.56
11635552687,11635552686,15.56
11635552687,6988667645,37.58
6988667645,11635552687,37.58
11635552689,11635552690,35.70
11635552690,11635552689,35.70
11635552690,11635552698,22.91
11635552698,11635552690,22.91
11635552698,11635552691,26.87
11635552691,11635552698,26.87
11635552688,11635552692,16.07
11635552692,11635552688,16.07
11635552693,6988667555,10.25
6988667555,11635552693,10.25
11635552702,11635552703,23.33
11635552703,11635552702,23.33
11635552703,11635623268,12.43
11635623268,11635552703,12.43
11635623268,11635552704,39.37
11635552704,11635623268,39.37
11635552704,11635552709,12.43
11635552709,11635552704,12.43
11635552703,11635552705,7.78
11635552705,11635552703,7.78
11635552704,11635552706,3.65
11635552706,11635552704,3.65
11635552706,11635552707,21.64
11635552707,11635552706,21.64
11635552692,11635552723,10.22
11635552723,11635552692,10.22
6301368531,11635623264,4.20
11635623264,6301368531,4.20
11635623264,11635623265,4.11
11635623265,11635623264,4.11
11635623265,11635623266,15.91
11635623266,11635623265,15.91
11635623267,11635635085,2.33
11635635085,11635623267,2.33
11635635085,11635623268,1.40
11635623268,11635635085,1.40
11635623268,11635635069,5.38
11635635069,11635623268,5.38
4584301629,6301368548,54.85
6301368548,4584301629,54.85
11635634381,9139010279,48.63
9139010279,11635634381,48.63
4597856222,11635634381,8.21
11635634381,4597856222,8.21
9133402283,9133402282,15.14
9133402282,9133402283,15.14
9133402282,4597856701,3.48
4597856701,9133402282,3.48
9133402284,12190804979,8.33
12190804979,9133402284,8.33
12190804979,13056522444,6.46
13056522444,12190804979,6.46
13056522444,12190804980,6.58
12190804980,13056522444,6.58
4584377285,11635634390,18.15
11635634390,4584377285,18.15
11635634390,4597856701,16.35
4597856701,11635634390,16.35
4584378206,6710877041,17.38
6710877041,4584378206,17.38
6710877041,4584377285,17.85
4584377285,6710877041,17.85
4584378218,4597855704,22.25
4597855704,4584378218,22.25
4597855704,4584378219,5.76
4584378219,4597855704,5.76
4584378219,4584378220,2.24
4584378220,4584378219,2.24
11635634399,11635634400,14.95
11635634400,11635634399,14.95
11638953387,11638953386,5.33
11638953386,11638953387,5.33
11638953386,6959218896,3.32
6959218896,11638953386,3.32
4592884115,11638953388,1.50
11638953388,4592884115,1.50
11638953388,11638953387,1.47
11638953387,11638953388,1.47
11638953386,11638953389,5.25
11638953389,11638953386,5.25
11638953389,6946154874,43.20
6946154874,11638953389,43.20
4592884115,11638953391,12.47
11638953391,4592884115,12.47
11639002951,11639002952,14.63
11639002952,11639002951,14.63
342231133,11639002954,5.93
11639002954,342231133,5.93
11639002954,11639002953,6.44
11639002953,11639002954,6.44
6997515990,6997515993,40.46
6997515993,6997515990,40.46
6997515993,4685366634,4.02
4685366634,6997515993,4.02
4685366634,4685366633,3.93
4685366633,4685366634,3.93
4685366634,11639002957,10.45
11639002957,4685366634,10.45
11639002958,6997515994,7.13
6997515994,11639002958,7.13
6997515994,4685366633,4.21
4685366633,6997515994,4.21
11639002963,11639002964,55.02
11639002964,11639002963,55.02
4583911473,4583911472,10.10
4583911472,4583911473,10.10
4583911472,4583911471,16.60
4583911471,4583911472,16.60
11639013269,577939057,16.10
577939057,11639013269,16.10
4583911506,4583911504,9.79
4583911504,4583911506,9.79
4583911504,4583911503,8.71
4583911503,4583911504,8.71
6988667539,1880068025,7.60
1880068025,6988667539,7.60
1880068025,6988667540,5.87
6988667540,1880068025,5.87
4681968857,4583911516,22.94
4583911516,4681968857,22.94
4583911534,4583911533,10.75
4583911533,4583911534,10.75
4583911538,577939034,11.92
577939034,4583911538,11.92
11639044193,11639044194,40.44
11639044194,11639044193,40.44
4597856127,11639044196,17.63
11639044196,4597856127,17.63
11639044196,11639044197,13.39
11639044197,11639044196,13.39
4597856109,11551990245,32.50
11551990245,4597856109,32.50
11551990245,6988667485,12.11
6988667485,11551990245,12.11
11639055517,11639055518,21.06
11639055518,11639055517,21.06
11639030682,11639030686,29.71
11639030686,11639030682,29.71
11639030686,11639030684,5.64
11639030684,11639030686,5.64
11639030684,11639030685,1.00
11639030685,11639030684,1.00
11639030685,11635484311,6.59
11635484311,11639030685,6.59
11639030682,11639030687,2.54
11639030687,11639030682,2.54
11639030687,11639030688,4.33
11639030688,11639030687,4.33
11639030688,11639030689,4.94
11639030689,11639030688,4.94
1847297771,11639030698,16.36
11639030698,1847297771,16.36
11639030698,11639030699,23.44
11639030699,11639030698,23.44
11639030699,11639030700,11.18
11639030700,11639030699,11.18
11643225132,11643225133,3.76
11643225133,11643225132,3.76
11643225133,11643225134,15.75
11643225134,11643225133,15.75
11643225134,11643225135,7.34
11643225135,11643225134,7.34
11643225137,12479525187,4.77
12479525187,11643225137,4.77
12479525187,12519175087,15.70
12519175087,12479525187,15.70
12519175087,12479525186,39.58
12479525186,12519175087,39.58
12479525186,12302107233,40.17
12302107233,12479525186,40.17
12302107233,12146191145,8.91
12146191145,12302107233,8.91
12146191145,12519175086,31.91
12519175086,12146191145,31.91
12519175086,4584299356,6.41
4584299356,12519175086,6.41
12519175088,12479525187,6.48
12479525187,12519175088,6.48
11643225137,12153338169,5.87
12153338169,11643225137,5.87
12153338169,11643225141,11.27
11643225141,12153338169,11.27
11643225141,1847297887,12.29
1847297887,11643225141,12.29
11643225137,11643225154,32.46
11643225154,11643225137,32.46
11643225154,11643225155,61.73
11643225155,11643225154,61.73
11643225159,11643225160,33.46
11643225160,11643225159,33.46
11643225161,11643225162,33.73
11643225162,11643225161,33.73
11643225161,11643225163,6.27
11643225163,11643225161,6.27
11643225159,11643225164,6.59
11643225164,11643225159,6.59
6946535767,6946535766,38.79
6946535766,6946535767,38.79
6946535766,6946535765,4.27
6946535765,6946535766,4.27
11651069351,11651069350,6.33
11651069350,11651069351,6.33
11651069350,11651069352,28.54
11651069352,11651069350,28.54
11651069352,11651069353,13.46
11651069353,11651069352,13.46
11688433309,11558307594,12.24
11558307594,11688433309,12.24
11558307594,11688433310,6.64
11688433310,11558307594,6.64
11688433317,11558307593,2.91
11558307593,11688433317,2.91
11558307593,11688433318,5.81
11688433318,11558307593,5.81
11688433318,11688433319,13.51
11688433319,11688433318,13.51
11688433319,11688433320,43.23
11688433320,11688433319,43.23
11688433320,11688433321,4.88
11688433321,11688433320,4.88
11688433321,11688433322,7.39
11688433322,11688433321,7.39
11688433322,11688433323,13.14
11688433323,11688433322,13.14
11688433323,11688433324,5.90
11688433324,11688433323,5.90
11688433324,11688433325,6.62
11688433325,11688433324,6.62
11688433325,11688433326,29.09
11688433326,11688433325,29.09
11688433326,11688433327,7.79
11688433327,11688433326,7.79
11688433327,11688433328,5.48
11688433328,11688433327,5.48
11688433328,11688433318,8.30
11688433318,11688433328,8.30
11688433329,11688433318,5.94
11688433318,11688433329,5.94
11688433336,11688433335,8.85
11688433335,11688433336,8.85
11688433335,11688433337,5.24
11688433337,11688433335,5.24
4681969173,6305478368,8.42
6305478368,4681969173,8.42
6305478368,4681969175,79.38
4681969175,6305478368,79.38
4681969175,4681969178,30.85
4681969178,4681969175,30.85
4681969178,4681969186,18.91
4681969186,4681969178,18.91
11688433342,6305478367,39.71
6305478367,11688433342,39.71
4583911401,4681969320,32.85
4681969320,4583911401,32.85
4583911401,11688433368,15.50
11688433368,11688457269,6.79
11688457269,11688457270,11.44
11688457270,4583911399,14.55
10860300029,10860300030,4.80
10860300030,10860300029,4.80
10865597131,11702595588,34.29
11702595588,10865597131,34.29
11702595588,11702595589,28.40
11702595589,11702595588,28.40
11702595589,11702595590,21.30
11702595590,11702595589,21.30
11702595590,11702595591,3.87
11702595591,11702595590,3.87
11702595591,11702595592,8.53
11702595592,11702595591,8.53
6310290607,11702595588,36.59
11702595588,6310290607,36.59
11702595593,11702595594,27.98
11702595594,11702595593,27.98
11702595594,4584301695,14.07
4584301695,11702595594,14.07
1844115332,11702595595,6.06
11702595595,1844115332,6.06
11702595595,11702595596,6.56
11702595596,11702595595,6.56
11702595596,11702595597,12.33
11702595597,11702595596,12.33
11702595596,11702595598,8.84
11702595598,11702595596,8.84
11702595599,11702595600,6.56
11702595600,11702595599,6.56
11702595600,11702595601,13.42
11702595601,11702595600,13.42
11702595601,11702595602,6.62
11702595602,11702595601,6.62
11702587410,11702587412,2.95
11702587412,11702587410,2.95
11702587412,11702587411,13.51
11702587411,11702587412,13.51
11702587415,11702587418,3.68
11702587418,11702587415,3.68
11702587418,11702587416,40.04
11702587416,11702587418,40.04
11702587416,11702587417,12.30
11702587417,11702587416,12.30
11702587424,11702587425,4.24
11702587425,11702587424,4.24
11702587425,11702587426,5.47
11702587426,11702587425,5.47
1847297647,11702587433,16.54
11702587433,1847297647,16.54
11702587433,11702587434,11.41
11702587434,11702587433,11.41
1844115529,11702587435,16.87
11702587435,1844115529,16.87
11702587435,11702587436,17.73
11702587436,11702587435,17.73
11702587436,11702587434,3.63
11702587434,11702587436,3.63
11709381501,11709381502,29.54
11709381502,11709381501,29.54
11709381502,11709381500,11.86
11709381500,11709381502,11.86
11745998733,6886228963,34.20
6886228963,11745998733,34.20
6988667642,11745998734,10.21
11745998734,6988667642,10.21
11745998734,11745998735,14.45
11745998735,11745998734,14.45
11745998735,11745998736,18.50
11745998736,11745998735,18.50
11745998736,11745998737,34.93
11745998737,11745998736,34.93
6301370824,6301370823,11.42
6301370823,6301370824,11.42
6301370823,6301370822,6.98
6301370822,6301370823,6.98
6301370822,6301370821,2.38
6301370821,6301370822,2.38
6301370821,6301370820,3.61
6301370820,6301370821,3.61
6301370820,6301370819,3.24
6301370819,6301370820,3.24
6301370819,6301370818,2.93
6301370818,6301370819,2.93
6301370818,6301370817,4.52
6301370817,6301370818,4.52
6301370817,6301370816,3.05
6301370816,6301370817,3.05
6301370816,6301370815,4.05
6301370815,6301370816,4.05
6301370815,6301370814,10.08
6301370814,6301370815,10.08
6301370814,2941477738,10.72
2941477738,6301370814,10.72
2941477738,6301370813,76.43
6301370813,2941477738,76.43
6301370813,6301370812,16.84
6301370812,6301370813,16.84
6301370812,2941477778,11.61
2941477778,6301370812,11.61
2941477778,6301370810,13.56
6301370810,2941477778,13.56
6301370810,6301370809,14.89
6301370809,6301370810,14.89
6301370809,6301370808,21.52
6301370808,6301370809,21.52
6301370808,6301370807,12.07
6301370807,6301370808,12.07
6301370807,6301370806,11.30
6301370806,6301370807,11.30
6301370806,6301370805,14.91
6301370805,6301370806,14.91
6301370805,6301370804,13.42
6301370804,6301370805,13.42
6301370804,6301370803,16.63
6301370803,6301370804,16.63
6301370803,6301370802,11.76
6301370802,6301370803,11.76
6301370802,6301370801,4.99
6301370801,6301370802,4.99
6301370801,6301370800,4.59
6301370800,6301370801,4.59
6301370800,6301370799,8.41
6301370799,6301370800,8.41
6301370799,6301370798,9.87
6301370798,6301370799,9.87
6301370798,6301370797,15.15
6301370797,6301370798,15.15
6301370797,6301370796,12.79
6301370796,6301370797,12.79
6301370796,6301370795,6.01
6301370795,6301370796,6.01
6301370795,6301370794,10.20
6301370794,6301370795,10.20
6301370794,6301370793,3.99
6301370793,6301370794,3.99
6301370793,6301370792,5.10
6301370792,6301370793,5.10
6301370792,6301370791,10.52
6301370791,6301370792,10.52
6301370791,6301370790,13.38
6301370790,6301370791,13.38
6301370790,6301370789,11.43
6301370789,6301370790,11.43
6301370789,6301370787,8.23
6301370787,6301370789,8.23
6301370787,6301370786,7.96
6301370786,6301370787,7.96
6301370786,6301370785,6.21
6301370785,6301370786,6.21
6301370785,6301364084,4.88
6301364084,6301370785,4.88
6301364084,6988661380,4.77
6988661380,6301364084,4.77
6988661380,6301364083,4.78
6301364083,6988661380,4.78
6301364083,6301364082,8.39
6301364082,6301364083,8.39
6301364082,2941477724,6.88
2941477724,6301364082,6.88
2941477724,6301370605,5.09
6301370605,2941477724,5.09
6301370605,6301370604,10.66
6301370604,6301370605,10.66
6301370604,6301370603,10.44
6301370603,6301370604,10.44
6301370603,6301370602,6.98
6301370602,6301370603,6.98
6301370602,6301370601,5.32
6301370601,6301370602,5.32
6301370601,6301370600,7.38
6301370600,6301370601,7.38
6301370600,6301370599,12.42
6301370599,6301370600,12.42
6301370599,6301370598,13.63
6301370598,6301370599,13.63
6301370598,6301370597,87.21
6301370597,6301370598,87.21
6301370597,6301370596,2.51
6301370596,6301370597,2.51
6301370596,6301370595,2.84
6301370595,6301370596,2.84
6301370595,6301370594,3.42
6301370594,6301370595,3.42
6301370594,6301370593,5.89
6301370593,6301370594,5.89
6301370593,6301370592,5.13
6301370592,6301370593,5.13
6301370592,6301370591,4.66
6301370591,6301370592,4.66
6301370591,6301370590,4.85
6301370590,6301370591,4.85
6301370590,4595086913,11.50
4595086913,6301370590,11.50
11746085811,6301370828,6.74
6301370828,11746085811,6.74
6301370828,6301370827,18.86
6301370827,6301370828,18.86
6301370827,6301370826,33.09
6301370826,6301370827,33.09
6301370826,6301370825,23.04
6301370825,6301370826,23.04
6301370825,6301370824,18.70
6301370824,6301370825,18.70
6301370541,6301370540,25.53
6301370540,6301370541,25.53
6301370540,2941471640,21.88
2941471640,6301370540,21.88
2941471640,6301370538,27.70
6301370538,2941471640,27.70
6301370538,6301370537,16.70
6301370537,6301370538,16.70
6301370537,6301370536,10.56
6301370536,6301370537,10.56
6301370536,6301370535,8.87
6301370535,6301370536,8.87
6301370535,6301370534,6.95
6301370534,6301370535,6.95
6301370534,6301370533,7.73
6301370533,6301370534,7.73
6301370533,2941471889,11.94
2941471889,6301370533,11.94
2941471889,6301370531,16.10
6301370531,2941471889,16.10
6301370531,6301370530,7.32
6301370530,6301370531,7.32
6301370530,6301370529,8.53
6301370529,6301370530,8.53
6301370529,6301370528,9.32
6301370528,6301370529,9.32
6301370528,6301370830,4.53
6301370830,6301370528,4.53
6301370830,6301370829,7.02
6301370829,6301370830,7.02
6301370829,11746085811,6.86
11746085811,6301370829,6.86
1880066887,4584378405,4.56
4584378405,1880066887,4.56
4584378405,4584378404,3.95
4584378404,4584378405,3.95
4584378404,1880066888,3.64
1880066888,4584378404,3.64
1880066888,1880066890,26.48
1880066890,1880066888,26.48
1880066890,4584378403,9.25
4584378403,1880066890,9.25
11746085823,11746085824,16.22
11746085824,11746085823,16.22
11746085824,11746085825,7.30
11746085825,11746085824,7.30
11746085825,4592869236,8.79
4592869236,11746085825,8.79
4681968844,11746119366,35.33
11746119366,4681968844,35.33
11746119366,11746119367,30.01
11746119367,11746119366,30.01
11746119367,11746119368,22.91
11746119368,11746119367,22.91
11746119368,11746280569,19.82
11746280569,11746119368,19.82
11746280569,1847323313,14.85
1847323313,11746280569,14.85
11746119367,11746280570,11.27
11746280570,11746119367,11.27
11746280570,11746280571,21.03
11746280571,11746280570,21.03
11746280571,11746280572,15.19
11746280572,11746280571,15.19
11746280572,11746280573,19.04
11746280573,11746280572,19.04
11746280573,11746280574,11.87
11746280574,11746280573,11.87
4592868974,11746280575,37.09
11746280575,4592868974,37.09
11746280575,11746280581,50.04
11746280581,11746280575,50.04
11746280581,11746280584,10.27
11746280584,11746280581,10.27
11746280584,11746280576,6.29
11746280576,11746280584,6.29
11746280581,11746280582,26.62
11746280582,11746280581,26.62
11746280582,11746280583,10.83
11746280583,11746280582,10.83
11746280583,11746280590,20.38
11746280590,11746280583,20.38
11746280590,11746280584,6.44
11746280584,11746280590,6.44
11746280576,11746280585,12.22
11746280585,11746280576,12.22
11746280585,11746280586,10.27
11746280586,11746280585,10.27
11746280587,11746280588,12.22
11746280588,11746280587,12.22
11746280588,11746280589,10.23
11746280589,11746280588,10.23
11746280587,11746280590,6.39
11746280590,11746280587,6.39
507807567,4592869245,5.69
4592869245,507807567,5.69
4592869245,4592869237,7.05
4592869237,4592869245,7.05
4592869237,4592869241,37.75
4592869241,4592869237,37.75
11756530763,11756530764,2.96
11756530764,11756530763,2.96
11756530764,11756530765,3.78
11756530765,11756530764,3.78
11756530765,11756530766,33.12
11756530766,11756530765,33.12
11756530767,11756583073,1.35
11756583073,11756530767,1.35
11756583073,11756583074,22.52
11756583074,11756583073,22.52
11767403460,11767403461,15.51
11767403461,11767403460,15.51
11767403461,11767403462,8.26
11767403462,11767403461,8.26
11767403460,11767403463,12.99
11767403463,11767403460,12.99
11767403463,11767403464,4.80
11767403464,11767403463,4.80
11767403464,11767403465,3.87
11767403465,11767403464,3.87
11767403465,11767403466,7.29
11767403466,11767403465,7.29
10933823029,10860300037,11.42
10860300037,10933823029,11.42
10933823029,10933823030,3.07
10933823030,10933823029,3.07
11767403466,10933823032,14.95
10933823032,11767403466,14.95
11767403465,4584301666,8.83
4584301666,11767403465,8.83
6959195354,11793854661,6.81
11793854661,6959195354,6.81
11793854661,11793854662,12.78
11793854662,11793854661,12.78
6946535814,11793854666,17.02
11793854666,6946535814,17.02
11793854666,11793854663,19.96
11793854663,11793854666,19.96
11793854663,11793854664,43.80
11793854664,11793854663,43.80
11793854664,11793854665,19.26
11793854665,11793854664,19.26
11793854665,11793854666,44.08
11793854666,11793854665,44.08
11793854667,6946535814,10.02
6946535814,11793854667,10.02
6946535814,11793918674,16.60
11793918674,6946535814,16.60
4597857002,6959195352,11.98
6959195352,4597857002,11.98
11793854663,11793854668,6.05
11793854668,11793854663,6.05
11793854668,6959195352,4.95
6959195352,11793854668,4.95
11793854668,11793918669,9.22
11793918669,11793854668,9.22
11793918669,11793918670,11.17
11793918670,11793918669,11.17
11793918670,11793918671,9.43
11793918671,11793918670,9.43
11793918671,11793918672,43.51
11793918672,11793918671,43.51
11793918673,11793918674,17.06
11793918674,11793918673,17.06
11793918672,11793918673,15.94
11793918673,11793918672,15.94
11842180045,11842180046,7.93
11842180046,11842180045,7.93
4597855785,6988667508,5.37
6988667508,4597855785,5.37
6988667508,4597855784,8.54
4597855784,6988667508,8.54
4597855784,6988667507,3.24
6988667507,4597855784,3.24
6988667507,6988667506,3.05
6988667506,6988667507,3.05
6988667506,1946518848,3.92
1946518848,6988667506,3.92
507892957,11845779299,9.31
11845779299,507892957,9.31
11845779299,11845779300,5.09
11845779300,11845779299,5.09
11845779300,11845779301,9.42
11845779301,11845779300,9.42
11845779301,11845779302,5.41
11845779302,11845779301,5.41
11845779302,11845779303,10.72
11845779303,11845779302,10.72
11863309729,11863309730,15.07
11863309730,11863309729,15.07
11863309733,11863309734,14.82
11863309734,11863309733,14.82
11863309734,11863309735,6.10
11863309735,11863309734,6.10
11863309732,11863309733,6.96
11863309733,11863309732,6.96
11863309730,11863309731,6.00
11863309731,11863309730,6.00
11863309728,11863309729,7.02
11863309729,11863309728,7.02
11879916237,11879916238,25.72
11879916238,11879916237,25.72
11879916238,11879916239,30.96
11879916239,11879916238,30.96
11879916239,4597856714,38.60
4597856714,11879916239,38.60
4597856714,11879916240,28.72
11879916240,4597856714,28.72
11879916240,11879916241,35.88
11879916241,11879916240,35.88
11879916241,11879916242,45.48
11879916242,11879916241,45.48
11879916242,11879916243,21.70
11879916243,11879916242,21.70
11879916243,11879916244,51.92
11879916244,11879916243,51.92
11879916244,11879916245,46.10
11879916245,11879916244,46.10
11879916245,11879916246,49.70
11879916246,11879916245,49.70
11879916246,11879916247,61.40
11879916247,11879916246,61.40
11879916247,11822806510,95.20
11822806510,11879916247,95.20
11889871252,11889871253,17.74
11889871253,11889871252,17.74
11889871253,11889871255,8.59
11889871255,11889871253,8.59
11889871255,11889871254,6.95
11889871254,11889871255,6.95
10869384312,11889871255,10.16
11889871255,10869384312,10.16
11889871254,11889871256,9.18
11889871256,11889871254,9.18
10869384310,11889871257,7.49
11889871257,10869384310,7.49
12203449131,11952459564,8.98
11952459564,12203449131,8.98
11952459564,12358547198,12.24
12358547198,11952459564,12.24
12358547198,11952459565,28.18
11952459565,12358547198,28.18
11952459565,11952459566,37.53
11952459566,11952459565,37.53
11952459566,11952459567,33.71
11952459567,11952459566,33.71
11952459567,11952459568,13.80
11952459568,11952459567,13.80
11952459568,11952494169,25.40
11952494169,11952459568,25.40
11952494169,11952494170,43.96
11952494170,11952494169,43.96
11952494170,11952494171,33.82
11952494171,11952494170,33.82
11952494171,11952494172,31.77
11952494172,11952494171,31.77
11952494172,11952494173,31.74
11952494173,11952494172,31.74
11952494173,12203449130,26.47
12203449130,11952494173,26.47
12203449130,12170807000,46.02
12170807000,12203449130,46.02
12170807000,12203449129,33.93
12203449129,12170807000,33.93
12203449129,12203449127,10.76
12203449127,12203449129,10.76
12203449127,12203449128,13.15
12203449128,12203449127,13.15
12203449128,12203449126,10.51
12203449126,12203449128,10.51
12203449126,12203449125,15.09
12203449125,12203449126,15.09
12203449125,12203449124,16.43
12203449124,12203449125,16.43
12203449124,11922515605,16.59
11922515605,12203449124,16.59
11922515605,6879730354,44.10
6879730354,11922515605,44.10
11922515613,11922515614,6.03
11922515614,11922515613,6.03
11922515614,11922515615,7.40
11922515615,11922515614,7.40
11922515615,11922515616,6.10
11922515616,11922515615,6.10
4592869818,6988667547,5.34
6988667547,4592869818,5.34
6988667547,4592869812,4.91
4592869812,6988667547,4.91
4592869812,4592869811,3.00
4592869811,4592869812,3.00
4592869811,4592869483,2.86
4592869483,4592869811,2.86
4592869483,4592869482,3.04
4592869482,4592869483,3.04
11927085480,11927085481,7.56
11927085481,11927085480,7.56
11927085481,6990776032,38.52
6990776032,11927085481,38.52
4592869800,11927085491,20.17
11927085491,4592869800,20.17
11946062439,1847297612,22.36
1847297612,11946062439,22.36
11946153163,11946153164,7.89
11946153164,11946153163,7.89
11946153165,11946153166,19.20
11946153166,11946153165,19.20
11946153166,11946153167,26.28
11946153167,11946153166,26.28
11946153168,11946165869,4.07
11946165869,11946153168,4.07
11946165869,11946153165,2.58
11946153165,11946165869,2.58
11946153165,11946165871,7.62
11946165871,11946153165,7.62
11946165871,11946165870,4.47
11946165870,11946165871,4.47
11946165874,6946535755,9.18
6946535755,11946165874,9.18
1847297551,11946165880,4.05
11946165880,1847297551,4.05
11946165880,11946165881,21.61
11946165881,11946165880,21.61
11946165881,11946165882,2.57
11946165882,11946165881,2.57
11946165882,11946165883,9.24
11946165883,11946165882,9.24
11948655756,11948655757,25.02
11948655757,11948655756,25.02
11948655757,11948655758,18.32
11948655758,11948655757,18.32
11948655758,11948655759,7.42
11948655759,11948655758,7.42
11948655759,11948655760,18.08
11948655760,11948655759,18.08
11948655758,11948655761,25.49
11948655761,11948655758,25.49
11952492978,11952492979,5.59
11952492979,11952492978,5.59
11952492979,6879730361,11.66
6879730361,11952492979,11.66
6879730361,11952492980,13.84
11952492980,6879730361,13.84
11952492980,11952492981,5.66
11952492981,11952492980,5.66
507808133,11952492983,23.10
11952492983,507808133,23.10
11952492983,11952492984,18.96
11952492984,11952492983,18.96
11952492984,11952492985,6.24
11952492985,11952492984,6.24
11952492994,4681969310,33.79
4681969310,11952492994,33.79
4681969309,4681969308,17.97
4681969308,4681969309,17.97
6301370157,6301370156,13.99
6301370156,6301370157,13.99
6301370156,6301370318,10.73
6301370318,6301370156,10.73
6301370318,6301370317,6.61
6301370317,6301370318,6.61
6301370317,6301370316,3.24
6301370316,6301370317,3.24
6301370316,6301370315,4.37
6301370315,6301370316,4.37
6301370315,6301370314,10.06
6301370314,6301370315,10.06
6301370314,6301370313,21.74
6301370313,6301370314,21.74
6301370313,6301370312,10.47
6301370312,6301370313,10.47
6301370312,6301370311,3.79
6301370311,6301370312,3.79
6301370311,6301370310,5.38
6301370310,6301370311,5.38
6301370310,6301370309,28.38
6301370309,6301370310,28.38
6301370309,6301370308,5.73
6301370308,6301370309,5.73
6301370308,6301370307,5.82
6301370307,6301370308,5.82
6301370307,6301370306,18.13
6301370306,6301370307,18.13
6301370306,6301370305,16.34
6301370305,6301370306,16.34
6301370305,6301370304,4.42
6301370304,6301370305,4.42
6301370304,6301370303,7.29
6301370303,6301370304,7.29
6301370303,6301370302,30.27
6301370302,6301370303,30.27
6301370302,6301370301,2.91
6301370301,6301370302,2.91
6301370301,6301370300,4.32
6301370300,6301370301,4.32
6301370300,6301370299,18.23
6301370299,6301370300,18.23
6301370299,6301370298,40.96
6301370298,6301370299,40.96
6301370298,6301370297,3.72
6301370297,6301370298,3.72
6301370297,6301370296,4.17
6301370296,6301370297,4.17
6301370296,6301370295,56.21
6301370295,6301370296,56.21
11952493018,11952493020,5.58
11952493020,11952493018,5.58
11952493020,11952493019,25.68
11952493019,11952493020,25.68
11959201875,1844115646,19.23
1844115646,11959201875,19.23
11959201876,11959201875,51.34
11959201875,11959201876,51.34
6946535751,11963733352,12.88
11963733352,6946535751,12.88
11981050351,11981050353,16.75
11981050353,11981050351,16.75
11981050353,11981050352,4.71
11981050352,11981050353,4.71
11981050361,11981050365,15.40
11981050365,11981050361,15.40
11981050365,11981050362,9.85
11981050362,11981050365,9.85
11981050363,11981050362,33.13
11981050362,11981050363,33.13
11981050362,11981050364,14.62
11981050364,11981050362,14.62
11981050365,11981050366,18.12
11981050366,11981050365,18.12
4583912107,11981050364,33.23
11981050364,4583912107,33.23
11981050364,11981050366,11.18
11981050366,11981050364,11.18
11981050366,11981050367,36.30
11981050367,11981050366,36.30
11981089169,11981089170,36.65
11981089170,11981089169,36.65
11981089170,11981089171,7.11
11981089171,11981089170,7.11
11981089171,11981089172,17.22
11981089172,11981089171,17.22
11981089172,11981089173,47.19
11981089173,11981089172,47.19
11981089179,11981089180,3.58
11981089180,11981089179,3.58
11981089180,11981089181,7.66
11981089181,11981089180,7.66
11981089181,11981089182,8.92
11981089182,11981089181,8.92
11987333584,11341203370,14.38
11341203370,11987333584,14.38
6698477174,6698477175,8.78
6698477175,6698477174,8.78
12040782466,12040782467,8.34
12040782467,12040782466,8.34
12040782466,12586300409,3.65
12586300409,12040782466,3.65
12586300409,12040782468,19.77
12040782468,12586300409,19.77
12040782468,12040787069,51.02
12040787069,12040782468,51.02
6967343906,12048145637,18.87
12048145637,6967343906,18.87
12048145637,12048145638,9.65
12048145638,12048145637,9.65
4664984998,6179169925,7.17
6179169925,4664984998,7.17
6179169925,10916991941,64.92
10916991941,6179169925,64.92
12050247032,12050247033,27.21
12050247033,12050247032,27.21
1843955687,12050247040,26.16
12050247040,1843955687,26.16
12050247040,12050247034,8.11
12050247034,12050247040,8.11
12050247039,12050247040,3.96
12050247040,12050247039,3.96
12077063647,12077063646,5.98
12077063646,12077063647,5.98
12077063646,12077063645,51.39
12077063645,12077063646,51.39
12077063645,12077063644,38.55
12077063644,12077063645,38.55
12077063644,12077063643,7.40
12077063643,12077063644,7.40
12077063643,12052133510,4.40
12052133510,12077063643,4.40
12052133510,12052133511,11.64
12052133511,12052133510,11.64
12052133511,12052133512,6.74
12052133512,12052133511,6.74
12052133512,12052133513,6.92
12052133513,12052133512,6.92
12052133513,12052133514,11.71
12052133514,12052133513,11.71
12052133514,12052133515,9.13
12052133515,12052133514,9.13
12052133515,12052133516,10.09
12052133516,12052133515,10.09
12052133516,12052133517,10.89
12052133517,12052133516,10.89
12052133517,12052133518,6.23
12052133518,12052133517,6.23
12052133518,12052133519,12.26
12052133519,12052133518,12.26
12052133519,12052133520,19.70
12052133520,12052133519,19.70
12052133520,12052133521,30.45
12052133521,12052133520,30.45
12052133521,12077063629,6.86
12077063629,12052133521,6.86
12077063629,12077063630,5.66
12077063630,12077063629,5.66
12077063630,12077063631,4.82
12077063631,12077063630,4.82
12077063631,12077063632,7.23
12077063632,12077063631,7.23
12077063632,12077063633,5.11
12077063633,12077063632,5.11
12077063633,12077063634,5.99
12077063634,12077063633,5.99
12077063634,12077063635,87.19
12077063635,12077063634,87.19
12077063635,12077063636,5.95
12077063636,12077063635,5.95
12077063636,12077063637,5.36
12077063637,12077063636,5.36
12077063637,12077063638,100.95
12077063638,12077063637,100.95
12077063638,12077063639,11.50
12077063639,12077063638,11.50
12077063639,12077063640,20.84
12077063640,12077063639,20.84
12077063640,12077063641,17.03
12077063641,12077063640,17.03
12077063641,12077063642,16.87
12077063642,12077063641,16.87
12077063642,12077063650,57.83
12077063650,12077063642,57.83
12077063650,12077063651,41.54
12077063651,12077063650,41.54
12077063651,12077063652,14.59
12077063652,12077063651,14.59
12077063652,12077063653,14.62
12077063653,12077063652,14.62
12077063653,12077063654,4.96
12077063654,12077063653,4.96
10789961796,10925262932,14.55
10925262932,10789961796,14.55
10925262932,12065247521,9.57
12065247521,10925262932,9.57
12065247521,12065247522,11.65
12065247522,12065247521,11.65
12065247522,12065247523,10.73
12065247523,12065247522,10.73
12065247523,12065247524,31.76
12065247524,12065247523,31.76
12065247524,12065247525,8.87
12065247525,12065247524,8.87
12077063655,12077063656,20.79
12077063656,12077063655,20.79
12077063656,12077063657,21.75
12077063657,12077063656,21.75
12077063657,12077063658,20.57
12077063658,12077063657,20.57
12077063658,12077063659,21.81
12077063659,12077063658,21.81
12077063659,12077063656,20.44
12077063656,12077063659,20.44
12077063657,12077063660,2.30
12077063660,12077063657,2.30
12077063660,12077063661,16.71
12077063661,12077063660,16.71
1843955085,12077063662,35.03
12077063662,1843955085,35.03
12077063662,12077063663,24.87
12077063663,12077063662,24.87
12077063663,12077063664,5.61
12077063664,12077063663,5.61
12077063664,12077063665,1.86
12077063665,12077063664,1.86
12077063661,12077063662,3.49
12077063662,12077063661,3.49
12077071282,12077071283,17.82
12077071283,12077071282,17.82
4655547952,4655547955,19.43
11982032383,9664332593,145.46
9664332593,9664332592,93.49
9664332495,9664332496,91.62
9664332496,13190454517,78.54
13190454517,9664332497,50.99
9664332591,13190454516,123.99
13190454516,11432791196,94.59
11432791192,9664332494,215.30
11201038517,11201038518,18.01
11201038518,11201038517,18.01
11201038518,11201038519,37.34
11201038519,11201038518,37.34
11341948729,12089839669,12.32
12089839669,11341948729,12.32
12089839669,12089839677,17.11
12089839677,12089839669,17.11
12089839677,12089839670,12.06
12089839670,12089839677,12.06
12089839670,12089839686,5.14
12089839686,12089839670,5.14
12089839686,12089839684,5.82
12089839684,12089839686,5.82
12089839684,12089839697,11.17
12089839697,12089839684,11.17
12089839697,12089839671,19.76
12089839671,12089839697,19.76
12089839669,12089839672,16.41
12089839672,12089839669,16.41
12089839677,12089839681,52.36
12089839681,12089839677,52.36
12089839681,12089839679,5.81
12089839679,12089839681,5.81
12089839679,12089839678,40.95
12089839678,12089839679,40.95
12089839683,12089839680,39.10
12089839680,12089839683,39.10
12089839680,12089839694,2.81
12089839694,12089839680,2.81
12089839694,12089839682,2.83
12089839682,12089839694,2.83
12089839682,12089839684,48.21
12089839684,12089839682,48.21
12089839685,12089839686,12.12
12089839686,12089839685,12.12
12089839696,12089839695,41.21
12089839695,12089839696,41.21
12089839695,12089839697,49.24
12089839697,12089839695,49.24
4587669992,4587669990,13.71
4587669990,4587669992,13.71
4587669990,4587669788,9.47
4587669788,4587669990,9.47
4587669788,4587669787,7.15
4587669787,4587669788,7.15
4587669787,4587669725,5.96
4587669725,4587669787,5.96
4587669992,12089839698,18.54
12089839698,4587669992,18.54
4655550703,4655550715,4.00
4655550715,4655550703,4.00
4655550715,4655550716,5.20
4655550716,4655550715,5.20
4655550716,6946165122,5.21
6946165122,4655550716,5.21
6946165122,4655550717,4.22
4655550717,6946165122,4.22
4655550717,4655547955,5.32
4655547955,4655550717,5.32
11120895597,11120895598,11.26
11120895598,11120895597,11.26
11120895598,11120895596,6.59
11120895596,11120895598,6.59
12048145638,10916921128,4.25
10916921128,12048145638,4.25
10916921128,10916921129,17.79
10916921129,10916921128,17.79
10916921129,10916921130,24.30
10916921130,10916921129,24.30
10916921130,10916921131,11.44
10916921131,10916921130,11.44
12097433538,12097433539,3.65
12097433539,12097433538,3.65
12097433539,12097433540,15.59
12097433540,12097433539,15.59
12097433539,12097433541,15.56
12097433541,12097433539,15.56
12097433541,12097433542,43.70
12097433542,12097433541,43.70
12097433542,9107232747,31.44
9107232747,12097433542,31.44
12097433550,12097433551,8.03
12097433551,12097433550,8.03
12097433559,12097433560,5.76
12097433560,12097433559,5.76
12097433560,12097433561,14.37
12097433561,12097433560,14.37
11194900490,12097433562,25.77
12097433562,11194900490,25.77
12097433562,910009325,16.57
910009325,12097433562,16.57
12097436607,12097436609,5.82
12097436609,12097436607,5.82
12097436609,12097436608,3.61
12097436608,12097436609,3.61
12104342526,12104342527,9.13
12104342527,12104342526,9.13
12104342527,12104342528,2.11
12104342528,12104342527,2.11
7539003368,12111719828,24.27
12111719828,7539003368,24.27
12111719828,12111719829,19.01
12111719829,12111719828,19.01
12111719829,12111719830,15.11
12111719830,12111719829,15.11
12111719830,4671252674,25.20
4671252674,12111719830,25.20
12146191144,12146191145,6.18
12146191145,12146191144,6.18
12154245213,12154245214,40.67
12154245214,12154245213,40.67
12154247496,12154247497,19.13
12154247497,12154247496,19.13
12154247497,12154247498,54.80
12154247498,12154247497,54.80
12154247496,12097433563,18.77
12097433563,12154247496,18.77
12154247497,12154247499,5.45
12154247499,12154247497,5.45
12154247499,12154247500,14.50
12154247500,12154247499,14.50
12154247500,12154252801,9.88
12154252801,12154247500,9.88
12154252801,11194900479,13.55
11194900479,12154252801,13.55
6990959509,12154252811,30.82
12154252811,6990959509,30.82
12162331481,12162331482,9.90
12162331482,12162331481,9.90
12162331482,12162331483,7.70
12162331483,12162331482,7.70
12162331483,12162331484,5.45
12162331484,12162331483,5.45
12162331484,12162331485,5.71
12162331485,12162331484,5.71
12162331485,12162331486,6.24
12162331486,12162331485,6.24
12162331486,12162331487,4.87
12162331487,12162331486,4.87
12162331487,12162331488,7.31
12162331488,12162331487,7.31
12162331488,12162331489,6.10
12162331489,12162331488,6.10
12162331489,12162331490,12.97
12162331490,12162331489,12.97
12162331492,12162331493,7.43
12162331493,12162331492,7.43
12162331493,12162331494,19.90
12162331494,12162331493,19.90
1843585310,4587022645,48.77
4587022645,1843585310,48.77
4587022645,1843585085,4.36
1843585085,4587022645,4.36
1843585085,6990776060,9.93
6990776060,1843585085,9.93
6990776060,6707891700,11.69
6707891700,6990776060,11.69
6707891700,6990776061,10.47
6990776061,6707891700,10.47
6990776061,6988328907,10.37
6988328907,6990776061,10.37
6988328907,6990776062,8.30
6990776062,6988328907,8.30
6990776062,6988328906,9.38
6988328906,6990776062,9.38
6988328906,4587022601,5.05
4587022601,6988328906,5.05
4587022601,1747984670,4.27
1747984670,4587022601,4.27
1847323249,6990959550,42.14
6990959550,1847323249,42.14
6990959550,4592868554,48.65
4592868554,6990959550,48.65
4592868554,1847323502,27.97
1847323502,4592868554,27.97
1847323502,1847323365,22.10
1847323365,1847323502,22.10
1847323365,1847323184,18.73
1847323184,1847323365,18.73
1847323184,1847323389,30.63
1847323389,1847323184,30.63
1847323389,1847323333,63.95
1847323333,1847323389,63.95
1847323333,1847323448,41.64
1847323448,1847323333,41.64
1847323448,1847323349,42.26
1847323349,1847323448,42.26
1847323349,1847323255,43.79
1847323255,1847323349,43.79
12162360721,12162360722,36.17
12162360722,12162360721,36.17
12162360722,12162360723,59.40
12162360723,12162360722,59.40
12162360723,12549999111,10.62
12549999111,12162360723,10.62
12162360722,12162360724,5.25
12162360724,12162360722,5.25
12162360724,12162360725,27.18
12162360725,12162360724,27.18
12162360726,11009429604,23.26
11009429604,12162360726,23.26
11009429604,12162360727,2.69
12162360727,11009429604,2.69
12164496241,12164496242,24.48
12164496242,12164496241,24.48
12164496243,12164496244,31.32
12164496244,12164496243,31.32
6864471925,10790032212,11.76
10790032212,6864471925,11.76
10790032209,6864471919,10.37
6864471919,10790032209,10.37
12168558932,12168558933,3.61
12168558933,12168558932,3.61
12168558933,12168558934,6.63
12168558934,12168558933,6.63
12168558934,12168558935,9.69
12168558935,12168558934,9.69
12168558935,12168558936,21.50
12168558936,12168558935,21.50
12168558936,12168558937,15.94
12168558937,12168558936,15.94
507807881,13195756031,18.03
13195756031,6988555379,27.88
6988555379,4583911380,7.81
6879730354,4583911374,16.09
4583911374,6879730354,16.09
4583911374,6988555376,11.85
6988555376,4583911374,11.85
6988555376,4583911375,11.57
4583911375,6988555376,11.57
4583911375,4681969141,15.65
4681969141,4583911375,15.65
507893051,12170806982,19.30
12170806982,507893051,19.30
12170806982,12170806983,6.09
12170806983,12170806982,6.09
12170806983,12170806984,7.31
12170806984,12170806983,7.31
12170806984,12170806985,12.48
12170806985,12170806984,12.48
12170806985,12170806986,10.59
12170806986,12170806985,10.59
12170806986,12170806987,16.51
12170806987,12170806986,16.51
12170806987,12170806988,14.78
12170806988,12170806987,14.78
12170806988,12170806989,8.77
12170806989,12170806988,8.77
12170806989,12170806990,5.12
12170806990,12170806989,5.12
12170806990,12170806991,6.26
12170806991,12170806990,6.26
6710933580,6710933579,13.90
6710933579,6710933580,13.90
6710933579,6988555193,5.70
6988555193,6710933579,5.70
6988555193,6710933578,5.72
6710933578,6988555193,5.72
6710933578,6710933577,15.63
6710933577,6710933578,15.63
6710933577,6710933576,6.13
6710933576,6710933577,6.13
6710933576,12170806991,3.34
12170806991,6710933576,3.34
12170806991,507893108,2.30
507893108,12170806991,2.30
12170806994,12170806995,26.03
12170806995,12170806994,26.03
12170806995,6710933580,6.60
6710933580,12170806995,6.60
11635634383,9133402284,11.27
9133402284,11635634383,11.27
12264895363,12264895364,32.64
12264895364,12264895363,32.64
12170807000,12264895363,4.57
12264895363,12170807000,4.57
12264895364,12264895365,4.07
12264895365,12264895364,4.07
12264895365,12264895366,2.37
12264895366,12264895365,2.37
12264895366,12264895367,4.04
12264895367,12264895366,4.04
12264895364,12264895368,3.67
12264895368,12264895364,3.67
12264895368,12264895369,2.39
12264895369,12264895368,2.39
12264895369,12264895367,3.63
12264895367,12264895369,3.63
12264895367,507893075,6.42
507893075,12264895367,6.42
12302107232,12302107233,49.76
12302107233,12302107232,49.76
12302107232,12302107234,10.66
12302107234,12302107232,10.66
12302107234,12302107235,3.05
12302107235,12302107234,3.05
12302107235,12302107236,22.00
12302107236,12302107235,22.00
11643225131,4584299356,7.83
4584299356,11643225131,7.83
12519188211,12519188213,30.92
12519188213,12476174781,24.90
12476174781,12476174780,57.46
12476174780,12476174779,27.46
12476174779,12476174777,24.56
12476174777,12993625732,19.14
12993625732,12993625739,53.83
12993625739,12476174778,56.08
12476174778,12347057848,81.87
12347057848,12347057847,54.49
12347057847,12302177077,43.75
12302177077,12302177076,29.80
12302177076,12302177075,36.19
12302177075,12302177074,43.87
12302177074,12302177073,29.24
12302177073,12302177072,24.70
12302177072,12302177071,25.45
12302177071,12302177078,18.19
12302177078,12993625733,21.30
12993625733,12993625712,9.11
12993625712,12993625734,8.92
12993625734,13190454526,5.26
1843585085,12322845959,17.49
12322845959,1843585085,17.49
12322845959,12322845958,7.02
12322845958,12322845959,7.02
12322845958,12322845957,32.06
12322845957,12322845958,32.06
4584378079,12331423821,86.84
12331423821,4584378079,86.84
12331423821,12549930988,20.67
12549930988,12331423821,20.67
12549930988,12549930975,23.31
12549930975,12549930988,23.31
12549930975,12331423815,12.69
12331423815,12549930975,12.69
12331423817,12331423818,106.15
12331423818,12331423817,106.15
12331423821,12331423817,67.36
12331423817,12331423821,67.36
12331423816,12331423817,66.32
12331423817,12331423816,66.32
6990796008,12331423830,12.97
12331423830,6990796008,12.97
4583912038,4583912037,4.20
4583912037,4583912038,4.20
4583912037,4583912036,4.33
4583912036,4583912037,4.33
4583912036,4583912035,5.93
4583912035,4583912036,5.93
4583912035,4583912034,8.71
4583912034,4583912035,8.71
4583912034,277569492,10.89
277569492,4583912034,10.89
12334191945,12334191944,36.83
12334191944,12334191945,36.83
12334191947,12334191946,49.23
12334191946,12334191947,49.23
12338075367,12338075368,8.78
12338075368,12338075367,8.78
12338075368,12338075369,13.94
12338075369,12338075368,13.94
11120858787,12338075370,8.73
12338075370,11120858787,8.73
12338075370,12338075380,26.60
12338075380,12338075370,26.60
12338075380,12338075371,1.36
12338075371,12338075380,1.36
12338075371,12338075384,1.80
12338075384,12338075371,1.80
12338075384,12338075372,30.13
12338075372,12338075384,30.13
12338075372,12338075373,10.26
12338075373,12338075372,10.26
12338075373,12338075374,24.83
12338075374,12338075373,24.83
12338075374,12338075375,10.30
12338075375,12338075374,10.30
12338075375,12338075376,23.85
12338075376,12338075375,23.85
12338075376,12338075377,4.74
12338075377,12338075376,4.74
12338075377,12338075370,7.68
12338075370,12338075377,7.68
12338075367,12338075372,5.86
12338075372,12338075367,5.86
12338075378,12338075379,14.68
12338075379,12338075378,14.68
12338075379,12338075380,14.29
12338075380,12338075379,14.29
12338075382,12338075381,4.47
12338075381,12338075382,4.47
12338075381,12338075383,24.34
12338075383,12338075381,24.34
12338075383,12338075384,2.97
12338075384,12338075383,2.97
11638953391,4592884114,8.55
4592884114,11638953391,8.55
4681969186,11688433342,25.19
11688433342,4681969186,25.19
6305478367,12203449131,11.60
12203449131,6305478367,11.60
11110820407,4681969395,6.82
4681969395,11110820407,6.82
4681969395,507808168,35.69
507808168,4681969395,35.69
4681969306,12358503418,12.04
12358503418,12358503419,7.71
12358503419,12358503420,11.55
12358562947,1848746282,58.33
1848746282,12358562947,58.33
12358525377,12358525378,11.96
12358525378,12358525380,7.01
12358525380,12358525381,5.58
12358525381,507807881,10.49
12358854825,12358854826,67.94
12358854826,12358854825,67.94
10792594769,9487715556,8.48
9487715556,13190454538,47.55
13190454538,10033912393,8.84
10033912393,4584301481,28.16
4583911376,6988555377,7.42
6988555377,4583911376,7.42
6988555377,6988555378,6.82
6988555378,6988555377,6.82
6988555378,4583911377,7.17
4583911377,6988555378,7.17
4583911377,507807876,8.04
507807876,4583911377,8.04
507807876,507807881,19.78
507807881,507807876,19.78
4583911380,507807910,8.85
507807910,4583911380,8.85
507807910,507807916,33.16
507807916,507807910,33.16
507807916,4681969166,10.94
4681969166,507807916,10.94
6864471934,5297403651,42.06
5297403651,6310290612,17.25
6310290612,342235014,17.00
4671252668,12415420914,16.26
12415420914,4671252668,16.26
12415420914,12415420912,16.44
12415420912,12415420914,16.44
12415420912,12415420913,26.61
12415420913,12415420912,26.61
12415420914,12415420915,21.84
12415420915,12415420914,21.84
12415420915,12415420916,4.27
12415420916,12415420915,4.27
12415420916,12415420917,12.83
12415420917,12415420916,12.83
1484741960,6864471933,76.42
4583911387,4583911389,50.37
4583911389,4583911387,50.37
4583911389,4583911390,3.40
4583911390,4583911389,3.40
4583911390,4583911391,2.63
4583911391,4583911390,2.63
4583911391,4583911392,4.59
4583911392,4583911391,4.59
12450734994,4543025212,4.93
4543025212,12450734994,4.93
4543025212,11002525931,5.45
11002525931,4543025212,5.45
11002525931,11002472491,4.60
11002472491,11002525931,4.60
12450734995,12450734994,8.81
12450734994,12450734995,8.81
10916921162,12476194790,7.14
12476194790,10916921162,7.14
12476194790,12476194791,11.91
12476194791,12476194790,11.91
12476194791,12476200009,11.89
12476200009,12476194791,11.89
12476200009,12476200008,5.08
12476200008,12476200009,5.08
12476200008,12476200016,1.40
12476200016,12476200008,1.40
12476200016,12476200017,4.51
12476200017,12476200016,4.51
12476200017,12476200007,3.18
12476200007,12476200017,3.18
12476200007,12476194792,9.29
12476194792,12476200007,9.29
12476194792,12476194793,15.66
12476194793,12476194792,15.66
12476194794,12476194795,17.33
12476194795,12476194794,17.33
12476194795,12476194796,3.60
12476194796,12476194795,3.60
12476194796,12476200013,7.81
12476200013,12476194796,7.81
12476200013,12476194797,6.22
12476194797,12476200013,6.22
12476194797,12476194791,10.71
12476194791,12476194797,10.71
12476200003,12476200002,6.22
12476200002,12476200003,6.22
12476200002,12476200001,4.14
12476200001,12476200002,4.14
12476200001,12476194800,3.09
12476194800,12476200001,3.09
12476194800,12476194799,5.35
12476194799,12476194800,5.35
12476194799,12476194798,2.52
12476194798,12476194799,2.52
12476194798,12476194796,5.01
12476194796,12476194798,5.01
12476194796,12476200012,9.76
12476200012,12476194796,9.76
12476200004,12476200005,12.74
12476200005,12476200004,12.74
12476200005,12476200006,1.74
12476200006,12476200005,1.74
12476200006,12476200007,10.57
12476200007,12476200006,10.57
12476194797,12476200010,6.96
12476200010,12476194797,6.96
12476200010,12476200011,6.21
12476200011,12476200010,6.21
12476200013,12476200014,7.74
12476200014,12476200013,7.74
12476200014,12476200015,3.01
12476200015,12476200014,3.01
12476200015,12476200016,6.36
12476200016,12476200015,6.36
12476200017,12476200018,8.33
12476200018,12476200017,8.33
12476200018,12476200019,3.24
12476200019,12476200018,3.24
12476200019,12476200020,2.65
12476200020,12476200019,2.65
12476200020,12476194799,2.63
12476194799,12476200020,2.63
12476194799,12476200021,4.11
12476200021,12476194799,4.11
12476200021,12476200022,4.65
12476200022,12476200021,4.65
12476200022,12476200023,8.74
12476200023,12476200022,8.74
9664332463,12993625736,34.32
12993625736,12993625737,24.05
12993625737,12993625738,25.07
12993625738,12476174776,35.05
12476174776,12993625711,25.83
12993625711,12993625739,16.38
12476174783,12993625741,19.82
12993625741,12993625740,19.45
12993625740,12993625743,21.73
12993625743,9664332562,41.77
12476174786,12476174787,38.82
12476174787,12476174788,19.36
12476174788,12993625745,23.95
12993625745,12993625744,35.37
12993625744,12347057827,16.83
12479531275,12479531274,11.32
12479531274,12479531275,11.32
12479531274,12479531273,11.73
12479531273,12479531274,11.73
12479531273,12479531272,8.58
12479531272,12479531273,8.58
12479531272,12479531271,10.56
12479531271,12479531272,10.56
12479531271,12479531270,13.09
12479531270,12479531271,13.09
12479531270,11432791203,4.49
11432791203,12479531270,4.49
11432791203,13190454487,3.24
13190454487,11432791203,3.24
12479531283,12479531284,50.91
12479531284,12479531283,50.91
12479531284,12479531285,9.26
12479531285,12479531284,9.26
12479531285,12479531286,6.07
12479531286,12479531285,6.07
12479531286,12479531287,6.68
12479531287,12479531286,6.68
12479531287,12479531288,7.68
12479531288,12479531287,7.68
12479531288,12479531289,14.67
12479531289,12479531288,14.67
12479531289,12479531290,3.42
12479531290,12479531289,3.42
12479531290,13190454488,3.97
13190454488,12479531290,3.97
10900387931,12479531284,4.75
12479531284,10900387931,4.75
12479545506,12479545507,17.09
12479545507,12479545506,17.09
12479545506,12479545508,15.78
12479545508,12479545506,15.78
12479545507,12479545509,4.30
12479545509,12479545507,4.30
12479539500,12479559101,9.20
12479559101,12479539500,9.20
12479559106,12479559107,4.76
12479559107,12479559106,4.76
1946518228,1946518617,48.23
1946518617,1946518228,48.23
12479525185,12479525186,10.99
12479525186,12479525185,10.99
12497076200,12497094001,3.88
12497094001,12497076200,3.88
12497094001,12497094002,9.01
12497094002,12497094001,9.01
12497094002,12497094003,11.77
12497094003,12497094002,11.77
12499014503,12499014504,3.89
12499014504,12499014503,3.89
11643225139,12519175088,4.07
12519175088,11643225139,4.07
12519188210,12519188209,24.01
12519188209,12519188214,16.81
12519188214,13190454536,18.48
13190454536,13190454537,23.81
4592868833,12549958175,23.60
12549958175,4592868833,23.60
12549958175,12549961342,10.97
12549961342,12549958175,10.97
12549961342,6946165086,46.37
6946165086,12549961342,46.37
12549961343,12549961344,4.68
12549961344,12549961343,4.68
10909521008,12549961349,5.23
12549961349,10909521008,5.23
12549961349,12549961351,2.63
12549961351,12549961349,2.63
12549961351,12549961352,3.73
12549961352,12549961351,3.73
12549961353,12549961354,5.80
12549961354,12549961353,5.80
12549961354,12549961357,2.47
12549961357,12549961354,2.47
12549961357,12549961358,4.21
12549961358,12549961357,4.21
12549958174,12549958175,5.01
12549958175,12549958174,5.01
12549930974,12549930975,27.27
12549930975,12549930974,27.27
12549930987,12549930988,11.16
12549930988,12549930987,11.16
12549984735,12549984736,58.86
12549984736,12549984735,58.86
12549984736,12549984737,24.28
12549984737,12549984736,24.28
12549984737,12549984743,12.84
12549984743,12549984737,12.84
12549984743,12549984745,19.91
12549984745,12549984743,19.91
12549984745,12549984738,26.50
12549984738,12549984745,26.50
12549984735,12549984739,3.31
12549984739,12549984735,3.31
12549984738,12549984740,3.22
12549984740,12549984738,3.22
12549984740,12549984741,3.62
12549984741,12549984740,3.62
12549984739,12549984742,4.53
12549984742,12549984739,4.53
12549984743,12549984744,7.14
12549984744,12549984743,7.14
12549984745,12549984746,7.21
12549984746,12549984745,7.21
12549984737,12549984747,7.10
12549984747,12549984737,7.10
342233542,13056522437,3.88
13056522437,342233542,3.88
13056522437,12519188211,6.67
12519188211,13056522437,6.67
4585464106,12586300417,53.24
12586300417,4585464106,53.24
10881952252,12581332323,9.24
12581332323,10881952252,9.24
12581332323,12581332322,8.71
12581332322,12581332323,8.71
12581332322,12581332321,15.67
12581332321,12581332322,15.67
507808113,12581332324,41.99
12581332324,507808113,41.99
12586300407,12586300408,3.27
12586300408,12586300407,3.27
12586300408,12586300409,16.64
12586300409,12586300408,16.64
12586300412,12586300414,10.66
12586300414,12586300412,10.66
12586300414,12586300413,24.71
12586300413,12586300414,24.71
12586300411,12586300412,13.44
12586300412,12586300411,13.44
4681968732,12586300415,39.54
12586300415,4681968732,39.54
12601564515,12601564516,6.09
12601564516,12601564515,6.09
12601564516,12601564517,27.88
12601564517,12601564516,27.88
12601564517,12601564518,11.53
12601564518,12601564517,11.53
4671513432,4671513431,4.72
4671513431,4671513432,4.72
4671513431,4664985031,3.30
4664985031,4671513431,3.30
4597856725,12619311592,10.07
12619311592,4597856725,10.07
12619311592,12619311593,14.83
12619311593,12619311592,14.83
12619311593,13056522441,4.34
13056522441,12619311593,4.34
13056522441,12190347838,4.42
12190347838,13056522441,4.42
12586300417,12620382310,10.59
12620382310,12586300417,10.59
12620382310,12620382311,23.47
12620382311,12620382310,23.47
12620382311,12620382312,12.61
12620382312,12620382311,12.61
12620845439,12620845440,8.43
12620845440,12620845439,8.43
12620845440,12620845441,15.29
12620845441,12620845440,15.29
12620845441,12620845442,4.02
12620845442,12620845441,4.02
12626560609,12626560610,18.99
12626560610,12626560609,18.99
12756253993,12756253992,24.74
12756253992,12756253993,24.74
12756253992,12756253991,5.28
12756253991,12756253992,5.28
12756253991,12756253990,5.26
12756253990,12756253991,5.26
12756253990,12756253989,31.92
12756253989,12756253990,31.92
12835690519,12835690518,19.35
12835690518,12835690519,19.35
12835690518,12835690517,5.92
12835690517,12835690518,5.92
12835690517,12835690516,4.66
12835690516,12835690517,4.66
12835690516,12835690515,24.86
12835690515,12835690516,24.86
6879759313,4592868863,48.72
4592868863,6879759313,48.72
4592868863,6959195383,27.77
6959195383,4592868863,27.77
6959195383,11201093839,19.79
11201093839,6959195383,19.79
11201093839,1843574864,7.26
1843574864,11201093839,7.26
1843574864,11201093838,62.27
11201093838,1843574864,62.27
11201093838,4535745130,5.24
4535745130,11201093838,5.24
4535745130,4592868883,18.91
4592868883,4535745130,18.91
4592868883,11006733418,29.17
11006733418,4592868883,29.17
11006733418,1845774482,13.00
1845774482,11006733418,13.00
1845774482,6946154880,22.03
6946154880,1845774482,22.03
6946154880,4537616305,14.60
4537616305,6946154880,14.60
4537616305,4537612798,11.02
4537612798,4537616305,11.02
4537612798,1847323246,31.63
1847323246,4537612798,31.63
1847323246,4537610844,10.49
4537610844,1847323246,10.49
4537610844,1843574742,10.53
1843574742,4537610844,10.53
1843574742,1847323439,54.00
1847323439,1843574742,54.00
1847323439,11120897114,12.70
11120897114,1847323439,12.70
11120897114,1847323370,8.39
1847323370,11120897114,8.39
1847323370,11336965305,4.58
11336965305,1847323370,4.58
11336965305,11195076814,12.60
11195076814,11336965305,12.60
11195076814,11195076812,9.86
11195076812,11195076814,9.86
11195076812,11336967761,5.24
11336967761,11195076812,5.24
11336967761,1847323139,17.55
1847323139,11336967761,17.55
1847323139,4583911783,27.16
4583911783,1847323139,27.16
4583911783,4584378071,9.33
4584378071,4583911783,9.33
4584378071,4584378072,8.69
4584378072,4584378071,8.69
4584378072,1847323149,15.10
1847323149,4584378072,15.10
1847323149,4584378073,28.00
4584378073,1847323149,28.00
4584378073,6990796034,15.92
6990796034,4584378073,15.92
6990796034,1843574825,15.38
1843574825,6990796034,15.38
1843574825,6990796035,11.85
6990796035,1843574825,11.85
6990796035,4584378075,11.19
4584378075,6990796035,11.19
4584378075,4584378074,8.62
4584378074,4584378075,8.62
4584378074,6990959514,7.76
6990959514,4584378074,7.76
6990959514,1843574733,13.45
1843574733,6990959514,13.45
1843574733,6990796037,4.62
6990796037,1843574733,4.62
6990796037,11201093840,8.20
11201093840,6990796037,8.20
11201093840,11316513193,3.13
11316513193,11201093840,3.13
11316513193,11201093841,6.30
11201093841,11316513193,6.30
11201093841,1847323368,32.02
1847323368,11201093841,32.02
1847323368,4584378076,11.63
4584378076,1847323368,11.63
4584378076,4592868754,12.42
4592868754,4584378076,12.42
4592868754,4584378078,16.54
4584378078,4592868754,16.54
4584378078,4584378077,14.35
4584378077,4584378078,14.35
4584378077,277569124,16.42
277569124,4584378077,16.42
277569124,4584378079,25.49
4584378079,277569124,25.49
4584378079,6990796039,10.01
6990796039,4584378079,10.01
6990796039,1843574790,38.57
1843574790,6990796039,38.57
1843574790,4584378081,11.55
4584378081,1843574790,11.55
4584378081,6990796040,13.31
6990796040,4584378081,13.31
6990796040,12331423816,8.99
12331423816,6990796040,8.99
12331423816,4592868966,37.83
4592868966,12331423816,37.83
4592868966,6990796041,15.35
6990796041,4592868966,15.35
6990796041,4584378080,15.19
4584378080,6990796041,15.19
4584378080,4584378082,9.87
4584378082,4584378080,9.87
4584378082,4584378083,11.62
4584378083,4584378082,11.62
4584378083,6990796004,5.08
6990796004,4584378083,5.08
6990796004,1847323488,3.43
1847323488,6990796004,3.43
1847323488,5318368971,21.23
5318368971,1847323488,21.23
5318368971,5358820977,4.44
5358820977,5318368971,4.44
5358820977,11336930170,6.50
11336930170,5358820977,6.50
11336930170,4584378084,16.57
4584378084,11336930170,16.57
4584378084,4592868973,7.47
4592868973,4584378084,7.47
4592868973,11746280589,45.37
11746280589,4592868973,45.37
11746280589,11746280586,6.45
11746280586,11746280589,6.45
11746280586,4584378086,11.13
4584378086,11746280586,11.13
4584378086,4592868975,23.39
4592868975,4584378086,23.39
12993625715,10792586518,4.62
10792586518,12993605577,6.27
12993605577,12993625716,16.29
342233539,12993625714,9.46
12993625714,12993625713,6.15
12993625713,10790019792,5.11
10790019792,12993625715,6.22
12586300416,12993625721,5.01
12993625721,12993625722,3.97
12993625722,12993625720,7.28
12993625720,12993625719,4.86
12993625719,12993625727,4.56
12993625727,12993625726,11.71
12993625726,12993625724,10.06
12993625724,12993625723,8.39
12993625723,12347057830,9.58
12347057830,12347057829,30.83
12347057829,10865569943,32.26
10865569943,12347057827,115.86
12347057827,12347057826,11.47
12347057826,12384707429,9.23
12384707429,12993625747,8.02
12993625747,9343491856,15.36
4584301994,12993625728,7.44
12993625728,12993625729,6.83
12993625729,12993625732,5.91
12476174777,12993625731,5.44
12993625731,12993625730,7.28
12993625730,4584301994,5.76
12993625747,12993625746,8.42
12993625746,12993625748,10.60
12993625748,10790019756,12.80
10790019756,9343491856,7.61
342233542,12993605583,5.69
12993605583,342233542,5.69
12993605583,12993605582,6.22
12993605582,12993605583,6.22
12993605582,12993605581,5.24
12993605581,12993605582,5.24
12993605581,12993605580,17.39
12993605580,12993605581,17.39
12993605580,12993605579,13.23
12993605579,12993605580,13.23
12993605579,12993605578,15.19
12993605578,12993605579,15.19
12993605578,12993605576,12.47
12993605576,12993605578,12.47
6879759324,11081910574,27.11
11081910574,6879759324,27.11
11081910574,13013404299,36.72
13013404299,11081910574,36.72
13013404299,4659447124,7.02
4659447124,13013404299,7.02
4659447124,13013431802,15.81
13013431802,4659447124,15.81
13013431802,13013431801,2.67
13013431801,13013431802,2.67
1843955131,13022415432,12.11
13022415432,1843955131,12.11
13022415432,13022415431,12.37
13022415431,13022415432,12.37
13022415431,13022415430,17.43
13022415430,13022415431,17.43
13022415439,13022415435,16.78
13022415435,13022415439,16.78
13022415435,13022415434,12.99
13022415434,13022415435,12.99
13022415434,13022415433,11.74
13022415433,13022415434,11.74
9228337760,10790019764,8.60
10790019764,13022415439,26.06
13022415439,13022415438,17.95
13022415438,13022415437,27.19
13022415437,13022415436,36.69
13022415436,10790019775,25.19
10790019775,9228337748,14.11
13056522471,13056522472,2.81
13056522472,13056522471,2.81
13056522472,13056522470,2.48
13056522470,13056522472,2.48
13056522470,13056522469,13.37
13056522469,13056522470,13.37
13056522469,13056522468,5.14
13056522468,13056522469,5.14
13056522468,13056522467,33.97
13056522467,13056522468,33.97
13056522467,13056522466,65.52
13056522466,13056522467,65.52
13056522466,13056522437,4.16
13056522437,13056522466,4.16
13056522437,13056522465,24.94
13056522465,13056522437,24.94
13056522465,13056522464,29.18
13056522464,13056522465,29.18
13056522464,13056522463,45.39
13056522463,13056522464,45.39
13056522463,13056522462,61.13
13056522462,13056522463,61.13
13056522462,13056522461,8.29
13056522461,13056522462,8.29
13056522461,13056522460,9.78
13056522460,13056522461,9.78
13056522460,13056522459,5.25
13056522459,13056522460,5.25
13056522459,13056522458,3.60
13056522458,13056522459,3.60
13056522458,13056522457,15.83
13056522457,13056522458,15.83
13056522457,13056522456,59.58
13056522456,13056522457,59.58
13056522456,13056522436,48.90
13056522436,13056522456,48.90
13056522436,13056522454,79.18
13056522454,13056522436,79.18
13056522454,13056522453,79.98
13056522453,13056522454,79.98
13056522453,13056522452,52.84
13056522452,13056522453,52.84
13056522452,13056522451,75.56
13056522451,13056522452,75.56
13056522451,13056522450,73.38
13056522450,13056522451,73.38
13056522450,13056522435,15.44
13056522435,13056522450,15.44
13056522435,13190454529,24.31
13190454529,13056522435,24.31
13190454529,13056522449,19.84
13056522449,13190454529,19.84
13056522449,13190454528,14.84
13190454528,13056522449,14.84
4681969029,4681969097,12.04
4681969097,4681969029,12.04
12479531292,12479531293,10.16
12479531293,12479531292,10.16
12479531293,12479531294,6.58
12479531294,12479531293,6.58
12479531294,12479531295,4.91
12479531295,12479531294,4.91
12479531295,12479531296,5.83
12479531296,12479531295,5.83
12479531296,12479531297,8.16
12479531297,12479531296,8.16
12479531297,12479531298,11.29
12479531298,12479531297,11.29
13190454481,12479531291,3.63
12479531291,13190454481,3.63
12479531291,12479531292,4.49
12479531292,12479531291,4.49
13190454493,13190454483,11.25
13190454483,13190454482,15.91
13190454482,13190454484,17.78
13190454484,11432791182,10.27
12479531268,12479531276,6.82
12479531276,12479531268,6.82
12479531276,12479531277,8.12
12479531277,12479531276,8.12
12479531277,12479531278,6.72
12479531278,12479531277,6.72
12479531278,12479531279,5.84
12479531279,12479531278,5.84
12479531279,12479531280,8.50
12479531280,12479531279,8.50
12479531280,12479531281,10.91
12479531281,12479531280,10.91
12479531281,12479531282,39.82
12479531282,12479531281,39.82
13190454486,12479531269,4.15
12479531269,13190454486,4.15
12479531269,12479531268,4.55
12479531268,12479531269,4.55
13190454487,13190454490,12.10
13190454490,13190454487,12.10
13190454490,13190454486,14.57
13190454486,13190454490,14.57
13190454488,13190454489,13.19
13190454489,13190454488,13.19
13190454489,13190454481,13.09
13190454481,13190454489,13.09
13190454485,10900387931,22.33
12479531280,10900387931,4.31
10900387931,12479531280,4.31
10900387931,13190454491,23.31
11432791188,11432791187,6.46
11432791187,11432791186,6.46
11432791186,11432791185,6.46
11432791185,11432791184,6.46
11432791184,13190454492,6.46
11432791176,4583911459,6.64
4583911459,13190454485,3.94
13190454485,10900387933,3.57
10900387933,11432791190,5.62
11432791190,13190454491,2.93
13190454491,11432791189,3.53
11432791189,11432791188,6.46
11432791180,11432791179,6.64
11432791179,11432791178,6.64
11432791178,11432791177,6.64
11432791177,11432791176,6.63
9664332505,13190454494,16.77
13190454494,9664332505,16.77
13190454494,13190454495,14.71
13190454495,13190454494,14.71
13190454495,13190454496,56.85
13190454496,13190454495,56.85
13190454496,13190454497,31.71
13190454497,13190454496,31.71
13190454497,9664332508,21.67
9664332508,13190454497,21.67
12190347828,13190454525,17.53
13190454526,12302177070,5.25
12302177070,12190347828,10.23
13190454527,13056522447,9.00
13056522447,13190454527,9.00
13056522447,13056522446,21.09
13056522446,13056522447,21.09
13056522446,13056522445,17.33
13056522445,13056522446,17.33
13056522445,13056522444,54.72
13056522444,13056522445,54.72
13056522444,13056522443,49.84
13056522443,13056522444,49.84
13056522443,13056522442,65.46
13056522442,13056522443,65.46
13056522442,13056522441,5.23
13056522441,13056522442,5.23
13056522441,13056522440,71.57
13056522440,13056522441,71.57
13056522440,13056522439,84.21
13056522439,13056522440,84.21
13056522439,13056522438,16.12
13056522438,13056522439,16.12
13056522438,12620382310,45.42
12620382310,13056522438,45.42
13190454528,13056522448,15.28
13056522448,13190454528,15.28
13056522448,13190454527,18.52
13190454527,13056522448,18.52
13190454530,6301369768,15.05
6301369768,13190454530,15.05
6301369768,6301369767,22.68
6301369767,6301369768,22.68
6301369767,6301369766,24.63
6301369766,6301369767,24.63
6301369766,6301369765,12.19
6301369765,6301369766,12.19
6301369765,6301369764,7.74
6301369764,6301369765,7.74
6301369764,6301369763,2.50
6301369763,6301369764,2.50
6301369763,6301369762,7.67
6301369762,6301369763,7.67
6301369762,6301369761,7.80
6301369761,6301369762,7.80
6301369761,6301369760,4.56
6301369760,6301369761,4.56
6301369760,6301369759,4.81
6301369759,6301369760,4.81
6301369759,6301369758,6.06
6301369758,6301369759,6.06
6301369758,6301369757,4.39
6301369757,6301369758,4.39
6301369757,6301369756,6.06
6301369756,6301369757,6.06
6301369756,6301369755,3.18
6301369755,6301369756,3.18
6301369755,6301369754,3.93
6301369754,6301369755,3.93
6301369754,6301369753,3.65
6301369753,6301369754,3.65
6301369753,6301369752,3.33
6301369752,6301369753,3.33
6301369752,6301369751,5.08
6301369751,6301369752,5.08
6301369751,6301369750,3.87
6301369750,6301369751,3.87
6301369750,6301369749,2.08
6301369749,6301369750,2.08
6301369749,6301369748,2.33
6301369748,6301369749,2.33
6301369748,6301369747,2.23
6301369747,6301369748,2.23
6301369747,6301369746,3.06
6301369746,6301369747,3.06
6301369746,6301369745,6.89
6301369745,6301369746,6.89
6301369745,6301369744,12.49
6301369744,6301369745,12.49
6301369744,6301369743,15.80
6301369743,6301369744,15.80
6301369743,6301369742,19.95
6301369742,6301369743,19.95
6301369742,4597856177,7.56
4597856177,6301369742,7.56
4597856177,4597856180,30.52
4597856180,4597856177,30.52
4597856180,4597856187,49.18
4597856187,4597856180,49.18
4597856187,4597856188,12.12
4597856188,4597856187,12.12
4597856188,4597856189,16.47
4597856189,4597856188,16.47
4597856189,4597856190,24.03
4597856190,4597856189,24.03
4597856190,4597856191,16.70
4597856191,4597856190,16.70
4597856191,4597856192,14.33
4597856192,4597856191,14.33
4597856192,4597856193,13.78
4597856193,4597856192,13.78
4597856193,4597856194,9.23
4597856194,4597856193,9.23
4597856194,4597856195,13.20
4597856195,4597856194,13.20
4597856195,4597856196,11.48
4597856196,4597856195,11.48
4597856196,4597856197,17.38
4597856197,4597856196,17.38
4597856197,4597856198,17.63
4597856198,4597856197,17.63
4597856198,4597856199,14.36
4597856199,4597856198,14.36
4597856199,6301369701,20.64
6301369701,4597856199,20.64
6301369701,6301369700,8.30
6301369700,6301369701,8.30
6301369700,6301369699,5.53
6301369699,6301369700,5.53
6301369699,6301369698,4.93
6301369698,6301369699,4.93
6301369698,6301369697,7.11
6301369697,6301369698,7.11
6301369697,6301369696,9.27
6301369696,6301369697,9.27
6301369696,6301369695,4.41
6301369695,6301369696,4.41
6301369695,4597856162,5.57
4597856162,6301369695,5.57
4597856162,4597856161,7.78
4597856161,4597856162,7.78
4597856161,6301369693,15.83
6301369693,4597856161,15.83
6301369693,6301369694,23.43
6301369694,6301369693,23.43
6301369694,4597856158,29.70
4597856158,6301369694,29.70
4597856158,4306479586,14.34
4306479586,4597856158,14.34
13190454531,6301369771,8.42
6301369771,13190454531,8.42
6301369771,6301369770,14.95
6301369770,6301369771,14.95
6301369770,6301369769,6.30
6301369769,6301369770,6.30
6301369769,13190454530,4.47
13190454530,6301369769,4.47
1848746282,13190454533,7.52
13190454533,1848746282,7.52
13190454534,12358562947,6.60
12358562947,13190454534,6.60
12358525377,13195756032,6.09
13195756032,13195756028,5.44
13195756028,13195756029,6.14
13195756029,13195756030,5.17
13195756030,13195756031,6.28
12358525377,4681969145,20.09
4681969145,12358525377,20.09
4681969145,4681969144,7.17
4681969144,4681969145,7.17
4681969144,4681969143,8.39
4681969143,4681969144,8.39
13277158143,13277158142,30.47
13277158142,13277158143,30.47
13277158142,13277158141,7.14
13277158141,13277158142,7.14
13277158141,13277158140,3.92
13277158140,13277158141,3.92
13277158140,13277158139,10.38
13277158139,13277158140,10.38
