# ROAD NETWORK GRAPH - TOKYO
# Data Source: OpenStreetMap 
# Graph Type: Directed weighted graph
# Weight Unit: Meters (great-circle distance)
# Coordinate System: WGS84
# Contains: Road network edges with distances
# V = 4,968; E = 10,620;
source,target,weight
252053570,2398005905,6.76
2398005905,252053570,6.76
366924632,3817871240,35.87
3817871240,366924632,35.87
3817871240,366924634,25.70
366924634,3817871240,25.70
366924634,366924636,32.28
366924636,366924634,32.28
366924636,6170421252,17.08
6170421252,366924636,17.08
6170421252,1094262850,8.51
1094262850,6170421252,8.51
1094262850,475368488,22.47
475368488,1094262850,22.47
475368488,1094262765,33.11
1094262765,475368488,33.11
1094262765,4384718919,91.73
4384718919,1094262765,91.73
4384718919,366924640,7.53
366924640,4384718919,7.53
366924771,366924632,46.29
366924632,366924771,46.29
10251046685,10273580591,9.51
10273580591,472446994,6.61
472446994,2393558997,25.65
2393558997,4717672408,16.35
4717672408,10273792637,18.54
10273792637,10273792639,9.21
10273792639,2264064226,23.29
2264064226,10605479604,32.59
10605479604,2393558962,6.23
2393558962,1805702538,13.68
1806870868,467036733,9.48
467036733,1806870868,9.48
467036733,10605469625,10.14
10605469625,467036733,10.14
10605469625,10605411017,84.86
10605411017,10605469625,84.86
10605411017,2401040281,5.78
2401040281,10605411017,5.78
472360347,2401069463,12.13
2401069463,9905815586,8.65
9905815586,9905815587,6.70
9905815587,1666084456,7.43
1666084456,472382635,9.41
472382635,472382633,50.28
472382633,11006985241,157.31
11006985241,7933069568,10.76
7933069568,7933069562,18.96
7933069562,7933069554,11.22
7933069554,1666084472,50.13
1666084472,9905815592,29.04
9905815592,9905815593,29.44
9905815593,2401069470,7.11
2401069470,2401069459,4.66
2401069459,1666084495,54.77
1666084495,2401069457,7.18
2401069457,2704049825,15.03
2704049825,1666084496,36.41
1666084496,1666084498,22.34
1666084498,1666084500,25.55
1666084500,2401069438,13.78
2401069438,1666084502,9.42
1666084502,1666084515,25.36
1666084515,1666084504,31.60
1666084504,2401069429,15.91
2401069429,1666084499,20.61
1666084499,2401069433,8.92
2401069433,4716326296,91.53
4716326296,1666084455,61.73
1666084455,13091841093,30.62
13091841093,2393573053,5.25
2393573053,2606035893,15.64
472382732,3809762376,7.12
3809762376,472382732,7.12
3809762376,472382741,43.02
472382741,3809762376,43.02
472382741,472382740,12.86
472382740,472382741,12.86
472382740,472382756,3.75
472382756,472382740,3.75
472382756,472382751,33.63
472382751,472382756,33.63
472382751,472382749,3.96
472382749,472382751,3.96
472382749,472382755,20.37
472382755,472382749,20.37
472382755,472382737,25.58
472382737,472382755,25.58
472382737,472382734,27.07
472382734,472382737,27.07
472382734,472382733,35.18
472382733,472382734,35.18
472382739,3809762380,5.57
3809762380,472382739,5.57
3809762380,1814198520,76.62
1814198520,3809762380,76.62
1814198520,1814198473,3.44
1814198473,1814198520,3.44
1814198473,472382740,55.57
472382740,1814198473,55.57
4716325385,4716325382,7.09
4716325382,4716325385,7.09
4716325382,472382742,19.36
472382742,4716325382,19.36
472382742,4716325381,2.79
4716325381,472382742,2.79
4716325381,472382743,1.87
472382743,4716325381,1.87
472382743,2704049822,38.32
2704049822,472382743,38.32
2704049822,1666084455,8.40
1666084455,2704049822,8.40
472382751,472382753,28.23
472382753,472382751,28.23
472382753,472382754,23.73
472382754,472382753,23.73
472382754,472382755,28.63
472382755,472382754,28.63
472382755,1814197743,2.23
1814197743,472382755,2.23
1814197743,1814196980,55.52
1814196980,1814197743,55.52
472382756,472382757,55.97
472382757,472382756,55.97
472382797,2393573006,7.44
2393573006,1674563141,2.11
1674563141,1674563162,22.00
1674563162,11127370497,12.39
11127370497,472382798,19.95
472382798,11127434820,25.08
11127434820,11127434821,3.73
11127434821,1666084366,19.01
1666084366,1676479125,16.61
1676479125,472382799,8.41
472382799,1676479126,6.92
1676479126,5929545658,21.62
5929545658,11127434840,13.43
11127434840,472382862,27.45
472382862,1582762220,59.97
1582762220,472382806,13.94
472382806,2401069445,8.35
2401069445,7947374192,74.60
7947374192,7947374191,39.38
1093685732,472382857,14.77
472382857,1093685732,14.77
472382857,2393573045,11.75
2393573045,472382857,11.75
2393573045,472382922,20.91
472382922,2393573045,20.91
472382922,472382936,25.28
472382936,472382922,25.28
472382936,4716049693,16.44
4716049693,472382936,16.44
4716049693,1665929814,13.12
1665929814,4716049693,13.12
1665929814,1665929815,6.93
1665929815,1665929814,6.93
1665929815,6147302096,16.71
6147302096,1665929815,16.71
6147302096,472382795,6.08
472382795,6147302096,6.08
472382858,3193716064,9.04
3193716064,472382858,9.04
3193716064,472382860,87.88
472382860,3193716064,87.88
472382860,1666084381,16.16
1666084381,472382860,16.16
472382925,2705533185,9.03
2705533185,472382924,47.98
472382924,472382923,57.90
472382932,2705533167,6.04
2705533167,4716623515,162.28
4716623515,472382926,8.17
472382922,3243954077,6.27
3243954077,472382922,6.27
3243954077,1093685834,87.58
1093685834,3243954077,87.58
1093685834,3243954074,4.77
3243954074,1093685834,4.77
3243954074,10273792628,17.41
10273792628,3243954074,17.41
475368988,4716623470,36.17
4716623470,475368988,36.17
4716623470,472446991,3.01
472446991,4716623470,3.01
472446994,3349162183,8.02
3349162183,472446994,8.02
3349162183,472447031,43.94
472447031,3349162183,43.94
472447031,472446995,49.33
472446995,472447031,49.33
472446995,472447248,34.49
472447248,472446995,34.49
472447248,472447265,7.56
472447265,472447248,7.56
472447265,472447023,15.95
472447023,472447265,15.95
472447023,472447021,11.88
472447021,472447023,11.88
472447021,472446997,39.77
472446997,472447021,39.77
472446997,472447273,18.56
472447273,472446997,18.56
472447273,472447274,16.54
472447274,472447273,16.54
472447274,472447278,17.95
472447278,472447274,17.95
472447278,472446989,24.59
472446989,472447278,24.59
472446989,2621323834,43.50
2621323834,472446989,43.50
2621323834,472446998,7.15
472446998,2621323834,7.15
472446998,472447209,10.81
472447209,472446998,10.81
472447209,475368788,59.70
475368788,472447209,59.70
475368788,472447214,29.37
472447214,475368788,29.37
472447214,472447218,55.83
472447218,472447214,55.83
472447218,472447220,45.92
472447220,472447218,45.92
472447220,472447001,47.63
472447001,472447220,47.63
472447001,4163312811,5.85
4163312811,472447001,5.85
4163312811,472447223,26.43
472447223,4163312811,26.43
472447223,472447018,44.32
472447018,472447223,44.32
472447018,9791542150,14.92
9791542150,472447018,14.92
1664033671,2401040259,7.16
2401040259,1664033671,7.16
2401040259,7942739606,5.44
7942739606,2401040259,5.44
7942739606,7942739605,32.83
7942739605,7942739606,32.83
7942739605,7942739599,45.48
7942739599,7942739605,45.48
7942739599,7942739536,93.33
7942739536,7942739599,93.33
7942739536,7942739535,27.58
7942739535,7942739536,27.58
472447011,5899162850,9.65
5899162850,472447011,9.65
5899162850,472447012,3.24
472447012,5899162850,3.24
472447012,1665929725,20.02
1665929725,472447012,20.02
1665929725,475368878,49.38
475368878,1665929725,49.38
475368878,472447013,32.18
472447013,475368878,32.18
472447001,3221227620,7.87
3221227620,472447001,7.87
3221227620,475368956,24.88
475368956,3221227620,24.88
475368956,475368787,9.53
475368787,475368956,9.53
475368787,475368785,21.95
475368785,475368787,21.95
475368785,472447014,3.70
472447014,475368785,3.70
472447014,1665929744,20.08
1665929744,472447014,20.08
1665929744,1665929761,24.40
1665929761,1665929744,24.40
1665929761,1665929768,25.80
1665929768,1665929761,25.80
1665929768,475368848,27.17
475368848,1665929768,27.17
475368848,472447015,26.05
472447015,475368848,26.05
1664033746,4717672398,8.34
4717672398,1664033806,70.92
1664033806,472446997,106.88
472447021,2401050129,176.32
2401050129,1664033752,8.06
472447266,472447268,41.70
472447268,472447266,41.70
472447028,3349162185,9.10
3349162185,472447028,9.10
3349162185,472447029,43.71
472447029,3349162185,43.71
472447029,475368773,5.79
475368773,472447029,5.79
475368773,472447027,43.64
472447027,475368773,43.64
472447031,472447029,86.69
472447035,1665978170,64.22
1665978170,7084892424,56.51
7084892424,472446988,27.88
472446988,1665929894,20.34
1665929894,7084892428,0.79
7084892428,2606035809,55.78
2606035809,472446993,2.84
472446993,2606035813,28.03
2606035813,2606035817,32.81
2606035817,2606035818,4.81
2606035818,2649421037,9.09
2649421037,2649421034,24.90
2649421034,4384718910,6.27
4384718910,472446987,6.33
472447214,4717672326,168.54
4717672326,472447214,168.54
4717672326,1664033715,8.40
1664033715,4717672326,8.40
472447209,472447210,27.73
472447210,472447209,27.73
472447210,472447212,6.43
472447212,472447210,6.43
472447212,4717672327,148.32
4717672327,472447212,148.32
4717672327,1664033728,8.06
1664033728,4717672327,8.06
1664033703,4717672325,8.52
4717672325,1664033703,8.52
4717672325,472447217,103.98
472447217,4717672325,103.98
472447218,1664033804,71.39
1664033804,472447218,71.39
1664033804,4717672324,91.17
4717672324,1664033804,91.17
4717672324,1664033695,8.60
1664033695,4717672324,8.60
9775081816,475368798,6.95
475368798,4716623405,5.90
4716623405,1665929924,11.15
1665929924,1665929898,83.04
1665929898,475368804,3.39
475368804,475368797,42.09
475368797,475368820,18.35
475368820,1665929882,8.91
1665929882,475368835,32.06
475368835,475368796,16.12
475368796,475368839,14.92
475368839,475368842,58.21
475368842,475368795,16.88
475368795,475368781,54.82
475368781,475368782,31.05
475368782,475368783,33.20
475368783,475368784,66.10
475368784,475368786,22.78
475368786,4717672354,41.12
4717672354,472447220,4.27
1664033757,4717672400,8.02
4717672400,472447248,174.85
472447249,472447251,21.60
472447251,472447249,21.60
472447251,4717672399,126.18
4717672399,472447251,126.18
4717672399,1664033781,7.86
1664033781,4717672399,7.86
472447265,472447266,63.16
472447266,472447263,52.02
472447263,1665929835,55.71
1665929835,4716623593,1.98
4716623593,1665929846,12.72
472447270,1664033891,16.87
1664033891,472447270,16.87
1664033891,1664033894,17.56
1664033894,1664033891,17.56
1664033894,472447271,11.61
472447271,1664033894,11.61
472447271,1664033901,14.66
1664033901,472447271,14.66
1664033901,472447255,19.37
472447255,1664033901,19.37
472447254,1664033856,127.80
1664033856,472447254,127.80
1664033856,1664033854,19.51
1664033854,1664033856,19.51
472447274,1664033854,20.01
1664033854,472447274,20.01
1664033854,472447276,126.95
472447276,1664033854,126.95
472447277,472447278,145.29
472447278,472447277,145.29
1664033666,4717670585,12.53
4717670585,12644659404,20.03
12644659404,12644659402,15.40
12644659402,3897767096,17.62
3897767096,3897767094,70.26
3897767094,6769476689,4.90
6769476689,9791542150,8.55
472447290,4717672305,17.29
4717672305,472447290,17.29
4717672305,4717672288,110.22
4717672288,4717672305,110.22
4717672288,4717672287,107.40
4717672287,4717672288,107.40
4717672287,4717672286,4.41
4717672286,4717672287,4.41
4717672286,4717672317,3.64
4717672317,4717672286,3.64
4717672317,4717672318,112.98
4717672318,4717672317,112.98
4717672318,4717672316,3.75
4717672316,4717672318,3.75
4717672316,4717672319,1.76
4717672319,4717672316,1.76
4717672319,4717672320,112.71
4717672320,4717672319,112.71
4717672320,4717672321,32.32
4717672321,4717672320,32.32
4717672321,4717672322,16.97
4717672322,4717672321,16.97
4717672322,4717672401,16.59
4717672401,4717672322,16.59
4717672401,4717672323,83.63
4717672323,4717672401,83.63
4717672323,4717672253,6.04
4717672253,4717672323,6.04
4717672253,4717672324,39.82
4717672324,4717672253,39.82
4717672324,4717672325,19.79
4717672325,4717672324,19.79
4717672325,4717672326,29.77
4717672326,4717672325,29.77
4717672326,4717672256,10.81
4717672256,4717672326,10.81
4717672256,4717672327,56.81
4717672327,4717672256,56.81
4717672327,4717672267,37.17
4717672267,4717672327,37.17
4717672267,4717672265,5.15
4717672265,4717672267,5.15
1664033802,2401040313,6.78
2401040313,1664033802,6.78
2401040313,1664033812,7.21
1664033812,2401040313,7.21
1664033812,1806870828,2.41
1806870828,1664033812,2.41
1806870828,1806870833,26.73
1806870833,1806870828,26.73
1806870833,1806870834,27.04
1806870834,1806870833,27.04
1806870834,475110167,17.31
475110167,1806870834,17.31
475110167,1664033840,62.66
1664033840,475110167,62.66
1664033840,5940178955,28.15
5940178955,1664033840,28.15
5940178955,1664033810,7.25
1664033810,5940178955,7.25
475110328,475110370,70.49
475110370,475110328,70.49
475110370,11916075609,142.74
11916075609,475110370,142.74
11916075609,475110344,5.34
475110344,11916075609,5.34
475110331,2397996033,4.64
2397996033,475110331,4.64
2397996033,252053598,79.98
252053598,2397996033,79.98
252053598,475110351,137.12
475110351,252053598,137.12
475110351,475110353,2.32
475110353,475110351,2.32
475110353,475110347,23.00
475110347,475110353,23.00
475110347,475110345,47.34
475110345,475110347,47.34
475110345,475110340,49.32
475110340,475110345,49.32
475110340,8520823931,79.39
8520823931,475110340,79.39
8520823931,2397996064,5.49
2397996064,8520823931,5.49
2397996064,475110341,7.64
475110341,2397996064,7.64
5263183137,5263183136,59.22
5263183136,5263183137,59.22
5263183136,475110344,32.66
475110344,5263183136,32.66
475110345,475110346,26.79
475110346,475110345,26.79
475110347,475110348,22.92
475110348,475110347,22.92
475110349,475110351,20.42
475110351,475110349,20.42
475110353,475110354,30.86
475110354,475110353,30.86
475110355,12850764821,51.62
12850764821,475110355,51.62
12850764821,475110358,4.98
475110358,12850764821,4.98
475110363,6276840047,6.39
6276840047,475110363,6.39
6276840047,475110364,47.53
475110364,6276840047,47.53
475110364,475110362,91.04
475110362,475110364,91.04
475110362,2621323836,5.52
2621323836,475110362,5.52
2621323836,1665929899,5.26
1665929899,2621323836,5.26
1665929899,475110359,41.29
475110359,1665929899,41.29
475110359,12850764827,36.63
12850764827,475110359,36.63
12850764827,12850764826,2.27
12850764826,12850764827,2.27
12850764826,475110337,4.87
475110337,12850764826,4.87
475110364,475110365,32.57
475110365,475110364,32.57
475110367,1665929853,25.87
1665929853,475110367,25.87
1665929853,475110368,33.97
475110368,1665929853,33.97
475110368,475110328,36.18
475110328,475110368,36.18
252053597,475110328,53.15
475110328,252053597,53.15
475110369,475110370,42.84
475110370,475110369,42.84
475110371,475110372,24.11
475110372,475110371,24.11
1666084426,2401069467,11.21
2401069467,4716623465,2.32
4716623465,475369285,50.75
475369285,1665978188,8.88
1665978188,4716623464,17.04
4716623464,1665978192,6.60
475368460,475368466,19.40
475368466,1665978197,9.41
1665978197,1094262834,11.63
1094262834,475369292,17.67
475369292,475368467,39.37
475368467,4511333928,9.81
4511333928,475368468,7.85
475368468,4511333930,7.35
4511333930,4511333929,3.99
4511333929,475368469,5.35
475368469,475368470,15.02
475368470,475369327,41.44
475369327,475369295,16.95
475369295,475369326,37.58
475369326,1094262639,22.26
1094262639,1665978226,7.76
1665978226,475368471,3.72
475368471,1665978228,5.65
1665978228,475368472,18.36
475368472,475368485,23.73
475368485,1665978233,13.13
1665978233,475369310,41.69
475369310,1665978234,23.11
1665978234,1094262589,27.29
1094262589,6170421214,9.00
6170421214,1094262878,5.38
1094262878,1094262765,7.36
366924640,4384718921,7.79
4384718921,475368499,36.65
475368499,1094262689,48.25
1094262689,2195288005,8.05
2195288005,475368496,8.60
475368496,6497734535,60.12
6497734535,475368495,42.36
475368495,475368502,32.22
475368502,475368494,21.30
475368494,475368491,39.66
475368491,6170421198,29.29
6170421198,1094262850,10.63
475368499,6497734541,6.55
6497734541,475368499,6.55
6497734541,475368500,61.53
475368500,6497734541,61.53
475368502,6497734540,6.20
6497734540,475368502,6.20
6497734540,475368503,33.32
475368503,6497734540,33.32
158030491,2393573047,15.57
2393573047,472382858,23.14
472382858,472382808,74.88
472382808,472382906,55.17
472382906,2401069479,36.26
2401069479,472382731,10.23
472382731,2401069428,19.31
2401069428,472360350,20.51
472360350,1666084497,27.54
1666084497,472382802,24.58
472382802,2401069437,7.69
2401069437,472360349,62.34
472360349,2401069474,50.58
2401069474,472382716,8.78
472382716,2401069488,58.35
2401069488,472382883,5.56
472382883,7933069571,101.47
7933069571,11006985243,15.33
11006985243,7933069561,5.21
7933069561,7933069567,18.76
7933069567,9905815591,86.51
9905815591,9905815589,81.09
9905815589,9905815590,15.19
9905815590,1142124381,34.89
1142124381,9905815588,9.36
9905815588,1666084451,11.85
1666084451,2401069455,7.82
2401069455,472360112,12.46
475110333,2397996060,13.08
2397996060,475110333,13.08
2397996060,1806870862,4.36
1806870862,2397996060,4.36
1806870862,12240857827,5.75
12240857827,1806870862,5.75
12240857827,475110341,5.61
475110341,12240857827,5.61
475110341,475110335,36.63
475110335,475110341,36.63
475110335,475110361,32.35
475110361,475110335,32.35
475110361,475110336,29.45
475110336,475110361,29.45
475110336,2397996036,19.79
2397996036,475110336,19.79
2397996036,475110358,30.62
475110358,2397996036,30.62
475110358,475110337,21.87
475110337,475110358,21.87
475110337,2621323835,69.10
2621323835,475110337,69.10
2621323835,475110331,5.91
475110331,2621323835,5.91
475110331,2397996012,6.32
2397996012,475110331,6.32
2397996012,475369117,44.29
475369117,2397996012,44.29
475369117,1665929905,9.74
1665929905,475369117,9.74
1665929905,2397996014,95.07
2397996014,1665929905,95.07
2397996014,475368556,7.11
475368556,2397996014,7.11
475368556,2397996080,7.22
2397996080,475368556,7.22
2397996080,9737245451,33.50
9737245451,2397996080,33.50
9737245451,9737245449,27.21
9737245449,9737245451,27.21
9737245449,12666499809,8.39
12666499809,9737245449,8.39
475368520,9737054482,4.48
9737054482,475368520,4.48
9737054482,475368522,92.80
475368522,9737054482,92.80
191504259,475368541,8.60
475368556,1665929927,5.99
1665929927,475368556,5.99
1665929927,475369128,129.60
475369128,1665929927,129.60
475369128,9736998509,28.06
9736998509,475369128,28.06
9736998509,475368557,13.82
475368557,9736998509,13.82
475368557,475369108,9.16
475369108,475368557,9.16
475369108,9736998512,11.77
9736998512,475369108,11.77
9736998512,2621323838,4.90
2621323838,9736998512,4.90
2621323838,9737245419,12.91
9737245419,2621323838,12.91
9737245419,475368558,9.92
475368558,9737245419,9.92
475368558,9737245417,3.47
9737245417,475368558,3.47
9737245417,9737245439,2.95
9737245439,9737245417,2.95
9737245439,475368560,11.34
475368560,9737245439,11.34
475368560,475368562,29.02
475368562,475368560,29.02
475368531,475368574,62.61
475368574,7276388935,28.92
7276388935,475368573,11.68
475368573,475368996,18.41
475368996,7276388932,20.90
7276388932,1665929866,15.37
1665929866,475368570,17.80
475368570,475368568,45.43
475368568,475369000,10.91
475369000,475369007,17.01
475369007,475368565,124.17
475368565,475368563,19.39
475368563,475369009,12.84
475369009,1665929936,49.02
1665929936,1665929942,19.73
1665929942,1665929949,24.01
1665929949,2397996081,7.45
2397996081,475368519,5.68
475368578,1665929727,34.08
1665929727,475368578,34.08
1665929727,475110156,10.97
475110156,1665929727,10.97
475368584,9775094725,41.56
9775094725,475368584,41.56
9775094725,475368506,6.49
475368506,9775094725,6.49
475368586,475368587,31.34
475368587,475368586,31.34
475368587,475368589,13.29
475368589,475368587,13.29
475368589,1665929928,16.35
1665929928,475368589,16.35
1665929928,475368590,11.90
475368590,1665929928,11.90
475368590,4716622887,20.06
4716622887,475368590,20.06
4716622887,733235048,7.28
733235048,4716622887,7.28
475368592,475368593,57.19
475368593,475368592,57.19
475368593,475368594,39.90
475368594,475368593,39.90
475368594,6170421222,34.12
6170421222,475368594,34.12
6170421222,4963579553,10.08
4963579553,6170421222,10.08
475368600,9775081778,8.26
9775081778,475368600,8.26
9775081778,2296552633,46.09
2296552633,9775081778,46.09
2296552633,2296552628,59.86
2296552628,2296552633,59.86
2296552628,475368601,4.48
475368601,2296552628,4.48
475368601,475369229,24.25
475369229,475368601,24.25
475369229,475368602,23.20
475368602,475369229,23.20
475368602,4506648463,97.54
4506648463,475368602,97.54
4506648463,475368603,38.44
475368603,4506648463,38.44
475368603,475368605,36.83
475368605,475368603,36.83
475368607,475368612,11.84
475368612,475368607,11.84
475368612,475368610,31.85
475368610,475368612,31.85
475368610,475368608,30.16
475368608,475368610,30.16
475368614,475368809,60.97
475368809,475368614,60.97
475368809,1665929774,36.93
1665929774,475368809,36.93
1665929774,475368811,12.10
475368811,1665929774,12.10
475368811,475368617,66.47
475368617,475368811,66.47
475368617,475368615,24.36
475368615,475368617,24.36
475368617,475368619,19.77
475368619,475368617,19.77
475368622,475368815,12.59
475368815,475368622,12.59
475368815,475368621,45.92
475368621,475368815,45.92
475368623,475369183,69.58
475369183,475368623,69.58
475369183,475369177,62.24
475369177,475369183,62.24
475369177,8294171362,12.06
8294171362,475369177,12.06
8294171362,5899162688,26.12
5899162688,8294171362,26.12
5899162688,8294171358,32.64
8294171358,5899162688,32.64
8294171358,6743480340,2.40
6743480340,8294171358,2.40
6743480340,8294171357,2.96
8294171357,6743480340,2.96
8294171357,8294171355,6.58
8294171355,8294171357,6.58
8294171355,6743480344,1.77
6743480344,8294171355,1.77
6743480344,8294171356,1.71
8294171356,6743480344,1.71
8294171356,6276840048,4.18
6276840048,8294171356,4.18
6276840048,475368624,4.93
475368624,6276840048,4.93
366924640,4384718920,6.38
4384718920,366924640,6.38
4384718920,12666469791,11.14
12666469791,4384718920,11.14
12666469791,2195288007,10.58
2195288007,12666469791,10.58
2195288007,2196826970,15.03
2196826970,2195288007,15.03
2196826970,6497734520,5.34
6497734520,2196826970,5.34
6497734520,8908676214,31.42
8908676214,6497734520,31.42
8908676214,832286011,7.90
832286011,8908676214,7.90
832286011,8908676213,6.97
8908676213,832286011,6.97
8908676213,2196826860,6.29
2196826860,8908676213,6.29
2196826860,3817871241,47.88
3817871241,2196826860,47.88
3817871241,475369233,35.00
475369233,3817871241,35.00
475368612,6170421230,68.30
6170421230,475368612,68.30
6170421230,475368753,6.27
475368753,6170421230,6.27
475368610,6170421231,53.39
6170421231,475368610,53.39
6170421231,475368755,5.89
475368755,6170421231,5.89
475368773,4716623586,67.81
4716623586,475368771,10.87
475368784,475368785,50.08
475368785,475368784,50.08
475368786,475368787,49.74
475368787,475368786,49.74
475368780,475368788,129.35
475368788,475368780,129.35
475368777,475368789,32.95
475368789,475368777,32.95
475368790,475368791,43.14
475368791,475368790,43.14
475368791,475368792,26.87
475368792,475368791,26.87
475368792,472446998,89.13
472446998,475368792,89.13
475368775,475368793,39.77
475368793,475368775,39.77
475368793,475368794,39.64
475368794,475368793,39.64
475368802,4506493835,57.17
4506493835,475368802,57.17
4506493835,475368803,1.58
475368803,4506493835,1.58
475368803,475368804,54.75
475368804,475368803,54.75
475368808,475368622,48.30
475368622,475368808,48.30
475368807,1665929826,46.07
1665929826,475368807,46.07
1665929826,475368622,3.76
475368622,1665929826,3.76
475368622,1665929811,12.18
1665929811,475368622,12.18
1665929811,475368851,11.49
475368851,1665929811,11.49
475368851,475368850,9.07
475368850,475368851,9.07
475368850,475368960,2.93
475368960,475368850,2.93
475368960,1665929794,11.44
1665929794,475368960,11.44
1665929794,475368965,11.07
475368965,1665929794,11.07
475368965,475368973,4.45
475368973,475368965,4.45
475368973,12853578645,0.79
12853578645,475368973,0.79
12853578645,475368970,6.56
475368970,12853578645,6.56
475368970,475368811,25.50
475368811,475368970,25.50
475368796,4506493844,14.99
4506493844,475368796,14.99
4506493844,475368812,13.46
475368812,4506493844,13.46
475368812,4506493842,8.55
4506493842,475368812,8.55
4506493842,475368818,29.33
475368818,4506493842,29.33
475368818,475368845,20.33
475368845,475368818,20.33
475368845,4506493840,16.13
4506493840,475368845,16.13
4506493840,475368813,17.47
475368813,4506493840,17.47
475368813,1665929847,14.63
1665929847,475368813,14.63
1665929847,1665929838,13.77
1665929838,1665929847,13.77
1665929838,475368814,27.51
475368814,1665929838,27.51
475368814,475368815,14.93
475368815,475368814,14.93
475368806,475368816,38.98
475368816,475368806,38.98
475368816,475368817,21.23
475368817,475368816,21.23
475368817,12477236603,3.00
12477236603,475368817,3.00
12477236603,475368813,24.27
475368813,12477236603,24.27
475368813,472447015,78.41
472447015,475368813,78.41
475368847,475368812,109.96
475368812,475368847,109.96
475368818,475368819,54.67
475368819,475368818,54.67
475368819,475368805,39.18
475368805,475368819,39.18
475368819,475368820,66.18
475368820,475368819,66.18
475368797,475368821,49.19
475368821,475368797,49.19
475368821,475368822,16.19
475368822,475368821,16.19
475368822,475368832,18.96
475368832,475368822,18.96
475368832,475368823,48.55
475368823,475368832,48.55
475368823,475368824,23.45
475368824,475368823,23.45
475368824,475368830,49.46
475368830,475368824,49.46
475368832,475368830,25.67
475368830,475368832,25.67
475368830,475368833,12.67
475368833,475368830,12.67
475368833,475368834,52.15
475368834,475368833,52.15
475368834,1665929882,17.88
1665929882,475368834,17.88
475368835,1665929881,67.02
1665929881,475368835,67.02
1665929881,475368837,76.30
475368837,1665929881,76.30
475368837,2649421046,8.28
2649421046,475368837,8.28
2649421046,475368840,10.45
475368840,2649421046,10.45
475368840,475368838,12.30
475368838,475368840,12.30
475368838,1665929864,93.33
1665929864,475368838,93.33
1665929864,475368839,48.32
475368839,1665929864,48.32
475368840,12462440804,19.28
12462440804,475368840,19.28
12462440804,475368841,3.63
475368841,12462440804,3.63
475368842,475368843,46.89
475368843,475368842,46.89
475368795,475368844,35.83
475368844,475368795,35.83
475368845,475368846,72.88
475368846,475368845,72.88
475368847,475368848,88.52
475368848,475368847,88.52
475368848,475368849,48.03
475368849,475368848,48.03
475368849,1696208649,10.83
1696208649,475368849,10.83
1696208649,475368974,13.74
475368974,1696208649,13.74
475368974,475368850,44.62
475368850,475368974,44.62
475368851,475368852,48.87
475368852,475368851,48.87
475368853,475368854,42.61
475368854,475368853,42.61
475368854,12378362018,14.47
12378362018,475368854,14.47
7942739514,1665929708,14.46
1665929708,7942739514,14.46
1665929708,7942739513,81.70
7942739513,1665929708,81.70
7942739513,7942739512,6.87
7942739512,7942739513,6.87
1665929752,6349852281,5.65
6349852281,1665929752,5.65
6349852281,6349852280,3.92
6349852280,6349852281,3.92
6349852280,6349852279,5.11
6349852279,6349852280,5.11
6349852279,1665929743,3.78
1665929743,6349852279,3.78
1665929743,475368860,8.12
475368860,1665929743,8.12
475368860,733235034,7.36
733235034,475368860,7.36
475368862,6349852270,26.51
6349852270,475368862,26.51
6349852270,733235033,8.07
733235033,6349852270,8.07
475368918,1665929798,7.09
1665929798,475368918,7.09
1665929798,475368917,9.79
475368917,1665929798,9.79
475368917,475368916,20.30
475368916,475368917,20.30
475368916,1665929823,23.48
1665929823,475368916,23.48
1665929823,475368915,17.00
475368915,1665929823,17.00
475368915,475368997,15.68
475368997,475368915,15.68
475368997,12378265897,19.28
12378265897,475368997,19.28
7942739533,7942739534,25.42
7942739534,7942739533,25.42
7942739534,475368870,5.41
475368870,7942739534,5.41
475368870,475368872,15.91
475368872,475368870,15.91
475368872,4511333958,44.08
4511333958,475368872,44.08
4511333958,7942739535,17.69
7942739535,4511333958,17.69
7942739535,475368874,41.10
475368874,7942739535,41.10
475368874,1665929721,3.01
1665929721,475368874,3.01
1665929721,5899162855,19.01
5899162855,1665929721,19.01
475368881,475368880,19.84
475368880,475368881,19.84
475368880,1665929707,16.66
1665929707,475368880,16.66
1665929707,475368876,17.51
475368876,1665929707,17.51
475368876,7942739536,37.02
7942739536,475368876,37.02
475368872,4511333959,50.25
4511333959,475368872,50.25
4511333959,1665929711,23.01
1665929711,4511333959,23.01
1665929711,7942739601,40.68
7942739601,1665929711,40.68
7942739600,475368887,22.40
475368887,7942739600,22.40
475368887,1665929683,44.58
1665929683,475368887,44.58
1665929683,1665929687,18.62
1665929687,1665929683,18.62
475368889,475368897,25.73
475368897,475368889,25.73
475368897,7942739508,30.06
7942739508,475368897,30.06
7942739511,475368894,39.36
475368894,7942739511,39.36
7942739517,7942739608,15.36
7942739608,7942739517,15.36
7942739608,475368897,21.75
475368897,7942739608,21.75
7942739530,7942739526,95.74
7942739526,7942739530,95.74
7942739526,7942739525,6.94
7942739525,7942739526,6.94
7942739618,6349861411,26.27
6349861411,7942739618,26.27
6349861411,475368901,6.73
475368901,6349861411,6.73
7942739613,7942739500,31.94
7942739500,7942739613,31.94
7942739500,7942739611,18.64
7942739611,7942739500,18.64
7942739611,7942739504,9.79
7942739504,7942739611,9.79
7942739504,7942739503,28.93
7942739503,7942739504,28.93
7942739503,7942739502,10.98
7942739502,7942739503,10.98
7942739502,7942739507,29.59
7942739507,7942739502,29.59
7942739507,7942739607,17.41
7942739607,7942739507,17.41
7942739607,733235018,11.83
733235018,7942739607,11.83
733235018,7942739615,6.33
7942739615,733235018,6.33
7942739615,7942739614,5.36
7942739614,7942739615,5.36
7942739614,2401069465,2.31
2401069465,7942739614,2.31
2401069465,475368534,7.13
475368534,2401069465,7.13
475368534,733235015,8.23
733235015,475368534,8.23
7942739607,7942739532,90.46
7942739532,7942739607,90.46
7942739528,7942739521,90.82
7942739521,7942739528,90.82
7942739521,7942739520,7.06
7942739520,7942739521,7.06
1665929852,1665929850,6.75
1665929850,1665929852,6.75
12378265897,475368925,15.36
475368925,12378265897,15.36
475368925,475368926,6.42
475368926,475368925,6.42
475368926,1665929833,56.77
1665929833,475368926,56.77
1665929833,475368929,4.80
475368929,1665929833,4.80
475368929,475368930,31.92
475368930,475368929,31.92
7942739503,7942739506,82.53
7942739506,7942739503,82.53
7942739504,7942739505,65.22
7942739505,7942739504,65.22
7942739500,7942739501,48.40
7942739501,7942739500,48.40
475368943,6349861410,6.81
6349861410,475368943,6.81
6349861410,1665929832,34.12
1665929832,6349861410,34.12
1665929832,7942739616,13.79
7942739616,1665929832,13.79
7942739616,7942739613,2.53
7942739613,7942739616,2.53
475368944,6349852284,33.75
6349852284,475368944,33.75
6349852284,475368945,6.73
475368945,6349852284,6.73
475368949,475368950,15.49
475368950,475368949,15.49
475368950,475368951,26.38
475368951,475368950,26.38
475368952,475368953,36.50
475368953,475368952,36.50
472447018,3221227627,28.37
3221227627,472447018,28.37
3221227627,3221227615,40.19
3221227615,3221227627,40.19
3221227615,475368958,17.35
475368958,3221227615,17.35
475368958,1664033862,26.94
1664033862,475368958,26.94
1664033862,1665929756,4.55
1665929756,1664033862,4.55
1665929756,475368615,3.52
475368615,1665929756,3.52
475368615,1665929764,19.12
1665929764,475368615,19.12
1665929764,1665929773,23.95
1665929773,1665929764,23.95
1665929773,475368849,23.47
475368849,1665929773,23.47
475368849,475368959,22.82
475368959,475368849,22.82
475368959,475368621,10.11
475368621,475368959,10.11
475368959,472447015,38.93
472447015,475368959,38.93
475368960,475368961,48.89
475368961,475368960,48.89
475368961,12378362018,42.24
12378362018,475368961,42.24
12378362018,1665929836,15.96
1665929836,12378362018,15.96
475368963,475368964,59.28
475368964,475368963,59.28
475368964,475368965,48.95
475368965,475368964,48.95
1665929794,475368966,48.92
475368966,1665929794,48.92
475368966,475368967,58.74
475368967,475368966,58.74
475368968,475368969,59.79
475368969,475368968,59.79
475368969,475368970,48.98
475368970,475368969,48.98
1665929774,1665929786,14.69
1665929786,1665929774,14.69
1665929786,475368971,36.53
475368971,1665929786,36.53
475368971,475368972,60.30
475368972,475368971,60.30
475368974,475368976,31.16
475368976,475368974,31.16
475368976,475368617,34.80
475368617,475368976,34.80
475368973,12853578644,9.89
12853578644,475368973,9.89
12853578644,475368976,45.03
475368976,12853578644,45.03
7942739466,475368981,33.19
475368981,7942739466,33.19
475368981,4716623398,40.93
4716623398,475368981,40.93
4716623398,475368978,6.46
475368978,4716623398,6.46
475368979,12477182649,40.42
12477182649,475368982,2.70
475368982,4716623399,41.46
4716623399,475368980,6.21
475368981,475368982,33.08
475368982,475368981,33.08
3193716063,4716623442,5.65
4716623442,3193716063,5.65
4716623442,1665978175,21.13
1665978175,4716623442,21.13
1665978175,475368989,7.33
475368989,1665978175,7.33
475368989,1665978176,4.89
1665978176,475368989,4.89
1665978176,475368993,56.88
475368993,1665978176,56.88
475368994,475368995,37.37
475368995,475368994,37.37
475368995,475368996,41.02
475368996,475368995,41.02
475368997,1665929845,8.78
1665929845,475368997,8.78
475369006,1665929897,13.61
1665929897,475369006,13.61
475369008,475369009,142.06
475369009,475369008,142.06
475369010,475369011,15.22
475369011,475369010,15.22
475369011,475368563,92.45
475368563,475369011,92.45
8473950312,475369013,25.70
475369013,8473950312,25.70
475369013,475369015,40.57
475369015,475369013,40.57
475369015,1665929885,51.46
1665929885,475369015,51.46
1665929885,1665929869,82.01
1665929869,1665929885,82.01
1665929869,6349861406,4.52
6349861406,1665929869,4.52
6349861406,733235054,7.10
733235054,6349861406,7.10
475369015,475369016,36.21
475369016,475369015,36.21
475369017,1665929879,12.91
1665929879,475369017,12.91
1665929879,4511333912,20.10
4511333912,1665929879,20.10
4511333912,7276301163,19.02
7276301163,4511333912,19.02
7276301163,7276301168,29.60
7276301168,7276301163,29.60
7276301168,7276301160,9.37
7276301160,7276301168,9.37
7276301160,6349861407,73.61
6349861407,7276301160,73.61
6349861407,733235057,6.55
733235057,6349861407,6.55
475369019,1665929902,57.48
1665929902,475369019,57.48
1665929902,475369023,39.10
475369023,1665929902,39.10
475369023,9775232302,41.07
9775232302,475369023,41.07
9775232302,1665929889,39.03
1665929889,9775232302,39.03
1665929889,9772601705,10.94
9772601705,1665929889,10.94
9772601705,9228817077,6.14
9228817077,9772601705,6.14
1665929902,475369021,22.29
475369021,1665929902,22.29
9775221792,9775221790,3.16
9775221790,9775221792,3.16
9775221790,475369026,36.71
475369026,9775221790,36.71
475369026,475369027,22.60
475369027,475369026,22.60
475369027,9772601698,31.51
9772601698,475369027,31.51
9772601698,9772601701,2.31
9772601701,9772601698,2.31
9772601701,4965525566,7.07
4965525566,9772601701,7.07
6743338266,1665929939,6.44
1665929939,9775232295,34.55
9775232295,475368580,16.55
475368580,9775094726,24.81
9775094726,475369030,6.09
475369034,475369036,28.09
475369036,475369034,28.09
475369036,475369037,30.15
475369037,475369036,30.15
475369039,475369041,22.71
475369041,475369039,22.71
475369041,1665929901,34.01
1665929901,475369041,34.01
1665929901,4716623395,8.60
4716623395,1665929901,8.60
4716623395,733235050,7.38
733235050,4716623395,7.38
475369045,9737054474,91.82
9737054474,475369045,91.82
475369049,6743431385,14.94
6743431385,475369049,14.94
6743431385,475369051,7.60
475369051,6743431385,7.60
475369053,6743431386,7.04
6743431386,475369053,7.04
6743431386,475369055,60.84
475369055,6743431386,60.84
475369055,9737054472,95.11
9737054472,475369055,95.11
9737054472,475369057,5.07
475369057,9737054472,5.07
475369059,475369061,54.43
475369061,475369059,54.43
475369061,475369063,25.87
475369063,475369061,25.87
475369063,475369065,52.82
475369065,475369063,52.82
475369079,9941898999,8.15
9941898999,475369079,8.15
9941898999,475369081,29.40
475369081,9941898999,29.40
475369081,4506648464,15.30
4506648464,475369081,15.30
4506648464,475368608,14.03
475368608,4506648464,14.03
475369085,6170421235,87.47
6170421235,475369085,87.47
6170421235,475369087,8.98
475369087,6170421235,8.98
1094607155,475369089,15.47
475369089,1094607155,15.47
475369089,475369102,49.77
475369102,475369089,49.77
475369102,475369104,11.54
475369104,475369102,11.54
475369104,1094606978,15.00
1094606978,475369104,15.00
1094606978,475368562,27.70
475368562,1094606978,27.70
475368560,475369110,78.63
475369110,475368560,78.63
475369110,475369119,29.96
475369119,475369110,29.96
475369119,475369112,24.96
475369112,475369119,24.96
475369112,475369121,24.77
475369121,475369112,24.77
475369121,475369124,21.12
475369124,475369121,21.12
475369124,475369115,20.04
475369115,475369124,20.04
475369115,2397996026,130.13
2397996026,475369115,130.13
2397996026,475369117,6.61
475369117,2397996026,6.61
475369115,475369128,96.55
475369128,475369115,96.55
475369106,475369133,134.36
475369133,475369106,134.36
475369133,2296552635,10.00
2296552635,475369133,10.00
2296552635,2296552637,40.85
2296552637,2296552635,40.85
2296552637,475369146,15.77
475369146,2296552637,15.77
475369146,475369154,28.83
475369154,475369146,28.83
475369154,10173348170,3.46
10173348170,475369154,3.46
10173348170,9954012393,3.92
9954012393,10173348170,3.92
9954012393,9141279236,19.99
9141279236,9954012393,19.99
9141279236,2296552639,2.70
2296552639,9141279236,2.70
2296552639,10155735122,3.00
10155735122,2296552639,3.00
10155735122,475369137,6.18
475369137,10155735122,6.18
475369140,10131739684,36.99
10131739684,475369140,36.99
10131739684,475369142,5.78
475369142,10131739684,5.78
475369133,9141279451,38.06
9141279451,475369133,38.06
9141279451,475369144,7.40
475369144,9141279451,7.40
475369144,9689248810,7.51
9689248810,475369144,7.51
9689248810,1306889136,30.07
1306889136,9689248810,30.07
1306889136,1306889052,61.20
1306889052,1306889136,61.20
1306889052,7951554894,11.74
7951554894,1306889052,11.74
7951554894,7951554898,5.37
7951554898,7951554894,5.37
7951554898,7951554901,11.94
7951554901,7951554898,11.94
7951554901,1306888979,16.45
1306888979,7951554901,16.45
475369154,9141229714,22.38
9141229714,475369154,22.38
9141229714,475369156,3.86
475369156,9141229714,3.86
475369156,9141229711,3.24
9141229711,475369156,3.24
9141229711,475369158,9.11
475369158,9141229711,9.11
475369158,475369151,4.89
475369151,475369158,4.89
475369151,9141279225,6.74
9141279225,475369151,6.74
9141279225,1094607089,15.17
1094607089,9141279225,15.17
1094607089,1094607139,15.02
1094607139,1094607089,15.02
1094607139,475369160,12.13
475369160,1094607139,12.13
475369160,475369162,28.75
475369162,475369160,28.75
475369162,475369185,23.70
475369185,475369162,23.70
475369180,475369182,32.56
475369182,475369180,32.56
475369182,475369184,17.00
475369184,475369182,17.00
475369184,475369183,30.75
475369183,475369184,30.75
475369184,475369175,55.98
475369175,475369184,55.98
475369185,475369186,29.44
475369186,475369185,29.44
475369189,475369190,41.62
475369190,475369189,41.62
475369191,475369190,16.79
475369190,475369191,16.79
475369190,475369192,14.48
475369192,475369190,14.48
475369164,4506741722,12.96
4506741722,475369164,12.96
4506741722,475369192,23.86
475369192,4506741722,23.86
475369192,6276840054,22.25
6276840054,475369192,22.25
6276840054,475369193,6.29
475369193,6276840054,6.29
475369193,9993884232,10.89
9993884232,475369193,10.89
475369203,9775081783,6.33
9775081783,475369203,6.33
9775081783,2606035879,16.41
2606035879,9775081783,16.41
2606035879,475369205,76.25
475369205,2606035879,76.25
475369205,2296552632,19.61
2296552632,475369205,19.61
2296552632,475369211,12.70
475369211,2296552632,12.70
475369211,475369196,27.39
475369196,475369211,27.39
475369196,475369198,60.25
475369198,475369196,60.25
475369205,475369207,60.87
475369207,475369205,60.87
475369209,475369211,59.51
475369211,475369209,59.51
475368601,1093489457,10.15
1093489457,475368601,10.15
1093489457,475369221,99.29
475369221,1093489457,99.29
475369223,475369225,59.76
475369225,475369223,59.76
475369225,6170421221,41.40
6170421221,475369225,41.40
6170421221,475369227,7.20
475369227,6170421221,7.20
475369229,475369231,77.64
475369231,475369229,77.64
475369231,4506648462,19.48
4506648462,475369231,19.48
4506648462,475368605,29.51
475368605,4506648462,29.51
475368605,6170421220,48.57
6170421220,475368605,48.57
6170421220,475369233,7.47
475369233,6170421220,7.47
1094546976,5923786359,5.00
5923786359,1094546976,5.00
5923786359,475369273,64.65
475369273,5923786359,64.65
475369273,475369275,22.94
475369275,475369273,22.94
475369275,1665978201,85.23
1665978201,475369275,85.23
1665978201,1665978196,46.35
1665978196,1665978201,46.35
1665978196,475369277,40.30
475369277,1665978196,40.30
475369277,475369279,50.73
475369279,475369277,50.73
475369279,1665978186,20.24
1665978186,475369279,20.24
1665978186,1666084433,18.30
1666084433,1665978186,18.30
475369282,475369283,29.91
475369283,475369282,29.91
475369283,475369284,49.39
475369284,475369283,49.39
475369292,475369293,34.56
475369293,475369301,15.70
475369301,475369294,35.92
475369294,475369291,13.21
475369291,475369290,44.29
475369290,475369289,29.65
475369293,475368470,61.15
475368470,475369293,61.15
475369294,475369295,62.34
475369295,475369294,62.34
475369291,1665978213,11.82
1665978213,475369291,11.82
1665978213,475369306,12.73
475369306,1665978213,12.73
475369306,7947429978,35.77
7947429978,475369306,35.77
7947429978,7947429975,1.64
7947429975,7947429978,1.64
7947429975,7947429977,2.37
7947429977,7947429975,2.37
7947429977,475369297,21.14
475369297,7947429977,21.14
475369300,1665978207,46.51
1665978207,475369300,46.51
475369304,1665978224,39.89
1665978224,475369304,39.89
1665978224,1665978225,11.22
1665978225,1665978224,11.22
475369306,1665978218,18.24
1665978218,475369306,18.24
1665978218,1665978219,7.61
1665978219,1665978218,7.61
1665978219,475369307,16.72
475369307,1665978219,16.72
475369308,475369309,47.35
475369309,475369308,47.35
475369310,1665978232,7.50
1665978232,475369310,7.50
1093489455,1094160978,17.65
1094160978,1093489455,17.65
1094160978,475369319,40.93
475369319,1094160978,40.93
475369320,475369321,11.59
475369321,475369320,11.59
475369321,1665978199,25.40
1665978199,475369321,25.40
1665978199,475369322,24.11
475369322,1665978199,24.11
475369322,475369323,56.00
475369323,475369322,56.00
475369323,1665978215,21.96
1665978215,475369323,21.96
1665978215,475369324,18.04
475369324,1665978215,18.04
475369324,1665978220,24.73
1665978220,475369324,24.73
1665978220,475369312,3.19
475369312,1665978220,3.19
475368471,475369311,48.27
475369311,475368471,48.27
475369312,1665978221,1.76
1665978221,475369312,1.76
1665978221,475369326,46.58
475369326,1665978221,46.58
13091841088,13091841090,12.09
13091841090,13091841088,12.09
13091841090,1094262698,2.54
1094262698,13091841090,2.54
1094262698,475369327,29.46
475369327,1094262698,29.46
475369328,1665978217,8.46
1665978217,475369328,8.46
1665978217,475369330,11.53
475369330,1665978217,11.53
475369330,475369329,17.51
475369329,475369330,17.51
475369330,1665978212,13.72
1665978212,475369330,13.72
1665978212,475369331,45.39
475369331,1665978212,45.39
475369332,475369333,38.79
475369333,475369332,38.79
475369334,475369323,27.77
475369323,475369334,27.77
475369337,4384720658,40.01
4384720658,475369337,40.01
4384720658,475369339,26.46
475369339,4384720658,26.46
475369339,475369338,32.58
475369338,475369339,32.58
475369339,2606035858,90.50
2606035858,475369339,90.50
2606035858,9775094736,14.18
9775094736,2606035858,14.18
9775094736,475369340,7.83
475369340,9775094736,7.83
475369316,1094160889,31.75
1094160889,475369316,31.75
475369353,475369356,31.05
475369356,475369353,31.05
475369349,475369357,35.84
475369357,475369349,35.84
475369358,475369359,11.61
475369359,475369358,11.61
475369359,475369357,22.48
475369357,475369359,22.48
475369357,475368467,31.36
475368467,475369357,31.36
475369359,475369360,29.88
475369360,475369359,29.88
475369361,1665978202,15.60
1665978202,475369361,15.60
1665978202,475368463,17.30
475368463,1665978202,17.30
475369362,475369363,21.26
475369363,475369362,21.26
475369366,6276840063,6.20
6276840063,9141279328,33.80
9141279328,1094606973,4.05
1094606973,1094607042,71.74
1094607042,4506741715,17.67
4506741715,4506741720,60.77
4506741720,4506741717,14.76
4506741717,475369368,3.83
475369368,9141279452,1.96
9141279452,9689263333,1.27
9689263333,475368724,9.86
475369369,8463406317,9.51
8463406317,475369369,9.51
8463406317,8463335016,4.79
8463335016,8463406317,4.79
8463335016,8463335015,5.35
8463335015,8463335016,5.35
8463335015,1306889036,60.16
1306889036,8463335015,60.16
1306889036,1306889174,83.14
1306889174,1306889036,83.14
1306889174,475369370,5.79
475369370,1306889174,5.79
475369370,2611829947,11.07
2611829947,475369370,11.07
2611829947,1094678859,23.76
1094678859,2611829947,23.76
1094678859,1306888944,30.79
1306888944,1094678859,30.79
1306888944,1306889159,5.98
1306889159,1306888944,5.98
1306889159,3937764163,28.15
3937764163,1306889159,28.15
3937764163,4506648465,7.64
4506648465,3937764163,7.64
4506648465,4511333915,30.67
4511333915,4506648465,30.67
4511333915,6170450045,54.79
6170450045,4511333915,54.79
6170450045,475369371,10.63
475369371,6170450045,10.63
366924771,1141097101,11.20
1141097101,1094547516,34.99
1094547516,1094351465,28.31
1094351465,1665978227,16.87
1665978227,5923786364,51.09
5923786364,5922450064,5.40
5922450064,5923786362,9.37
5923786362,5922450060,7.01
5922450060,1094546976,27.72
1094546976,5923786373,17.32
5923786373,2393573037,4.90
2393573037,1094547405,8.81
475368531,475368924,38.97
475368924,475368919,23.44
475368919,475368528,24.09
475368528,1665929787,29.23
1665929787,1665929792,31.01
1665929792,475368911,4.48
475368911,475368907,19.09
475368907,1665929796,27.03
1665929796,1665929805,29.63
1665929805,475368930,23.94
475368930,1665929812,29.98
1665929812,733235060,6.50
733235060,6349852278,3.29
6349852278,733235059,7.83
733235024,6349852272,7.52
6349852272,733235024,7.52
6349852272,475368907,59.85
475368907,6349852272,59.85
733235014,6349852276,6.26
6349852276,733235014,6.26
6349852276,475368931,3.83
475368931,6349852276,3.83
475368931,475368932,53.63
475368932,475368931,53.63
475368932,1665929781,15.74
1665929781,475368932,15.74
1665929781,6349852274,5.48
6349852274,1665929781,5.48
6349852274,733235022,7.46
733235022,6349852274,7.46
475368863,7942739463,6.97
7942739463,475368863,6.97
7942739463,7942739516,90.83
7942739516,7942739463,90.83
733235035,6349852268,8.62
6349852268,733235035,8.62
6349852268,475368859,32.79
475368859,6349852268,32.79
733235028,6349852267,9.28
6349852267,733235028,9.28
6349852267,1665929741,25.21
1665929741,6349852267,25.21
1665929741,475368946,21.62
475368946,1665929741,21.62
2856079121,733235049,7.41
733235049,2856079121,7.41
733235049,4716622886,7.21
4716622886,733235049,7.21
4716622886,475368586,40.75
475368586,4716622886,40.75
475368586,9775232219,24.27
9775232219,475368586,24.27
9775232219,475368584,71.56
475368584,9775232219,71.56
475368584,475368580,73.18
475368580,475368584,73.18
733235052,4716623394,7.33
4716623394,2647466836,32.61
2647466836,475369039,6.33
475369039,475369037,37.28
475369037,9772601706,31.91
9772601706,9772601710,2.90
9772601710,9228817074,6.28
1093469944,1093469844,7.45
1093469844,1093469944,7.45
1093469844,6276840202,7.26
6276840202,1093469844,7.26
6276840202,823729936,35.12
823729936,6276840202,35.12
1093685773,2393573029,5.34
2393573029,1093685773,5.34
2393573029,832285988,7.73
832285988,2393573029,7.73
832285988,832286017,41.78
832286017,832285988,41.78
832286004,2621323853,6.02
2621323853,832286004,6.02
2621323853,1094262796,64.74
1094262796,2621323853,64.74
1094262796,832285985,40.81
832285985,1094262796,40.81
1114992523,1094262572,8.46
1094262572,1114992523,8.46
1094262572,3809762386,5.43
3809762386,1094262572,5.43
3809762386,6470104606,25.70
6470104606,3809762386,25.70
6470104606,1115011379,5.05
1115011379,6470104606,5.05
1115011379,1114992522,9.18
1114992522,1115011379,9.18
832286017,1097942133,107.51
1097942133,832286024,3.56
832286024,6474355069,5.24
6474355069,832286013,56.15
475368720,6170450029,12.60
6170450029,475368720,12.60
6170450029,475369376,57.74
475369376,6170450029,57.74
475369376,832286012,12.78
832286012,475369376,12.78
832286012,6470216556,10.17
6470216556,832286012,10.17
6470216556,6513335944,12.37
6513335944,6470216556,12.37
6513335944,832286021,42.67
832286021,6513335944,42.67
832286021,6470216520,42.33
6470216520,832286021,42.33
6470216520,832286002,6.47
832286002,6470216520,6.47
832286002,832286009,40.32
832286009,832286002,40.32
832286009,6469162638,20.93
6469162638,832286009,20.93
6469162638,2195287987,4.65
2195287987,6469162638,4.65
2195287987,832285992,31.01
832285992,2195287987,31.01
832285992,6513335918,6.87
6513335918,832285992,6.87
6513335918,6470216551,13.32
6470216551,6513335918,13.32
6470216551,2621323843,23.52
2621323843,6470216551,23.52
2621323843,6513335900,3.05
6513335900,2621323843,3.05
6513335900,832286000,35.40
832286000,6513335900,35.40
832286000,6471529269,1.49
6471529269,832286000,1.49
6471529269,2621323848,5.16
2621323848,6471529269,5.16
2621323848,832286027,6.10
832286027,2621323848,6.10
832286027,2621323850,2.99
2621323850,832286027,2.99
2621323850,2621323851,2.19
2621323851,2621323850,2.19
2621323851,2621323852,2.44
2621323852,2621323851,2.44
2621323852,832285989,2.54
832285989,2621323852,2.54
832285989,832286018,30.31
832286018,832285989,30.31
832286018,832286004,6.18
832286004,832286018,6.18
832286008,6470216532,9.37
6470216532,832286008,9.37
6470216532,3193716071,29.04
3193716071,6470216532,29.04
3193716071,2621323859,29.40
2621323859,3193716071,29.40
2621323859,6471529270,5.38
6471529270,2621323859,5.38
6471529270,2621323858,3.40
2621323858,6471529270,3.40
2621323858,2621323857,8.31
2621323857,2621323858,8.31
2621323857,2621323856,8.85
2621323856,2621323857,8.85
2621323856,832286016,8.90
832286016,2621323856,8.90
832286016,2621323855,40.44
2621323855,832286016,40.44
2621323855,2621323854,5.86
2621323854,2621323855,5.86
2621323854,832286005,6.72
832286005,2621323854,6.72
832286005,832286004,75.67
832286004,832286005,75.67
832286004,2621323849,6.83
2621323849,832286004,6.83
2621323849,2621323847,8.52
2621323847,2621323849,8.52
2621323847,2621323846,9.66
2621323846,2621323847,9.66
2621323846,2621323845,10.46
2621323845,2621323846,10.46
2621323845,2621323844,9.96
2621323844,2621323845,9.96
2621323844,832285987,10.11
832285987,2621323844,10.11
832285987,2195288157,19.64
2195288157,832285987,19.64
2195288157,2195288113,62.28
2195288113,2195288157,62.28
2195288113,832286023,31.02
832286023,2195288113,31.02
832286023,2621323842,13.73
2621323842,832286023,13.73
2621323842,2621323841,13.57
2621323841,2621323842,13.57
2621323841,6513335929,6.75
6513335929,2621323841,6.75
6513335929,2621323840,7.36
2621323840,6513335929,7.36
2621323840,2195288003,13.96
2195288003,2621323840,13.96
2195288003,2195288150,20.18
2195288150,2195288003,20.18
2195288150,6170421202,131.42
6170421202,2195288150,131.42
6170421202,832286011,8.47
832286011,6170421202,8.47
1141096960,832285994,8.38
832285994,1141096960,8.38
832285994,2393573026,5.85
2393573026,832285994,5.85
2393573026,3809762385,2.46
3809762385,2393573026,2.46
3809762385,1097906948,25.63
1097906948,3809762385,25.63
1097906948,1097906792,55.85
1097906792,1097906948,55.85
1097906792,1097906563,53.21
1097906563,1097906792,53.21
1097906563,1097906708,47.44
1097906708,1097906563,47.44
1097906708,1097906671,25.75
1097906671,1097906708,25.75
1097906671,1097906642,46.49
1097906642,1097906671,46.49
1097906642,1097906717,26.23
1097906717,1097906642,26.23
1097906717,1097906906,24.56
1097906906,1097906717,24.56
1097906906,1097906620,20.39
1097906620,1097906906,20.39
1097906620,1097906702,5.59
1097906702,1097906620,5.59
1097906702,1097906753,4.16
1097906753,1097906702,4.16
1097906753,1097906881,48.12
1097906881,1097906753,48.12
1097906881,1097906561,8.63
1097906561,1097906881,8.63
1097906561,1192530086,36.91
1192530086,1097906561,36.91
1192530086,1192530035,39.11
1192530035,1192530086,39.11
1192530035,832285675,4.23
832285675,1192530035,4.23
823729851,1093469806,7.96
1093469806,823729851,7.96
1093469806,6276840205,7.50
6276840205,1093469806,7.50
6276840205,823729748,35.66
823729748,6276840205,35.66
823729748,1093883262,25.04
1093883262,823729748,25.04
1093883262,1093883409,14.69
1093883409,1093883262,14.69
1093883409,1093883196,7.52
1093883196,1093883409,7.52
1093883196,1093883377,7.36
1093883377,1093883196,7.36
1093883377,1093883369,53.40
1093883369,1093883377,53.40
1093883369,9141186769,24.28
9141186769,1093883369,24.28
9141186769,823729819,6.78
823729819,9141186769,6.78
1094130557,1094130510,37.70
1094130510,1094130557,37.70
1094130510,1094130464,47.42
1094130464,1094130510,47.42
1094130464,2397996022,41.77
2397996022,1094130464,41.77
2397996022,1094130472,6.60
1094130472,2397996022,6.60
1093883156,1094130557,20.15
1094130557,1093883156,20.15
1094130557,10160885588,28.20
10160885588,1094130557,28.20
10160885588,2153714735,3.92
2153714735,10160885588,3.92
2153714735,1094130518,7.30
1094130518,2153714735,7.30
1094130547,10160885586,36.29
10160885586,1094130547,36.29
10160885586,1093883145,4.61
1093883145,10160885586,4.61
1093883145,10160885587,5.83
10160885587,1093883145,5.83
10160885587,6276840211,31.70
6276840211,10160885587,31.70
6276840211,1094130474,7.63
1094130474,6276840211,7.63
660682397,1094160863,20.58
1094160863,660682397,20.58
1094160863,1094160923,31.30
1094160923,1094160863,31.30
1094160923,1609990553,16.17
1609990553,1094160923,16.17
1609990553,1609990548,12.89
1609990548,1609990553,12.89
1609990548,1094160876,20.82
1094160876,1609990548,20.82
1094160876,1094160933,26.22
1094160933,1094160876,26.22
475368720,6475813107,14.21
6475813107,475368720,14.21
6475813107,1141097220,10.74
1141097220,6475813107,10.74
1141097220,1094160872,4.83
1094160872,1141097220,4.83
1094160872,1094160943,5.26
1094160943,1094160872,5.26
1094160943,6475813106,6.18
6475813106,1094160943,6.18
6475813106,1094160928,6.62
1094160928,6475813106,6.62
1094160928,4963579554,30.21
4963579554,1094160928,30.21
4963579554,4963579553,22.03
4963579553,4963579554,22.03
1094160978,1094160840,13.44
1094160840,1094160978,13.44
1094160840,1094160989,38.14
1094160989,1094160840,38.14
1094160989,1094160889,12.54
1094160889,1094160989,12.54
475369198,1094160881,24.28
1094160881,475369198,24.28
1094160881,6170421229,29.91
6170421229,1094160881,29.91
6170421229,1094160940,5.47
1094160940,6170421229,5.47
475369348,475368468,22.28
475368468,475369348,22.28
1094160966,9141224130,22.91
9141224130,1094160966,22.91
9141224130,1306889047,19.73
1306889047,9141224130,19.73
1306889047,1094160970,30.65
1094160970,1306889047,30.65
1094160970,2611829963,12.45
2611829963,1094160970,12.45
2611829963,1731376169,17.91
1731376169,2611829963,17.91
1731376169,1306889178,25.11
1306889178,1731376169,25.11
1306889178,1306888957,27.07
1306888957,1306889178,27.07
1306888957,4506648510,20.33
4506648510,1306888957,20.33
4506648510,1094160892,43.73
1094160892,4506648510,43.73
1094160892,1094160973,34.89
1094160973,1094160892,34.89
1094262695,6170421193,4.57
6170421193,1094262695,4.57
6170421193,475368477,4.42
475368477,6170421193,4.42
475368477,1141097135,7.96
1141097135,475368477,7.96
1141097135,475368478,6.69
475368478,1141097135,6.69
475368478,475368479,41.56
475368479,475368478,41.56
475368479,475368480,14.65
475368480,475368479,14.65
475368480,475368481,126.90
475368481,475368480,126.90
475368481,475368482,40.21
475368482,475368481,40.21
1094262654,1094262735,33.79
1094262735,1094262654,33.79
1094262735,1094262788,33.32
1094262788,1094262735,33.32
1094262553,1094262742,30.75
1094262742,1094262553,30.75
1094262742,1094262853,30.79
1094262853,1094262742,30.79
1094262853,6475403609,26.21
6475403609,1094262853,26.21
6475403609,1094262702,10.81
1094262702,6475403609,10.81
1094262643,1094262735,50.80
1094262735,1094262643,50.80
1094262735,1094262742,67.86
1094262742,1094262735,67.86
1094262742,1094262604,43.70
1094262604,1094262742,43.70
1094262604,1094262650,17.50
1094262650,1094262604,17.50
1094262911,1094262593,29.44
1094262593,1094262911,29.44
1094262593,6497836299,14.92
6497836299,1094262593,14.92
6497836299,1094262785,14.16
1094262785,6497836299,14.16
1094262785,1094262872,33.80
1094262872,1094262785,33.80
1094262872,6475403613,18.09
6475403613,1094262872,18.09
6475403613,1094262890,4.98
1094262890,6475403613,4.98
1094262758,6497836301,30.85
6497836301,1094262758,30.85
6497836301,6497836300,4.16
6497836300,6497836301,4.16
6497836300,1094262763,35.33
1094262763,6497836300,35.33
1094262599,1094262763,7.46
1094262763,1094262599,7.46
1094262763,6475403611,21.33
6475403611,1094262763,21.33
6475403611,1094262872,52.64
1094262872,6475403611,52.64
1094262872,1094262848,29.86
1094262848,1094262872,29.86
1094262882,1094262911,68.33
1094262911,1094262882,68.33
1094262911,3193716070,70.75
3193716070,1094262911,70.75
3193716070,1094262758,7.30
1094262758,3193716070,7.30
1094262758,1094262782,7.94
1094262782,1094262758,7.94
1094262782,1094262553,64.26
1094262553,1094262782,64.26
1094262553,1094262654,69.86
1094262654,1094262553,69.86
1094262654,1094262559,51.28
1094262559,1094262654,51.28
1094262559,1094262643,35.70
1094262643,1094262559,35.70
1094262643,1094262845,33.35
1094262845,1094262643,33.35
1094262845,5894092162,48.57
5894092162,1094262845,48.57
5894092162,1094262788,2.60
1094262788,5894092162,2.60
1094262788,6475403608,24.52
6475403608,1094262788,24.52
6475403608,1094262839,9.12
1094262839,6475403608,9.12
1094262782,1094262650,33.60
1094262650,1094262782,33.60
1094262650,1094262599,34.24
1094262599,1094262650,34.24
1094262599,1094262569,14.27
1094262569,1094262599,14.27
1094262569,1094262707,6.45
1094262707,1094262569,6.45
1094262707,1094262853,37.73
1094262853,1094262707,37.73
1094262853,1094262793,29.28
1094262793,1094262853,29.28
1094262793,5894092163,32.35
5894092163,1094262793,32.35
5894092163,1094262788,3.41
1094262788,5894092163,3.41
475369351,1094262711,16.64
1094262711,475369351,16.64
1094262711,4511333931,23.99
4511333931,1094262711,23.99
4511333931,1094262897,2.22
1094262897,4511333931,2.22
1094262897,1094262698,36.66
1094262698,1094262897,36.66
1094262569,6475403610,24.52
6475403610,1094262569,24.52
6475403610,1094262748,7.82
1094262748,6475403610,7.82
832286017,1094351317,114.98
1094351317,832286017,114.98
1094351317,1097942154,30.25
1097942154,1094351317,30.25
1097942154,1094351500,114.69
1094351500,1097942154,114.69
1094351500,5923786365,105.02
5923786365,1094351500,105.02
5923786365,5922450062,5.70
5922450062,5923786365,5.70
5922450062,1094547453,6.73
1094547453,5922450062,6.73
1094547453,5923786362,4.88
5923786362,1094547453,4.88
1094678863,6170421246,6.07
6170421246,1094678523,47.79
1094678523,4506648474,1.30
4506648474,4511333924,2.69
4511333924,2611829953,29.88
2611829953,4506648475,16.97
4506648475,3937764166,2.42
3937764166,1094678285,29.13
1094678285,1094678313,25.44
1094678313,1094679125,17.34
1094679125,475369373,7.18
1094677984,10162039185,13.26
10162039185,1094677984,13.26
10162039185,7947394765,13.72
7947394765,10162039185,13.72
7947394765,1094679689,19.74
1094679689,7947394765,19.74
1094679689,7947394767,23.63
7947394767,1094679689,23.63
7947394767,1094678776,2.40
1094678776,7947394767,2.40
1094679759,1094678491,29.99
1094678491,1094679759,29.99
1094678491,1094678812,48.96
1094678812,1094678491,48.96
1094678812,9789460352,10.64
9789460352,1094678812,10.64
9789460352,1094678859,4.43
1094678859,9789460352,4.43
1094678103,1141032499,71.62
1141032499,1094678103,71.62
1141032499,1094678765,46.03
1094678765,1141032499,46.03
1094678765,2611839366,25.93
2611839366,1094678765,25.93
2611839366,2611839364,46.69
2611839364,2611839366,46.69
2611839364,2611839361,70.70
2611839361,2611839364,70.70
1094678319,4506648477,25.15
4506648477,1094678319,25.15
4506648477,7947394825,25.13
7947394825,4506648477,25.13
7947394825,1094679167,5.12
1094679167,7947394825,5.12
1094679167,1094679345,61.63
1094679345,1094679167,61.63
1094679345,2611839365,21.08
2611839365,1094679345,21.08
2611839365,1094679927,25.86
1094679927,2611839365,25.86
1094679927,1094678028,13.68
1094678028,1094679927,13.68
1094678028,1094678146,46.65
1094678146,1094678028,46.65
1094678553,1094679345,50.80
1094679345,1094678553,50.80
1094678407,9789522975,18.83
9789522975,1094678407,18.83
9789522975,1094678097,25.25
1094678097,9789522975,25.25
1094678097,1094678437,36.76
1094678437,1094678097,36.76
1094678437,1094678553,16.17
1094678553,1094678437,16.17
1094678553,1094678319,69.02
1094678319,1094678553,69.02
1094678319,1094679689,28.02
1094679689,1094678319,28.02
1094678428,9789522966,3.40
9789522966,1094678428,3.40
9789522966,1094678736,33.97
1094678736,9789522966,33.97
1094678736,1094678749,55.57
1094678749,1094678736,55.57
1094678749,1094678446,52.49
1094678446,1094678749,52.49
1094678446,1094678207,55.23
1094678207,1094678446,55.23
1094678207,1094679764,30.93
1094679764,1094678207,30.93
1094679764,1094678776,60.69
1094678776,1094679764,60.69
475369374,9789522977,6.06
9789522977,475369374,6.06
9789522977,9789522976,2.66
9789522976,9789522977,2.66
9789522976,1094679584,31.30
1094679584,9789522976,31.30
1094679584,1094679813,47.81
1094679813,1094679584,47.81
1094678446,1094677984,69.49
1094677984,1094678446,69.49
1094678097,1094678028,51.20
1094678028,1094678097,51.20
1097906563,8909005422,27.83
8909005422,1097906563,27.83
8909005422,1097906677,70.35
1097906677,8909005422,70.35
1097906677,1097906790,61.74
1097906790,1097906677,61.74
1097906790,1097906787,106.75
1097906787,1097906790,106.75
1097906787,1097906587,112.75
1097906587,1097906787,112.75
1097906587,1160435108,7.18
1160435108,1097906587,7.18
1097906948,1097906939,79.02
1097906939,1097906948,79.02
1097906939,1097906634,21.18
1097906634,1097906939,21.18
1097906634,1097906779,48.36
1097906779,1097906634,48.36
1097906779,1097906820,65.90
1097906820,1097906779,65.90
1097906677,1097906600,52.34
1097906600,1097906677,52.34
1097906600,8908983502,47.17
8908983502,1097906600,47.17
8908983502,1097906634,8.26
1097906634,8908983502,8.26
1097906634,2393573008,30.98
2393573008,1097906634,30.98
2393573008,158030532,4.79
158030532,2393573008,4.79
1160435104,1097906540,7.18
1097906540,1160435104,7.18
1097906540,1097906539,46.76
1097906539,1097906540,46.76
1097906539,1097906604,66.29
1097906604,1097906539,66.29
1097906604,1097906726,105.63
1097906726,1097906604,105.63
1097906726,1097906600,62.14
1097906600,1097906726,62.14
1097906600,1097906792,98.55
1097906792,1097906600,98.55
1097906790,1097906766,48.76
1097906766,1097906790,48.76
1097931942,1114992539,6.00
1114992539,1097931942,6.00
1114992539,3809762390,2.94
3809762390,1114992539,2.94
3809762390,6513149852,74.28
6513149852,3809762390,74.28
6513149852,1097931935,200.51
1097931935,6513149852,200.51
1097931935,1192530091,57.61
1192530091,1097931935,57.61
1192530091,1097906890,9.13
1097906890,1192530091,9.13
1094262804,2196826921,23.48
2196826921,1094262804,23.48
2196826921,2196826895,16.88
2196826895,2196826921,16.88
2196826895,2196827006,57.18
2196827006,2196826895,57.18
2196827006,1097942136,22.31
1097942136,2196827006,22.31
1097942136,5924022486,5.05
5924022486,1097942136,5.05
5924022486,1097942147,5.21
1097942147,5924022486,5.21
1097942147,4777901216,4.01
4777901216,1097942147,4.01
4777901216,1097942243,4.45
1097942243,4777901216,4.45
1097942243,5924022516,3.93
5924022516,1097942243,3.93
5924022516,2196826971,43.96
2196826971,5924022516,43.96
2196826971,5924022514,12.62
5924022514,2196826971,12.62
5924022514,1097942262,22.57
1097942262,5924022514,22.57
1097942262,2196827004,61.01
2196827004,1097942262,61.01
2196827004,1097942130,5.92
1097942130,2196827004,5.92
1097942130,2196826816,10.82
2196826816,1097942130,10.82
2196826816,2196827012,55.64
2196827012,2196826816,55.64
2196827012,1097942150,21.11
1097942150,2196827012,21.11
1097942150,3193716068,4.42
3193716068,1097942150,4.42
3193716068,1097942184,3.11
1097942184,3193716068,3.11
1097942184,1097942127,8.48
1097942127,1097942184,8.48
1097942127,832286010,25.58
832286010,1097942127,25.58
1097942166,1097942226,29.02
1097942226,1097942166,29.02
1097942226,8144401853,37.84
8144401853,1097942226,37.84
8144401853,1097942154,36.50
1097942154,8144401853,36.50
1097942133,1097942163,24.12
1097942163,1097942133,24.12
1097942163,3193716067,41.14
3193716067,1097942163,41.14
3193716067,1097942241,1.90
1097942241,3193716067,1.90
6470104607,3809762391,4.70
3809762391,1115011387,6.01
1115011365,3809762389,5.56
3809762389,1115011374,3.99
1115011374,1115011352,7.48
1115011352,1115011362,3.41
1115011362,1115011435,11.09
1115011435,1115011375,2.28
1115011375,1115011438,9.99
1115011438,6470104639,3.13
6470104639,1115011404,7.34
1115011404,6470104605,3.93
6470104605,6470104606,9.41
1140870669,9789522968,4.36
9789522968,1140870669,4.36
9789522968,2099138601,38.63
2099138601,9789522968,38.63
2099138601,1140870674,6.63
1140870674,2099138601,6.63
1140870674,2099138606,15.66
2099138606,1140870674,15.66
2099138606,11285246706,3.51
11285246706,2099138606,3.51
1140870674,1140870684,31.29
1140870684,1140870674,31.29
1140870684,1140870687,35.64
1140870687,1140870684,35.64
1140870687,1140870689,28.48
1140870689,1140870687,28.48
1094677984,7947394766,3.75
7947394766,1094677984,3.75
7947394766,1094678316,65.68
1094678316,7947394766,65.68
1094678316,1094679044,48.99
1094679044,1094678316,48.99
1141032495,1141032497,27.76
1141032497,1141032495,27.76
1141032497,1094679813,24.72
1094679813,1141032497,24.72
1141032495,1141032499,24.82
1141032499,1141032495,24.82
1141032499,2611839364,25.58
2611839364,1141032499,25.58
2611839364,1141032500,25.01
1141032500,2611839364,25.01
1141032504,1141032500,30.12
1141032500,1141032504,30.12
1141032500,1141032509,2.80
1141032509,1141032500,2.80
1141032509,1141032511,67.01
1141032511,1141032509,67.01
1141032509,1141032520,13.31
1141032520,1141032509,13.31
1141032520,2296669011,22.13
2296669011,1141032520,22.13
2296669011,2296669003,7.03
2296669003,2296669011,7.03
475369364,8040999100,6.55
8040999100,475369364,6.55
8040999100,2099138617,25.02
2099138617,8040999100,25.02
2099138617,475369372,12.08
475369372,2099138617,12.08
475369372,12669269640,2.69
12669269640,475369372,2.69
12669269640,5892004447,16.25
5892004447,12669269640,16.25
5892004447,2099138594,23.87
2099138594,5892004447,23.87
2099138594,1094679044,26.34
1094679044,2099138594,26.34
1094679044,1094678407,34.55
1094678407,1094679044,34.55
1094678407,4506648483,42.39
4506648483,1094678407,42.39
4506648483,9141249904,5.77
9141249904,4506648483,5.77
9141249904,1094678146,5.21
1094678146,9141249904,5.21
1094678146,9141249866,9.90
9141249866,1094678146,9.90
9141249866,9141249903,13.12
9141249903,9141249866,13.12
9141249903,2099138619,4.92
2099138619,9141249903,4.92
2099138619,475369373,5.98
475369373,2099138619,5.98
475369373,2099138588,4.75
2099138588,475369373,4.75
2099138588,9141249902,7.60
9141249902,2099138588,7.60
9141249902,9789522978,47.09
9789522978,9141249902,47.09
9789522978,475369374,3.32
475369374,9789522978,3.32
475369374,2099138610,1.45
2099138610,475369374,1.45
2099138610,1141032566,9.27
1141032566,2099138610,9.27
1141032566,1094678103,24.79
1094678103,1141032566,24.79
1094678103,2611839361,26.24
2611839361,1094678103,26.24
2611839361,4506648476,9.02
4506648476,2611839361,9.02
4506648476,1141032511,16.29
1141032511,4506648476,16.29
1141032511,1141032568,7.07
1141032568,1141032511,7.07
1141032568,475369375,5.33
475369375,1141032568,5.33
475369375,1141032572,7.24
1141032572,475369375,7.24
1141032572,1094678329,60.55
1094678329,1141032572,60.55
1094678329,12211262692,1.14
12211262692,1094678329,1.14
12211262692,2296669003,21.77
2296669003,12211262692,21.77
2296669003,6470216557,28.15
6470216557,2296669003,28.15
6470216557,832286012,8.75
832286012,6470216557,8.75
1141032566,1141032495,71.90
1141032495,1141032566,71.90
1141096954,1097942241,18.64
1097942241,1141096954,18.64
475368482,1141097015,11.22
1141097015,475368482,11.22
1141097015,1141097016,9.86
1141097016,1141097015,9.86
5923786368,5923347817,1.98
5923347817,5923786368,1.98
5923347817,5923786356,9.50
5923786356,5923347817,9.50
5923786356,5923786355,5.29
5923786355,5923786356,5.29
5923786355,5923347816,6.24
5923347816,5923786355,6.24
5923347816,4777901212,5.88
4777901212,5923347816,5.88
4777901212,4777901211,13.80
4777901211,4777901212,13.80
4777901211,5889398752,11.31
5889398752,4777901211,11.31
5889398752,4777901210,13.44
4777901210,5889398752,13.44
4777901210,4777901209,10.63
4777901209,4777901210,10.63
4777901209,5889406949,27.31
5889406949,4777901209,27.31
5889406949,5889406948,2.75
5889406948,5889406949,2.75
5889406948,5889406947,4.64
5889406947,5889406948,4.64
5889406947,5889398753,8.38
5889398753,5889406947,8.38
1141097015,5889398755,9.16
5889398755,1141097015,9.16
5889398755,1141097026,8.47
1141097026,5889398755,8.47
1141097026,5889398756,9.66
5889398756,1141097026,9.66
5889398756,1141097029,9.67
1141097029,5889398756,9.67
1141097029,1141097030,11.38
1141097030,1141097029,11.38
1141097030,2196826938,7.46
2196826938,1141097030,7.46
2196826938,1141097032,8.19
1141097032,2196826938,8.19
1141097032,5924022487,6.93
5924022487,1141097032,6.93
5924022487,5924022496,2.90
5924022496,5924022487,2.90
5924022496,1141097034,4.69
1141097034,5924022496,4.69
1141097034,5924022495,11.18
5924022495,1141097034,11.18
5924022495,1141097036,2.52
1141097036,5924022495,2.52
1141097036,1141096954,39.16
1141096954,1141097036,39.16
1141097086,1665978223,11.64
1665978223,475368483,42.96
475368483,1665978208,43.62
1665978208,475368465,8.25
475368465,4511333926,5.21
4511333926,1665978206,3.51
1665978206,4511333927,7.64
4511333927,475368463,7.22
475368463,1665978204,11.87
1665978204,475368462,13.60
475368462,1665978203,8.32
1665978203,475369363,13.60
475369363,475368461,11.62
475368461,475368460,40.76
1094262647,475369304,12.89
475369304,475369303,12.85
475369303,8908640697,15.90
8908640697,7947429976,17.76
7947429976,7947429975,9.25
7947429975,475369300,54.05
475369300,4506493858,22.77
4506493858,1094262661,3.25
1094262661,1665978200,12.31
1665978200,475368461,5.17
475369322,1141097133,48.65
1141097133,475369322,48.65
475368472,475368473,14.71
475368473,1665978231,15.61
1665978231,475369289,16.73
475369289,1665978230,16.17
1665978230,1094262647,51.49
1094262647,1141097086,49.38
366916349,9775094728,7.83
9775094728,2647466865,52.54
2647466865,2647466871,44.57
2647466871,475369338,3.68
475369338,475368452,108.78
475368452,8908602606,19.25
8908602606,475369331,27.66
475369331,475369333,40.68
475369333,6170421215,91.25
6170421215,366924640,8.45
6475813112,6170421204,8.36
6170421204,5923834630,2.51
5923834630,2296669022,12.67
2296669022,6475813139,2.35
6475813139,6475813136,6.44
475369233,475369227,38.63
475369227,475369233,38.63
475369227,6170450026,6.81
6170450026,475369227,6.81
6170450026,4963579553,13.84
4963579553,6170450026,13.84
4963579553,6475813112,10.78
6475813112,4963579553,10.78
6475813112,6475813126,5.20
6475813126,6475813112,5.20
6475813126,2296669006,7.45
2296669006,6475813126,7.45
2296669006,475368719,17.03
475368719,2296669006,17.03
475368719,475368720,25.22
475368720,475368719,25.22
475368720,2296669005,15.76
2296669005,475368720,15.76
2296669005,4511333916,9.94
4511333916,2296669005,9.94
4511333916,475368721,6.41
475368721,4511333916,6.41
475368721,4511333918,16.49
4511333918,475368721,16.49
4511333918,4511333920,33.13
4511333920,4511333918,33.13
4511333920,1094160940,4.78
1094160940,4511333920,4.78
1094160940,2611829968,24.77
2611829968,1094160940,24.77
2611829968,4511333922,25.00
4511333922,2611829968,25.00
4511333922,475368753,33.09
475368753,4511333922,33.09
475368753,6170450036,10.03
6170450036,475368753,10.03
6170450036,1094678863,15.81
1094678863,6170450036,15.81
1094678863,475368755,5.25
475368755,1094678863,5.25
475368755,4506648469,11.89
4506648469,475368755,11.89
4506648469,475369083,15.74
475369083,4506648469,15.74
475369083,4506648471,13.92
4506648471,475369083,13.92
4506648471,475368722,10.51
475368722,4506648471,10.51
475368722,6170450046,68.13
6170450046,475368722,68.13
6170450046,475369371,13.06
475369371,6170450046,13.06
1094160928,6170421224,5.35
6170421224,475368592,50.73
475368592,6475813105,20.86
6475813105,2296552629,13.20
2296552629,475369221,42.05
475369221,475368591,15.49
475368591,8908684470,3.10
8908684470,475369215,10.64
475369215,475369219,19.95
475369219,8908676208,30.81
8908676208,475368514,6.80
1094547212,2393573044,16.60
2393573044,1094547212,16.60
2393573044,5923786375,4.04
5923786375,2393573044,4.04
5923786375,1160435126,14.57
1160435126,5923786375,14.57
1160435126,472382739,30.67
472382739,1160435126,30.67
472382739,1160435104,25.89
1160435104,472382739,25.89
1160435104,1160435108,51.26
1160435108,1160435104,51.26
1160435108,472382736,4.98
472382736,1160435108,4.98
472382736,472382735,26.64
472382735,472382736,26.64
472382735,1160435111,14.09
1160435111,472382735,14.09
1160435111,6170421190,17.04
6170421190,1160435111,17.04
6170421190,472382900,5.33
472382900,6170421190,5.33
472382900,472382766,46.67
472382766,472382900,46.67
472382766,1160435141,28.06
1160435141,472382766,28.06
1160435141,1094547486,15.43
1094547486,1160435141,15.43
1094547486,1094607075,25.18
1094607075,1094547486,25.18
1094607075,6170421187,9.30
6170421187,1094607075,9.30
6170421187,1160435140,17.28
1160435140,6170421187,17.28
1160435140,1094546999,17.65
1094546999,1160435140,17.65
1094546999,1160435121,13.99
1160435121,1094546999,13.99
1160435121,1160435115,21.06
1160435115,1160435121,21.06
1160435115,6170418383,27.57
6170418383,1160435115,27.57
6170418383,1094547094,4.93
1094547094,6170418383,4.93
1094547094,1160435125,18.16
1160435125,1094547094,18.16
1160435125,1094547356,51.30
1094547356,1160435125,51.30
1094547356,6170418380,5.64
6170418380,1094547356,5.64
6170418380,1160435142,5.41
1160435142,6170418380,5.41
1160435142,472382672,25.85
472382672,1160435142,25.85
472382672,1160435107,33.65
1160435107,472382672,33.65
1160435107,472382674,6.93
472382674,1160435107,6.93
472382674,1188553824,8.91
1188553824,472382674,8.91
1188553824,472382679,32.53
472382679,1188553824,32.53
472382679,7933069536,11.05
7933069536,472382679,11.05
7933069536,7933069538,14.74
7933069538,7933069536,14.74
7933069538,6672740136,13.37
6672740136,7933069538,13.37
1094547405,2393573032,9.70
2393573032,5923786363,43.09
5923786363,5922450061,5.80
5922450061,1094547453,7.21
1094547453,5922450063,9.39
5922450063,1665978229,43.47
1665978229,3817871239,15.38
3817871239,1094547286,14.24
1094547286,1094547398,24.28
1094547398,1094262695,33.26
1094262695,366924771,14.85
1093469944,6276840084,5.70
6276840084,1093469944,5.70
6276840084,1177043043,14.24
1177043043,6276840084,14.24
1177043043,7951533967,16.08
7951533967,1177043043,16.08
1177043045,1177043046,7.88
1177043046,1177043045,7.88
1177043046,6276840082,7.25
6276840082,1177043046,7.25
6276840082,1177043048,7.54
1177043048,6276840082,7.54
1306889161,1306889069,37.64
1306889069,1306889161,37.64
1306889035,1306889068,15.46
1306889068,1306889035,15.46
1306889068,1306888927,4.02
1306888927,1306889068,4.02
1306888927,1306889040,13.55
1306889040,1306888927,13.55
1306889019,1306889158,47.66
1306889158,1306889019,47.66
1306889158,1306888969,6.91
1306888969,1306889158,6.91
1306888987,1306888979,4.03
1306888979,1306888987,4.03
1306888979,5263194873,21.92
5263194873,1306888979,21.92
5263194873,7951554986,20.89
7951554986,5263194873,20.89
7951554986,1306889104,63.31
1306889104,7951554986,63.31
1306889104,7951554988,19.63
7951554988,1306889104,19.63
7951554988,7951554991,2.02
7951554991,7951554988,2.02
7951554991,1306888974,27.54
1306888974,7951554991,27.54
1306888974,1306888904,1.54
1306888904,1306888974,1.54
1306888904,5892004474,35.48
5892004474,1306888904,35.48
5892004474,1306888995,1.92
1306888995,5892004474,1.92
12378260899,1306889009,30.45
1306889009,12378260899,30.45
1306889009,4506648502,79.73
4506648502,1306889009,79.73
4506648502,1306888943,22.07
1306888943,4506648502,22.07
1306889012,10155735146,5.25
10155735146,1306889012,5.25
10155735146,1306888920,18.92
1306888920,10155735146,18.92
1306888920,7951554738,42.08
7951554738,1306888920,42.08
7951554738,1306888981,16.42
1306888981,7951554738,16.42
1306889139,1306889176,10.16
1306889176,1306889139,10.16
1306889176,1306888976,28.36
1306888976,1306889176,28.36
1306888976,5892004363,29.43
5892004363,1306888976,29.43
5892004363,5892004364,10.39
5892004364,5892004363,10.39
5892004364,1306888981,11.42
1306888981,5892004364,11.42
1306888981,1306888938,15.04
1306888938,1306888981,15.04
1306888938,1306889031,35.25
1306889031,1306888938,35.25
1306889031,7951554633,20.50
7951554633,1306889031,20.50
7951554633,7951554699,11.86
7951554699,7951554633,11.86
7951554699,1306889035,26.52
1306889035,7951554699,26.52
1306889035,10155735165,18.78
10155735165,1306889035,18.78
10155735165,1306889092,4.99
1306889092,10155735165,4.99
1306888976,7951554811,47.86
7951554811,1306888976,47.86
7951554811,1306889093,36.52
1306889093,7951554811,36.52
1306888983,7951554893,2.95
7951554893,1306888983,2.95
7951554893,1306889099,13.34
1306889099,7951554893,13.34
1306889099,1306889063,41.63
1306889063,1306889099,41.63
1306888957,1306889070,47.10
1306889070,1306888957,47.10
1306889045,1306888910,17.72
1306888910,1306889045,17.72
1306888910,1306889023,59.40
1306889023,1306888910,59.40
1306889023,1306889176,50.54
1306889176,1306889023,50.54
1306889159,9789460351,4.02
9789460351,1306889159,4.02
9789460351,1306888985,21.53
1306888985,9789460351,21.53
1731376169,1731376141,46.35
1731376141,1731376169,46.35
1731376141,9141224202,2.31
9141224202,1731376141,2.31
9141224202,1306888965,11.76
1306888965,9141224202,11.76
1306888965,2611829960,9.98
2611829960,1306888965,9.98
2611829960,4506648494,19.76
4506648494,2611829960,19.76
4506648494,1306889070,6.42
1306889070,4506648494,6.42
1306889070,4506648497,27.62
4506648497,1306889070,27.62
4506648497,1306889081,73.19
1306889081,4506648497,73.19
1306888921,1306889058,34.19
1306889058,1306888921,34.19
1306889058,2954043203,2.08
2954043203,1306889058,2.08
2954043203,1306888902,10.13
1306888902,2954043203,10.13
1306888902,1306888946,18.27
1306888946,1306888902,18.27
1306888946,1306888905,24.23
1306888905,1306888946,24.23
1306888905,1306889072,21.13
1306889072,1306888905,21.13
1306889072,1306888989,15.16
1306888989,1306889072,15.16
1306888989,1306889044,26.83
1306889044,1306888989,26.83
1306889174,10155735134,4.38
10155735134,1306889174,4.38
10155735134,10170286617,11.31
10170286617,10155735134,11.31
10170286617,10170286621,39.48
10170286621,10170286617,39.48
10170286621,1306888995,17.87
1306888995,10170286621,17.87
1306889025,2611829950,59.82
2611829950,1306889025,59.82
2611829950,4506648505,12.56
4506648505,2611829950,12.56
4506648505,1306889178,37.41
1306889178,4506648505,37.41
1306889178,2611829960,46.55
2611829960,1306889178,46.55
9141279328,9954012391,2.71
9954012391,9141279328,2.71
9954012391,9141279329,0.69
9141279329,9954012391,0.69
9141279329,1306889111,27.34
1306889111,9141279329,27.34
1306889111,2611829964,27.43
2611829964,1306889111,27.43
2611829964,2611829951,21.42
2611829951,2611829964,21.42
2611829951,1306888963,36.66
1306888963,2611829951,36.66
1306888963,1306889009,91.00
1306889009,1306888963,91.00
1306889112,1306889015,45.06
1306889015,1306889112,45.06
1306889015,1306888964,79.88
1306888964,1306889015,79.88
1306888964,1306889025,2.49
1306889025,1306888964,2.49
1306889025,1731376219,19.54
1731376219,1306889025,19.54
1731376219,1306889079,11.22
1306889079,1731376219,11.22
1306889079,1306888935,15.06
1306888935,1306889079,15.06
1306888935,1306889007,4.26
1306889007,1306888935,4.26
1306889007,1306889143,15.75
1306889143,1306889007,15.75
1306889143,1306888984,25.29
1306888984,1306889143,25.29
1306888984,1306889100,14.18
1306889100,1306888984,14.18
1306889100,1306888952,13.95
1306888952,1306889100,13.95
1306888952,1306889064,27.65
1306889064,1306888952,27.65
1306889064,1306888958,13.62
1306888958,1306889064,13.62
1306888958,1306889073,2.25
1306889073,1306888958,2.25
1306889073,1306888930,12.96
1306888930,1306889073,12.96
1306888930,1306889047,12.32
1306889047,1306888930,12.32
1306889102,1306888943,30.35
1306888943,1306889102,30.35
1306888943,1306888900,16.71
1306888900,1306888943,16.71
1306888900,1306889014,42.80
1306889014,1306888900,42.80
1306889014,1306889158,14.43
1306889158,1306889014,14.43
1306889052,1306888983,40.43
1306888983,1306889052,40.43
1306888983,1306888914,8.38
1306888914,1306888983,8.38
1306888914,1306889028,16.67
1306889028,1306888914,16.67
1306889028,1306888896,13.02
1306888896,1306889028,13.02
9607777889,2397996043,9.34
2397996043,1306889109,35.24
1306889109,1609990546,25.17
1609990546,2611829965,26.86
2611829965,1094160966,45.06
1094160966,1094160933,13.00
1094160933,4506648493,21.61
4506648493,4506648491,22.41
4506648491,1306888934,16.07
1306888934,4506648489,17.16
4506648489,1306889051,13.00
1306889051,2296552636,16.89
2296552636,1306889045,35.71
1306889045,1306888982,27.68
1306888982,7951554478,3.56
7951554478,1306889027,32.06
1306889027,7951554353,2.54
7951554353,7951554349,15.69
7951554349,7951554408,12.67
7951554408,1306888894,6.10
1306888894,1306889038,8.90
1306889038,7951554288,14.72
7951554288,9141236624,11.70
9141236624,7951533984,23.55
7951533984,1140870742,50.82
1140870742,7951554472,4.60
7951554472,823729878,6.33
1306888922,4506648485,27.39
4506648485,10155735137,33.02
10155735137,1306889036,5.34
1306888902,1306889015,75.32
1306889015,1306888902,75.32
1306888938,1306889055,28.83
1306889055,1306888938,28.83
1306889055,1306888917,34.97
1306888917,1306889055,34.97
1306888917,1306889031,20.47
1306889031,1306888917,20.47
1306889038,7951554285,51.30
7951554285,1306889038,51.30
7951554285,1306888906,17.10
1306888906,7951554285,17.10
1306888906,7951554347,21.91
7951554347,1306888906,21.91
1306889108,1306888961,90.87
1306888961,1306889108,90.87
1306888961,1306889077,53.78
1306889077,1306888961,53.78
1306888982,9141122390,16.13
9141122390,1306888982,16.13
9141122390,9141122391,31.77
9141122391,9141122390,31.77
9141122391,1306889098,11.52
1306889098,9141122391,11.52
1306889098,1306888950,10.10
1306888950,1306889098,10.10
1306888950,1177043048,32.99
1177043048,1306888950,32.99
1306888974,7951554992,2.09
7951554992,1306888974,2.09
7951554992,1306889090,38.86
1306889090,7951554992,38.86
1306889090,9789522964,25.37
9789522964,1306889090,25.37
9789522964,9789522965,5.27
9789522965,9789522964,5.27
9789522965,10155735132,38.10
10155735132,9789522965,38.10
10155735132,1306888944,4.24
1306888944,10155735132,4.24
12378260898,1306888940,40.19
1306888940,12378260898,40.19
1306888940,9141268458,4.41
9141268458,1306888940,4.41
9141268458,10155662309,19.89
10155662309,9141268458,19.89
10155662309,9141279455,57.62
9141279455,10155662309,57.62
9141279455,9689248804,0.66
9689248804,9141279455,0.66
9689248804,475368723,6.55
475368723,9689248804,6.55
1580403516,12850764696,5.86
12850764696,1580403516,5.86
12850764696,9839333477,86.18
9839333477,12850764696,86.18
9839333477,1580403606,86.51
1580403606,9839333477,86.51
1580403606,9846963036,11.19
9846963036,1580403606,11.19
9846963036,1580403686,151.01
1580403686,9846963036,151.01
1580403686,9846963016,145.01
9846963016,1580403686,145.01
9846963016,1580403727,8.92
1580403727,9846963016,8.92
1580403727,9846962930,8.21
9846962930,1580403727,8.21
9846962930,1580403768,46.28
1580403768,9846962930,46.28
1580403768,1580403772,7.30
1580403772,1580403768,7.30
1580403772,1580403789,4.97
1580403789,1580403772,4.97
1580403789,1580403795,3.85
1580403795,1580403789,3.85
1580403795,1580403799,1.72
1580403799,1580403795,1.72
1580403799,1580404040,66.06
1580404040,1580403799,66.06
1580404040,1580404079,12.32
1580404079,1580404040,12.32
1580404079,1580404091,6.04
1580404091,1580404079,6.04
1580404091,1580404104,4.93
1580404104,1580404091,4.93
1580404104,1580404106,3.95
1580404106,1580404104,3.95
1580404106,1580404107,5.65
1580404107,1580404106,5.65
1580404107,1580404109,43.03
1580404109,1580404107,43.03
1580404109,6242974734,9.86
6242974734,1580404109,9.86
6242974734,1806870860,6.50
1806870860,6242974734,6.50
1580403885,9846962939,169.63
9846962939,1580403885,169.63
9846962939,9846962944,24.94
9846962944,9846962939,24.94
9846962944,9846962956,47.86
9846962956,9846962944,47.86
9846962956,1580404040,4.80
1580404040,9846962956,4.80
467036742,2398005892,39.10
2398005892,467036742,39.10
2398005892,475110161,4.91
475110161,2398005892,4.91
475110161,8311646344,32.54
8311646344,475110161,32.54
1665978171,4716623590,4.63
4716623590,7084892421,36.30
7084892421,472446988,2.09
472360354,2401069490,8.04
2401069490,475368993,17.09
475368993,5281534522,77.29
5281534522,7966600495,3.28
7966600495,475368988,1.38
475368988,7966600498,17.70
7966600498,4716623469,52.03
4716623469,366906332,6.42
475368494,475368492,6.12
475368492,475368494,6.12
475368492,1094262566,22.45
1094262566,475368492,22.45
475368454,9775094737,7.41
9775094737,475368454,7.41
9775094737,2647466863,48.31
2647466863,9775094737,48.31
2647466863,2647466867,46.01
2647466867,2647466863,46.01
2647466867,475368456,111.04
475368456,2647466867,111.04
475368456,475368452,53.05
475368452,475368456,53.05
472446995,472447249,40.00
472447249,4717672402,132.05
4717672402,1664033768,8.09
1664033820,4717672397,78.87
4717672397,1664033820,78.87
4717672397,1664033740,9.20
1664033740,4717672397,9.20
1664033840,2398005874,3.65
2398005874,1664033840,3.65
2398005874,467036742,5.15
467036742,2398005874,5.15
1664033820,1664033823,43.09
1664033823,1664033820,43.09
1665929844,1665929830,12.74
1665929830,1665929844,12.74
1665929830,475368853,9.22
475368853,1665929830,9.22
475368853,475368852,2.20
475368852,475368853,2.20
475368852,475368961,11.79
475368961,475368852,11.79
475368961,475368966,11.17
475368966,475368961,11.17
475368966,475368964,11.48
475368964,475368966,11.48
475368964,475368969,11.63
475368969,475368964,11.63
475368969,475368971,11.03
475368971,475368969,11.03
475368971,475368809,14.59
475368809,475368971,14.59
475368909,6349852271,50.19
6349852271,475368909,50.19
6349852271,733235038,7.76
733235038,6349852271,7.76
733235038,7942739518,7.16
7942739518,733235038,7.16
7942739518,7942739519,6.67
7942739519,7942739518,6.67
7942739519,7942739510,90.48
7942739510,7942739519,90.48
7942739510,7942739509,32.45
7942739509,7942739510,32.45
7942739509,7942739508,4.67
7942739508,7942739509,4.67
7942739508,1665929710,3.76
1665929710,7942739508,3.76
1665929710,7942739603,34.36
7942739603,1665929710,34.36
7942739603,7942739600,19.99
7942739600,7942739603,19.99
7942739600,7942739601,4.63
7942739601,7942739600,4.63
7942739601,7942739604,11.43
7942739604,7942739601,11.43
7942739604,7942739599,45.97
7942739599,7942739604,45.97
1665929830,1665929811,48.81
1665929811,1665929830,48.81
475368947,475368948,24.72
475368948,475368947,24.72
6349859807,1665929806,4.10
1665929806,6349859807,4.10
1665929806,7942739502,32.49
7942739502,1665929806,32.49
7942739514,475368857,22.39
475368857,7942739514,22.39
475368915,1665929827,6.33
1665929827,475368915,6.33
1665929885,1665929878,28.88
1665929878,1665929885,28.88
475368891,7942739529,39.75
7942739529,475368891,39.75
1665929860,1665929863,18.62
1665929863,1665929860,18.62
1665929863,2296552642,4.77
2296552642,1665929863,4.77
2296552642,2296552641,13.54
2296552641,2296552642,13.54
1665929773,1665929768,56.20
1665929768,1665929773,56.20
1665929762,1665929763,22.80
1665929763,1665929762,22.80
1665929764,1665929761,63.79
1665929761,1665929764,63.79
7084892426,475368841,40.64
475368841,7084892426,40.64
1665929904,1665929908,45.94
1665929908,1665929904,45.94
733235043,9775081807,9.96
9775081807,733235043,9.96
9775081807,9775232301,6.89
9775232301,9775081807,6.89
9775232301,1665929889,2.55
1665929889,9775232301,2.55
1665929741,1665929738,18.19
1665929738,1665929741,18.19
8311646349,7987251103,26.16
1665929787,1665929799,36.52
1665929799,1665929787,36.52
1665929844,1665929851,23.40
1665929851,1665929844,23.40
475369006,2397996047,100.87
2397996047,475369006,100.87
2397996047,475368556,6.70
475368556,2397996047,6.70
7942739531,1665929729,32.20
1665929729,7942739531,32.20
7942739602,1665929712,6.44
1665929712,7942739602,6.44
1665929712,7942739603,39.16
7942739603,1665929712,39.16
1665929766,6242974739,6.86
6242974739,2398005916,8.42
2398005916,1665929769,4.02
475368614,7942739610,6.27
7942739610,475368614,6.27
7942739610,7942739501,20.37
7942739501,7942739610,20.37
7942739501,7942739505,32.83
7942739505,7942739501,32.83
7942739505,7942739506,33.76
7942739506,7942739505,33.76
7942739506,475368855,19.17
475368855,7942739506,19.17
475368855,7942739609,4.34
7942739609,475368855,4.34
7942739609,1665929748,6.05
1665929748,7942739609,6.05
1665929748,7942739533,20.07
7942739533,1665929748,20.07
7942739533,7942739532,11.30
7942739532,7942739533,11.30
7942739532,7942739531,10.33
7942739531,7942739532,10.33
7942739531,7942739530,24.97
7942739530,7942739531,24.97
1665929849,1665929858,24.07
1665929858,1665929849,24.07
1665929858,1665929861,9.28
1665929861,1665929858,9.28
1665929730,1665929732,47.83
1665929732,1665929730,47.83
1665929763,1665929765,13.16
1665929765,1665929763,13.16
1665929765,1665929771,13.13
1665929771,1665929765,13.13
475368857,1665929701,19.67
1665929701,475368857,19.67
1665929701,475368858,12.05
475368858,1665929701,12.05
1665929748,1665929783,70.72
1665929783,1665929748,70.72
1665929783,7942739507,23.99
7942739507,1665929783,23.99
1665929744,1665929754,51.04
1665929754,1665929744,51.04
1665929754,1665929756,19.94
1665929756,1665929754,19.94
1665929710,475368894,21.57
475368894,1665929710,21.57
475368894,475368891,25.12
475368891,475368894,25.12
3079253617,2401040293,6.07
2401040293,3079253617,6.07
2401040293,1665929702,11.32
1665929702,2401040293,11.32
1665929702,6349857785,35.63
6349857785,1665929702,35.63
6349857785,1665929713,8.88
1665929713,6349857785,8.88
475368946,1665929746,7.83
1665929746,475368946,7.83
1665929746,475368947,9.33
475368947,1665929746,9.33
475369000,8473950311,2.54
8473950311,475369000,2.54
8473950311,1665929884,19.35
1665929884,8473950311,19.35
1665929884,8473950310,6.81
8473950310,1665929884,6.81
8473950310,475368554,2.55
475368554,8473950310,2.55
1665929897,475369008,11.84
475369008,1665929897,11.84
475369008,475369007,27.56
475369007,475369008,27.56
475369021,475369022,41.80
475369022,475369021,41.80
475369022,475369023,26.04
475369023,475369022,26.04
1665929827,475368914,27.53
475368914,1665929827,27.53
475368914,475368913,4.09
475368913,475368914,4.09
475368913,1665929792,32.97
1665929792,475368913,32.97
6743338246,6743338247,4.61
6743338247,6743338246,4.61
6743338247,9775221788,8.94
9775221788,6743338247,8.94
9775221788,9775221792,4.92
9775221792,9775221788,4.92
9775221792,4163305889,0.43
4163305889,9775221792,0.43
4163305889,9772601702,5.47
9772601702,4163305889,5.47
9772601702,9228817079,7.12
9228817079,9772601702,7.12
9228817079,6743338265,9.24
6743338265,9228817079,9.24
6743338265,6743338223,6.00
6743338223,6743338265,6.00
6743338223,9775221791,1.73
9775221791,6743338223,1.73
9775221791,4163305890,1.72
4163305890,9775221791,1.72
4163305890,1665929925,45.37
1665929925,4163305890,45.37
1665929925,9772601711,23.77
9772601711,1665929925,23.77
9772601711,9772601712,4.35
9772601712,9772601711,4.35
9772601712,1665929923,6.54
1665929923,9772601712,6.54
1665929884,1665929887,19.88
1665929887,1665929884,19.88
1665929887,1665929892,11.41
1665929892,1665929887,11.41
1665929892,1665929895,16.91
1665929895,1665929892,16.91
1665929895,475369012,64.07
475369012,1665929895,64.07
1665929845,1665929852,14.08
1665929852,1665929845,14.08
1665929852,1665929860,15.87
1665929860,1665929852,15.87
1665929860,7276388933,18.73
7276388933,1665929860,18.73
7276388933,475368998,2.03
475368998,7276388933,2.03
1665929968,6743338233,8.15
6743338233,1665929968,8.15
6743338233,475369045,18.78
475369045,6743338233,18.78
475369045,475368522,30.87
475368522,475369045,30.87
475368522,475369059,35.95
475369059,475368522,35.95
475369059,475369065,26.04
475369065,475369059,26.04
475369065,475368515,19.35
475368515,475369065,19.35
475110362,1665929904,16.96
1665929904,475110362,16.96
1665929904,1665929911,19.65
1665929911,1665929904,19.65
1665929911,1665929921,45.66
1665929921,1665929911,45.66
1665929921,1665929908,20.25
1665929908,1665929921,20.25
1665929908,475110359,19.92
475110359,1665929908,19.92
475368545,1665929871,13.35
1665929871,475368545,13.35
1665929871,1665929868,18.99
1665929868,1665929871,18.99
1665929868,1665929865,13.87
1665929865,1665929868,13.87
1665929865,1665929872,25.50
1665929872,1665929865,25.50
1665929872,475368550,25.37
475368550,1665929872,25.37
1665929702,1665929698,91.66
1665929698,1665929702,91.66
1665929698,475368858,28.12
475368858,1665929698,28.12
475368858,1665929691,17.00
1665929691,475368858,17.00
1665929691,1665929685,45.48
1665929685,1665929691,45.48
1665929685,10605469628,37.73
10605469628,1665929685,37.73
10605469628,1665929677,6.61
1665929677,10605469628,6.61
1665929674,2401040268,4.78
2401040268,1665929674,4.78
2401040268,1665929677,3.86
1665929677,2401040268,3.86
1665929677,10605469627,2.87
10605469627,1665929677,2.87
10605469627,1665929689,28.52
1665929689,10605469627,28.52
1665929689,1665929692,21.05
1665929692,1665929689,21.05
1665929692,475368889,49.99
475368889,1665929692,49.99
475368889,7942739515,37.63
7942739515,475368889,37.63
7942739611,1665929807,9.53
1665929807,7942739611,9.53
1665929807,1665929809,30.99
1665929809,1665929807,30.99
1665929809,1665929806,28.33
1665929806,1665929809,28.33
1665929850,475368920,21.90
475368920,1665929850,21.90
475368920,1665929817,29.74
1665929817,475368920,29.74
1665929817,475368921,23.87
475368921,1665929817,23.87
475368921,475368922,29.27
475368922,475368921,29.27
475368922,475368923,16.09
475368923,475368922,16.09
475368923,475368924,23.71
475368924,475368923,23.71
1665929898,4506493850,31.16
4506493850,1665929898,31.16
4506493850,4506493847,10.69
4506493847,4506493850,10.69
4506493847,4506493848,13.97
4506493848,4506493847,13.97
4506493848,475368805,15.65
475368805,4506493848,15.65
475368805,4506493839,41.12
4506493839,475368805,41.12
4506493839,475368806,52.70
475368806,4506493839,52.70
475368806,475368979,14.38
475368979,475368806,14.38
475368979,7942739464,32.11
7942739464,475368979,32.11
7942739464,475368807,15.89
475368807,7942739464,15.89
475368807,1665929849,12.55
1665929849,475368807,12.55
1665929849,475368808,13.17
475368808,1665929849,13.17
475368808,1665929844,1.21
1665929844,475368808,1.21
475369312,1665978216,25.82
1665978216,475369312,25.82
1665978216,1094262837,63.87
1094262837,1665978216,63.87
1094262837,1665978205,3.34
1665978205,1094262837,3.34
1665978205,475369314,25.37
475369314,1665978205,25.37
475369314,475369315,48.37
475369315,475369314,48.37
475369315,1665978198,18.47
1665978198,475369315,18.47
1665978198,4506493829,6.96
4506493829,1665978198,6.96
472447035,475368794,40.72
475368794,472447035,40.72
475368794,1664033850,88.73
1664033850,475368794,88.73
1664033850,472446989,12.71
472446989,1664033850,12.71
472446989,1664033844,24.04
1664033844,472446989,24.04
1664033844,1664033836,50.88
1664033836,1664033844,50.88
1664033836,1664033823,22.17
1664033823,1664033836,22.17
1664033823,10605447502,75.57
10605447502,1664033823,75.57
10605447502,4717672328,9.41
4717672328,10605447502,9.41
4717672328,1664033735,8.62
1664033735,4717672328,8.62
1141097086,5922450065,6.03
5922450065,1665978227,7.67
475368989,1665978178,28.07
1665978178,475368989,28.07
472446993,4716623587,39.94
4716623587,472446991,3.11
1665978224,1665978222,14.13
1665978222,1665978224,14.13
475369292,7947430068,14.55
7947430068,475369292,14.55
7947430068,475369308,35.89
475369308,7947430068,35.89
475369308,7947429979,37.76
7947429979,475369308,37.76
7947429979,475368444,21.43
475368444,7947429979,21.43
1665978232,475369311,42.34
475369311,1665978232,42.34
475369311,1665978221,34.25
1665978221,475369311,34.25
1665978230,1665978225,15.03
1665978225,1665978230,15.03
1665978225,8908640874,13.27
8908640874,1665978225,13.27
8908640874,475369302,1.40
475369302,8908640874,1.40
475369302,1665978213,42.69
1665978213,475369302,42.69
1666084424,2401069453,11.37
2401069453,4384718914,122.54
4384718914,1665978181,5.09
475369302,1665978222,10.02
1665978222,475369302,10.02
1665978222,475369307,6.81
475369307,1665978222,6.81
475369307,475369303,33.72
475369303,475369307,33.72
1093489455,1094160919,20.21
1094160919,1093489455,20.21
1094160919,1094160866,11.13
1094160866,1094160919,11.13
1094160866,475369352,10.82
475369352,1094160866,10.82
475369352,475369351,12.99
475369351,475369352,12.99
1665978194,1093489447,14.34
1093489447,1665978194,14.34
1093489447,1665978195,34.19
1665978195,1093489447,34.19
1665978195,475369353,7.19
475369353,1665978195,7.19
475369353,1093489455,6.94
1093489455,475369353,6.94
475368441,4506493853,26.74
4506493853,475368441,26.74
4506493853,475368444,23.51
475368444,4506493853,23.51
475368444,4506493855,6.28
4506493855,475368444,6.28
4506493855,475368445,11.54
475368445,4506493855,11.54
475368445,2606035867,6.74
2606035867,475368445,6.74
2606035867,1665978191,7.26
1665978191,2606035867,7.26
1665978191,475368447,15.68
475368447,1665978191,15.68
475368460,475369309,14.43
475369309,475368460,14.43
475369309,475368459,23.11
475368459,475369309,23.11
475368459,8908640217,27.89
8908640217,475368459,27.89
8908640217,475368457,1.95
475368457,8908640217,1.95
475368457,475368441,9.40
475368441,475368457,9.40
475369351,475369348,16.00
475369348,475369351,16.00
475369348,475369349,30.67
475369349,475369348,30.67
475369349,475369356,10.13
475369356,475369349,10.13
475369356,475369360,14.92
475369360,475369356,14.92
475369360,475369350,21.58
475369350,475369360,21.58
475369350,475369347,32.17
475369347,475369350,32.17
475369347,1665978190,13.43
1665978190,475369347,13.43
1665978190,475368447,11.08
475368447,1665978190,11.08
475368781,475368780,62.48
475368780,475368781,62.48
475368780,1813860839,3.53
1813860839,475368780,3.53
1813860839,475368779,9.80
475368779,1813860839,9.80
475368779,475368777,27.86
475368777,475368779,27.86
475368777,475368790,4.01
475368790,475368777,4.01
475368790,475368775,37.32
475368775,475368790,37.32
475368775,472447035,39.56
472447035,475368775,39.56
472446995,472447268,58.58
472447268,472447027,28.26
472447027,472447260,23.04
472447260,4716623594,46.42
4716623594,6147302109,5.54
6147302109,366906334,5.71
1666084547,2393573005,12.91
2393573005,1666084433,64.88
1666084433,1666084431,44.39
1666084431,1666084427,17.55
1666084427,4716623463,13.51
4716623463,1666084426,22.21
1666084426,2401069471,49.82
2401069471,1666084424,10.59
1666084424,2401069446,9.11
2401069446,1666084423,12.68
1666084423,2606035841,95.05
2606035841,12666510295,16.18
12666510295,1667171635,66.16
4716623451,1667171631,12.98
1667171635,1666084428,9.80
1666084428,1666084429,16.35
1666084429,1666084430,23.22
1666084430,12666510289,6.94
12666510289,2856079123,6.44
2856079123,12666510290,3.75
12666510290,1093489453,3.41
1667171631,2401069422,113.67
2401069422,472360354,10.38
472360354,2401069469,8.84
2401069469,1666084403,53.80
1666084403,3817880921,29.59
3817880921,475369287,15.62
475369287,472382928,108.54
472382928,2393573004,4.90
2393573004,1093685828,12.59
1724079537,1724079495,7.31
1724079495,1724079537,7.31
1724079495,1724079248,20.65
1724079248,1724079495,20.65
1724079248,1724079104,18.59
1724079104,1724079248,18.59
1724079104,1724079092,17.77
1724079092,1724079104,17.77
1724079092,1724079090,1.08
1724079090,1724079092,1.08
1724079090,4987355242,1.55
4987355242,1724079090,1.55
4987355242,1724079086,3.54
1724079086,4987355242,3.54
1724079086,6270573454,23.98
6270573454,1724079086,23.98
6270573454,1724079098,1.63
1724079098,6270573454,1.63
1724079098,1724079107,5.09
1724079107,1724079098,5.09
1724079107,1724079117,3.38
1724079117,1724079107,3.38
1724079117,6270573453,1.82
6270573453,1724079117,1.82
6270573453,1724079274,6.65
1724079274,6270573453,6.65
1724079274,4987355243,7.47
4987355243,1724079274,7.47
4987355243,1724079402,7.30
1724079402,4987355243,7.30
1724079402,1724079587,21.15
1724079587,1724079402,21.15
1724079587,4987355244,2.03
4987355244,1724079587,2.03
4987355244,6349857786,0.66
6349857786,4987355244,0.66
6349857786,1724079537,2.29
1724079537,6349857786,2.29
1731376219,1731376149,14.88
1731376149,1731376219,14.88
1731376149,1731376127,23.10
1731376127,1731376149,23.10
1731376127,1731376183,14.09
1731376183,1731376127,14.09
1806870869,2398005887,13.64
2398005887,252053570,8.64
252053570,1806870847,32.75
1806870847,1665929766,63.81
1665929766,11916075608,18.27
475110096,1580403508,109.56
1806870837,1806870802,109.84
473169510,1806870810,5.00
1806870810,473169510,5.00
1806870810,6242687058,31.50
6242687058,1806870810,31.50
475110340,2398005895,20.47
2398005895,475110332,7.44
1806870809,1806870816,11.71
1806870816,1806870818,6.52
1806870818,3835255684,9.29
3835255684,6270573432,7.86
6270573432,11085659519,3.37
11085659519,1806870822,5.29
475110156,1665929723,19.60
1665929723,475110156,19.60
1665929723,475110157,21.69
475110157,1665929723,21.69
475110157,12951485468,39.54
12951485468,475110157,39.54
12951485468,2401040260,9.45
2401040260,12951485468,9.45
2401040260,475110161,22.95
475110161,2401040260,22.95
1626843220,1806870752,6.18
1806870752,5940178902,6.58
5940178902,5940178929,156.48
5940178929,5940178950,8.52
5940178950,5940180231,16.15
5940180231,6270573436,26.43
6270573436,5940178906,5.88
1813860839,1813860906,5.11
1813860906,1813860839,5.11
1813860906,1813861279,26.24
1813861279,1813860906,26.24
2195288150,2195287989,30.88
2195287989,2195288150,30.88
2195287989,8144383862,16.98
8144383862,2195287989,16.98
8144383862,2195288019,32.67
2195288019,8144383862,32.67
2195288019,2195288114,36.09
2195288114,2195288019,36.09
2195288114,2195288119,3.12
2195288119,2195288114,3.12
2195288119,2195288106,4.79
2195288106,2195288119,4.79
2195288106,2196827024,21.81
2196827024,2195288106,21.81
2196827024,2195288144,26.57
2195288144,2196827024,26.57
2195288144,2195288035,11.94
2195288035,2195288144,11.94
2195288035,2195287991,13.60
2195287991,2195288035,13.60
2195287991,6475403603,43.36
6475403603,2195287991,43.36
6475403603,2195288084,21.56
2195288084,6475403603,21.56
2195288084,2195288108,96.01
2195288108,2195288084,96.01
2195288108,2195288040,16.30
2195288040,2195288108,16.30
2195288040,2195288115,4.43
2195288115,2195288040,4.43
2195288115,2195288157,18.18
2195288157,2195288115,18.18
2195287991,2195288113,116.91
2195288113,2195287991,116.91
2195288019,2195288112,26.33
2195288112,2195288019,26.33
2195288112,2195288080,25.44
2195288080,2195288112,25.44
2195288080,2195288141,16.37
2195288141,2195288080,16.37
2195288141,2195288028,22.04
2195288028,2195288141,22.04
2196826938,5924035202,17.14
5924035202,2196826938,17.14
5924035202,2196826810,27.38
2196826810,5924035202,27.38
2196826810,13091841089,25.86
13091841089,2196826810,25.86
13091841089,5924022513,28.79
5924022513,13091841089,28.79
5924022513,2196826853,16.71
2196826853,5924022513,16.71
2196826853,5889381879,18.38
5889381879,2196826853,18.38
5889381879,5889384706,3.47
5889384706,5889381879,3.47
5889384706,5889384705,21.64
5889384705,5889384706,21.64
5889384705,2196826890,16.82
2196826890,5889384705,16.82
2196826890,2196826946,10.19
2196826946,2196826890,10.19
2196826946,2196826960,10.03
2196826960,2196826946,10.03
2196826960,4777901327,5.63
4777901327,2196826960,5.63
4777901327,2196826905,9.75
2196826905,4777901327,9.75
2196826905,2196826930,7.08
2196826930,2196826905,7.08
2196826930,2196826836,14.15
2196826836,2196826930,14.15
2196826836,2196826965,10.77
2196826965,2196826836,10.77
2196826965,2196826881,16.91
2196826881,2196826965,16.91
2196826881,2196826900,14.66
2196826900,2196826881,14.66
2196826900,2196826949,13.03
2196826949,2196826900,13.03
2196826949,2196826955,8.79
2196826955,2196826949,8.79
2196826915,2196826844,8.77
2196826844,2196826915,8.77
2196826844,2196826929,38.05
2196826929,2196826844,38.05
2196826971,2196826936,27.43
2196826936,2196826971,27.43
2196826936,2196826808,17.52
2196826808,2196826936,17.52
2196826808,2196827003,11.07
2196827003,2196826808,11.07
2196827003,2196826927,51.43
2196826927,2196827003,51.43
2196826927,2196826828,4.60
2196826828,2196826927,4.60
2196826828,2196826939,5.47
2196826939,2196826828,5.47
2196826939,2196826921,8.47
2196826921,2196826939,8.47
2196827006,2196826972,28.41
2196826972,2196827006,28.41
2196826972,2196826895,49.43
2196826895,2196826972,49.43
2196826890,5889304192,3.70
5889304192,2196826890,3.70
5889304192,2196826987,13.50
2196826987,5889304192,13.50
2196826987,2196826879,20.99
2196826879,2196826987,20.99
2196826879,1097942130,7.14
1097942130,2196826879,7.14
2196827016,2196826996,4.58
2196826996,2196827016,4.58
2196826996,2196826849,3.97
2196826849,2196826996,3.97
2196826849,2196826901,3.47
2196826901,2196826849,3.47
2196826901,2196826812,29.50
2196826812,2196826901,29.50
2196826812,2196826835,3.04
2196826835,2196826812,3.04
2196826835,2196826964,3.10
2196826964,2196826835,3.10
2196826964,2196826875,2.85
2196826875,2196826964,2.85
2196826875,2196827015,2.94
2196827015,2196826875,2.94
2196827015,2196826843,3.05
2196826843,2196827015,3.05
2196826970,6170421217,6.91
6170421217,2196826970,6.91
6170421217,2196826865,18.49
2196826865,6170421217,18.49
2196826865,2196826991,3.15
2196826991,2196826865,3.15
2196826991,2196827008,1.92
2196827008,2196826991,1.92
2196827008,2196826995,3.37
2196826995,2196827008,3.37
2196826995,2196826843,2.73
2196826843,2196826995,2.73
2196826843,2196826894,2.44
2196826894,2196826843,2.44
2196826894,2196827025,4.40
2196827025,2196826894,4.40
2196827025,2196827002,29.37
2196827002,2196827025,29.37
2196827002,2196827016,3.56
2196827016,2196827002,3.56
2196827016,2196826893,5.82
2196826893,2196827016,5.82
2196826893,2196826994,5.39
2196826994,2196826893,5.39
2196826994,2196827019,6.53
2196827019,2196826994,6.53
2196827019,2196826933,6.47
2196826933,2196827019,6.47
2196826933,6170421218,2.68
6170421218,2196826933,2.68
6170421218,2196826860,7.04
2196826860,6170421218,7.04
6170421201,2196826858,17.24
2196826858,6170421201,17.24
2196826858,6497734519,18.07
6497734519,2196826858,18.07
6497734519,2196826903,10.55
2196826903,6497734519,10.55
2196826903,2196827020,30.05
2196827020,2196826903,30.05
2196827020,2196827023,7.34
2196827023,2196827020,7.34
2196827023,2196827000,6.60
2196827000,2196827023,6.60
2196827000,2196826914,8.01
2196826914,2196827000,8.01
2196826914,6497734518,37.15
6497734518,2196826914,37.15
6497734518,2196826819,6.54
2196826819,6497734518,6.54
2196826819,10286798962,6.01
10286798962,2196826819,6.01
10286798962,2196826838,1.42
2196826838,10286798962,1.42
2196826838,2196826863,7.68
2196826863,2196826838,7.68
2196826863,2196826824,9.69
2196826824,2196826863,9.69
2196826824,2196826885,14.11
2196826885,2196826824,14.11
2196826885,6497734521,2.04
6497734521,2196826885,2.04
6497734521,2196826955,9.79
2196826955,6497734521,9.79
2196826955,2196826817,4.43
2196826817,2196826955,4.43
2196826817,6502057428,4.39
6502057428,2196826817,4.39
6502057428,2196826916,4.02
2196826916,6502057428,4.02
2196826916,2196826908,9.62
2196826908,2196826916,9.62
2196826908,2196826857,18.28
2196826857,2196826908,18.28
2196826857,2196826915,11.15
2196826915,2196826857,11.15
2196826915,2196826902,12.59
2196826902,2196826915,12.59
2196826902,2196827017,7.15
2196827017,2196826902,7.15
2196827017,2196827024,6.44
2196827024,2196827017,6.44
3193716067,2196826989,4.54
2196826989,3193716067,4.54
2196826989,1097942149,60.95
1097942149,2196826989,60.95
1097942149,1097942261,29.53
1097942261,1097942149,29.53
1097942261,2196826809,3.73
2196826809,1097942261,3.73
2196826809,1097942148,3.91
1097942148,2196826809,3.91
1097942148,1094351317,47.90
1094351317,1097942148,47.90
2196826810,2196826831,24.56
2196826831,2196826810,24.56
2196826831,5924022515,20.12
5924022515,2196826831,20.12
5924022515,5924022516,5.92
5924022516,5924022515,5.92
4777901216,4777901215,23.23
4777901215,4777901216,23.23
4777901215,4777901214,12.25
4777901214,4777901215,12.25
4777901214,5924022499,6.16
5924022499,4777901214,6.16
5924022499,5924022498,6.91
5924022498,5924022499,6.91
5924022498,5924022497,14.79
5924022497,5924022498,14.79
5924022497,5924022496,2.53
5924022496,5924022497,2.53
2196827003,2196826967,34.38
2196826967,2196827003,34.38
2196826967,2196827014,31.01
2196827014,2196826967,31.01
2196827014,2196827012,49.64
2196827012,2196827014,49.64
2196826936,2196826871,37.33
2196826871,2196826936,37.33
3193716068,2196829258,5.65
2196829258,3193716068,5.65
2196829258,2196829262,9.24
2196829262,2196829258,9.24
2196829262,2196829288,19.65
2196829288,2196829262,19.65
2196829288,2196829292,5.35
2196829292,2196829288,5.35
2196829292,6497574977,10.76
6497574977,2196829292,10.76
6497574977,2196829306,6.07
2196829306,6497574977,6.07
2196829306,2196829244,7.39
2196829244,2196829306,7.39
2196829244,2196829268,8.07
2196829268,2196829244,8.07
2196829268,2196829284,8.09
2196829284,2196829268,8.09
2196829284,2196829255,7.33
2196829255,2196829284,7.33
2196829255,2196829279,6.01
2196829279,2196829255,6.01
2196829279,2196829301,12.79
2196829301,2196829279,12.79
2196829301,2196829269,5.71
2196829269,2196829301,5.71
2196829269,2196829243,6.97
2196829243,2196829269,6.97
2196829243,2196829289,5.77
2196829289,2196829243,5.77
2196829289,2196829271,5.44
2196829271,2196829289,5.44
2196829271,2196829272,3.99
2196829272,2196829271,3.99
2196829272,2196829266,2.34
2196829266,2196829272,2.34
2196829266,2196829303,9.04
2196829303,2196829266,9.04
2196829303,6475239336,9.26
6475239336,2196829303,9.26
6475239336,6475403605,1.48
6475403605,6475239336,1.48
6475403605,5889321099,8.10
5889321099,6475403605,8.10
5889321099,5889321098,8.89
5889321098,5889321099,8.89
5889321098,5889321097,8.87
5889321097,5889321098,8.87
5889321097,2196827017,27.89
2196827017,5889321097,27.89
2196829260,2196829300,6.22
2196829300,2196829260,6.22
2196829300,1094262882,18.52
1094262882,2196829300,18.52
3193716070,2196829286,4.45
2196829286,3193716070,4.45
2196829286,2196829287,4.64
2196829287,2196829286,4.64
2196829287,2196829290,5.49
2196829290,2196829287,5.49
2196829290,2196829248,9.59
2196829248,2196829290,9.59
2196829248,2196829282,10.75
2196829282,2196829248,10.75
2196829282,2196829242,7.86
2196829242,2196829282,7.86
2196829242,2196829249,24.24
2196829249,2196829242,24.24
2196829249,2196829253,31.76
2196829253,2196829249,31.76
2196829253,2196829252,32.52
2196829252,2196829253,32.52
2196829252,2196829291,27.48
2196829291,2196829252,27.48
2196829291,2196829260,5.02
2196829260,2196829291,5.02
2196829260,5923347810,13.02
5923347810,2196829260,13.02
5923347810,2196829305,5.98
2196829305,5923347810,5.98
2196829305,5923347812,4.82
5923347812,2196829305,4.82
5923347812,5909352284,27.36
5909352284,5923347812,27.36
5909352284,2196829261,10.28
2196829261,5909352284,10.28
2196829261,2196829276,36.28
2196829276,2196829261,36.28
2196829276,5933198342,6.37
5933198342,2196829276,6.37
5933198342,5933198344,1.61
5933198344,5933198342,1.61
1805702440,366932920,51.92
366932920,2393558951,17.73
2393558951,1805702479,26.36
1805702479,10273580590,5.01
10273580590,1626142115,8.94
1626142115,472382938,11.06
1805702539,2393558992,13.93
2393558992,1805702440,30.83
2296552636,2296552630,35.81
2296552630,2296552636,35.81
2296552630,2296552634,25.13
2296552634,2296552630,25.13
2296552634,2296552638,14.97
2296552638,2296552634,14.97
2296552638,2296552631,22.00
2296552631,2296552638,22.00
2296552631,2296552640,3.50
2296552640,2296552631,3.50
2296552640,1609990553,33.86
1609990553,2296552640,33.86
475369187,475369188,38.63
475369188,475369187,38.63
475369185,475369189,14.04
475369189,475369185,14.04
475369189,475369188,0.89
475369188,475369189,0.89
475369188,475369164,13.82
475369164,475369188,13.82
475369164,475369166,8.74
475369166,475369164,8.74
475369166,475369169,8.66
475369169,475369166,8.66
475369169,475369171,31.14
475369171,475369169,31.14
475369171,475369173,17.53
475369173,475369171,17.53
475369173,475369175,21.58
475369175,475369173,21.58
475369175,5899162581,10.30
5899162581,475369175,10.30
475369369,8463406318,5.53
8463406318,475369369,5.53
8463406318,9141204048,2.29
9141204048,8463406318,2.29
9141204048,1306889012,4.11
1306889012,9141204048,4.11
1306889012,11191929665,4.42
11191929665,1306889012,4.42
11191929665,9141204060,35.66
9141204060,11191929665,35.66
9141204060,1306889092,10.95
1306889092,9141204060,10.95
1306889092,8040999097,39.61
8040999097,1306889092,39.61
8040999097,12669269643,3.25
12669269643,8040999097,3.25
12669269643,475369364,3.51
475369364,12669269643,3.51
475369364,12669269644,3.97
12669269644,475369364,3.97
12669269644,8040999094,4.22
8040999094,12669269644,4.22
8040999094,9141236776,4.02
9141236776,8040999094,4.02
9141236776,1094678428,55.36
1094678428,9141236776,55.36
1094678428,9141236782,27.16
9141236782,1094678428,27.16
9141236782,9141221011,3.26
9141221011,9141236782,3.26
9141221011,1140870669,31.80
1140870669,9141221011,31.80
1140870669,9141236754,4.61
9141236754,1140870669,4.61
9141236754,10155735175,21.96
10155735175,9141236754,21.96
10155735175,11285246720,14.10
11285246720,10155735175,14.10
11285246720,9772734274,5.73
9772734274,11285246720,5.73
9772734274,11285246719,2.26
11285246719,9772734274,2.26
11285246719,6276840188,6.31
6276840188,11285246719,6.31
6276840188,1093469823,10.84
1093469823,6276840188,10.84
2099138591,2397996051,8.30
2397996051,475369365,43.93
475369365,9141279372,12.58
9141279372,10174713251,11.10
10174713251,2611829943,11.40
2611829943,1306888921,65.45
1306888921,12378260899,59.37
12378260899,1306889112,14.88
1306889112,2611829959,52.18
2611829959,1306889102,35.95
1306889102,1094160973,20.50
1806870869,2398005876,9.76
2398005876,1806870869,9.76
2398005876,10605469626,17.09
10605469626,2398005876,17.09
10605469626,467036742,29.69
467036742,10605469626,29.69
1093489453,12666510291,2.74
12666510291,12666510294,3.36
12666510294,2401069486,9.66
2401069486,733235061,5.15
733235061,2606035837,3.20
2606035837,2606035835,3.37
2606035835,2606035831,3.56
2606035831,2401069476,3.27
2401069476,2606035828,6.01
2606035828,2606035826,6.23
2606035826,9775081816,2.31
9775081816,733235048,56.09
733235048,733235049,53.02
733235049,2401069487,5.55
2401069487,733235050,60.14
733235050,733235052,25.43
733235052,2401069450,8.19
2401069450,9607761291,5.55
9607761291,9775081815,40.29
9775081815,9228817075,10.87
9228817075,9228817076,9.42
9228817076,2401069431,7.27
2401069431,733235054,79.30
733235054,733235057,78.88
733235057,1665929824,25.14
1665929824,2401069456,14.41
2401069456,733235059,10.12
733235059,2401069454,9.08
2401069454,733235014,26.82
733235014,3817880918,28.47
3817880918,733235015,9.23
733235015,2401069432,9.75
2401069432,733235022,15.76
733235022,733235024,23.33
733235024,2401069435,30.49
2401069435,733235038,9.74
733235038,733235033,40.22
733235033,733235034,14.64
733235034,733235035,34.39
733235035,2401069483,30.26
2401069483,733235028,10.27
733235028,733235031,99.72
733235031,733235027,8.46
733235027,10605469622,20.67
10605469622,2401040317,4.94
2401040317,733235025,11.04
2606035810,1093685738,10.45
1093685738,2606035810,10.45
1093685738,2705533186,9.37
2705533186,1093685738,9.37
2705533186,472382926,23.38
472382926,2705533186,23.38
475368447,475368448,17.88
475368448,475368447,17.88
475368448,1665978185,9.43
1665978185,475368448,9.43
1665978185,2606035857,9.65
2606035857,1665978185,9.65
2606035857,475368449,4.51
475368449,2606035857,4.51
475368449,475368450,26.88
475368450,2606035856,7.73
2606035856,2606035855,13.52
2606035855,1665978184,7.70
1665978184,2857742958,1.98
2857742958,1093489454,3.54
1093489454,3157863205,7.70
3157863205,1666084428,3.97
2606035838,2401069425,6.94
2401069425,2856079122,2.67
2856079122,1665978179,2.52
1665978179,4384718912,46.36
4384718912,472446987,7.09
472446987,4384718911,6.68
4384718911,1665978177,5.99
1665978177,2606035823,9.38
2606035823,2606035822,8.91
2606035822,2606035820,9.80
2606035820,1665978174,9.25
1665978174,2606035819,10.95
2606035819,366906327,10.27
366906327,3193716063,1.86
3193716063,366906328,19.43
366906328,2606035816,3.52
2606035816,2606035815,10.84
2606035815,2606035814,4.81
2606035814,472382933,5.02
472382933,472446991,14.11
472446991,366906330,40.71
366906330,2606035804,4.39
2606035804,1665978172,12.20
1665978172,1665978171,13.56
1665978171,4716623467,3.67
4716623467,366906332,9.70
366906332,6147302097,67.16
6147302097,2521787423,10.03
2521787423,2649421015,34.97
2649421015,2606035800,27.79
2606035800,2606035799,21.05
2606035799,1665929846,9.84
1665929846,2606035798,16.32
2606035798,2606035797,11.72
2606035797,366906334,10.27
366906334,475368771,42.80
475368771,472382932,7.25
472382932,4716623596,25.11
4716623596,2393573028,6.36
2393573028,1093685732,9.30
1094160889,475369354,36.80
475369354,1094160889,36.80
8908617574,8908617572,9.12
8908617572,8908617574,9.12
8908617572,475369343,6.53
475369343,8908617572,6.53
475369343,6240815385,27.55
6240815385,475369343,27.55
6240815385,2856079124,2.40
2856079124,6240815385,2.40
2856079124,1093489453,12.42
1093489453,2856079124,12.42
475369354,1665978194,3.71
1665978194,475369354,3.71
1665978194,475369345,13.82
475369345,1665978194,13.82
475369345,475369346,7.45
475369346,475369345,7.45
475369346,475369347,23.04
475369347,475369346,23.04
1093685828,158030491,11.01
1093489453,12666510287,1.60
12666510287,1093489453,1.60
12666510287,12666510288,1.57
12666510288,12666510287,1.57
12666510288,2401069427,14.63
2401069427,12666510288,14.63
2401069427,475369340,3.79
475369340,2401069427,3.79
475369340,366916349,32.09
366916349,475369340,32.09
366916349,8908676206,49.56
8908676206,366916349,49.56
8908676206,475368454,2.62
475368454,8908676206,2.62
475368454,2606035847,12.72
2606035847,475368454,12.72
2606035847,2606035849,12.67
2606035849,2606035847,12.67
2606035849,2606035850,12.67
2606035850,2606035849,12.67
2606035850,2606035853,12.94
2606035853,2606035850,12.94
2606035853,1665929943,12.24
1665929943,2606035853,12.24
1665929943,475368506,14.80
475368506,1665929943,14.80
475368506,8908676207,71.91
8908676207,475368506,71.91
8908676207,475369030,3.56
475369030,8908676207,3.56
475369030,9775094747,7.01
9775094747,475369030,7.01
9775094747,2606035868,4.45
2606035868,9775094747,4.45
2606035868,2606035870,23.35
2606035870,2606035868,23.35
2606035870,9775221793,20.57
9775221793,2606035870,20.57
9775221793,475368600,5.54
475368600,9775221793,5.54
2606035889,12666510292,1.61
12666510292,3817880923,1.75
3817880923,1666084404,8.78
1666084404,2606035838,80.58
2606035838,4716623451,34.54
2611829945,2611829952,40.84
2611829952,2611829945,40.84
2611829952,9789460353,48.41
9789460353,2611829952,48.41
9789460353,2611829947,4.66
2611829947,9789460353,4.66
1094160892,2611829961,55.01
2611829961,1094160892,55.01
2611829968,6170421243,6.56
6170421243,2611829968,6.56
6170421243,2611829958,17.12
2611829958,6170421243,17.12
2611829958,2611829955,31.18
2611829955,2611829958,31.18
2611829950,2611829956,29.69
2611829956,2611829950,29.69
2611829956,2611829957,13.22
2611829957,2611829956,13.22
2611829957,2611829963,37.49
2611829963,2611829957,37.49
2611829966,2611829961,18.40
2611829961,2611829966,18.40
2611829961,2611829959,35.52
2611829959,2611829961,35.52
2611829951,2611829943,30.60
2611829943,2611829951,30.60
2611829953,12383399392,37.64
12383399392,2611829953,37.64
475368562,2621323839,4.56
2621323839,475368562,4.56
2621323839,1094606988,6.84
1094606988,2621323839,6.84
1094606988,475369106,8.78
475369106,1094606988,8.78
475369106,9141279454,36.43
9141279454,475369106,36.43
9141279454,475368723,7.41
475368723,9141279454,7.41
2647466836,2647466837,29.42
2647466837,2647466836,29.42
2647466863,2647466864,21.06
2647466864,2647466863,21.06
2647466865,2647466864,30.81
2647466864,2647466865,30.81
2647466867,2647466870,21.76
2647466870,2647466867,21.76
2647466870,2647466871,30.20
2647466871,2647466870,30.20
2648898052,4716623401,5.96
4716623401,2648898052,5.96
4716623401,2648898053,23.40
2648898053,4716623401,23.40
3875194718,5342152949,2.78
5342152949,3875194718,2.78
5342152949,4716623486,11.24
4716623486,5342152949,11.24
4716623486,4716623487,13.86
4716623487,4716623486,13.86
4716623487,4716623488,8.27
4716623488,4716623487,8.27
4716623488,4716623489,11.52
4716623489,4716623488,11.52
4716623489,2649421025,10.90
2649421025,4716623489,10.90
2649421025,4716623493,13.02
4716623493,2649421025,13.02
4716623493,4716623491,21.54
4716623491,4716623493,21.54
4716623491,4716623490,8.99
4716623490,4716623491,8.99
4716623490,7966600518,16.65
7966600518,4716623490,16.65
7966600518,2649421027,4.93
2649421027,7966600518,4.93
2649421027,7966600519,5.39
7966600519,2649421027,5.39
7966600519,6365202218,22.53
6365202218,7966600519,22.53
6365202218,2649421029,7.34
2649421029,6365202218,7.34
2649421029,4371184323,14.46
4371184323,2649421029,14.46
4371184323,4371184326,11.99
4371184326,4371184323,11.99
4371184326,4371184325,13.30
4371184325,4371184326,13.30
4371184325,4371184321,18.34
4371184321,4371184325,18.34
4371184321,2649421030,10.50
2649421030,4371184321,10.50
2649421030,2649421031,29.50
2649421031,2649421030,29.50
2649421031,4371184341,23.22
4371184341,2649421031,23.22
4371184341,2649421032,17.64
2649421032,4371184341,17.64
2649421032,2705533188,16.81
2705533188,2649421032,16.81
7966600518,7966600517,4.66
7966600517,7966600518,4.66
7966600517,7966562778,5.68
7966562778,7966600517,5.68
2649421034,2649421035,25.56
2649421035,2649421034,25.56
2649421035,2649421036,8.24
2649421036,2649421035,8.24
2649421037,2649421039,5.81
2649421039,2649421037,5.81
2649421039,2649421038,19.81
2649421038,2649421039,19.81
2649421039,2649421040,15.60
2649421040,2649421039,15.60
2649421040,12462440803,25.00
12462440803,2649421040,25.00
12462440803,2649421041,8.07
2649421041,12462440803,8.07
2649421041,2649421042,19.65
2649421042,2649421041,19.65
2649421042,12462440810,1.89
12462440810,2649421042,1.89
12462440810,2649421043,11.84
2649421043,12462440810,11.84
2649421043,2649421044,9.76
2649421044,2649421043,9.76
2649421044,2649421045,24.46
2649421045,2649421044,24.46
2649421045,2649421046,20.29
2649421046,2649421045,20.29
2649421051,4716623400,6.01
4716623400,2649421051,6.01
4716623400,2649421052,16.30
2649421052,4716623400,16.30
10270885579,4716326367,15.85
4716326367,10270885579,15.85
4716326367,4716326366,8.06
4716326366,4716326367,8.06
4716326366,4716326365,5.87
4716326365,4716326366,5.87
4716326365,4716326364,9.95
4716326364,4716326365,9.95
4716326364,4716326357,24.97
4716326357,4716326364,24.97
4716326357,4716326363,6.25
4716326363,4716326357,6.25
4716326363,4716326356,19.25
4716326356,4716326363,19.25
4716326356,4716326355,39.28
4716326355,4716326356,39.28
4716326355,4716326349,6.89
4716326349,4716326355,6.89
4716326349,4716326354,24.85
4716326354,4716326349,24.85
4716326354,4716326353,27.67
4716326353,4716326354,27.67
4716326353,4716326352,20.48
4716326352,4716326353,20.48
4716326352,4716326351,11.47
4716326351,4716326352,11.47
4716326351,4716326350,16.10
4716326350,4716326351,16.10
4716326350,7933069579,36.19
7933069579,4716326350,36.19
7933069579,7933069569,10.99
7933069569,7933069579,10.99
7933069569,7933069566,7.33
7933069566,7933069569,7.33
7933069566,7933069576,6.50
7933069576,7933069566,6.50
7933069576,7933069564,5.33
7933069564,7933069576,5.33
7933069564,7933069553,11.87
7933069553,7933069564,11.87
7933069553,4716326341,49.96
4716326341,7933069553,49.96
4716326341,4716326306,64.09
4716326306,4716326341,64.09
4716326306,1192630108,4.55
1192630108,4716326306,4.55
1192630108,2704049826,57.13
2704049826,1192630108,57.13
2704049826,4716326304,4.90
4716326304,2704049826,4.90
4716326304,2704049827,15.16
2704049827,4716326304,15.16
2704049827,2704049830,60.86
2704049830,2704049827,60.86
2704049830,2704049832,25.53
2704049832,2704049830,25.53
2704049832,4716326302,11.80
4716326302,2704049832,11.80
4716326302,2704049835,11.89
2704049835,4716326302,11.89
2704049835,2704049836,24.82
2704049836,2704049835,24.82
2704049836,2704049834,36.87
2704049834,2704049836,36.87
2704049834,4716326300,10.87
4716326300,2704049834,10.87
4716326300,2704049829,21.77
2704049829,4716326300,21.77
2704049829,4716326299,7.78
4716326299,2704049829,7.78
4716326299,2704703846,91.22
2704703846,4716326299,91.22
2704703846,2704703844,20.04
2704703844,2704703846,20.04
2704703844,2704049822,42.58
2704049822,2704703844,42.58
2704049822,3129446525,35.10
3129446525,2704049822,35.10
3193716061,2705533158,25.73
2705533158,3193716061,25.73
2705533158,2705533159,10.17
2705533159,2705533158,10.17
2705533159,2705533160,11.71
2705533160,2705533159,11.71
2705533160,2705533162,2.64
2705533162,2705533160,2.64
2705533162,2705533163,2.90
2705533163,2705533162,2.90
2705533163,3387102825,7.55
3387102825,2705533163,7.55
3387102825,2393573006,24.20
2393573006,3387102825,24.20
2393573006,2705533185,143.83
2705533185,2393573006,143.83
2705533185,3809762375,19.35
3809762375,2705533185,19.35
4716623509,4716623510,15.90
4716623510,4716623509,15.90
4716623510,4716623511,8.00
4716623511,4716623510,8.00
4716623511,4716623512,3.08
4716623512,4716623511,3.08
4716623512,4716623513,50.87
4716623513,4716623512,50.87
4716623513,3875194728,8.00
3875194728,4716623513,8.00
3875194728,3875194727,28.92
3875194727,3875194728,28.92
3875194727,3875194725,30.31
3875194725,3875194727,30.31
3875194725,10273792631,7.61
10273792631,3875194725,7.61
10273792631,3875194723,12.14
3875194723,10273792631,12.14
3875194723,4716623514,16.53
4716623514,3875194723,16.53
4716623514,3875194720,19.49
3875194720,4716623514,19.49
3875194720,4716623499,14.98
4716623499,3875194720,14.98
4716623499,3875194709,29.16
3875194709,4716623499,29.16
3875194709,4716623580,4.82
4716623580,3875194709,4.82
4716623580,4716623498,53.07
4716623498,4716623580,53.07
4716623498,2705533176,23.30
2705533176,4716623498,23.30
2705533176,2705533172,29.46
2705533172,2705533176,29.46
2705533172,4716623504,12.71
4716623504,2705533172,12.71
4716623504,2705533170,7.51
2705533170,4716623504,7.51
2705533170,2705533167,41.96
2705533167,2705533170,41.96
2705533167,2705533164,20.49
2705533164,2705533167,20.49
2705533164,2705533169,11.43
2705533169,2705533164,11.43
2954043203,2954043201,37.59
2954043201,2954043203,37.59
2954694853,6276840080,6.02
6276840080,2954694853,6.02
6276840080,2954694852,29.34
2954694852,6276840080,29.34
10251046685,1626142115,14.15
1626142115,10273580593,11.77
10273580593,1665929750,6.61
1665929750,1805702485,7.39
1805702485,3387102852,10.93
3387102852,1093685776,65.91
1093685776,10605479588,29.59
10605479588,2263979139,4.58
2263979139,1805702534,17.25
3800364341,9928769033,2.67
9928769033,3800364341,2.67
9928769033,3129446523,28.58
3129446523,9928769033,28.58
3129446523,3129446526,6.77
3129446526,3129446523,6.77
3129446526,9933424883,95.50
9933424883,3129446526,95.50
9933424883,4716325387,51.09
4716325387,9933424883,51.09
4716325387,3800364599,10.30
3800364599,4716325387,10.30
3800364599,4716325386,16.84
4716325386,3800364599,16.84
4716325386,6415350800,106.25
6415350800,4716325386,106.25
6415350800,3129446528,20.58
3129446528,6415350800,20.58
3129446528,3809762378,6.00
3809762378,3129446528,6.00
3809762378,5922451954,4.20
5922451954,3809762378,4.20
5922451954,5923786359,18.72
5923786359,5922451954,18.72
5923786359,5923786361,28.39
5923786361,5923786359,28.39
5923786361,5923786360,16.14
5923786360,5923786361,16.14
5923786360,5922450065,61.65
5922450065,5923786360,61.65
5922450065,5923786357,12.00
5923786357,5922450065,12.00
5923786357,6170421210,145.57
6170421210,5923786357,145.57
6170421210,6170421211,21.78
6170421211,6170421210,21.78
6170421211,6170421212,63.90
6170421212,6170421211,63.90
6170421212,6170421213,22.13
6170421213,6170421212,22.13
6170421213,6170421214,31.95
6170421214,6170421213,31.95
6170421214,6170421215,109.01
6170421215,6170421214,109.01
6170421215,6170421216,26.49
6170421216,6170421215,26.49
6170421216,6170421217,15.62
6170421217,6170421216,15.62
6170421217,6170421218,57.46
6170421218,6170421217,57.46
6170421218,6170421219,77.68
6170421219,6170421218,77.68
6170421219,6170421220,5.47
6170421220,6170421219,5.47
6170421220,6170421221,37.90
6170421221,6170421220,37.90
6170421221,6170450025,7.61
6170450025,6170421221,7.61
6170450025,6170421222,13.54
6170421222,6170450025,13.54
6170421222,6170421223,22.50
6170421223,6170421222,22.50
6170421223,6170421224,29.90
6170421224,6170421223,29.90
6170421224,6170421225,19.76
6170421225,6170421224,19.76
6170421225,6170421226,10.00
6170421226,6170421225,10.00
6170421226,6170421227,27.31
6170421227,6170421226,27.31
6170421227,6170421228,44.16
6170421228,6170421227,44.16
6170421228,6170421229,24.73
6170421229,6170421228,24.73
6170421229,6170421230,82.48
6170421230,6170421229,82.48
6170421230,6170450037,9.36
6170450037,6170421230,9.36
6170450037,6170421231,21.20
6170421231,6170450037,21.20
6170421231,6170421232,27.59
6170421232,6170421231,27.59
6170421232,6170450047,92.57
6170450047,6170421232,92.57
6170450047,6170421233,4.81
6170421233,6170450047,4.81
6170421233,6170450048,4.25
6170450048,6170421233,4.25
6170450048,6170421234,4.37
6170421234,6170450048,4.37
6170421234,6170421235,16.49
6170421235,6170421234,16.49
6170421235,6170421236,52.14
6170421236,6170421235,52.14
6170421236,10179147517,14.07
10179147517,6170421236,14.07
10179147517,9941898999,27.89
9941898999,10179147517,27.89
2705533194,2393573004,8.76
2393573004,2705533194,8.76
2393573004,2393573005,10.09
2393573005,2393573004,10.09
2393573005,3129446523,8.89
3129446523,2393573005,8.89
3129446525,2393573053,7.72
2393573053,3129446525,7.72
2393573053,2393573047,10.27
2393573047,2393573053,10.27
2393573047,2705533197,8.34
2705533197,2393573047,8.34
2705533190,2393573040,10.96
2393573040,2705533190,10.96
2393573040,2393573050,11.05
2393573050,2393573040,11.05
2393573050,2705533189,8.64
2705533189,2393573050,8.64
2704049823,2393573052,9.12
2393573052,2704049823,9.12
2393573052,2393573024,11.00
2393573024,2393573052,11.00
2393573024,3129446526,9.34
3129446526,2393573024,9.34
4716623452,4716623455,4.29
4716623455,4716623452,4.29
4716623455,4716623430,123.04
4716623430,4716623455,123.04
4716623430,4716622878,4.70
4716622878,4716623430,4.70
4716622878,4716623428,56.80
4716623428,4716622878,56.80
2296552632,2296552629,30.24
2296552629,2296552632,30.24
3221227619,3221227620,11.01
3221227620,3221227619,11.01
3221227627,3221227624,16.65
3221227624,3221227627,16.65
3221227615,3221227616,14.10
3221227616,3221227615,14.10
3221227616,3221227623,37.89
3221227623,3221227616,37.89
3221227623,472447014,7.70
472447014,3221227623,7.70
3221227616,3221227624,41.99
3221227624,3221227616,41.99
3221227624,3221227629,36.33
3221227629,3221227624,36.33
3221227629,4163312808,3.72
4163312808,3221227629,3.72
4163312808,3221227619,8.10
3221227619,4163312808,8.10
3221227619,3221227623,58.47
3221227623,3221227619,58.47
3243954080,11273826898,4.39
11273826898,3243954080,4.39
11273826898,11273826896,26.31
11273826896,11273826898,26.31
11273826896,2393558983,5.21
2393558983,11273826896,5.21
2393558983,11273826897,4.85
11273826897,2393558983,4.85
11273826897,3387102844,56.05
3387102844,11273826897,56.05
3387102844,4716623597,4.51
4716623597,3387102844,4.51
4716623597,3243954076,4.40
3243954076,4716623597,4.40
3243954076,4717672404,4.58
4717672404,3243954076,4.58
4717672404,3243954065,4.33
3243954065,4717672404,4.33
3243954065,4717672403,3.70
4717672403,3243954065,3.70
4717672403,10273792633,3.95
10273792633,4717672403,3.95
10273792633,3243954084,4.02
3243954084,10273792633,4.02
3243954084,3243954073,3.59
3243954073,3243954084,3.59
3243954073,3387102848,20.33
3387102848,3243954073,20.33
3387102848,10605479598,81.39
10605479598,3387102848,81.39
10605479598,3387102830,11.77
3387102830,10605479598,11.77
3387102830,3387102837,3.36
3387102837,3387102830,3.36
2705533194,2705533191,15.49
2705533191,2705533194,15.49
2705533191,5281534534,2.68
5281534534,2705533191,2.68
5281534534,2705533188,40.59
2705533188,5281534534,40.59
2705533188,5281534533,17.95
5281534533,2705533188,17.95
5281534533,2705533187,29.46
2705533187,5281534533,29.46
2705533187,4716623462,22.22
4716623462,2705533187,22.22
4716623462,4716623461,17.96
4716623461,4716623462,17.96
4716623461,4716623458,66.31
4716623458,4716623461,66.31
4716623516,2705533186,7.83
2705533186,4716623516,7.83
2705533186,3809762374,11.67
3809762374,2705533186,11.67
3387102830,10605479597,5.33
10605479597,3387102830,5.33
10605479597,2393558992,10.96
2393558992,10605479597,10.96
2393558992,2393558962,15.79
2393558962,2393558992,15.79
2393558962,10605479596,7.93
10605479596,2393558962,7.93
10605479596,3387102835,2.72
3387102835,10605479596,2.72
3387102825,2393573022,7.56
2393573022,3387102825,7.56
2393573022,1093685704,13.55
1093685704,2393573022,13.55
1093685704,2705533169,9.63
2705533169,1093685704,9.63
2705533169,2393573028,14.80
2393573028,2705533169,14.80
2393573028,3387102851,15.02
3387102851,2393573028,15.02
3387102851,2393573027,8.56
2393573027,3387102851,8.56
2393573027,2393573023,15.25
2393573023,2393573027,15.25
2393573023,3243954085,7.71
3243954085,2393573023,7.71
3387102829,10605479600,2.49
10605479600,3387102829,2.49
10605479600,2393558973,6.61
2393558973,10605479600,6.61
2393558973,2393558994,15.70
2393558994,2393558973,15.70
2393558994,10605479599,9.56
10605479599,2393558994,9.56
10605479599,3387102837,4.45
3387102837,10605479599,4.45
3243954080,3387102832,2.23
3387102832,3243954080,2.23
3387102832,11273826899,4.23
11273826899,3387102832,4.23
11273826899,3387102841,44.13
3387102841,11273826899,44.13
3387102841,3387102837,15.24
3387102837,3387102841,15.24
1094351500,3800364566,52.29
3800364566,1094351500,52.29
3800364566,3743662724,6.56
3743662724,3800364566,6.56
7084892416,4716623468,4.18
4716623468,7084892416,4.18
4716623468,4716623591,29.85
4716623591,4716623468,29.85
4716623591,7084892418,4.32
7084892418,4716623591,4.32
7084892418,7084892402,41.91
7084892402,7084892418,41.91
7084892402,4716623494,45.19
4716623494,7084892402,45.19
4716623494,4716623592,27.87
4716623592,4716623494,27.87
4716623592,4716623593,33.83
4716623593,4716623592,33.83
4716623593,4716623594,42.64
4716623594,4716623593,42.64
4716623594,4716623586,42.97
4716623586,4716623594,42.97
4716623586,4716623595,32.66
4716623595,4716623586,32.66
4716623595,3387102851,10.49
3387102851,4716623595,10.49
3800364566,3800486831,204.23
3800486831,3800364566,204.23
4716326324,9933424881,4.87
9933424881,4716326324,4.87
9933424881,2401069449,67.35
2401069449,9933424881,67.35
2401069449,4716326297,55.18
4716326297,2401069449,55.18
4716326297,4716326337,32.45
4716326337,4716326297,32.45
4716326337,4716326298,3.87
4716326298,4716326337,3.87
4716326298,4716326332,6.04
4716326332,4716326298,6.04
4716326332,4716326333,3.82
4716326333,4716326332,3.82
4716326333,2401069424,5.80
2401069424,4716326333,5.80
2401069424,4716326334,6.60
4716326334,2401069424,6.60
4716326334,4716326335,4.04
4716326335,4716326334,4.04
4716326335,4716326336,4.55
4716326336,4716326335,4.55
4716326336,4716326339,5.97
4716326339,4716326336,5.97
4716326339,4716326338,31.65
4716326338,4716326339,31.65
4716326338,2401069440,41.00
2401069440,4716326338,41.00
2401069440,4716326301,5.68
4716326301,2401069440,5.68
4716326301,2401069477,64.29
2401069477,4716326301,64.29
2401069477,4716326303,48.36
4716326303,2401069477,48.36
4716326303,2401069480,10.30
2401069480,4716326303,10.30
2401069480,4716326305,57.09
4716326305,2401069480,57.09
4716326305,2401069448,6.63
2401069448,4716326305,6.63
2401069448,7933069570,101.50
7933069570,2401069448,101.50
7933069570,7933069563,20.20
7933069563,7933069570,20.20
7933069563,4716326325,3.25
4716326325,7933069563,3.25
4716326325,7933069557,8.49
7933069557,4716326325,8.49
7933069557,7933069560,5.55
7933069560,7933069557,5.55
7933069560,7947374223,54.76
7947374223,7933069560,54.76
7947374223,4716622877,8.60
4716622877,7947374223,8.60
4716622877,7947374220,6.34
7947374220,4716622877,6.34
7947374220,4716623704,94.41
4716623704,7947374220,94.41
3800364341,3129446521,99.36
3129446521,3800364341,99.36
3129446521,2401069467,38.72
2401069467,3129446521,38.72
2401069467,4716623457,42.78
4716623457,2401069467,42.78
4716623457,4716623453,8.99
4716623453,4716623457,8.99
6170344475,6170344474,10.90
6170344474,6170344475,10.90
6170344474,6170344473,49.01
6170344473,6170344474,49.01
6170344473,6170344472,59.85
6170344472,6170344473,59.85
6170344472,6170418379,5.23
6170418379,6170344472,5.23
6170418379,1094547424,56.66
1094547424,6170418379,56.66
1094547424,6170418384,23.10
6170418384,1094547424,23.10
6170418384,1097906874,28.67
1097906874,6170418384,28.67
1097906874,6170344471,19.04
6170344471,1097906874,19.04
6170344471,1097906783,31.93
1097906783,6170344471,31.93
1097906783,6170421186,18.01
6170421186,1097906783,18.01
6170421186,1097906910,9.25
1097906910,6170421186,9.25
1097906910,1097906900,40.63
1097906900,1097906910,40.63
1097906900,1142124509,71.56
1142124509,1097906900,71.56
1142124509,6170421189,8.63
6170421189,1142124509,8.63
6170421189,1097906745,15.88
1097906745,6170421189,15.88
1097906745,1097906587,47.42
1097906587,1097906745,47.42
1097906587,1097906540,51.21
1097906540,1097906587,51.21
1097906540,3809762383,55.11
3809762383,1097906540,55.11
3809762383,3809762382,18.88
3809762382,3809762383,18.88
3809762382,3809762384,11.61
3809762384,3809762382,11.61
3809762384,2393573011,107.27
2393573011,3809762384,107.27
2393573011,2393573008,163.75
2393573008,2393573011,163.75
2393573008,3800486860,86.87
3800486860,2393573008,86.87
3800486860,3809762385,13.41
3809762385,3800486860,13.41
3809762385,3809762388,58.87
3809762388,3809762385,58.87
3809762388,3809762390,55.38
3809762390,3809762388,55.38
3809762390,1114945014,77.92
1114945014,3809762390,77.92
1114945014,9926291442,14.09
9926291442,1114945014,14.09
9926291442,6119025766,43.41
6119025766,9926291442,43.41
6119025766,4666465623,21.85
4666465623,6119025766,21.85
4666465623,3809762392,27.38
3809762392,4666465623,27.38
3809762392,10611437885,7.39
10611437885,3809762392,7.39
10611437885,3809762394,133.74
3809762394,10611437885,133.74
3809762394,3809762397,9.57
3809762397,3809762394,9.57
3809762397,9605857729,5.29
9605857729,3809762397,5.29
9605857729,3809762398,65.18
3809762398,9605857729,65.18
3809762398,9607802021,54.06
9607802021,3809762398,54.06
9607802021,9607802022,4.43
9607802022,9607802021,4.43
3800486831,3800486926,43.88
3800486926,3800486831,43.88
3800486926,2393573029,39.43
2393573029,3800486926,39.43
2393573029,3809762386,26.44
3809762386,2393573029,26.44
3809762386,3809762387,6.82
3809762387,3809762386,6.82
3809762387,3809762389,35.35
3809762389,3809762387,35.35
3809762389,3809762391,33.30
3809762391,3809762389,33.30
3809762391,6470104604,33.33
6470104604,3809762391,33.33
6470104604,1114945019,31.70
1114945019,6470104604,31.70
1114945019,9926291443,36.03
9926291443,1114945019,36.03
9926291443,10611437886,77.87
10611437886,9926291443,77.87
10611437886,1115329109,1.61
1115329109,10611437886,1.61
1115329109,5894092146,14.43
5894092146,1115329109,14.43
5894092146,3809762393,118.70
3809762393,5894092146,118.70
3809762393,3809762396,9.29
3809762396,3809762393,9.29
3809762396,3809762395,59.60
3809762395,3809762396,59.60
3809762395,6473332327,63.47
6473332327,3809762395,63.47
6473332327,11366541204,24.06
11366541204,6473332327,24.06
11366541204,6473332328,208.93
6473332328,11366541204,208.93
6473332328,6473332329,171.99
6473332329,6473332328,171.99
6473332329,6473332330,53.36
6473332330,6473332329,53.36
6473332330,5922560965,74.04
5922560965,6473332330,74.04
3800486860,2393573039,8.60
2393573039,3800486860,8.60
2393573039,2393573018,8.47
2393573018,2393573039,8.47
2393573018,3800486926,5.19
3800486926,2393573018,5.19
3800486852,3800364571,7.04
3800364571,3800486852,7.04
3800364571,3800364586,11.02
3800364586,3800364571,11.02
3800364586,3800364599,9.76
3800364599,3800364586,9.76
6470216549,6470216548,35.78
6470216548,6470216549,35.78
6470216548,6470216547,6.87
6470216547,6470216548,6.87
6470216547,6470216546,11.13
6470216546,6470216547,11.13
6470216546,6470216545,25.09
6470216545,6470216546,25.09
6470216545,6471487707,4.55
6471487707,6470216545,4.55
6471487707,6470216544,15.75
6470216544,6471487707,15.75
6470216544,6470216550,11.64
6470216550,6470216544,11.64
6470216550,6471487709,13.53
6471487709,6470216550,13.53
6471487709,6470216543,3.78
6470216543,6471487709,3.78
6470216543,6470216542,12.70
6470216542,6470216543,12.70
6470216542,6470216541,26.56
6470216541,6470216542,26.56
6470216541,6470216540,18.99
6470216540,6470216541,18.99
6470216540,6470216539,9.21
6470216539,6470216540,9.21
6470216539,6470216519,37.48
6470216519,6470216539,37.48
6470216519,6470216538,42.42
6470216538,6470216519,42.42
6470216538,6470216537,9.46
6470216537,6470216538,9.46
6470216537,6470216536,11.29
6470216536,6470216537,11.29
6470216536,6471487710,22.04
6471487710,6470216536,22.04
6471487710,6470216555,13.08
6470216555,6471487710,13.08
6470216555,6470216535,3.68
6470216535,6470216555,3.68
6470216535,6470216534,11.88
6470216534,6470216535,11.88
6470216534,6470216533,14.87
6470216533,6470216534,14.87
6470216533,6170421209,8.31
6170421209,6470216533,8.31
6170421209,6170421208,39.55
6170421208,6170421209,39.55
6170421208,6170421207,14.21
6170421207,6170421208,14.21
6170421207,6170421206,22.96
6170421206,6170421207,22.96
6170421206,6170421205,13.05
6170421205,6170421206,13.05
6170421205,6475813141,1.88
6475813141,6170421205,1.88
6475813141,6170421204,5.19
6170421204,6475813141,5.19
6170421204,6170421203,18.70
6170421203,6170421204,18.70
6170421203,6170450027,3.87
6170450027,6170421203,3.87
6170450027,6513335980,88.15
6513335980,6170450027,88.15
6513335980,6170421202,53.40
6170421202,6513335980,53.40
6170421202,6170421201,40.07
6170421201,6170421202,40.07
6170421201,6170421200,20.30
6170421200,6170421201,20.30
6170421200,4384718921,29.79
4384718921,6170421200,29.79
4384718921,6170421257,142.84
6170421257,4384718921,142.84
6170421257,6170421199,5.06
6170421199,6170421257,5.06
6170421199,6170421255,5.09
6170421255,6170421199,5.09
3809762382,2393573044,8.26
2393573044,3809762382,8.26
2393573044,3809762379,4.62
3809762379,2393573044,4.62
3809762377,2393573015,9.46
2393573015,3809762377,9.46
2393573015,2393573043,10.18
2393573043,2393573015,10.18
2393573043,3129446528,6.55
3129446528,2393573043,6.55
3809762375,2393573030,8.75
2393573030,3809762375,8.75
2393573030,2393573017,10.80
2393573017,2393573030,10.80
2393573017,3809762374,9.06
3809762374,2393573017,9.06
3809762384,2393573046,8.95
2393573046,3809762384,8.95
2393573046,2393573049,10.35
2393573049,2393573046,10.35
2393573049,3800486910,8.03
3800486910,2393573049,8.03
3809762378,2393573037,5.98
2393573037,3809762378,5.98
2393573037,2393573032,5.29
2393573032,2393573037,5.29
2393573032,3809762381,4.03
3809762381,2393573032,4.03
3809762388,2393573010,8.71
2393573010,3809762388,8.71
2393573010,2393573042,8.17
2393573042,2393573010,8.17
2393573042,3809762387,5.78
3809762387,2393573042,5.78
3824263296,2398005899,5.65
2398005899,3824263296,5.65
2398005899,2398005924,9.09
2398005924,2398005899,9.09
2398005924,3824263295,4.89
3824263295,2398005924,4.89
3824356131,3835255683,83.88
3835255683,3824356131,83.88
3835255683,3824356129,26.06
3824356129,3835255683,26.06
3824356130,7166116858,10.93
7166116858,3824356130,10.93
7166116858,3824263292,62.19
3824263292,7166116858,62.19
3824263292,3824356128,37.05
3824356128,3824263292,37.05
5940178953,8837971548,2.02
8837971548,5940178953,2.02
8837971548,8837971549,2.08
8837971549,8837971548,2.08
8837971549,6242687056,2.32
6242687056,8837971549,2.32
6242687056,2401040313,22.03
2401040313,6242687056,22.03
2401040313,5940178954,6.31
5940178954,2401040313,6.31
5940178954,7166116857,72.98
7166116857,5940178954,72.98
7166116857,5940178955,51.31
5940178955,7166116857,51.31
5940178955,9938844970,6.06
9938844970,5940178955,6.06
9938844970,8311646346,68.95
8311646346,9938844970,68.95
8311646346,6270573446,11.69
6270573446,8311646346,11.69
6270573446,5940178957,5.22
5940178957,6270573446,5.22
5940178957,5940178958,4.77
5940178958,5940178957,4.77
5940178953,3824263294,53.33
3824263294,5940178953,53.33
3824263294,6270573449,47.61
6270573449,3824263294,47.61
6270573449,3824263297,3.00
3824263297,6270573449,3.00
3824263297,3824263295,4.36
3824263295,3824263297,4.36
3824263295,3824356130,9.23
3824356130,3824263295,9.23
5281534534,4716622883,129.53
4716622883,5281534534,129.53
4716622883,3875194730,3.93
3875194730,4716622883,3.93
3875194730,7966480259,11.22
7966480259,3875194730,11.22
7966480259,3875194729,22.81
3875194729,7966480259,22.81
3875194729,6298947303,28.71
6298947303,3875194729,28.71
6298947303,10273792630,11.23
10273792630,6298947303,11.23
10273792630,3875194724,20.03
3875194724,10273792630,20.03
3875194724,3875194722,29.70
3875194722,3875194724,29.70
3875194722,3875194718,27.04
3875194718,3875194722,27.04
3875194718,3875194712,19.48
3875194712,3875194718,19.48
3875194712,4716623476,5.86
4716623476,3875194712,5.86
4716623476,4716623475,9.03
4716623475,4716623476,9.03
4716623475,5342152951,11.74
5342152951,4716623475,11.74
5342152951,4716623474,47.59
4716623474,5342152951,47.59
4717672321,4717672284,4.16
4717672284,4717672321,4.16
4717672284,3894695620,4.22
3894695620,4717672284,4.22
3894695620,4717672283,19.25
4717672283,3894695620,19.25
4717672283,3894695621,26.50
3894695621,4717672283,26.50
3894695621,7947665028,3.59
7947665028,3894695621,3.59
7947665028,3897767098,10.58
3897767098,7947665028,10.58
3897767098,3894695623,114.21
3894695623,3897767098,114.21
3894695623,6769476685,5.72
6769476685,3894695623,5.72
6271529061,6271529062,4.15
6271529062,6271529061,4.15
6271529062,7947665034,46.84
7947665034,6271529062,46.84
7947665034,6271529063,28.91
6271529063,7947665034,28.91
6271529063,7947665035,13.98
7947665035,6271529063,13.98
7947665035,3894695628,14.42
3894695628,7947665035,14.42
3894695628,7947665037,20.82
7947665037,3894695628,20.82
7947665037,7947665031,12.74
7947665031,7947665037,12.74
7947665031,3894695626,20.69
3894695626,7947665031,20.69
3894695626,6271529065,2.58
6271529065,3894695626,2.58
6271529065,3894695625,2.19
3894695625,6271529065,2.19
3894695625,3894695624,20.97
3894695624,3894695625,20.97
3894695624,12644659401,26.96
12644659401,3894695624,26.96
12644659401,12644572800,39.83
12644572800,12644659401,39.83
12644572800,6769476687,37.46
6769476687,12644572800,37.46
3894695616,4717672355,115.67
4717672355,3894695616,115.67
4717672355,4717672286,112.40
4717672286,4717672355,112.40
4717672286,472447220,4.47
472447220,4717672286,4.47
9791542156,6769476688,7.86
6769476688,12644659403,55.41
12644659403,10605462451,16.70
10605462451,3897767095,16.04
3897767095,3897767093,19.03
3897767093,10605462454,15.54
10605462454,4717670584,4.22
4717670584,1664033666,11.99
1093469857,11878615211,15.12
11878615211,1093469825,18.09
1093469825,304613522,144.38
304613522,12698219234,7.71
12698219234,1306889059,40.48
1306889059,304613523,16.22
304613523,304613524,86.16
304613524,304613508,19.24
304613508,12644659437,10.42
12644659437,2397996073,11.93
2397996073,304613525,15.31
304613525,1306888891,11.55
1306888891,6276840216,66.55
6276840216,260571006,9.12
260571006,260571007,39.01
260571007,2954694853,9.12
2954694853,260571008,11.87
260571008,2153714733,10.53
2153714733,823729851,41.27
823729851,6276840208,7.60
6276840208,1177043046,9.65
1177043046,260571009,5.85
260571009,5036299168,64.61
5036299168,8040999123,30.45
8040999123,1093469944,5.99
1093469944,8040999118,7.40
8040999118,7951554467,97.60
7951554467,823729878,11.40
823729878,260571011,78.12
260571011,3817871242,47.53
3817871242,9772734273,4.65
9772734273,6276840189,8.91
6276840189,1093469823,14.01
3937764163,6170421251,4.19
6170421251,3937764163,4.19
6170421251,3937764164,89.20
3937764164,6170421251,89.20
3937764164,3937764165,15.48
3937764165,3937764164,15.48
3937764165,3937764166,38.44
3937764166,3937764165,38.44
1093685806,2393573051,17.01
2393573051,1097906695,134.32
1097906695,1114945009,113.94
1114945009,6470104603,31.88
6470104603,1115011387,33.34
1115011387,1115011365,33.27
1115011365,2393573042,34.83
2393573042,1094262572,7.44
1094262572,1093685773,26.52
1093685773,1141096960,24.99
1141096960,1093685859,1.40
1093685859,2393573018,12.71
2393573018,1093685761,84.34
1093685761,2393573041,9.65
2393573041,3743662724,154.12
3743662724,5923786376,104.79
5923786376,2393573049,4.23
2393573049,1094547405,14.00
1094547212,2393573046,14.74
2393573046,1093685728,108.67
1093685728,2393573019,4.33
2393573019,2393573007,150.30
2393573007,158030532,7.72
158030532,2393573039,86.64
2393573039,832285994,13.77
832285994,832285999,22.30
832285999,1114992523,29.16
1114992523,2393573010,7.21
2393573010,1097931942,56.30
1097931942,1114945003,77.21
1114945003,5894306197,58.16
5894306197,1115329197,49.10
1115329197,1115329145,7.02
1115329145,2393573013,133.74
2393573013,2238497066,16.93
1805702534,2263979134,11.89
2263979134,1805702426,47.79
1805702426,10605479602,9.86
10605479602,2393558994,10.86
2393558994,1805702539,18.22
1805702539,1805702538,15.48
475368581,6743338246,31.90
4163312808,4163312809,3.40
4163312809,4163312808,3.40
4163312809,4163312810,14.30
4163312810,4163312809,14.30
4163312810,4163312811,5.74
4163312811,4163312810,5.74
4371184321,6021509226,20.05
6021509226,4371184321,20.05
2649421029,4371184322,11.96
4371184322,2649421029,11.96
4371184322,7966600524,3.15
7966600524,4371184322,3.15
7966600524,4371184319,3.18
4371184319,7966600524,3.18
4371184319,7966600525,2.93
7966600525,4371184319,2.93
7966600525,7966600526,3.10
7966600526,7966600525,3.10
7966600526,7966600519,14.91
7966600519,7966600526,14.91
2649421030,4371184327,12.51
4371184327,2649421030,12.51
4371184327,7966600814,4.08
7966600814,4371184327,4.08
7966600814,4371184329,9.55
4371184329,7966600814,9.55
4371184329,4371184328,2.54
4371184328,4371184329,2.54
4371184328,4371184326,13.58
4371184326,4371184328,13.58
4371184332,4371184336,11.92
4371184336,4371184332,11.92
4371184336,7966600527,2.97
7966600527,4371184336,2.97
7966600527,4371184334,2.99
4371184334,7966600527,2.99
4371184334,7966600528,2.89
7966600528,4371184334,2.89
7966600528,4371184330,2.54
4371184330,7966600528,2.54
4371184330,4371184323,8.81
4371184323,4371184330,8.81
2649421032,6365189832,9.99
6365189832,2649421032,9.99
6365189832,4371184345,5.63
4371184345,6365189832,5.63
4371184345,4371184342,9.78
4371184342,4371184345,9.78
4371184342,4371184339,9.19
4371184339,4371184342,9.19
4371184339,4371184335,12.59
4371184335,4371184339,12.59
4371184335,4371184331,8.68
4371184331,4371184335,8.68
4371184331,2649421031,12.61
2649421031,4371184331,12.61
4371184328,4371184332,3.58
4371184332,4371184328,3.58
4371184332,4371184333,9.22
4371184333,4371184332,9.22
4371184333,7966600529,3.16
7966600529,4371184333,3.16
7966600529,7966600531,1.55
7966600531,7966600529,1.55
7966600531,4371184337,1.98
4371184337,7966600531,1.98
4371184337,7966600530,1.62
7966600530,4371184337,1.62
7966600530,4371184338,4.73
4371184338,7966600530,4.73
4371184338,7966600532,6.91
7966600532,4371184338,6.91
7966600532,4371184340,3.35
4371184340,7966600532,3.35
4371184340,7966600533,3.71
7966600533,4371184340,3.71
7966600533,4371184343,4.48
4371184343,7966600533,4.48
4371184343,7966600534,4.12
7966600534,4371184343,4.12
7966600534,4371184344,3.96
4371184344,7966600534,3.96
4371184344,4371184341,10.42
4371184341,4371184344,10.42
4384720659,4384720658,25.54
4384720658,4384720659,25.54
4506493830,4506493829,41.53
4506493829,4506493830,41.53
1094678285,4506493831,42.06
4506493831,1094678285,42.06
4506493833,4506493832,33.67
4506493832,4506493833,33.67
4506493832,2606035818,6.36
2606035818,4506493832,6.36
2606035867,4506493834,41.39
4506493834,2606035867,41.39
4506493837,4506493836,29.40
4506493836,4506493837,29.40
4506493836,4506493835,12.83
4506493835,4506493836,12.83
4506493839,4506493838,34.37
4506493838,4506493839,34.37
4506493841,4506493840,27.74
4506493840,4506493841,27.74
4506493843,4506493842,21.13
4506493842,4506493843,21.13
4506493845,4506493844,29.67
4506493844,4506493845,29.67
4506493847,4506493846,23.70
4506493846,4506493847,23.70
4506493849,4506493848,31.62
4506493848,4506493849,31.62
4506493851,4506493850,49.13
4506493850,4506493851,49.13
4506493853,4506493852,38.69
4506493852,4506493853,38.69
4506493855,4506493854,37.67
4506493854,4506493855,37.67
4506493858,4506493857,19.70
4506493857,4506493858,19.70
4506493857,4506493856,7.70
4506493856,4506493857,7.70
4506648463,4506648462,28.02
4506648462,4506648463,28.02
4506648465,10155735129,4.04
10155735129,4506648465,4.04
10155735129,4506648468,24.20
4506648468,10155735129,24.20
4506648468,4506648467,23.13
4506648467,4506648468,23.13
4506648467,4511333914,31.17
4511333914,4506648467,31.17
4511333914,4506648466,13.12
4506648466,4511333914,13.12
4506648470,6170421247,27.72
6170421247,4506648470,27.72
6170421247,4506648469,5.67
4506648469,6170421247,5.67
4506648472,6170421248,45.10
6170421248,4506648472,45.10
6170421248,4506648471,5.41
4506648471,6170421248,5.41
4506648474,4506648473,60.12
4506648473,4506648474,60.12
4506648476,4506648475,74.05
4506648475,4506648476,74.05
4506648478,4506648477,30.61
4506648477,4506648478,30.61
1094679927,4506648480,14.95
4506648480,1094679927,14.95
4506648480,4506648479,18.44
4506648479,4506648480,18.44
4506648483,4506648482,31.29
4506648482,4506648483,31.29
4506648482,4506648481,16.53
4506648481,4506648482,16.53
4506648485,4506648484,25.59
4506648484,4506648485,25.59
4506648489,4506648488,16.18
4506648488,4506648489,16.18
4506648488,4506648487,2.74
4506648487,4506648488,2.74
4506648487,4506648486,30.96
4506648486,4506648487,30.96
4506648491,4506648490,49.74
4506648490,4506648491,49.74
4506648493,4506648492,53.06
4506648492,4506648493,53.06
4506648496,4506648495,8.90
4506648495,4506648496,8.90
4506648495,4506648494,22.50
4506648494,4506648495,22.50
4506648500,4506648499,24.11
4506648499,4506648500,24.11
4506648499,4506648498,49.66
4506648498,4506648499,49.66
4506648498,4506648497,25.72
4506648497,4506648498,25.72
4506648502,4506648501,15.48
4506648501,4506648502,15.48
4506648504,4506648503,16.05
4506648503,4506648504,16.05
4506648508,4506648507,9.99
4506648507,4506648508,9.99
4506648507,4506648506,5.58
4506648506,4506648507,5.58
4506648506,4506648504,1.15
4506648504,4506648506,1.15
4506648504,4506648505,39.05
4506648505,4506648504,39.05
4506648510,4506648508,30.67
4506648508,4506648510,30.67
4506648508,4506648509,14.53
4506648509,4506648508,14.53
4506741716,4506741715,30.00
4506741715,4506741716,30.00
4506741718,4506741717,33.68
4506741717,4506741718,33.68
4506741720,4506741719,32.14
4506741719,4506741720,32.14
4506741722,4506741721,36.86
4506741721,4506741722,36.86
4511333913,4511333912,24.73
4511333912,4511333913,24.73
4511333915,6170450041,3.91
6170450041,4511333915,3.91
6170450041,4511333914,47.07
4511333914,6170450041,47.07
4511333917,6170421240,40.96
6170421240,4511333917,40.96
6170421240,4511333916,6.13
4511333916,6170421240,6.13
4511333919,6170421241,46.36
6170421241,4511333919,46.36
6170421241,4511333918,5.51
4511333918,6170421241,5.51
4511333921,6170421242,46.04
6170421242,4511333921,46.04
6170421242,4511333920,6.38
4511333920,6170421242,6.38
4511333923,6170421244,50.01
6170421244,4511333923,50.01
6170421244,4511333922,6.93
4511333922,6170421244,6.93
4511333925,4511333924,34.73
4511333924,4511333925,34.73
1665978205,4511333931,21.38
4511333931,1665978205,21.38
4511333958,4511333957,27.86
4511333957,4511333958,27.86
472382741,4716325385,110.67
4716325385,472382741,110.67
4716325385,4716325383,43.24
4716325383,4716325385,43.24
4716325383,4716325384,8.40
4716325384,4716325383,8.40
4716326289,4716325388,9.27
4716325388,4716326289,9.27
4716326324,4716325388,73.50
4716325388,4716326324,73.50
4716325388,4716326295,7.42
4716326295,4716325388,7.42
4716326295,4716326294,4.18
4716326294,4716326295,4.18
4716326294,4716326293,3.87
4716326293,4716326294,3.87
4716326293,4716326292,3.60
4716326292,4716326293,3.60
4716326292,4716326289,7.52
4716326289,4716326292,7.52
4716326289,4716326291,1.95
4716326291,4716326289,1.95
4716326291,4716326290,13.12
4716326290,4716326291,13.12
3809762375,4716623466,120.54
4716623466,3809762375,120.54
4716623466,2705533190,4.21
2705533190,4716623466,4.21
2705533190,2705533197,6.43
2705533197,2705533190,6.43
2705533197,3193716064,23.33
3193716064,2705533197,23.33
3193716064,4716326324,2.82
4716326324,3193716064,2.82
4716623403,2401069427,12.13
2401069427,4716623403,12.13
2401069427,4716622875,8.46
4716622875,2401069427,8.46
4716622880,4716622881,16.91
4716622881,4716622880,16.91
4716622881,3809762374,5.61
3809762374,4716622881,5.61
3809762374,2705533189,124.94
2705533189,3809762374,124.94
2705533189,2705533194,5.32
2705533194,2705533189,5.32
4716623396,2401069487,7.06
2401069487,4716623396,7.06
2401069487,2401069423,7.31
2401069423,2401069487,7.31
2401069423,4716623390,5.85
4716623390,2401069423,5.85
4716623392,9772601709,4.88
9772601709,4716623392,4.88
9772601709,11397244407,3.96
11397244407,9772601709,3.96
11397244407,4716622884,40.26
4716622884,11397244407,40.26
4716622884,4716623394,7.17
4716623394,4716622884,7.17
4716623394,4716623395,26.11
4716623395,4716623394,26.11
4716623395,4716623396,60.57
4716623396,4716623395,60.57
4716623396,4716622886,4.31
4716622886,4716623396,4.31
4716622886,4716622887,54.16
4716622887,4716622886,54.16
4716622887,4716623389,68.55
4716623389,4716622887,68.55
4716623389,4716622888,7.23
4716622888,4716623389,7.23
4716622888,4716623404,7.35
4716623404,4716622888,7.35
4716623404,4716623403,7.10
4716623403,4716623404,7.10
4716623403,9775094717,31.84
9775094717,4716623403,31.84
9775094717,9775094718,20.17
9775094718,9775094717,20.17
9775094718,9775094719,34.90
9775094719,9775094718,34.90
9775094719,9775094720,24.95
9775094720,9775094719,24.95
9775094720,9775094721,18.73
9775094721,9775094720,18.73
9775094721,9775094722,14.82
9775094722,9775094721,14.82
9775094722,9775094723,12.52
9775094723,9775094722,12.52
9775094723,9775094725,13.37
9775094725,9775094723,13.37
9775094725,9775094724,52.73
9775094724,9775094725,52.73
9775094724,9775094743,17.62
9775094743,9775094724,17.62
9775094743,9775094726,4.76
9775094726,9775094743,4.76
9775094726,6743338235,3.04
6743338235,9775094726,3.04
6349852278,6349861408,8.47
6349861408,6349852278,8.47
6349861408,6349863581,1.14
6349863581,6349861408,1.14
6349863581,6349861407,39.44
6349861407,6349863581,39.44
6349861407,6349861406,79.81
6349861406,6349861407,79.81
6349861406,733235043,79.92
733235043,6349861406,79.92
733235043,9771146715,7.79
9771146715,733235043,7.79
4716623408,2401069472,7.12
2401069472,4716623408,7.12
2401069472,2401069486,7.82
2401069486,2401069472,7.82
2401069486,4716623404,9.47
4716623404,2401069486,9.47
4716623427,1666084430,8.83
1666084430,4716623427,8.83
1666084430,1666084404,9.66
1666084404,1666084430,9.66
1666084404,4716623409,7.63
4716623409,1666084404,7.63
4716623412,2401069425,9.57
2401069425,4716623412,9.57
2401069425,4716623459,6.37
4716623459,2401069425,6.37
4716623416,4384718912,3.48
4384718912,4716623416,3.48
4384718912,4716623415,3.13
4716623415,4384718912,3.13
4716623415,4384718913,3.68
4384718913,4716623415,3.68
4384718913,4716623414,2.91
4716623414,4384718913,2.91
4716623417,4716623416,5.63
4716623416,4716623417,5.63
4716623416,4716623413,55.19
4716623413,4716623416,55.19
4716623413,4716623412,6.43
4716623412,4716623413,6.43
4716623412,5896227294,51.30
5896227294,4716623412,51.30
5896227294,4716623409,19.79
4716623409,5896227294,19.79
4716623409,4716623408,7.83
4716623408,4716623409,7.83
4716623408,4716623407,8.37
4716623407,4716623408,8.37
4716623407,9607761277,12.09
9607761277,4716623407,12.09
9607761277,5896227295,2.81
5896227295,9607761277,2.81
5896227295,4716623406,1.69
4716623406,5896227295,1.69
4716623406,4716623405,21.42
4716623405,4716623406,21.42
4716623405,4716623390,114.21
4716623390,4716623405,114.21
4716623390,4716623401,47.91
4716623401,4716623390,47.91
4716623401,4716623400,24.08
4716623400,4716623401,24.08
4716623400,4716622885,21.58
4716622885,4716623400,21.58
4716622885,4716623399,7.11
4716623399,4716622885,7.11
4716623399,4716623398,35.06
4716623398,4716623399,35.06
4716623398,9775081813,6.54
9775081813,4716623398,6.54
9775081813,4716623402,25.01
4716623402,9775081813,25.01
4716623437,4384718911,5.65
4384718911,4716623437,5.65
4384718911,4716623420,4.17
4716623420,4384718911,4.17
4716623420,4716623418,1.13
4716623418,4716623420,1.13
4716623418,4384718910,3.83
4384718910,4716623418,3.83
4384718910,4716623417,4.35
4716623417,4384718910,4.35
4716623426,6240815386,19.27
6240815386,4716623426,19.27
6240815386,4716623427,21.39
4716623427,6240815386,21.39
4716623427,6240815385,14.62
6240815385,4716623427,14.62
6240815385,9775094727,3.31
9775094727,6240815385,3.31
9775094727,4716622875,19.34
4716622875,9775094727,19.34
4716622875,9775094736,3.79
9775094736,4716622875,3.79
9775094736,9775094728,32.29
9775094728,9775094736,32.29
9775094728,9775094729,47.99
9775094729,9775094728,47.99
9775094729,9775094737,4.10
9775094737,9775094729,4.10
9775094737,9775094730,4.23
9775094730,9775094737,4.23
9775094730,9775094731,15.82
9775094731,9775094730,15.82
9775094731,9775094740,9.82
9775094740,9775094731,9.82
9775094740,9775094732,6.08
9775094732,9775094740,6.08
9775094732,9775094733,13.85
9775094733,9775094732,13.85
9775094733,9775094739,5.90
9775094739,9775094733,5.90
9775094739,9775094734,14.04
9775094734,9775094739,14.04
9775094734,9775094735,75.88
9775094735,9775094734,75.88
9775094735,9775094750,11.20
9775094750,9775094735,11.20
9775094750,9775094744,18.56
9775094744,9775094750,18.56
9775094744,9775081777,16.95
9775081777,9775094744,16.95
4716623428,1093489454,6.11
1093489454,4716623428,6.11
1093489454,4716623426,5.53
4716623426,1093489454,5.53
4716623429,4384718914,2.58
4384718914,4716623429,2.58
4384718914,4716623430,4.21
4716623430,4384718914,4.21
4716623432,4716623431,1.89
4716623431,4716623432,1.89
4716623433,4716623432,11.49
4716623432,4716623433,11.49
4716623460,4716623459,29.82
4716623459,4716623460,29.82
4716623459,4716623411,2.14
4716623411,4716623459,2.14
4716623411,4716623410,39.16
4716623410,4716623411,39.16
4716623410,4716623415,1.97
4716623415,4716623410,1.97
4716623434,4716623460,13.44
4716623460,4716623434,13.44
4716623452,1665978183,3.98
1665978183,4716623452,3.98
1665978183,4716623453,3.34
4716623453,1665978183,3.34
4716623455,2401069453,4.12
2401069453,4716623455,4.12
2401069453,2401069446,5.56
2401069446,2401069453,5.56
2401069446,2401069422,8.82
2401069422,2401069446,8.82
2401069422,4716623454,8.06
4716623454,2401069422,8.06
4716623456,4716623454,5.31
4716623454,4716623456,5.31
4716623454,4716623431,107.03
4716623431,4716623454,107.03
4716623431,4716623434,6.60
4716623434,4716623431,6.60
4716623458,2401069490,7.33
2401069490,4716623458,7.33
2401069490,4716623456,5.87
4716623456,2401069490,5.87
4716623458,2401069469,7.47
2401069469,4716623458,7.47
2401069469,2401069471,10.31
2401069471,2401069469,10.31
2401069471,4716623457,8.39
4716623457,2401069471,8.39
475368441,1665978192,9.10
1665978192,1665978183,50.95
1665978183,1666084424,9.27
1666084424,472360354,10.05
3875194730,4716622879,3.81
4716622879,3875194730,3.81
4716622879,4716622880,2.80
4716622880,4716622879,2.80
2705533169,4716623516,160.94
4716623516,2705533169,160.94
4716623420,4716623421,4.85
4716623421,4716623420,4.85
4716623421,4716623422,18.85
4716623422,4716623421,18.85
4716623422,4716623423,54.74
4716623423,4716623422,54.74
4716623423,4716623424,13.20
4716623424,4716623423,13.20
4716623424,4716623425,9.59
4716623425,4716623424,9.59
4716623425,4716623587,17.84
4716623587,4716623425,17.84
4716623587,4716623588,40.03
4716623588,4716623587,40.03
4716623588,7084892417,26.27
7084892417,4716623588,26.27
7084892417,4716623589,2.16
4716623589,7084892417,2.16
4716623473,4716623472,15.61
4716623472,4716623473,15.61
4716623472,4716623471,15.23
4716623471,4716623472,15.23
4716623471,4716623470,40.84
4716623470,4716623471,40.84
4716623470,4716623446,6.33
4716623446,4716623470,6.33
4716623446,4716623445,20.03
4716623445,4716623446,20.03
4716623445,4716623444,11.85
4716623444,4716623445,11.85
4716623444,4716623443,14.83
4716623443,4716623444,14.83
4716623443,4716623442,10.71
4716623442,4716623443,10.71
4716623442,4716623441,20.54
4716623441,4716623442,20.54
4716623441,4716623440,15.93
4716623440,4716623441,15.93
4716623440,4716623439,16.58
4716623439,4716623440,16.58
4716623439,4716623438,9.25
4716623438,4716623439,9.25
4716623438,4716623437,5.75
4716623437,4716623438,5.75
4716623437,4716623419,2.75
4716623419,4716623437,2.75
4716623419,4716623436,2.85
4716623436,4716623419,2.85
4716623436,4716623414,2.57
4716623414,4716623436,2.57
4716623414,4716623435,12.92
4716623435,4716623414,12.92
4716623435,4716623433,3.60
4716623433,4716623435,3.60
4716623433,4716623429,20.34
4716623429,4716623433,20.34
4716623589,4716623590,2.53
4716623590,4716623589,2.53
4716623590,7084892416,1.96
7084892416,4716623590,1.96
3875194712,4716623477,5.22
4716623477,3875194712,5.22
4716623477,3875194709,5.34
3875194709,4716623477,5.34
1664033904,4716623495,5.12
4716623495,1664033904,5.12
4716623495,4716623496,6.51
4716623496,4716623495,6.51
4716623496,4716623497,26.12
4716623497,4716623496,26.12
4716623497,4716623494,41.47
4716623494,4716623497,41.47
4716623494,2649421015,5.50
2649421015,4716623494,5.50
4716623592,2606035800,5.65
2606035800,4716623592,5.65
2606035800,4716623498,6.57
4716623498,2606035800,6.57
4716623501,4716623499,5.53
4716623499,4716623501,5.53
4716623499,4716623500,53.41
4716623500,4716623499,53.41
3875194727,4716623508,36.77
4716623508,3875194727,36.77
4716623508,4716623509,21.36
4716623509,4716623508,21.36
4716623509,4716623507,34.58
4716623507,4716623509,34.58
4716623507,4716623506,19.43
4716623506,4716623507,19.43
4716623506,4716623505,4.99
4716623505,4716623506,4.99
4716623505,4716623504,34.90
4716623504,4716623505,34.90
4716623516,4716623515,23.68
4716623515,4716623516,23.68
4716623515,3875194728,4.71
3875194728,4716623515,4.71
3387102851,3349166096,20.96
3349166096,3387102851,20.96
3349166096,3349162185,41.48
3349162185,3349166096,41.48
3349162185,10273580589,79.45
10273580589,3349162185,79.45
10273580589,3349162183,7.10
3349162183,10273580589,7.10
3349162183,3387102833,25.58
3387102833,3349162183,25.58
3387102833,10273792635,16.09
10273792635,3387102833,16.09
10273792635,10273792640,18.36
10273792640,10273792635,18.36
10273792640,10273792641,9.26
10273792641,10273792640,9.26
10273792641,3387102835,66.65
3387102835,10273792641,66.65
3387102835,3349166104,12.11
3349166104,3387102835,12.11
3349166104,10273792643,12.83
10273792643,3349166104,12.83
10273792643,3349166117,38.04
3349166117,10273792643,38.04
3349166117,4717672399,11.12
4717672399,3349166117,11.12
4717672399,4717672402,23.44
4717672402,4717672399,23.44
4717672402,4717672400,34.85
4717672400,4717672402,34.85
4717672400,4717672276,30.68
4717672276,4717672400,30.68
4716623768,3809762380,31.51
3809762380,4716623768,31.51
3809762380,4716623763,82.31
4716623763,3809762380,82.31
4716623763,4716623764,26.78
4716623764,4716623763,26.78
4716623764,6170421191,30.25
6170421191,4716623764,30.25
6170421191,4716623765,6.00
4716623765,6170421191,6.00
4716623765,4716623766,46.96
4716623766,4716623765,46.96
4716623766,4716623762,43.22
4716623762,4716623766,43.22
4716623762,4716623761,25.29
4716623761,4716623762,25.29
4716623761,6170421188,8.86
6170421188,4716623761,8.86
6170421188,4716623760,35.32
4716623760,6170421188,35.32
4716623760,6170418382,61.87
6170418382,4716623760,61.87
6170418382,4716623759,5.09
4716623759,6170418382,5.09
4716623759,4716623758,69.60
4716623758,4716623759,69.60
4716623758,6170418381,5.56
6170418381,4716623758,5.56
6170418381,4716623757,31.75
4716623757,6170418381,31.75
4716623757,4716623756,40.75
4716623756,4716623757,40.75
4716623756,4716623755,39.95
4716623755,4716623756,39.95
4716623755,4716623751,11.31
4716623751,4716623755,11.31
3129446525,2704049823,8.87
2704049823,3129446525,8.87
2704049823,4716325383,55.38
4716325383,2704049823,55.38
4716325383,3800486852,101.12
3800486852,4716325383,101.12
3800486852,9954059388,3.59
9954059388,3800486852,3.59
9954059388,3809762376,10.37
3809762376,9954059388,10.37
3809762376,4716623769,38.55
4716623769,3809762376,38.55
4716623769,3809762377,90.10
3809762377,4716623769,90.10
3809762377,3809762379,9.73
3809762379,3809762377,9.73
3809762379,4716623768,17.99
4716623768,3809762379,17.99
4717672408,366932920,15.32
366932920,4717672408,15.32
2196829288,5889304193,9.34
5889304193,2196829288,9.34
5889304193,6497574980,8.77
6497574980,5889304193,8.77
6497574980,4777901217,12.03
4777901217,6497574980,12.03
4777901217,4777901218,15.84
4777901218,4777901217,15.84
4777901218,5889312134,14.02
5889312134,4777901218,14.02
5889312134,4777901219,7.37
4777901219,5889312134,7.37
4777901219,4777901220,18.96
4777901220,4777901219,18.96
4777901220,4777901321,9.58
4777901321,4777901220,9.58
4777901321,4777901322,8.82
4777901322,4777901321,8.82
4777901322,4777901323,25.80
4777901323,4777901322,25.80
4777901323,4777901324,7.20
4777901324,4777901323,7.20
4777901324,5889304192,20.01
5889304192,4777901324,20.01
2196826930,5889304191,19.65
5889304191,2196826930,19.65
5889304191,4777901328,20.54
4777901328,5889304191,20.54
4777901328,4777901329,9.23
4777901329,4777901328,9.23
5036299167,6276840083,23.50
6276840083,5036299167,23.50
6276840083,5036299168,6.39
5036299168,6276840083,6.39
472447238,472447237,34.11
472447237,472447238,34.11
472447237,5555808384,27.98
5555808384,472447237,27.98
5889312137,5889312133,11.69
5889312133,5889312137,11.69
5889312133,5889312132,14.36
5889312132,5889312133,14.36
5889312132,5889312131,10.58
5889312131,5889312132,10.58
5889312136,5889312135,12.61
5889312135,5889312136,12.61
5889312135,5889312134,18.76
5889312134,5889312135,18.76
4777901323,5889312142,10.40
5889312142,4777901323,10.40
5889312142,6497574976,10.36
6497574976,5889312142,10.36
6497574976,5889312141,9.27
5889312141,6497574976,9.27
5889312141,5889312140,14.57
5889312140,5889312141,14.57
5889312140,5889312139,14.76
5889312139,5889312140,14.76
5889312139,5889312138,8.39
5889312138,5889312139,8.39
5889312138,5889312136,6.11
5889312136,5889312138,6.11
5889312136,5889312137,5.44
5889312137,5889312136,5.44
5889312137,6497574979,6.53
6497574979,5889312137,6.53
6497574979,2196829296,6.69
2196829296,6497574979,6.69
5889316872,5889316871,15.59
5889316871,5889316872,15.59
5889316871,5889316870,11.32
5889316870,5889316871,11.32
5889316870,5889316869,23.43
5889316869,5889316870,23.43
5889316869,5889316868,18.22
5889316868,5889316869,18.22
5889316868,5933198343,7.74
5933198343,5889316868,7.74
6475239330,6475403601,7.07
6475403601,6475239330,7.07
6475403601,6475403600,1.81
6475403600,6475403601,1.81
6475403600,6475403599,1.10
6475403599,6475403600,1.10
6475403599,6475403598,1.67
6475403598,6475403599,1.67
6475403598,6475403597,1.54
6475403597,6475403598,1.54
6475403597,5889316876,2.24
5889316876,6475403597,2.24
5889316876,5889316875,7.89
5889316875,5889316876,7.89
5889316875,6475239329,4.83
6475239329,5889316875,4.83
6475239329,5889316874,8.60
5889316874,6475239329,8.60
5889316874,5889316873,15.92
5889316873,5889316874,15.92
5889316873,5889316872,10.96
5889316872,5889316873,10.96
5889316872,832286006,5.08
832286006,5889316872,5.08
5889318990,5889316868,45.31
5889316868,5889318990,45.31
5889318991,5889318990,8.91
5889318990,5889318991,8.91
5889318990,2196826825,11.48
2196826825,5889318990,11.48
5889316874,5889321096,4.00
5889321096,5889316874,4.00
5889375626,5889375625,6.67
5889375625,5889375626,6.67
5889375625,5889375624,2.38
5889375624,5889375625,2.38
5889375624,5889375623,3.07
5889375623,5889375624,3.07
5889375623,5889375622,2.97
5889375622,5889375623,2.97
5889375633,5889375643,3.58
5889375643,5889375633,3.58
5889375643,5889375632,2.52
5889375632,5889375643,2.52
5889375632,5889375631,1.57
5889375631,5889375632,1.57
5889375631,5889375630,2.02
5889375630,5889375631,2.02
5889375630,5889375629,2.75
5889375629,5889375630,2.75
5889375629,5889375628,1.74
5889375628,5889375629,1.74
5889375628,5889375627,1.76
5889375627,5889375628,1.76
5889375627,5889375642,1.43
5889375642,5889375627,1.43
5889375642,5889375633,2.18
5889375633,5889375642,2.18
5889375642,5889375638,4.49
5889375638,5889375642,4.49
5889375638,5889375637,5.48
5889375637,5889375638,5.48
5889375637,5889375636,8.29
5889375636,5889375637,8.29
5889375636,5889375635,4.32
5889375635,5889375636,4.32
5889375635,5889375634,3.89
5889375634,5889375635,3.89
5889375634,2196829308,4.89
2196829308,5889375634,4.89
2196829298,6475403607,5.78
6475403607,2196829298,5.78
6475403607,5889375639,2.79
5889375639,6475403607,2.79
5889375639,5889375640,10.84
5889375640,5889375639,10.84
5889375640,5889375641,6.66
5889375641,5889375640,6.66
5889375641,5889375643,2.02
5889375643,5889375641,2.02
5889375650,5889375649,12.84
5889375649,5889375650,12.84
5889375649,5889375648,21.07
5889375648,5889375649,21.07
5889375648,5889375647,17.19
5889375647,5889375648,17.19
5889375647,5889375646,6.23
5889375646,5889375647,6.23
5889375646,5923899293,1.20
5923899293,5889375646,1.20
5923899293,5889375645,2.17
5889375645,5923899293,2.17
5889381879,5889381878,16.46
5889381878,5889381879,16.46
5889381878,5889381877,10.66
5889381877,5889381878,10.66
5889381877,5889381876,8.89
5889381876,5889381877,8.89
5889381876,5889381875,4.22
5889381875,5889381876,4.22
5889381875,5889381874,8.51
5889381874,5889381875,8.51
5889381874,5889381873,6.56
5889381873,5889381874,6.56
5889381873,5889381872,5.05
5889381872,5889381873,5.05
5889392788,5889392483,4.35
5889392483,5889392788,4.35
5889392483,5889392482,3.80
5889392482,5889392483,3.80
5889392482,5889392481,5.32
5889392481,5889392482,5.32
5889392481,5889392480,10.48
5889392480,5889392481,10.48
5889392480,5889392479,3.99
5889392479,5889392480,3.99
5889392479,5889392803,6.61
5889392803,5889392479,6.61
5889392797,5889392790,5.48
5889392790,5889392797,5.48
5889392790,5889392789,4.63
5889392789,5889392790,4.63
5889392789,5889392788,5.29
5889392788,5889392789,5.29
5889392788,5889392787,8.30
5889392787,5889392788,8.30
5889392787,5889392786,6.94
5889392786,5889392787,6.94
5889392786,5889392785,2.83
5889392785,5889392786,2.83
5889392785,5889392484,4.96
5889392484,5889392785,4.96
5889392484,5889392808,4.89
5889392808,5889392484,4.89
5889392812,5889392798,22.16
5889392798,5889392812,22.16
5889392798,5889392797,12.20
5889392797,5889392798,12.20
5889392797,5889392796,7.53
5889392796,5889392797,7.53
5889392808,5889392807,4.61
5889392807,5889392808,4.61
5889392807,5889392806,8.76
5889392806,5889392807,8.76
5889392806,5889392805,4.84
5889392805,5889392806,4.84
5889392805,5889392804,4.35
5889392804,5889392805,4.35
5889392804,5889392803,4.73
5889392803,5889392804,4.73
5889392803,5889392802,5.33
5889392802,5889392803,5.33
5889384706,5889392816,4.89
5889392816,5889384706,4.89
5889392816,5889392815,10.87
5889392815,5889392816,10.87
5889392815,5889392814,14.66
5889392814,5889392815,14.66
5889392814,5889392813,10.83
5889392813,5889392814,10.83
5889392813,5889392812,14.67
5889392812,5889392813,14.67
5889392812,5889392811,18.30
5889392811,5889392812,18.30
5889392811,5889392810,15.60
5889392810,5889392811,15.60
5996050697,5889406945,15.26
5889406945,5996050697,15.26
5996050696,5889406946,14.99
5889406946,5996050696,14.99
5892004446,5892004447,27.56
5892004447,5892004446,27.56
10155735176,10155735177,21.97
10155735177,10155735176,21.97
10155735139,5892004452,15.23
5892004452,10155735139,15.23
5892004452,5892004453,47.87
5892004453,5892004452,47.87
5892004474,5892004475,17.43
5892004475,5892004474,17.43
5892004484,5892004485,13.65
5892004485,5892004484,13.65
5894305069,7496288481,19.26
7496288481,5894305069,19.26
7496288481,5894305068,18.88
5894305068,7496288481,18.88
5894305068,7496288478,30.97
7496288478,5894305068,30.97
7496288478,7496288482,1.78
7496288482,7496288478,1.78
7496288482,5894305067,15.50
5894305067,7496288482,15.50
5894306191,1114854327,1.91
1114854327,5894306191,1.91
1114854327,5894306190,1.50
5894306190,1114854327,1.50
5894306190,5894306189,7.90
5894306189,5894306190,7.90
5894306189,7496288477,14.24
7496288477,5894306189,14.24
7496288477,5894306188,18.56
5894306188,7496288477,18.56
5894306188,5894306187,35.51
5894306187,5894306188,35.51
5894306187,7496288476,19.11
7496288476,5894306187,19.11
7496288476,7496288479,15.53
7496288479,7496288476,15.53
7496288479,5894306186,1.58
5894306186,7496288479,1.58
5894306186,7496288478,16.53
7496288478,5894306186,16.53
7496288478,5894306191,11.08
5894306191,7496288478,11.08
1114854321,5894306193,15.63
5894306193,1114854321,15.63
5894306193,7496288477,2.20
7496288477,5894306193,2.20
7496288477,5894305067,19.05
5894305067,7496288477,19.05
5894305067,7496288476,16.46
7496288476,5894305067,16.46
7496288476,5894306192,3.10
5894306192,7496288476,3.10
5896227292,5896227293,19.53
5896227293,5896227292,19.53
5896227293,5896227294,14.11
5896227294,5896227293,14.11
5896227295,5896227296,18.92
5896227296,5896227295,18.92
5896227296,5896227297,12.76
5896227297,5896227296,12.76
8294171361,5899162580,14.46
5899162580,8294171361,14.46
5899162581,475369177,16.70
475369177,5899162581,16.70
5899162687,5899162688,36.68
5899162688,5899162687,36.68
2397996033,12850764813,6.45
12850764813,2397996033,6.45
12850764813,2397996012,4.61
2397996012,12850764813,4.61
2397996012,12850764812,3.92
12850764812,2397996012,3.92
12850764812,5899162714,16.79
5899162714,12850764812,16.79
5899162714,5899162715,37.62
5899162715,5899162714,37.62
5899162715,5899162716,27.83
5899162716,5899162715,27.83
5899162716,5899162717,7.81
5899162717,5899162716,7.81
5909339998,5923373926,8.66
5923373926,5909339998,8.66
5923373926,5889406947,13.31
5889406947,5923373926,13.31
2196826904,5923373928,8.58
5923373928,2196826904,8.58
5923373928,5889406949,13.52
5889406949,5923373928,13.52
5909352280,5909353885,9.88
5909353885,5909352280,9.88
5909352275,5909353894,19.09
5909353894,5909352275,19.09
5909352276,5909353895,18.00
5909353895,5909352276,18.00
5909352282,5909352277,3.88
5909352277,5909352282,3.88
5909352277,5909352272,6.33
5909352272,5909352277,6.33
5909352272,5909352276,2.61
5909352276,5909352272,2.61
5909352276,5909352275,5.14
5909352275,5909352276,5.14
5909352275,5909352274,6.42
5909352274,5909352275,6.42
5909352274,5909352273,5.97
5909352273,5909352274,5.97
5909352273,5909352278,3.44
5909352278,5909352273,3.44
5909352283,5909353900,10.21
5909353900,5909352283,10.21
5909353900,5909352282,22.55
5909352282,5909353900,22.55
5909352282,5909352281,2.80
5909352281,5909352282,2.80
5909352281,5909352280,13.10
5909352280,5909352281,13.10
5909352280,5909352279,13.05
5909352279,5909352280,13.05
5909352279,5909352278,3.53
5909352278,5909352279,3.53
5909352278,5909353905,12.50
5909353905,5909352278,12.50
5909352284,5909353886,12.46
5909353886,5909352284,12.46
5909353899,5909353896,14.89
5909353896,5909353899,14.89
5909353896,5909353886,5.87
5909353886,5909353896,5.87
5909353886,5909353895,6.90
5909353895,5909353886,6.90
5909353895,5909353894,3.60
5909353894,5909353895,3.60
5909353894,5909353893,20.19
5909353893,5909353894,20.19
5909353893,5909353892,5.81
5909353892,5909353893,5.81
5909353892,5909353891,1.99
5909353891,5909353892,1.99
5909353891,5909353890,4.87
5909353890,5909353891,4.87
5909353890,5909353889,4.29
5909353889,5909353890,4.29
5909352268,5909352269,7.15
5909352269,5909352268,7.15
5909352269,5909352270,4.01
5909352270,5909352269,4.01
5909352270,5909352271,7.77
5909352271,5909352270,7.77
5909352271,2196829276,6.82
2196829276,5909352271,6.82
2196829276,5909353889,8.53
5909353889,2196829276,8.53
5909353889,5909353907,5.49
5909353907,5909353889,5.49
5909353907,5909353888,4.37
5909353888,5909353907,4.37
5909353888,5909353906,1.93
5909353906,5909353888,1.93
5909353906,5909353905,25.41
5909353905,5909353906,25.41
5909353905,5909353904,13.35
5909353904,5909353905,13.35
5909353904,5909353885,25.79
5909353885,5909353904,25.79
5909353885,5909353903,29.44
5909353903,5909353885,29.44
5909353903,5909353902,5.54
5909353902,5909353903,5.54
5909353902,5909353901,4.39
5909353901,5909353902,4.39
5909353901,5909353900,5.99
5909353900,5909353901,5.99
5909353900,5909353899,20.03
5909353899,5909353900,20.03
5909353899,5909353898,10.55
5909353898,5909353899,10.55
5909353898,5909353897,4.58
5909353897,5909353898,4.58
5909353897,2196829305,6.15
2196829305,5909353897,6.15
13091841089,5924035200,53.41
5924035200,13091841089,53.41
5889312140,4777901329,11.91
4777901329,5889312140,11.91
4777901329,4777901330,11.84
4777901330,4777901329,11.84
4777901330,2196829280,9.41
2196829280,4777901330,9.41
5921983145,5921983144,4.83
5921983144,5921983145,4.83
5921983144,5921983143,4.84
5921983143,5921983144,4.84
5921983143,5921983142,4.84
5921983142,5921983143,4.84
5921983142,5921983141,4.84
5921983141,5921983142,4.84
5921983141,5921983140,4.84
5921983140,5921983141,4.84
5921983140,5921983145,4.84
5921983145,5921983140,4.84
2196829279,5889316877,4.92
5889316877,2196829279,4.92
5889316877,5889316876,13.54
5889316876,5889316877,13.54
5922560957,5922560958,77.35
5922560958,5922560957,77.35
5922560958,5922560960,44.51
5922560960,5922560958,44.51
5922560960,5922560959,23.04
5922560959,5922560960,23.04
5922560959,5922560961,10.40
5922560961,5922560959,10.40
5922560961,5922562745,24.63
5922562745,5922560961,24.63
5922562745,5922560964,7.20
5922560964,5922562745,7.20
5922560964,6470216485,0.65
6470216485,5922560964,0.65
6470216485,5922560963,32.72
5922560963,6470216485,32.72
5922560963,5922560965,10.11
5922560965,5922560963,10.11
5923347813,5909352283,7.62
5909352283,5923347813,7.62
5909352283,5909353898,17.45
5909353898,5909352283,17.45
5909353898,5923347812,7.54
5923347812,5909353898,7.54
5923347812,5923347811,4.26
5923347811,5923347812,4.26
5923347811,5923347810,6.32
5923347810,5923347811,6.32
5923347810,5923347809,5.44
5923347809,5923347810,5.44
5923347809,5923347808,9.97
5923347808,5923347809,9.97
5923347808,5923347807,13.07
5923347807,5923347808,13.07
5923347807,5923347806,3.53
5923347806,5923347807,3.53
5923347806,5923347805,4.37
5923347805,5923347806,4.37
5923347805,5923347804,3.75
5923347804,5923347805,3.75
5923347804,5923347803,3.54
5923347803,5923347804,3.54
5923347803,5923347802,4.00
5923347802,5923347803,4.00
5923347802,5923347801,5.60
5923347801,5923347802,5.60
5923347801,5923347800,4.43
5923347800,5923347801,4.43
5923347800,5923347799,3.81
5923347799,5923347800,3.81
5923347799,5923347798,3.10
5923347798,5923347799,3.10
5923347798,5923347797,4.00
5923347797,5923347798,4.00
5923347797,2196829265,9.42
2196829265,5923347797,9.42
2196829265,5923899300,3.59
5923899300,2196829265,3.59
5923899300,5889375645,16.08
5889375645,5923899300,16.08
5889375645,5923347796,2.86
5923347796,5889375645,2.86
5923347796,5923347795,10.45
5923347795,5923347796,10.45
5923347795,5923347813,13.87
5923347813,5923347795,13.87
5923347814,5996050693,49.41
5996050693,5923347814,49.41
5996050693,5889406945,48.93
5889406945,5996050693,48.93
5889406945,5889406946,13.62
5889406946,5889406945,13.62
5889406946,5923786353,65.15
5923786353,5889406946,65.15
5923786353,5923786352,6.91
5923786352,5923786353,6.91
5923786352,5923786351,23.98
5923786351,5923786352,23.98
5889439736,5923786348,15.47
5923786348,5889439736,15.47
5923786348,5923786347,3.64
5923786347,5923786348,3.64
5923786347,5923786349,2.91
5923786349,5923786347,2.91
5923786349,5923786350,5.33
5923786350,5923786349,5.33
5923786350,5923786354,22.52
5923786354,5923786350,22.52
5923786354,5921948583,17.93
5921948583,5923786354,17.93
5921948583,5921948582,28.35
5921948582,5921948583,28.35
5921948582,5921948581,4.62
5921948581,5921948582,4.62
5921948581,5921948578,2.87
5921948578,5921948581,2.87
5921948578,5921948579,2.92
5921948579,5921948578,2.92
5921948579,5921948580,4.09
5921948580,5921948579,4.09
5921948580,5889439737,5.19
5889439737,5921948580,5.19
5889439737,5889439738,3.43
5889439738,5889439737,3.43
5889439738,5923347816,6.58
5923347816,5889439738,6.58
5923347816,5923347818,2.98
5923347818,5923347816,2.98
5923347818,2196826854,19.13
2196826854,5923347818,19.13
2196826854,5923786344,5.85
5923786344,2196826854,5.85
5923786344,5923347817,5.41
5923347817,5923786344,5.41
5923347817,5923347815,24.41
5923347815,5923347817,24.41
5923347815,5889439736,23.66
5889439736,5923347815,23.66
475368482,5923373918,7.53
5923373918,475368482,7.53
5923373918,5923373917,40.21
5923373917,5923373918,40.21
5923373917,475368481,7.86
475368481,5923373917,7.86
5889398753,4777901207,18.72
4777901207,5889398753,18.72
4777901207,5889398754,9.70
5889398754,4777901207,9.70
5889398754,4777901206,7.29
4777901206,5889398754,7.29
4777901206,4777901205,14.69
4777901205,4777901206,14.69
4777901205,1141097020,15.07
1141097020,4777901205,15.07
1141097020,1141097015,10.10
1141097015,1141097020,10.10
5923373928,5923373926,7.47
5923373926,5923373928,7.47
5923373926,5923373927,10.95
5923373927,5923373926,10.95
1094547212,1094547405,10.54
1094547405,1094547212,10.54
5923786358,1094547286,4.77
1094547286,5923786358,4.77
1094547286,1094351465,6.08
1094351465,1094547286,6.08
1094351465,5923786357,6.27
5923786357,1094351465,6.27
5923786371,5922450063,5.08
5922450063,5923786371,5.08
5922450063,5922450064,4.73
5922450064,5922450063,4.73
5922450064,5923786360,5.34
5923786360,5922450064,5.34
5922451956,5922450061,3.55
5922450061,5922451956,3.55
5922450061,5922450060,4.93
5922450060,5922450061,4.93
5922450060,5923786361,5.27
5923786361,5922450060,5.27
5909353888,5909353887,4.86
5909353887,5909353888,4.86
5909353887,5909353893,6.46
5909353893,5909353887,6.46
1141097036,2196826931,25.62
2196826931,1141097036,25.62
5924022511,5924022510,9.43
5924022510,5924022511,9.43
5924022514,5924022511,9.34
5924022511,5924022514,9.34
5924022510,5924022512,5.41
5924022512,5924022510,5.41
5924022512,5924022513,13.94
5924022513,5924022512,13.94
2196826831,5924035209,3.83
5924035209,2196826831,3.83
5924035209,5924035208,6.87
5924035208,5924035209,6.87
5924035208,5924035207,5.93
5924035207,5924035208,5.93
5924035207,5924035206,6.16
5924035206,5924035207,6.16
5924035206,5924035205,6.17
5924035205,5924035206,6.17
5924035205,5924035204,5.11
5924035204,5924035205,5.11
5924035204,5924035203,3.19
5924035203,5924035204,3.19
5924035203,5924035202,2.29
5924035202,5924035203,2.29
5933198344,832286019,3.23
832286019,5933198344,3.23
832286019,5933198343,3.64
5933198343,832286019,3.64
5933200897,5933200896,13.34
5933200896,5933200897,13.34
5933200896,5933200898,4.92
5933200898,5933200896,4.92
1094262785,5933200897,59.84
5933200897,1094262785,59.84
5940180233,6270573435,23.60
6270573435,5940180233,23.60
6270573435,5940180232,5.90
5940180232,6270573435,5.90
5889321092,2196826829,10.72
2196826829,5889321092,10.72
2196826829,6475403603,3.41
6475403603,2196826829,3.41
5889321093,6475424225,5.08
6475424225,5889321093,5.08
6475424225,5889321092,1.74
5889321092,6475424225,1.74
5889375622,5889375628,1.99
5889375628,5889375622,1.99
2196829246,5889375626,8.70
5889375626,2196829246,8.70
5889392813,5889392809,9.65
5889392809,5889392813,9.65
5889392809,5889392808,5.73
5889392808,5889392809,5.73
475368495,5996050472,16.84
5996050472,475368495,16.84
5889392803,6497734539,11.65
6497734539,5889392803,11.65
6497734539,6497734543,4.11
6497734543,6497734539,4.11
6497734543,5996050472,18.65
5996050472,6497734543,18.65
5889392801,5889392800,5.08
5889392800,5889392801,5.08
5889392802,5889392801,18.69
5889392801,5889392802,18.69
5889392800,5889392799,16.91
5889392799,5889392800,16.91
5889392799,5889381873,2.54
5889381873,5889392799,2.54
5996050693,5996050692,19.66
5996050692,5996050693,19.66
5996050692,2196826882,30.76
2196826882,5996050692,30.76
2196826935,2196826882,11.73
2196826882,2196826935,11.73
1141097016,2196826935,9.06
2196826935,1141097016,9.06
5996050701,5996050696,10.14
5996050696,5996050701,10.14
5889406948,5996050700,9.48
5996050700,5889406948,9.48
5996050699,5996050698,3.95
5996050698,5996050699,3.95
5996050698,5996050697,9.95
5996050697,5996050698,9.95
5996050700,5996050701,4.20
5996050701,5996050700,4.20
5889398753,5996050699,9.58
5996050699,5889398753,9.58
1093469903,6276840190,14.50
6276840190,2848912101,2.55
2848912101,1093856756,26.76
1093856756,1093469883,32.21
1093469883,1093856535,43.22
1093856535,1093469819,34.82
1093469819,7951554468,11.42
7951554468,8040999119,97.37
8040999119,1093469844,7.51
1093469844,8040999122,5.93
8040999122,1093469972,88.30
1093469972,1177043045,15.53
1177043045,6296943993,6.38
6296943993,1093469806,7.67
1093469806,1093469809,40.33
1093469809,1094130474,10.64
1094130474,1094130518,12.33
1094130518,6276840217,60.78
6276840217,1093469954,8.27
1093469954,1093469960,73.43
1093469960,2397996049,10.40
2397996049,1093469878,6.14
1093469878,12644659436,7.22
12644659436,1093469880,8.86
1093469880,2397996072,17.32
2397996072,1093469957,5.94
1093469957,1094104467,54.53
1094104467,1093469893,24.40
1093469893,9136988781,20.48
9136988781,1094104522,13.80
1094104522,1093469927,29.86
1093469927,1094104897,19.27
1094104897,1093469956,59.28
1093469956,1093469967,60.50
1093469967,2153714732,19.05
2153714732,6276850607,5.79
6276850607,1093469857,15.50
191504259,2401040264,10.84
2401040264,475109993,81.11
475109993,5940179735,32.58
5940179735,10605469632,72.10
10605469632,1664033742,7.57
1664033742,2401040290,6.10
2401040290,1664033733,17.58
1664033733,472447008,120.76
472447008,191504258,40.96
191504258,472447007,12.07
472447007,12644572796,11.63
12644572796,2621323828,11.57
2621323828,295406736,13.76
295406736,2401040295,19.80
2401040295,1664033660,55.05
1664033660,1664033683,21.95
1664033683,12644572798,14.80
12644572798,4717670580,13.51
4717670580,4717670581,13.37
4717670581,260906093,12.76
260906093,10605462457,13.00
10605462457,4717670583,6.65
4717670583,295406737,17.55
1665929704,7987251105,35.09
7987251105,1664033817,16.01
733235025,733235039,9.19
6470216555,6470216556,3.34
6470216556,6470216555,3.34
6470216556,6470216554,6.75
6470216554,6470216556,6.75
6170421197,6170421252,8.94
6170421252,6170421197,8.94
6170421252,6170421212,7.85
6170421212,6170421252,7.85
6170421256,6170421197,3.89
6170421197,6170421256,3.89
6170421197,6170421196,55.30
6170421196,6170421197,55.30
6170421196,6170421195,19.58
6170421195,6170421196,19.58
6170421195,6170421194,65.19
6170421194,6170421195,65.19
6170421194,6170421193,33.30
6170421193,6170421194,33.30
6170421193,5923786366,5.47
5923786366,6170421193,5.47
5923786366,5923786367,31.95
5923786367,5923786366,31.95
5923786367,5923786358,18.99
5923786358,5923786367,18.99
5923786358,5923786368,2.63
5923786368,5923786358,2.63
5923786368,5923786369,23.98
5923786369,5923786368,23.98
5923786369,5923786370,39.64
5923786370,5923786369,39.64
5923786370,5923786371,6.73
5923786371,5923786370,6.73
5923786371,5923786372,2.72
5923786372,5923786371,2.72
5923786372,5922450062,8.19
5922450062,5923786372,8.19
5922450062,5922451955,5.47
5922451955,5922450062,5.47
5922451955,5922451956,3.90
5922451956,5922451955,3.90
5922451956,5922451957,41.43
5922451957,5922451956,41.43
5922451957,3809762381,6.88
3809762381,5922451957,6.88
3809762381,3800486910,6.50
3800486910,3809762381,6.50
3800486910,3800486866,16.72
3800486866,3800486910,16.72
3800486866,3800486883,18.23
3800486883,3800486866,18.23
3800486883,3800486846,24.33
3800486846,3800486883,24.33
3800486846,3800486925,20.75
3800486925,3800486846,20.75
3800486925,3800364566,28.99
3800364566,3800486925,28.99
6170421255,6170421198,3.62
6170421198,6170421255,3.62
6170421198,6170421256,3.75
6170421256,6170421198,3.75
6170450025,6170450026,8.36
6170450026,6170450025,8.36
6170450026,6170450027,8.98
6170450027,6170450026,8.98
6170421208,6170450029,4.11
6170450029,6170421208,4.11
6170450029,6170421238,3.35
6170421238,6170450029,3.35
6170450035,6170450036,6.10
6170450036,6170450035,6.10
6170450036,6170450037,6.34
6170450037,6170450036,6.34
10155735142,10155735141,1.55
10155735141,10155735142,1.55
10155735141,10155735140,2.84
10155735140,10155735141,2.84
10155735140,10155735152,3.63
10155735152,10155735140,3.63
10155735152,10155735138,60.40
10155735138,10155735152,60.40
10155735138,10155735137,5.84
10155735137,10155735138,5.84
10155735137,10155735136,2.62
10155735136,10155735137,2.62
10155735136,5892004484,31.38
5892004484,10155735136,31.38
5892004484,10155735135,52.55
10155735135,5892004484,52.55
10155735135,10155735134,1.62
10155735134,10155735135,1.62
10155735134,10155735133,1.94
10155735133,10155735134,1.94
10155735133,10170286625,3.77
10170286625,10155735133,3.77
10170286625,10155735132,65.77
10155735132,10170286625,65.77
10155735132,10155735131,27.97
10155735131,10155735132,27.97
10155735131,10155735130,11.81
10155735130,10155735131,11.81
10155735130,10155735129,1.86
10155735129,10155735130,1.86
10155735129,10155735128,1.62
10155735128,10155735129,1.62
10155735128,10155735127,27.08
10155735127,10155735128,27.08
10155735127,6170450041,2.08
6170450041,10155735127,2.08
6170450041,6170450042,55.11
6170450042,6170450041,55.11
6170450042,6170450043,4.31
6170450043,6170450042,4.31
6170450043,6170450055,18.31
6170450055,6170450043,18.31
6170450055,6170450044,17.41
6170450044,6170450055,17.41
6170421250,6170450045,4.53
6170450045,6170421250,4.53
6170450045,6170450042,3.99
6170450042,6170450045,3.99
6170421249,6170450046,7.77
6170450046,6170421249,7.77
6170450046,6170450047,5.71
6170450047,6170450046,5.71
6170450048,6170450049,9.80
6170450049,6170450048,9.80
6170450049,6170450050,8.75
6170450050,6170450049,8.75
9737161869,9737054471,11.42
9737054471,9737161869,11.42
9737054471,10155735182,35.51
10155735182,9737054471,35.51
10155735182,9737161891,7.46
9737161891,10155735182,7.46
9737161891,9737054470,20.13
9737054470,9737161891,20.13
9737054470,9737054469,6.31
9737054469,9737054470,6.31
9737054469,9737161884,19.17
9737161884,9737054469,19.17
9737161884,9737054468,2.74
9737054468,9737161884,2.74
9737054468,9737054467,25.12
9737054467,9737054468,25.12
9737054467,9737161889,9.00
9737161889,9737054467,9.00
9737161889,9737054466,25.72
9737054466,9737161889,25.72
9737054466,9737054472,1.32
9737054472,9737054466,1.32
9737054472,9737054465,3.52
9737054465,9737054472,3.52
9737054465,9737054464,58.60
9737054464,9737054465,58.60
9737054464,9737054463,2.87
9737054463,9737054464,2.87
9737054463,10210957978,4.86
10210957978,9737054463,4.86
10210957978,6743360384,0.65
6743360384,10210957978,0.65
6743360384,6743431385,30.81
6743431385,6743360384,30.81
6743431385,6743360383,5.09
6743360383,6743431385,5.09
6743360383,6743360382,24.87
6743360382,6743360383,24.87
6743360382,6743431386,26.92
6743431386,6743360382,26.92
6743431386,6743360381,15.02
6743360381,6743431386,15.02
6743360381,6743431387,17.68
6743431387,6743360381,17.68
6743431387,6743360380,8.70
6743360380,6743431387,8.70
6743360380,6743360379,7.46
6743360379,6743360380,7.46
6743360379,6170450051,49.81
6170450051,6743360379,49.81
6170450051,6170450050,27.79
6170450050,6170450051,27.79
6170450050,6170450052,9.63
6170450052,6170450050,9.63
6170450052,6170450057,4.76
6170450057,6170450052,4.76
6170450057,6170450053,3.17
6170450053,6170450057,3.17
6170450053,6170450054,23.15
6170450054,6170450053,23.15
6170450054,9779412875,21.50
9779412875,6170450054,21.50
9779412875,10155662315,47.52
10155662315,9779412875,47.52
10155662315,9779412876,3.12
9779412876,10155662315,3.12
9779412876,9141279454,2.55
9141279454,9779412876,2.55
9141279454,10155662316,2.68
10155662316,9141279454,2.68
10155662316,10155735117,22.38
10155735117,10155662316,22.38
10155735117,10155735118,28.08
10155735118,10155735117,28.08
10155735118,10155735126,70.01
10155735126,10155735118,70.01
10155735126,10155735119,4.66
10155735119,10155735126,4.66
10155735119,9141279451,2.85
9141279451,10155735119,2.85
9141279451,10155735120,2.92
10155735120,9141279451,2.92
10155735120,10173348171,92.45
10173348171,10155735120,92.45
10173348171,10155735121,21.80
10155735121,10173348171,21.80
10155735121,10155735122,5.82
10155735122,10155735121,5.82
10155735122,10131739685,4.91
10131739685,10155735122,4.91
6170450055,6170450056,6.51
6170450056,6170450055,6.51
6170450056,6170450057,7.03
6170450057,6170450056,7.03
475369371,6170450056,20.22
6170450056,475369371,20.22
6170450056,9141268441,45.24
9141268441,6170450056,45.24
9141268441,3817871237,29.51
3817871237,9141268441,29.51
3817871237,9141279456,19.41
9141279456,3817871237,19.41
9141279456,475368723,5.31
475368723,9141279456,5.31
475368723,12644659420,11.84
12644659420,475368723,11.84
12644659420,3817871236,13.60
3817871236,12644659420,13.60
3817871236,1094607057,49.38
1094607057,3817871236,49.38
1094607057,9141279453,47.90
9141279453,1094607057,47.90
9141279453,475369144,6.32
475369144,9141279453,6.32
475369144,475368724,22.91
475368724,475369144,22.91
475368724,475369137,102.98
475369137,475368724,102.98
475369137,475369142,57.01
475369142,475369137,57.01
475369142,475368725,13.62
475368725,475369142,13.62
475368725,2397996066,28.43
2397996066,475368725,28.43
2397996066,475368726,12.19
475368726,2397996066,12.19
6242687052,6242974728,7.19
6242974728,6242687052,7.19
6242974728,6242687053,17.54
6242687053,6242974728,17.54
6242687053,6242687054,11.90
6242687054,6242687053,11.90
6242687054,6242687055,15.83
6242687055,6242687054,15.83
6242687055,6242974730,6.65
6242974730,6242687055,6.65
6242974730,6242974731,93.32
6242974731,6242974730,93.32
6242974731,6270573450,1.01
6270573450,6242974731,1.01
6270573450,6242974732,6.17
6242974732,6270573450,6.17
6242974732,6242974733,37.65
6242974733,6242974732,37.65
6242974733,11916075605,91.04
11916075605,6242974733,91.04
11916075605,6242974743,48.34
6242974743,11916075605,48.34
6242974743,6242974734,21.20
6242974734,6242974743,21.20
6242974734,9846962973,5.52
9846962973,6242974734,5.52
9846962973,6242974745,56.94
6242974745,9846962973,56.94
6242974745,8564660526,32.34
8564660526,6242974745,32.34
8564660526,7995402967,20.25
7995402967,8564660526,20.25
6242687055,10605430175,2.45
10605430175,6242687055,2.45
10605430175,2401040281,4.43
2401040281,10605430175,4.43
2401040281,10605430174,4.33
10605430174,2401040281,4.33
10605430174,5940178953,0.74
5940178953,10605430174,0.74
6242687056,10605411018,3.01
10605411018,6242687056,3.01
10605411018,2401040263,4.90
2401040263,10605411018,4.90
2401040263,2401040301,9.20
2401040301,2401040263,9.20
2401040301,10605411019,3.01
10605411019,2401040301,3.01
10605411019,6242687057,3.02
6242687057,10605411019,3.02
6242687058,6242687059,6.15
6242687059,6242687058,6.15
6242687059,6242687060,30.06
6242687060,6242687059,30.06
3824263298,2398005876,8.20
2398005876,3824263298,8.20
2398005876,6242974735,10.17
6242974735,2398005876,10.17
6242974732,2398005900,7.58
2398005900,6242974732,7.58
2398005900,2398005887,10.47
2398005887,2398005900,10.47
2398005887,6242974736,7.32
6242974736,2398005887,7.32
6270573441,2401040260,3.63
2401040260,6270573441,3.63
2401040260,6270573442,3.74
6270573442,2401040260,3.74
6242974741,2397996060,5.76
2397996060,6242974741,5.76
2397996060,6276840044,5.76
6276840044,2397996060,5.76
6242974742,2398005873,7.27
2398005873,6242974742,7.27
2398005873,2398005875,10.92
2398005875,2398005873,10.92
2398005875,6242974743,6.61
6242974743,2398005875,6.61
6242974744,2398005907,6.21
2398005907,6242974744,6.21
2398005907,2398005897,10.68
2398005897,2398005907,10.68
2398005897,6242974745,6.72
6242974745,2398005897,6.72
11061248951,2401040280,5.13
2401040280,11061248951,5.13
2401040280,10605417925,4.90
10605417925,2401040280,4.90
10605417925,6271529083,9.17
6271529083,10605417925,9.17
6271529083,6271529066,2.11
6271529066,6271529083,2.11
6271529066,6271529067,5.37
6271529067,6271529066,5.37
6271529067,6271529079,13.78
6271529079,6271529067,13.78
6271529079,6271529068,25.41
6271529068,6271529079,25.41
6271529068,2401040312,160.95
2401040312,6271529068,160.95
2401040312,6271529070,18.06
6271529070,2401040312,18.06
6271529070,6270573439,7.30
6270573439,6271529070,7.30
6270573439,2401040310,77.88
2401040310,6270573439,77.88
2401040310,2401040300,32.66
2401040300,2401040310,32.66
2401040300,6270573455,81.54
6270573455,2401040300,81.54
6270573455,6270573452,33.23
6270573452,6270573455,33.23
6270573452,6270573436,15.93
6270573436,6270573452,15.93
6270573436,9938844968,8.85
9938844968,6270573436,8.85
9938844968,6270573447,54.63
6270573447,9938844968,54.63
6270573447,6270573435,5.36
6270573435,6270573447,5.36
6270573435,6270573434,68.41
6270573434,6270573435,68.41
6270573434,6270573433,15.26
6270573433,6270573434,15.26
6270573433,9931155685,0.80
9931155685,6270573433,0.80
9931155685,6270573432,6.78
6270573432,9931155685,6.78
6270573432,6242687058,28.94
6242687058,6270573432,28.94
6270573440,6270573445,29.28
6270573445,6270573440,29.28
6270573445,6270573441,27.22
6270573441,6270573445,27.22
6270573442,6270573443,22.79
6270573443,6270573442,22.79
6270573443,6242974737,87.33
6242974737,6270573443,87.33
6242974737,6242974735,6.25
6242974735,6242974737,6.25
6242974735,6242974736,8.33
6242974736,6242974735,8.33
6242974736,2398005905,8.78
2398005905,6242974736,8.78
6270573443,2398005892,7.18
2398005892,6270573443,7.18
2398005892,6270573444,4.66
6270573444,2398005892,4.66
5940178958,2401040277,5.05
2401040277,5940178958,5.05
2401040277,6270573445,4.40
6270573445,2401040277,4.40
6270573446,2401040299,6.14
2401040299,6270573446,6.14
2401040299,2401040319,8.37
2401040319,2401040299,8.37
2401040319,6270573447,6.01
6270573447,2401040319,6.01
6270573449,467036733,6.46
467036733,6270573449,6.46
467036733,6270573450,8.21
6270573450,467036733,8.21
6349852265,10605469614,5.20
10605469614,6349852265,5.20
10605469614,10605469615,4.73
10605469615,10605469614,4.73
10605469615,10605469616,7.38
10605469616,10605469615,7.38
10605469616,10605469617,11.50
10605469617,10605469616,11.50
10605469617,10605469618,4.66
10605469618,10605469617,4.66
10605469620,6270573453,3.20
6270573453,10605469620,3.20
6270573453,2401040265,5.39
2401040265,6270573453,5.39
2401040265,2401040317,10.28
2401040317,2401040265,10.28
2401040317,1724079179,5.39
1724079179,2401040317,5.39
1724079179,10605469617,3.66
10605469617,1724079179,3.66
10605469621,6270573454,2.28
6270573454,10605469621,2.28
6270573454,2401040289,4.78
2401040289,6270573454,4.78
2401040289,2401040264,8.32
2401040264,2401040289,8.32
2401040264,6270573455,6.28
6270573455,2401040264,6.28
6349857786,10605469619,28.72
10605469619,6349857786,28.72
10605469619,10605469620,13.19
10605469620,10605469619,13.19
10605469620,10605469621,6.82
10605469621,10605469620,6.82
10605469621,4987355242,27.31
4987355242,10605469621,27.31
4987355242,2401040293,3.26
2401040293,4987355242,3.26
2401040293,6271529055,3.59
6271529055,2401040293,3.59
6271529055,6271529069,165.01
6271529069,6271529055,165.01
6271529069,2401040276,7.37
2401040276,6271529069,7.37
2401040276,2401040268,42.58
2401040268,2401040276,42.58
2401040268,11072901160,35.30
11072901160,2401040268,35.30
11072901160,6271529056,34.00
6271529056,11072901160,34.00
6271529056,2401040259,23.25
2401040259,6271529056,23.25
2401040259,6271529074,41.30
6271529074,2401040259,41.30
6271529074,6271529057,6.67
6271529057,6271529074,6.67
6271529057,6271529058,9.91
6271529058,6271529057,9.91
6271529058,6271529071,10.10
6271529071,6271529058,10.10
6271529071,6271529059,6.52
6271529059,6271529071,6.52
6271529059,6271529060,5.47
6271529060,6271529059,5.47
6276840206,6276840210,9.35
6276840210,6276840206,9.35
6276840210,6276840211,38.33
6276840211,6276840210,38.33
6276840211,6276840212,11.57
6276840212,6276840211,11.57
6276840212,2153714735,5.38
2153714735,6276840212,5.38
2153714735,6276840218,59.03
6276840218,2153714735,59.03
6276840218,8040999110,2.61
8040999110,6276840218,2.61
8294171359,10131739682,20.38
10131739682,8294171359,20.38
10131739682,6276840053,35.65
6276840053,10131739682,35.65
6276840053,6276840054,72.21
6276840054,6276840053,72.21
6276840054,9993884233,5.49
9993884233,6276840054,5.49
9993884233,12644659428,16.92
12644659428,9993884233,16.92
12644659428,12644659426,3.38
12644659426,12644659428,3.38
12644659426,12644659427,15.06
12644659427,12644659426,15.06
12644659427,12644659429,4.66
12644659429,12644659427,4.66
12644659429,6276840055,87.27
6276840055,12644659429,87.27
6276840055,6276840056,4.24
6276840056,6276840055,4.24
6276840056,10131739683,5.32
10131739683,6276840056,5.32
10131739683,10131739684,36.09
10131739684,10131739683,36.09
10131739684,10174654857,8.55
10174654857,10131739684,8.55
10174654857,10131739685,45.64
10131739685,10174654857,45.64
6276840049,9993884228,6.75
9993884228,6276840049,6.75
9993884228,2397996063,9.70
2397996063,9993884228,9.70
2397996063,6276840050,5.89
6276840050,2397996063,5.89
6276840051,9993884227,6.41
9993884227,6276840051,6.41
9993884227,2397996032,9.46
2397996032,9993884227,9.46
2397996032,6276840052,6.03
6276840052,2397996032,6.03
6276840204,6276840205,5.48
6276840205,6276840204,5.48
6276840205,6276840206,4.86
6276840206,6276840205,4.86
6276840207,6276840208,6.36
6276840208,6276840207,6.36
6276840208,6296943993,7.75
6296943993,6276840208,7.75
6296943993,6276840203,5.93
6276840203,6296943993,5.93
475368517,8908676212,9.71
8908676212,475368517,9.71
8908676212,475369051,31.77
475369051,8908676212,31.77
475369051,475369053,56.50
475369053,475369051,56.50
475369053,475369079,4.28
475369079,475369053,4.28
475369079,475369070,23.09
475369070,475369079,23.09
475369070,475369077,21.83
475369077,475369070,21.83
475369077,475369087,56.27
475369087,475369077,56.27
475369087,12644659421,11.72
12644659421,475369087,11.72
12644659421,6170450049,5.86
6170450049,12644659421,5.86
6170450049,12644659422,5.18
12644659422,6170450049,5.18
12644659422,475369371,8.44
475369371,12644659422,8.44
2648873251,6743338248,10.20
6743338248,2648873251,10.20
6743338248,9775081801,2.83
9775081801,6743338248,2.83
9775081801,9775081802,2.08
9775081802,9775081801,2.08
9775081802,1665929950,1.88
1665929950,9775081802,1.88
1665929950,475368543,47.37
475368543,1665929950,47.37
475368543,475368581,32.63
475368581,475368543,32.63
475368581,475369010,75.03
475369010,475368581,75.03
475369010,475369019,16.74
475369019,475369010,16.74
475369019,475369004,25.88
475369004,475369019,25.88
475369004,475368544,20.76
475368544,475369004,20.76
475368544,475369013,44.10
475369013,475368544,44.10
475369013,475369017,83.53
475369017,475369013,83.53
475369017,475368550,13.30
475368550,475369017,13.30
475368550,475368545,12.45
475368545,475368550,12.45
475368545,475368554,24.04
475368554,475368545,24.04
475368554,475368998,54.74
475368998,475368554,54.74
6349852265,2401069426,6.00
2401069426,6349852265,6.00
2401069426,6349852266,5.81
6349852266,2401069426,5.81
6349852266,6349852267,100.66
6349852267,6349852266,100.66
6349852267,6349857788,10.47
6349857788,6349852267,10.47
6349857788,6349852268,30.23
6349852268,6349857788,30.23
6349852268,6349852269,22.98
6349852269,6349852268,22.98
6349852269,475368860,11.64
475368860,6349852269,11.64
475368860,6349852270,14.21
6349852270,475368860,14.21
6349852270,6349852271,40.32
6349852271,6349852270,40.32
6349852271,7942739523,9.60
7942739523,6349852271,9.60
7942739523,6349852272,30.59
6349852272,7942739523,30.59
6349852272,6349852274,22.42
6349852274,6349852272,22.42
6349852274,6349852275,13.88
6349852275,6349852274,13.88
6349852275,6349852276,45.35
6349852276,6349852275,45.35
6349852276,6349859809,28.75
6349859809,6349852276,28.75
6349859809,6349852277,2.75
6349852277,6349859809,2.75
6349852277,6349852278,7.97
6349852278,6349852277,7.97
4716623402,6349861411,54.50
6349861411,4716623402,54.50
6349861411,6349861410,39.50
6349861410,6349861411,39.50
6349861410,6349861409,79.03
6349861409,6349861410,79.03
6349861409,6349863580,22.20
6349863580,6349861409,22.20
6349863580,6349859807,10.97
6349859807,6349863580,10.97
6349859807,6349859808,6.46
6349859808,6349859807,6.46
6349859808,6349859806,51.19
6349859806,6349859808,51.19
6349859806,2401069465,16.64
2401069465,6349859806,16.64
2401069465,7942739524,6.86
7942739524,2401069465,6.86
7942739524,7942739526,6.45
7942739526,7942739524,6.45
7942739526,7942739527,19.79
7942739527,7942739526,19.79
7942739527,7942739521,18.40
7942739521,7942739527,18.40
7942739521,7942739522,30.35
7942739522,7942739521,30.35
7942739522,7942739519,9.32
7942739519,7942739522,9.32
7942739519,7942739463,40.86
7942739463,7942739519,40.86
7942739463,7942739513,47.77
7942739513,7942739463,47.77
7942739513,2401069460,6.85
2401069460,7942739513,6.85
2401069460,6349857787,25.04
6349857787,2401069460,25.04
6349857787,6349852284,9.16
6349852284,6349857787,9.16
6349852284,6349857785,74.85
6349857785,6349852284,74.85
6349857785,6349857786,2.59
6349857786,6349857785,2.59
6349857787,2401069484,6.85
2401069484,6349857787,6.85
2401069484,2401069483,9.62
2401069483,2401069484,9.62
2401069483,6349857788,8.99
6349857788,2401069483,8.99
7942739522,2401069442,6.36
2401069442,7942739522,6.36
2401069442,2401069435,7.61
2401069435,2401069442,7.61
2401069435,7942739523,7.70
7942739523,2401069435,7.70
6349859808,2401069461,6.54
2401069461,6349859808,6.54
2401069461,2401069454,6.65
2401069454,2401069461,6.65
2401069454,6349859809,7.42
6349859809,2401069454,7.42
6349863580,2401069430,6.92
2401069430,6349863580,6.92
2401069430,2401069456,6.63
2401069456,2401069430,6.63
2401069456,6349863581,8.81
6349863581,2401069456,8.81
6365189832,6365189831,4.30
6365189831,6365189832,4.30
6365202199,7966600536,3.95
7966600536,6365202199,3.95
7966600536,6365202200,4.61
6365202200,7966600536,4.61
6365202200,7966600535,3.43
7966600535,6365202200,3.43
7966600535,6365202201,3.60
6365202201,7966600535,3.60
6365202201,7966600546,2.83
7966600546,6365202201,2.83
7966600546,6365202202,3.07
6365202202,7966600546,3.07
6365202202,7966600545,2.40
7966600545,6365202202,2.40
7966600545,7966600544,2.31
7966600544,7966600545,2.31
7966600544,6365202203,2.67
6365202203,7966600544,2.67
6365202203,7966600543,3.79
7966600543,6365202203,3.79
7966600543,6365202204,3.95
6365202204,7966600543,3.95
6365202204,7966600542,3.08
7966600542,6365202204,3.08
7966600542,6365202205,2.76
6365202205,7966600542,2.76
6365202205,7966600541,2.68
7966600541,6365202205,2.68
7966600541,6365202230,2.37
6365202230,7966600541,2.37
6365202230,6365202206,2.57
6365202206,6365202230,2.57
6365202206,7966600540,2.99
7966600540,6365202206,2.99
7966600540,6365202207,4.07
6365202207,7966600540,4.07
6365202207,7966600539,3.42
7966600539,6365202207,3.42
7966600539,6365202208,2.99
6365202208,7966600539,2.99
6365202208,7966600538,2.81
7966600538,6365202208,2.81
7966600538,6365202209,2.75
6365202209,7966600538,2.75
6365202209,7966600537,1.90
7966600537,6365202209,1.90
7966600537,6365202210,2.38
6365202210,7966600537,2.38
6365202210,6365202199,3.64
6365202199,6365202210,3.64
6365202211,7966600547,1.81
7966600547,6365202211,1.81
7966600547,7966600556,1.10
7966600556,7966600547,1.10
7966600556,6365202212,0.93
6365202212,7966600556,0.93
6365202212,7966600555,1.78
7966600555,6365202212,1.78
7966600555,7966600554,1.71
7966600554,7966600555,1.71
7966600554,6365202213,2.86
6365202213,7966600554,2.86
6365202213,7966600553,2.22
7966600553,6365202213,2.22
7966600553,7966600552,5.75
7966600552,7966600553,5.75
7966600552,6365202214,6.01
6365202214,7966600552,6.01
6365202214,7966600551,2.83
7966600551,6365202214,2.83
7966600551,6365202215,2.55
6365202215,7966600551,2.55
6365202215,6365202216,2.22
6365202216,6365202215,2.22
6365202216,7966600550,2.12
7966600550,6365202216,2.12
7966600550,7966600549,2.31
7966600549,7966600550,2.31
7966600549,6365202217,3.68
6365202217,7966600549,3.68
6365202217,7966600548,12.61
7966600548,6365202217,12.61
7966600548,6365202211,2.56
6365202211,7966600548,2.56
6365202218,7966600816,1.62
7966600816,6365202218,1.62
6365202219,6365202220,11.32
6365202220,6365202219,11.32
6365202215,7966600812,5.36
7966600812,6365202215,5.36
6365202222,7966562782,7.33
7966562782,6365202222,7.33
7966562782,6365202223,6.91
6365202223,7966562782,6.91
6365202223,7966562781,4.65
7966562781,6365202223,4.65
7966562781,6365202221,5.07
6365202221,7966562781,5.07
6365202221,7966562780,4.70
7966562780,6365202221,4.70
7966562780,7966562779,5.06
7966562779,7966562780,5.06
7966562779,6365202224,4.48
6365202224,7966562779,4.48
6365202224,7966600557,3.14
7966600557,6365202224,3.14
7966600557,6365202225,3.14
6365202225,7966600557,3.14
6365202225,7966600558,2.86
7966600558,6365202225,2.86
7966600558,6365202226,4.80
6365202226,7966600558,4.80
6365202226,6365202220,7.01
6365202220,6365202226,7.01
6365202220,6365202227,7.57
6365202227,6365202220,7.57
6365202227,6365202228,2.65
6365202228,6365202227,2.65
6365202228,7966562784,2.69
7966562784,6365202228,2.69
7966562784,7966600487,3.47
7966600487,7966562784,3.47
7966600487,7966600488,3.14
7966600488,7966600487,3.14
7966600488,7966600489,2.74
7966600489,7966600488,2.74
7966600489,7966600491,2.61
7966600491,7966600489,2.61
7966600491,7966600493,6.05
7966600493,7966600491,6.05
7966600493,7966600496,4.95
7966600496,7966600493,4.95
7966600496,7966600494,5.14
7966600494,7966600496,5.14
7966600494,7966600492,13.86
7966600492,7966600494,13.86
7966600492,7966600490,2.97
7966600490,7966600492,2.97
7966600490,7966600486,2.82
7966600486,7966600490,2.82
7966600486,7966600485,3.61
7966600485,7966600486,3.61
7966600485,7966562783,2.81
7966562783,7966600485,2.81
7966562783,6365202229,4.47
6365202229,7966562783,4.47
6365202229,6365202222,36.33
6365202222,6365202229,36.33
6365202212,6365202230,8.69
6365202230,6365202212,8.69
6394721498,6394721507,4.92
6394721507,6394721498,4.92
6394721507,6394721508,317.84
6394721508,6394721507,317.84
6394721508,6394721509,4.90
6394721509,6394721508,4.90
6394721509,6394721498,317.84
6394721498,6394721509,317.84
6394721510,6394721511,6.32
6394721511,6394721510,6.32
6394721511,6394721512,318.00
6394721512,6394721511,318.00
6394721512,6394721513,4.56
6394721513,6394721512,4.56
6394721513,6394721510,318.02
6394721510,6394721513,318.02
6411462982,6415350800,5.43
6415350800,6411462982,5.43
6411462959,5922451954,6.07
5922451954,6411462959,6.07
1094679813,1094679532,17.58
1094679532,1094679813,17.58
1094679532,7947394838,31.48
7947394838,1094679532,31.48
7947394838,1094678950,8.69
1094678950,7947394838,8.69
1094678950,1094678409,13.74
1094678409,1094678950,13.74
1094678409,7947394839,6.05
7947394839,1094678409,6.05
7947394839,7947394840,21.48
7947394840,7947394839,21.48
7947394840,7947394841,10.29
7947394841,7947394840,10.29
7947394841,6470216522,7.64
6470216522,7947394841,7.64
1093685828,2393573050,12.65
2393573050,2393573017,124.74
2393573017,1093685738,11.88
1093685738,1093685734,130.52
1093685734,1093685704,40.22
1093685704,1093685732,15.54
472382938,10273792628,32.18
10273792628,10273792629,57.65
10273792629,2393573023,31.41
2393573023,472382857,13.56
472382857,2393573022,17.02
2393573022,472382797,21.34
472382797,1676479121,72.96
1676479121,472382925,71.94
472382925,2606035810,7.57
2606035810,2393573030,11.93
2393573030,4371184304,3.53
4371184304,13091841095,116.49
13091841095,2393573040,4.60
2393573040,158030491,12.66
1665929965,6475718432,49.17
6475718432,1665929965,49.17
6475718432,8908676210,21.25
8908676210,6475718432,21.25
8908676210,475368514,5.94
475368514,8908676210,5.94
475368514,1665929968,5.02
1665929968,475368514,5.02
1665929968,8908676209,7.24
8908676209,1665929968,7.24
8908676209,475369203,18.95
475369203,8908676209,18.95
475369203,8908676211,59.40
8908676211,475369203,59.40
8908676211,5411351903,3.42
5411351903,8908676211,3.42
5411351903,475368517,7.23
475368517,5411351903,7.23
2606035889,1093489453,8.46
1093489453,2606035889,8.46
158030491,2606035893,10.55
1666084547,1093685828,10.45
6470216521,6513333101,45.46
6513333101,6470216521,45.46
6513333101,6513333100,2.04
6513333100,6513333101,2.04
6513333100,6469162639,5.16
6469162639,6513333100,5.16
6469162639,6469162640,5.68
6469162640,6469162639,5.68
6469162640,6469162641,22.22
6469162641,6469162640,22.22
6470104640,6470104641,6.46
6470104641,6470104640,6.46
6470104641,6470104636,19.48
6470104636,6470104641,19.48
6470104636,6470104637,4.76
6470104637,6470104636,4.76
6470104637,6470104644,2.51
6470104644,6470104637,2.51
6470104644,8736127815,2.53
8736127815,6470104644,2.53
8736127815,6470104645,30.48
6470104645,8736127815,30.48
6470104645,6470104646,12.92
6470104646,6470104645,12.92
6470104646,6470104647,5.68
6470104647,6470104646,5.68
6470104647,6470104638,29.87
6470104638,6470104647,29.87
6470104638,1115011379,8.59
1115011379,6470104638,8.59
6470104640,6470104642,30.68
6470104642,6470104640,30.68
6470104642,6470104643,19.67
6470104643,6470104642,19.67
6470104647,6470104648,17.29
6470104648,6470104647,17.29
6470104644,6470104607,7.24
5922560964,2196829315,2.97
2196829315,5922560964,2.97
2196829315,2196829270,17.66
2196829270,2196829315,17.66
2196829270,2196829259,8.36
2196829259,2196829270,8.36
2196829259,2196829241,20.92
2196829241,2196829259,20.92
2196829241,2196829281,14.19
2196829281,2196829241,14.19
2196829281,2196829310,20.22
2196829310,2196829281,20.22
2196829310,2196829283,13.87
2196829283,2196829310,13.87
2196829283,2196829311,15.68
2196829311,2196829283,15.68
2196829311,2196829251,21.45
2196829251,2196829311,21.45
2196829251,2196829294,20.22
2196829294,2196829251,20.22
2196829294,2196829313,14.74
2196829313,2196829294,14.74
2196829313,5889448675,9.10
5889448675,2196829313,9.10
5889448675,2196829267,5.11
2196829267,5889448675,5.11
2196829267,2196829299,9.84
2196829299,2196829267,9.84
2196829299,2196829265,8.07
2196829265,2196829299,8.07
2196829265,5923347794,11.06
5923347794,2196829265,11.06
5923347794,5923347793,14.97
5923347793,5923347794,14.97
5923347793,5923347792,23.90
5923347792,5923347793,23.90
5923347792,2196829305,6.65
2196829305,5923347792,6.65
6470216487,6470216488,5.92
6470216488,6470216487,5.92
6470216488,6470216531,15.59
6470216531,6470216488,15.59
6470216531,6470216489,41.38
6470216489,6470216531,41.38
6470216489,6470216490,12.31
6470216490,6470216489,12.31
6470216490,6470216491,16.09
6470216491,6470216490,16.09
6470216491,6470216492,33.00
6470216492,6470216491,33.00
6470216492,6470216493,4.99
6470216493,6470216492,4.99
6470216493,6470216494,9.81
6470216494,6470216493,9.81
6470216494,6470216495,3.51
6470216495,6470216494,3.51
6470216495,6470216496,63.26
6470216496,6470216495,63.26
6470216496,6470216497,6.16
6470216497,6470216496,6.16
6470216497,6470216498,2.38
6470216498,6470216497,2.38
6470216498,6470216499,3.05
6470216499,6470216498,3.05
6470216499,6470216500,24.22
6470216500,6470216499,24.22
6470216500,6471487706,4.01
6471487706,6470216500,4.01
6471487706,6470216501,4.00
6470216501,6471487706,4.00
6470216501,6470216502,1.46
6470216502,6470216501,1.46
6470216502,6470216503,2.88
6470216503,6470216502,2.88
6470216503,6470216504,14.15
6470216504,6470216503,14.15
6470216504,6471487705,3.91
6471487705,6470216504,3.91
6471487705,6470216505,3.91
6470216505,6471487705,3.91
6470216505,6470216506,13.81
6470216506,6470216505,13.81
6470216506,6470216507,9.91
6470216507,6470216506,9.91
6470216507,6470216508,16.56
6470216508,6470216507,16.56
6470216508,6470216509,18.95
6470216509,6470216508,18.95
6470216509,6471487708,11.38
6471487708,6470216509,11.38
6471487708,6470216510,2.78
6470216510,6471487708,2.78
6470216510,6470216511,3.72
6470216511,6470216510,3.72
6470216511,6470216512,32.43
6470216512,6470216511,32.43
6470216512,6470216521,2.87
6470216521,6470216512,2.87
6470216521,6470216513,13.78
6470216513,6470216521,13.78
6470216513,6470216514,11.30
6470216514,6470216513,11.30
6470216514,6470216515,7.95
6470216515,6470216514,7.95
6470216515,6470216516,2.76
6470216516,6470216515,2.76
6470216516,6470216517,20.60
6470216517,6470216516,20.60
6470216517,6470216522,7.51
6470216522,6470216517,7.51
6470216522,6470216518,7.26
6470216518,6470216522,7.26
6470216518,6470216520,2.83
6470216520,6470216518,2.83
6470216520,6470216519,4.49
6470216519,6470216520,4.49
6470216509,6470216551,4.79
6470216551,6470216509,4.79
6470216551,6470216550,4.51
6470216550,6470216551,4.51
6170421237,6170421238,60.63
6170421238,6170421237,60.63
6170421238,6170421239,4.79
6170421239,6170421238,4.79
6170421239,6170421240,17.63
6170421240,6170421239,17.63
6170421240,6170421241,22.68
6170421241,6170421240,22.68
6170421241,6170421242,32.99
6170421242,6170421241,32.99
6170421242,6170421243,30.18
6170421243,6170421242,30.18
6170421243,6170421244,24.41
6170421244,6170421243,24.41
6170421244,6170421245,34.61
6170421245,6170421244,34.61
6170421245,6170450035,9.32
6170450035,6170421245,9.32
6170450035,6170421246,15.22
6170421246,6170450035,15.22
6170421246,6170421247,17.48
6170421247,6170421246,17.48
6170421247,6170421248,29.71
6170421248,6170421247,29.71
6170421248,6170421249,79.07
6170421249,6170421248,79.07
6170421249,6170421250,4.70
6170421250,6170421249,4.70
6170421250,6170421251,92.99
6170421251,6170421250,92.99
6170421251,9789460351,28.13
9789460351,6170421251,28.13
9789460351,9789460336,26.92
9789460336,9789460351,26.92
9789460336,9789460352,9.92
9789460352,9789460336,9.92
9789460352,9789460337,20.55
9789460337,9789460352,20.55
9789460337,9789460353,4.37
9789460353,9789460337,4.37
9789460353,9789460338,9.83
9789460338,9789460353,9.83
9789460338,9789460339,5.47
9789460339,9789460338,5.47
9789460339,9789460334,31.15
9789460334,9789460339,31.15
9789460334,9789460340,35.26
9789460340,9789460334,35.26
9789460340,5892004453,14.03
5892004453,9789460340,14.03
5892004453,9789460341,50.31
9789460341,5892004453,50.31
9789460341,9789460342,17.66
9789460342,9789460341,17.66
9789460342,9789460343,4.71
9789460343,9789460342,4.71
9789460343,9789460344,6.99
9789460344,9789460343,6.99
9789460344,9789460345,7.64
9789460345,9789460344,7.64
9789460345,9789460346,5.23
9789460346,9789460345,5.23
9789460346,10155735159,2.54
10155735159,9789460346,2.54
10155735159,10155735154,4.71
10155735154,10155735159,4.71
10155735154,9789460350,31.42
9789460350,10155735154,31.42
9789460350,10162039179,24.20
10162039179,9789460350,24.20
10162039179,8040999096,25.31
8040999096,10162039179,25.31
8040999096,8040999099,3.70
8040999099,8040999096,3.70
6470216552,6470216557,5.81
6470216557,6470216552,5.81
6470216557,6170421237,7.95
6170421237,6470216557,7.95
6470216554,6470216553,6.03
6470216553,6470216554,6.03
6470216553,6470216552,5.56
6470216552,6470216553,5.56
6471529269,6471487705,4.63
6471487705,6471529269,4.63
6471487705,6471529268,12.78
6471529268,6471487705,12.78
6471529268,6471529265,8.18
6471529265,6471529268,8.18
6471529265,6471529266,14.79
6471529266,6471529265,14.79
6471529266,6471529267,7.89
6471529267,6471529266,7.89
6471529267,6471529268,14.57
6471529268,6471529267,14.57
1114992522,1114992532,27.80
1114992532,1114992522,27.80
1114992532,1094262839,42.36
1094262839,1114992532,42.36
1094262839,832286013,49.29
832286013,1094262839,49.29
832286013,1094262702,9.23
1094262702,832286013,9.23
1094262702,1094262748,46.67
1094262748,1094262702,46.67
1094262748,1094262804,17.29
1094262804,1094262748,17.29
1094262804,832286028,16.62
832286028,1094262804,16.62
832286028,1094262890,56.99
1094262890,832286028,56.99
1094262890,832286010,33.14
832286010,1094262890,33.14
832286010,6475403618,12.98
6475403618,832286010,12.98
6475403618,5889318991,18.05
5889318991,6475403618,18.05
5889318991,5933200898,40.38
5933200898,5889318991,40.38
5933200898,5922455941,3.88
5922455941,5933200898,3.88
5922455941,832286019,6.52
832286019,5922455941,6.52
832286019,832286001,41.26
832286001,832286019,41.26
832286001,2196830935,7.82
2196830935,832286001,7.82
2196830935,832286006,23.55
832286006,2196830935,23.55
832286006,832285990,25.39
832285990,832286006,25.39
832285990,2196830853,7.41
2196830853,832285990,7.41
2196830853,832285996,8.87
832285996,2196830853,8.87
832285996,832286025,21.61
832286025,832285996,21.61
832286025,832285985,34.74
832285985,832286025,34.74
2195287991,2196829257,5.87
2196829257,2195287991,5.87
2196829257,2196829309,22.68
2196829309,2196829257,22.68
2196829309,2196829275,7.01
2196829275,2196829309,7.01
2196829275,2196829298,6.04
2196829298,2196829275,6.04
2196829254,2196829314,8.87
2196829314,2196829254,8.87
2196829314,2196829256,10.02
2196829256,2196829314,10.02
2196829256,2196829278,9.08
2196829278,2196829256,9.08
2196829278,2196829245,9.19
2196829245,2196829278,9.19
2196829245,2196829308,6.03
2196829308,2196829245,6.03
2196829308,2196829316,11.12
2196829316,2196829308,11.12
2196829316,2196829264,9.95
2196829264,2196829316,9.95
2196829264,2196829307,4.47
2196829307,2196829264,4.47
2196829307,2196829296,6.10
2196829296,2196829307,6.10
2196829296,2196829297,9.98
2196829297,2196829296,9.98
2196829297,2196829277,8.37
2196829277,2196829297,8.37
2196829277,2196829246,6.49
2196829246,2196829277,6.49
2196829246,2196829247,13.08
2196829247,2196829246,13.08
2196829247,2196829280,7.79
2196829280,2196829247,7.79
2196829280,2196829274,6.63
2196829274,2196829280,6.63
2196829274,5889304194,5.18
5889304194,2196829274,5.18
5889304194,2196829250,6.54
2196829250,5889304194,6.54
2196829250,2196829263,7.85
2196829263,2196829250,7.85
2196829263,2196829273,7.50
2196829273,2196829263,7.50
2196829273,2196829312,12.50
2196829312,2196829273,12.50
2196829312,6475403606,2.11
6475403606,2196829312,2.11
6475403606,2196829298,13.12
2196829298,6475403606,13.12
2196829298,2196829254,4.64
2196829254,2196829298,4.64
6475239330,2196829243,5.53
2196829243,6475239330,5.53
2196826947,2196826929,9.33
2196826929,2196826947,9.33
2196826929,6475239335,10.80
6475239335,2196826929,10.80
6475239335,6475239332,10.19
6475239332,6475239335,10.19
6475239332,6475239333,11.18
6475239333,6475239332,11.18
6475239333,6475239328,10.34
6475239328,6475239333,10.34
6475239328,2196826916,5.42
2196826916,6475239328,5.42
2196826908,6475239331,7.57
6475239331,2196826908,7.57
6475239331,6475239334,18.45
6475239334,6475239331,18.45
6475239334,2195288114,4.84
2195288114,6475239334,4.84
6475403608,6475403609,60.36
6475403609,6475403608,60.36
6475403609,6475403610,45.74
6475403610,6475403609,45.74
6475403611,6475403612,19.16
6475403612,6475403611,19.16
6475403612,6475403613,54.07
6475403613,6475403612,54.07
6475403613,6475403614,24.78
6475403614,6475403613,24.78
6475403614,6475403615,5.63
6475403615,6475403614,5.63
6475403615,6475403616,3.15
6475403616,6475403615,3.15
6475403616,6475403617,6.13
6475403617,6475403616,6.13
6475403617,6475403618,13.39
6475403618,6475403617,13.39
6475718420,6475718421,5.11
6475718421,6475718420,5.11
6475718421,6475718422,2.69
6475718422,6475718421,2.69
6475718422,6475718423,2.27
6475718423,6475718422,2.27
6475718423,6475718424,1.62
6475718424,6475718423,1.62
6475718424,6475718425,23.42
6475718425,6475718424,23.42
6475718425,6475718426,2.51
6475718426,6475718425,2.51
6475718426,6475718427,1.45
6475718427,6475718426,1.45
6475718427,6475718428,1.43
6475718428,6475718427,1.43
6475718428,6475718429,13.53
6475718429,6475718428,13.53
6475718429,6475718430,10.84
6475718430,6475718429,10.84
6475718430,6475718431,12.62
6475718431,6475718430,12.62
6475718431,9775081779,56.21
9775081779,6475718431,56.21
9775081779,6475718432,7.61
6475718432,9775081779,7.61
475368597,6475813109,4.09
6475813109,475368598,3.57
475368598,6475813108,3.87
6475813108,4963579555,4.49
4963579555,6475813110,10.99
6475813110,6475813111,6.17
6475813111,4963579552,5.45
4963579552,6475813127,4.34
6475813119,6475813128,4.24
6475813128,6513335948,2.12
6513335948,6475813129,13.42
6475813129,6475813130,3.42
6475813130,6475813131,3.60
6475813131,6475813132,3.29
6475813132,6475813133,2.83
6475813134,6475813114,15.85
6475813114,6475813115,3.43
6475813115,6513335965,2.25
6513335965,6475813138,2.04
6475813135,6475813137,41.06
6475813136,6475813134,41.09
6475813137,6475813127,8.86
6475813127,6475813141,15.37
6475813141,6475813126,8.41
6475813138,6475813116,2.11
6475813116,6475813117,4.33
6475813117,6475813118,2.89
6475813118,6513335966,2.62
6513335966,6475813119,2.96
6475813119,6475813120,3.93
6475813120,6475813121,3.81
6475813121,6475813122,2.88
6475813122,6475813123,2.74
6475813123,6475813124,2.29
6475813124,6475813125,2.38
6475813125,6475813135,4.70
6475813127,6475813139,5.70
6475813139,6475813127,5.70
6475813139,8908676215,9.23
8908676215,6475813139,9.23
8908676215,6475813140,48.62
6475813140,8908676215,48.62
6477511542,6411462982,8.17
6411462982,6477511542,8.17
1094547405,2393573043,13.26
2393573043,3800364586,143.43
3800364586,13091841094,151.70
13091841094,2393573024,5.04
2393573024,1666084547,13.90
2606035893,2393573052,13.98
2393573052,4716325384,54.87
4716325384,3800364571,101.72
3800364571,472382732,14.05
472382732,5923786374,121.08
5923786374,2393573015,7.93
2393573015,1094547212,12.21
6497574978,5889392794,6.13
5889392794,6497574978,6.13
5889392794,5889392793,12.47
5889392793,5889392794,12.47
5889392793,5889392792,22.35
5889392792,5889392793,22.35
5889392792,5889392791,12.86
5889392791,5889392792,12.86
5889392791,2196826885,5.88
2196826885,5889392791,5.88
5889392796,5889392795,9.12
5889392795,5889392796,9.12
5889392795,6497574978,5.48
6497574978,5889392795,5.48
6497734521,6497734522,6.29
6497734522,6497734521,6.29
6497734522,6497734523,3.81
6497734523,6497734522,3.81
6497734523,6497734524,3.09
6497734524,6497734523,3.09
6497734524,6497734525,4.86
6497734525,6497734524,4.86
6497734525,6497734526,5.79
6497734526,6497734525,5.79
6497734526,6497734527,6.00
6497734527,6497734526,6.00
6497734527,6497734528,6.76
6497734528,6497734527,6.76
6497734528,6497734529,4.27
6497734529,6497734528,4.27
6497734529,6497734530,14.79
6497734530,6497734529,14.79
6497734530,6497734531,14.29
6497734531,6497734530,14.29
6497734531,6497734532,10.84
6497734532,6497734531,10.84
6497734532,5889392810,11.81
5889392810,6497734532,11.81
5889392810,6497734533,7.84
6497734533,5889392810,7.84
6497734531,6497734534,7.62
6497734534,6497734531,7.62
6497734534,5889392797,6.76
5889392797,6497734534,6.76
6497574978,6497734535,36.27
6497734535,6497574978,36.27
475368491,6497734542,4.90
6497734542,475368491,4.90
6497734542,6497734536,20.63
6497734536,6497734542,20.63
6497734536,6497734537,13.43
6497734537,6497734536,13.43
6497734537,6497734538,44.93
6497734538,6497734537,44.93
6497734538,6497734539,22.76
6497734539,6497734538,22.76
5889312131,5889312130,6.54
5889312130,5889312131,6.54
5889312130,2196829292,9.46
2196829292,5889312130,9.46
6497836299,6497836300,75.16
6497836300,6497836299,75.16
5909352268,1094262593,67.28
1094262593,5909352268,67.28
6513149852,6513151948,17.09
6513151948,6513149852,17.09
6513335900,6471487707,4.44
6471487707,6513335900,4.44
6471487707,6513335917,6.98
6513335917,6471487707,6.98
6513335917,6513335902,4.88
6513335902,6513335917,4.88
6513335902,6513335912,10.11
6513335912,6513335902,10.11
6513335912,6513335946,10.23
6513335946,6513335912,10.23
6513335946,6513335901,24.51
6513335901,6513335946,24.51
6513335902,6513335903,26.14
6513335903,6513335902,26.14
6513335903,6513335904,38.00
6513335904,6513335903,38.00
6513335904,6513335905,16.72
6513335905,6513335904,16.72
6513335905,6513335906,10.89
6513335906,6513335905,10.89
6513335912,6513335913,21.86
6513335913,6513335912,21.86
6513335914,6513335916,5.94
6513335916,6513335914,5.94
6513335916,6513335908,25.51
6513335908,6513335916,25.51
6513335908,6513335909,6.82
6513335909,6513335908,6.82
6513335909,6513335913,7.53
6513335913,6513335909,7.53
6513335913,6513335910,11.15
6513335910,6513335913,11.15
6513335910,6513335915,17.28
6513335915,6513335910,17.28
6513335915,6513335911,5.08
6513335911,6513335915,5.08
6513335918,6471487709,4.84
6471487709,6513335918,4.84
6471487709,6513335920,9.68
6513335920,6471487709,9.68
6513335920,6513335911,11.21
6513335911,6513335920,11.21
6513335911,6513335945,16.80
6513335945,6513335911,16.80
6513335945,6513335914,10.51
6513335914,6513335945,10.51
6513335914,6513335919,18.22
6513335919,6513335914,18.22
6513335919,6513335921,19.34
6513335921,6513335922,64.93
6513335922,6513335923,42.61
6513335923,6513335924,5.56
6513335924,6513335925,4.83
6513335925,6513335926,4.96
6513335926,6513335927,5.89
6513335927,6513335928,11.14
6513335928,6513335930,12.68
6513335930,6513335931,31.62
6513335931,6513335932,6.96
6513335932,6513335933,16.32
6513335933,6513335934,18.14
6513335934,6513335935,18.63
6513335935,6513335936,7.74
6513335936,6513335919,17.67
6513335928,6513335956,2.97
6513335956,6513335929,7.21
6513335919,6513335937,11.83
6513335937,6513335938,21.07
6513335938,6513335939,31.73
6513335939,6513335940,35.64
6513335940,6513335941,63.54
6513335941,6513335942,9.09
6513335942,6513335943,36.15
6513335943,6513335947,13.31
6513335947,6513335943,13.31
6513335947,6471487710,13.30
6471487710,6513335947,13.30
6471487710,6513335944,3.88
6513335944,6471487710,3.88
6513335928,6513335949,16.37
6513335949,6513335928,16.37
6513335949,6513335951,6.63
6513335951,6513335949,6.63
6513335951,6513335950,11.52
6513335950,6513335951,11.52
6513335950,6513335952,17.37
6513335952,6513335950,17.37
6513335952,6513335953,23.75
6513335953,6513335952,23.75
6513335953,6513335955,22.05
6513335955,6513335953,22.05
6513335955,6513335954,10.81
6513335954,6513335955,10.81
6513335980,6513335982,16.85
6513335982,6513335980,16.85
6513335982,6513335981,8.50
6513335981,6513335982,8.50
6513335982,6513335983,23.19
6513335983,6513335982,23.19
6469162641,6469162642,8.20
6469162642,6469162641,8.20
6469162642,6513333099,1.86
6513333099,6469162642,1.86
6513333099,6469162643,3.87
6469162643,6513333099,3.87
6469162643,6469162644,13.92
6469162644,6469162643,13.92
6469162644,6469244744,1.08
6469244744,6469162644,1.08
6548180742,8071707583,8.23
8071707583,6548180742,8.23
8071707583,6548180744,73.28
6548180744,8071707583,73.28
6548180744,6548180745,8.24
6548180745,6548180744,8.24
6548180745,6548180742,73.29
6548180742,6548180745,73.29
4716623392,9772601710,107.49
9772601710,4716623392,107.49
9772601710,9772601712,11.13
9772601712,9772601710,11.13
9772601712,6743338218,1.31
6743338218,9772601712,1.31
6743338218,6743338223,50.89
6743338223,6743338218,50.89
6743338223,9607704066,9.87
9607704066,6743338223,9.87
9607704066,1665929939,20.78
1665929939,9607704066,20.78
1665929939,6743338219,9.09
6743338219,1665929939,9.09
6743338219,6743338220,22.23
6743338220,6743338219,22.23
6743338220,9775221806,24.51
9775221806,6743338220,24.51
9775221806,6743338221,27.04
6743338221,9775221806,27.04
6743338221,6743338222,10.55
6743338222,6743338221,10.55
9775081789,9775081787,3.61
9775081787,9775081789,3.61
9775081787,6743338231,78.68
6743338231,9775081787,78.68
6743338231,9737054473,5.36
9737054473,6743338231,5.36
9737054473,9737054474,17.38
9737054474,9737054473,17.38
9737054474,9737054475,26.83
9737054475,9737054474,26.83
9737054475,9737054482,3.62
9737054482,9737054475,3.62
9737054482,9737054476,2.80
9737054476,9737054482,2.80
9737054476,9737161865,8.92
9737161865,9737054476,8.92
9737161865,9737054477,66.84
9737054477,9737161865,66.84
9737054477,9737054478,11.51
9737054478,9737054477,11.51
6743338239,6743338249,87.08
6743338249,6743338239,87.08
6743338249,9607704067,9.41
9607704067,6743338249,9.41
9607704067,9772601702,11.55
9772601702,9607704067,11.55
9772601702,9228817086,10.46
9228817086,9772601702,10.46
9228817086,9772601699,2.44
9772601699,9228817086,2.44
9772601699,9772601701,11.88
9772601701,9772601699,11.88
9772601701,9772601700,21.21
9772601700,9772601701,21.21
9772601700,6743338240,111.60
6743338240,9772601700,111.60
6743338240,9772601705,7.07
9772601705,6743338240,7.07
9772601705,9771146715,9.63
9771146715,9772601705,9.63
9771146711,9228817075,9.67
9228817075,9771188517,13.01
9771188517,9228817074,108.87
9228817074,1665929923,11.15
1665929923,6743338265,51.85
6743338270,9772601700,7.25
9772601700,6743338270,7.25
9772601700,6743338271,18.53
6743338271,9772601700,18.53
6743338249,9775081804,12.81
9775081804,6743338249,12.81
9775081804,6743338246,3.13
6743338246,9775081804,3.13
6769476685,6769476689,10.04
6769476689,6769476685,10.04
6769476689,6769476688,7.77
6769476688,6769476689,7.77
6769476688,6769476687,5.66
6769476687,6769476688,5.66
4716623476,6147302097,4.06
6147302097,4716623476,4.06
6147302097,7084892402,5.40
7084892402,6147302097,5.40
4716623468,4716623467,5.54
4716623467,4716623468,5.54
4716623467,4716623473,4.30
4716623473,4716623467,4.30
4716623473,4716623469,5.73
4716623469,4716623473,5.73
4716623469,4716623474,4.08
4716623474,4716623469,4.08
7084892419,7084892421,2.44
7084892421,7084892419,2.44
7084892421,7084892420,4.16
7084892420,7084892421,4.16
7084892422,7084892424,3.19
7084892424,7084892422,3.19
7084892424,7084892423,3.43
7084892423,7084892424,3.43
7084892427,7084892428,2.90
7084892428,7084892427,2.90
7084892428,7084892426,1.91
7084892426,7084892428,1.91
7166116856,6270573444,6.44
6270573444,7166116856,6.44
6270573444,2398005874,38.28
2398005874,6270573444,38.28
2398005874,3824263298,42.54
3824263298,2398005874,42.54
3824263298,3824263296,4.01
3824263296,3824263298,4.01
3824263296,3824356131,5.55
3824356131,3824263296,5.55
475110167,7166116861,23.93
7166116861,475110167,23.93
7166116861,7166116857,3.99
7166116857,7166116861,3.99
7166116858,7166116859,2.99
7166116859,7166116858,2.99
7166116859,7166116860,17.71
7166116860,7166116859,17.71
7166116860,7166116861,3.01
7166116861,7166116860,3.01
7276301161,7276301162,18.49
7276301162,7276301161,18.49
7276301162,7276301160,6.69
7276301160,7276301162,6.69
7276301163,7276301164,19.60
7276301164,7276301163,19.60
7276301164,7276301165,13.05
7276301165,7276301164,13.05
7276301165,7276301166,19.60
7276301166,7276301165,19.60
7276301167,7276301168,18.88
7276301168,7276301167,18.88
7276388934,7276388939,4.97
7276388939,7276388934,4.97
7276388939,7276388937,8.46
7276388937,7276388939,8.46
7276388937,7276388938,7.10
7276388938,7276388937,7.10
7276388938,7276388935,14.30
7276388935,7276388938,14.30
7276388934,7276388940,11.14
7276388940,7276388934,11.14
7276388940,7276388936,29.62
7276388936,7276388940,29.62
7276388936,7276388967,6.11
7276388967,7276388936,6.11
1665929711,1665929712,22.27
1665929712,1665929711,22.27
7942739464,7942739465,9.84
7942739465,7942739464,9.84
7942739465,7942739466,1.89
7942739466,7942739465,1.89
1665929836,475368902,4.42
475368902,1665929836,4.42
7942739617,7942739499,11.41
7942739499,7942739617,11.41
6349859807,1665929808,6.00
1665929808,6349859807,6.00
1665929808,733235059,7.08
733235059,1665929808,7.08
6349852275,2401069432,7.34
2401069432,6349852275,7.34
2401069432,2401069478,7.86
2401069478,2401069432,7.86
2401069478,7942739524,6.80
7942739524,2401069478,6.80
475368902,7942739612,38.62
7942739612,475368902,38.62
7942739612,7942739613,2.46
7942739613,7942739612,2.46
7942739613,7942739617,18.11
7942739617,7942739613,18.11
7947394825,7947394824,26.12
7947394824,7947394825,26.12
1665978211,1665978209,12.09
1665978209,1665978211,12.09
1665978209,475368462,38.51
475368462,1665978209,38.51
475369297,475369298,6.83
475369298,475369297,6.83
475369298,475369299,5.44
475369299,475369298,5.44
475369299,1665978211,16.98
1665978211,475369299,16.98
7947664925,7947664924,22.28
7947664924,7947664925,22.28
7947664924,7947664923,29.89
7947664923,7947664924,29.89
7951533968,1306888894,18.26
1306888894,7951533968,18.26
7951533967,7951533968,4.73
7951533968,7951533967,4.73
7951533984,7951533980,5.03
7951533980,7951533984,5.03
7951533980,7951533983,48.94
7951533983,7951533980,48.94
7951533983,7951533982,3.90
7951533982,7951533983,3.90
7951533982,7951533981,18.09
7951533981,7951533982,18.09
7951554288,7951554286,2.59
7951554286,7951554288,2.59
7951554286,7951554287,49.21
7951554287,7951554286,49.21
7951554287,7951554285,14.37
7951554285,7951554287,14.37
7951554349,7951554348,19.56
7951554348,7951554349,19.56
7951554351,7951554350,7.29
7951554350,7951554351,7.29
7951554352,7951554351,1.58
7951554351,7951554352,1.58
7951554353,7951554352,11.36
7951554352,7951554353,11.36
7951554407,7951554406,43.54
7951554406,7951554407,43.54
7951554408,7951554407,7.01
7951554407,7951554408,7.01
7951554470,7951554468,6.14
7951554468,7951554470,6.14
7951554468,7951554467,7.09
7951554467,7951554468,7.09
7951554467,7951554469,6.28
7951554469,7951554467,6.28
7951554478,7951554477,17.04
7951554477,7951554478,17.04
1306889097,7951554577,11.88
7951554577,1306889097,11.88
7951554579,7951554578,19.10
7951554578,7951554579,19.10
7951554633,7951554631,8.17
7951554631,7951554633,8.17
7951554631,7951554632,28.41
7951554632,7951554631,28.41
7951554699,7951554698,10.48
7951554698,7951554699,10.48
7951554738,7951554736,2.01
7951554736,7951554738,2.01
7951554736,7951554737,6.82
7951554737,7951554736,6.82
7951554811,7951554810,13.09
7951554810,7951554811,13.09
7951554821,7951554820,10.19
7951554820,7951554821,10.19
7951554824,7951554822,2.16
7951554822,7951554824,2.16
7951554822,7951554823,12.59
7951554823,7951554822,12.59
7951554894,7951554896,3.07
7951554896,7951554894,3.07
7951554896,7951554895,16.54
7951554895,7951554896,16.54
7951554898,7951554897,17.23
7951554897,7951554898,17.23
7951554899,7951554900,16.72
7951554900,7951554899,16.72
7951554901,7951554899,2.65
7951554899,7951554901,2.65
7951554973,7951554972,3.42
7951554972,7951554973,3.42
7951554972,1306888987,20.48
1306888987,7951554972,20.48
7951554970,7951554971,20.28
7951554971,7951554970,20.28
7951554971,7951554973,20.39
7951554973,7951554971,20.39
7951554984,7951554985,11.52
7951554985,7951554984,11.52
7951554986,7951554984,3.11
7951554984,7951554986,3.11
7951554991,7951554987,2.32
7951554987,7951554991,2.32
7951554987,7951554990,16.25
7951554990,7951554987,16.25
7951554989,7951554988,19.35
7951554988,7951554989,19.35
7966480228,6298947303,5.16
6298947303,7966480228,5.16
6298947303,7966480229,17.48
7966480229,6298947303,17.48
7966562778,7966562777,10.08
7966562777,7966562778,10.08
7966562777,5281534522,20.14
5281534522,7966562777,20.14
7966600494,7966600497,21.27
7966600497,7966600494,21.27
7966600497,7966600495,30.64
7966600495,7966600497,30.64
7966600498,7966600499,3.08
7966600499,7966600498,3.08
7966600500,7966600501,1.47
7966600501,7966600500,1.47
7966600501,7966600502,1.17
7966600502,7966600501,1.17
7966600502,7966600503,1.27
7966600503,7966600502,1.27
7966600503,7966600504,1.10
7966600504,7966600503,1.10
7966600504,7966600505,1.70
7966600505,7966600504,1.70
7966600505,7966600522,3.94
7966600522,7966600505,3.94
7966600522,7966600521,1.96
7966600521,7966600522,1.96
7966600521,7966600520,2.03
7966600520,7966600521,2.03
7966600520,7966600506,2.10
7966600506,7966600520,2.10
7966600506,7966600507,3.14
7966600507,7966600506,3.14
7966600507,7966600508,2.36
7966600508,7966600507,2.36
7966600508,7966600509,2.84
7966600509,7966600508,2.84
7966600509,7966600510,3.07
7966600510,7966600509,3.07
7966600510,7966600511,2.43
7966600511,7966600510,2.43
7966600511,7966600512,3.96
7966600512,7966600511,3.96
7966600512,7966600513,2.06
7966600513,7966600512,2.06
7966600513,7966600514,2.57
7966600514,7966600513,2.57
7966600514,7966600515,1.05
7966600515,7966600514,1.05
7966600515,7966600516,1.02
7966600516,7966600515,1.02
7966600516,7966600518,3.66
7966600518,7966600516,3.66
7966600499,7966600523,2.28
7966600523,7966600499,2.28
7966600523,7966600500,3.39
7966600500,7966600523,3.39
7966600794,7966600795,0.80
7966600795,7966600794,0.80
7966600795,7966600796,1.04
7966600796,7966600795,1.04
7966600796,7966600812,1.94
7966600812,7966600796,1.94
7966600812,7966600797,1.69
7966600797,7966600812,1.69
7966600797,7966600798,1.35
7966600798,7966600797,1.35
7966600798,7966600799,1.41
7966600799,7966600798,1.41
7966600799,7966600800,1.85
7966600800,7966600799,1.85
7966600800,7966600801,1.55
7966600801,7966600800,1.55
7966600801,7966600802,1.40
7966600802,7966600801,1.40
7966600802,7966600803,1.17
7966600803,7966600802,1.17
7966600803,7966600804,1.46
7966600804,7966600803,1.46
7966600804,7966600805,1.84
7966600805,7966600804,1.84
7966600805,7966600806,1.24
7966600806,7966600805,1.24
7966600806,7966600813,1.07
7966600813,7966600806,1.07
7966600813,7966600807,0.83
7966600807,7966600813,0.83
7966600807,7966600808,1.82
7966600808,7966600807,1.82
7966600808,7966600809,1.30
7966600809,7966600808,1.30
7966600809,7966600810,1.89
7966600810,7966600809,1.89
7966600810,7966600811,1.34
7966600811,7966600810,1.34
7966600811,7966600794,1.51
7966600794,7966600811,1.51
7966600813,6365202221,5.59
6365202221,7966600813,5.59
7966600816,7966600815,5.98
7966600815,7966600816,5.98
7966600815,6365202219,6.63
6365202219,7966600815,6.63
1664033800,2401026513,9.42
2401026513,11085659517,8.67
11085659517,1664033798,6.57
1664033798,11085659516,6.88
11085659516,1664033787,6.48
1664033787,11085659521,140.81
11085659521,1664033691,26.88
1664033691,11085659522,18.89
11085659522,1664033657,17.75
1664033657,1664033645,34.29
1664033645,11085659523,102.59
11085659523,10605411013,73.84
10605411013,2401040306,7.24
2401040306,1664033612,14.50
1664033612,2401040321,13.67
2401040321,1664033615,40.91
1664033615,1664033631,52.43
1664033631,10605411006,168.32
10605411006,2401040324,18.46
2401040324,1664033749,29.98
191504260,2401040301,38.51
2401040301,475110171,42.31
475110171,1806870820,32.79
1806870820,1806870821,34.53
1806870821,1806870822,33.66
1806870822,475110162,10.56
475110162,7987251106,76.85
7987251106,5940180232,2.22
1664033800,191504260,10.98
475110344,1665929769,3.82
1665929769,475110344,3.82
1665929769,11916075610,4.65
11916075610,1665929769,4.65
11916075610,475110340,80.62
475110340,11916075610,80.62
11916075613,1665929771,221.39
1665929771,252053596,4.66
252053596,475110325,52.73
475110325,252053597,48.83
252053597,1665929848,18.43
1665929848,475110367,18.81
475110367,252053598,55.19
2398005905,5263183137,4.27
5263183137,2398005905,4.27
2398005905,6242974738,33.66
6242974738,2398005905,33.66
6242974738,6242974739,62.42
6242974739,6242974738,62.42
6242974739,6242974742,70.05
6242974742,6242974739,70.05
6242974742,2398005895,13.55
2398005895,6242974742,13.55
2398005895,6242974744,72.86
6242974744,2398005895,72.86
6242974744,6242974740,8.58
6242974740,6242974744,8.58
6242974740,6242974741,6.90
6242974741,6242974740,6.90
2397996052,475110363,45.21
475110363,2397996032,21.50
2397996032,475368677,7.75
475368677,2397996063,12.83
2397996063,475368624,38.22
475368624,12644659416,27.48
12644659416,475368669,26.12
475368669,2397996023,9.09
2397996023,475369479,30.26
475369479,475369193,42.19
475369193,2397996050,5.20
2397996050,475369477,45.79
475369477,475368662,34.44
475368662,1806870866,36.55
1806870866,2397996065,12.29
2397996065,475368726,9.13
1806870863,12644659414,11.59
12644659414,8564660529,13.39
8564660529,1806870871,15.13
475110333,8564660527,14.48
8564660527,1806870864,14.76
1806870864,2397996052,21.57
11916075607,11916075606,17.86
11916075606,1806870848,56.35
1806870848,1806870846,22.11
1806870846,1806870844,22.57
1806870844,2398005900,5.25
2398005900,1806870868,13.29
6276840042,2397996037,5.70
2397996037,6276840042,5.70
7995402967,2397996037,4.86
2397996037,7995402967,4.86
7995402950,2398005907,33.56
2398005907,475110333,16.35
9141204049,8040999094,4.65
8040999094,9141204049,4.65
8040999094,8040999095,4.56
8040999095,8040999094,4.56
8040999096,8040999097,3.95
8040999097,8040999096,3.95
8040999097,8040999098,4.97
8040999098,8040999097,4.97
8040999099,8040999100,5.36
8040999100,8040999099,5.36
8040999100,8040999101,5.70
8040999101,8040999100,5.70
8040999109,8040999114,11.03
8040999114,8040999109,11.03
8040999114,8040999113,12.11
8040999113,8040999114,12.11
8040999113,8040999116,17.25
8040999116,8040999113,17.25
8040999116,6276840080,2.01
6276840080,8040999116,2.01
6276840080,8040999115,2.57
8040999115,6276840080,2.57
8040999115,6276840081,15.93
6276840081,8040999115,15.93
6276840081,6276840207,53.75
6276840207,6276840081,53.75
6276840207,6276840082,12.21
6276840082,6276840207,12.21
6276840082,6276840083,70.15
6276840083,6276840082,70.15
6276840083,8040999124,28.24
8040999124,6276840083,28.24
8040999124,6276840084,6.04
6276840084,8040999124,6.04
6276840084,8040999117,7.30
8040999117,6276840084,7.30
8040999117,7951554469,97.79
7951554469,8040999117,97.79
7951554469,7951554472,11.36
7951554472,7951554469,11.36
7951554472,10160968147,2.14
10160968147,7951554472,2.14
10160968147,6276840186,136.69
6276840186,10160968147,136.69
6276840186,6276840187,5.77
6276840187,6276840186,5.77
8040999117,8040999118,5.74
8040999118,8040999117,5.74
8040999118,8040999119,7.43
8040999119,8040999118,7.43
8040999119,8040999120,7.23
8040999120,8040999119,7.23
8040999121,8040999122,6.28
8040999122,8040999121,6.28
8040999122,8040999123,7.47
8040999123,8040999122,7.47
8040999123,8040999124,5.89
8040999124,8040999123,5.89
8040999125,8040999121,2.23
8040999121,8040999125,2.23
8040999121,10160960629,10.54
10160960629,8040999121,10.54
10160960629,6276840203,99.75
6276840203,10160960629,99.75
6276840203,6276840204,2.36
6276840204,6276840203,2.36
6276840044,6276840045,9.70
6276840045,6276840044,9.70
6276840045,6743480347,23.35
6743480347,6276840045,23.35
6743480347,6276840046,13.65
6276840046,6743480347,13.65
6276840046,6276840047,44.59
6276840047,6276840046,44.59
6276840047,6276840052,21.54
6276840052,6276840047,21.54
6276840052,6276840050,20.78
6276840050,6276840052,20.78
6276840050,8294171360,33.30
8294171360,6276840050,33.30
8294171360,6276840048,5.11
6276840048,8294171360,5.11
6276840048,8294171359,5.78
8294171359,6276840048,5.78
5899162579,8294171361,4.34
8294171361,5899162579,4.34
8294171362,5899162579,3.32
5899162579,8294171362,3.32
1664033817,467036790,13.68
1664033817,2401040299,12.63
2401040299,8311646345,11.55
467036790,5940178906,44.37
5940178906,10605469624,7.88
10605469624,2401040272,5.72
2401040272,733235039,13.69
5940180232,2401040319,5.16
2401040319,467036790,22.95
475110155,1664033817,15.90
7987251103,475110155,9.78
8311646344,8311646347,11.38
8311646347,8311646344,11.38
8311646347,8311646348,9.04
8311646348,8311646347,9.04
8311646347,8311646346,5.25
8311646346,8311646347,5.25
8311646346,8311646345,6.29
8311646345,8311646346,6.29
8311646345,1664033810,74.87
1664033810,10605430186,116.77
8311646344,7987251104,9.19
7987251104,8311646344,9.19
7987251104,2401040277,10.93
2401040277,7987251104,10.93
2401040277,475110155,5.65
475110155,2401040277,5.65
1665929704,8311646349,16.97
733235039,191504259,9.17
475368541,2401040265,11.96
2401040265,1664033827,5.08
1664033827,475368539,11.58
475368539,1665929713,39.30
1665929713,475368537,18.05
475368537,475368945,52.16
475368945,2401069484,9.44
2401069484,7942739512,31.83
7942739512,475368861,25.28
475368861,475368863,22.34
475368863,7942739518,40.83
7942739518,2401069442,9.27
2401069442,7942739520,30.42
7942739520,7942739525,36.12
7942739525,2401069478,5.73
2401069478,475368534,8.00
475368534,3817880919,34.70
3817880919,2401069461,31.76
2401069461,1665929808,7.69
1665929808,2401069430,10.58
2401069430,3817880920,13.33
3817880920,475368533,14.87
475368533,475368943,76.39
475368943,475368901,38.96
475368901,2401069489,52.92
2401069489,9771146711,9.90
9771146711,9775081814,16.30
9775081814,475368978,4.96
475368978,475368980,35.28
475368980,2401069485,7.13
2401069485,2649421051,21.77
2649421051,2648898052,24.20
2648898052,2401069423,47.68
2401069423,2856079121,7.05
2856079121,475368798,107.52
475368798,2606035825,9.44
2606035825,1665929931,8.41
1665929931,2606035829,3.74
2606035829,2606035832,3.10
2606035832,2606035836,4.37
2606035836,1093489452,5.09
1093489452,2401069472,5.43
2401069472,12666510293,6.96
12666510293,3817880922,2.35
3817880922,2606035889,1.81
475368541,733235025,9.89
1094160973,1306889081,47.57
1306889081,1094160973,47.57
1306889081,4506648500,26.12
4506648500,1306889081,26.12
4506648500,9141236744,20.49
9141236744,4506648500,20.49
9141236744,1306889108,13.62
1306889108,9141236744,13.62
1306889108,1306889069,29.80
1306889069,1306889108,29.80
1306889069,8463406320,10.45
8463406320,1306889069,10.45
8463406320,1306888997,3.73
1306888997,8463406320,3.73
1306888997,1306888922,36.42
1306888922,1306888997,36.42
1306888922,1306889093,12.77
1306889093,1306888922,12.77
1306889093,9141236630,28.14
9141236630,1306889093,28.14
9141236630,1094160938,2.41
1094160938,9141236630,2.41
1094160938,8463406319,4.26
8463406319,1094160938,4.26
8463406319,475369369,8.37
475369369,8463406319,8.37
475369012,8473950312,4.54
8473950312,475369012,4.54
733235027,2401069426,7.83
2401069426,733235027,7.83
2401069426,475368955,3.44
475368955,2401069426,3.44
475368955,475368578,18.24
475368578,475368955,18.24
475368578,1665929730,33.24
1665929730,475368578,33.24
1665929730,475368953,34.18
475368953,1665929730,34.18
475368953,475368948,22.93
475368948,475368953,22.93
475368948,1665929762,14.22
1665929762,475368948,14.22
1665929762,475368951,11.95
475368951,1665929762,11.95
475368951,475368531,31.51
475368531,475368951,31.51
6242974741,2397996064,16.67
2397996064,6242974741,16.67
2397996064,12850764814,11.59
12850764814,2397996064,11.59
12850764814,12850764815,21.92
12850764815,12850764814,21.92
12850764815,12850764816,20.04
12850764816,12850764815,20.04
12850764816,12850764817,13.84
12850764817,12850764816,13.84
12850764817,12850764818,14.41
12850764818,12850764817,14.41
12850764818,12850764829,37.84
12850764829,12850764818,37.84
12850764829,12850764819,6.31
12850764819,12850764829,6.31
12850764819,12850764821,23.92
12850764821,12850764819,23.92
12850764821,12850764820,22.53
12850764820,12850764821,22.53
12850764820,2397996033,74.47
2397996033,12850764820,74.47
475110332,7995402950,39.14
475110332,1806870859,11.12
10605430186,1664033802,13.87
1664033802,10605430180,16.89
10605430180,2401040263,4.59
733235025,2401040275,13.14
2401040275,1665929704,19.84
8908617575,8908617574,40.04
8908617574,8908617575,40.04
8908617574,8908617573,11.39
8908617573,8908617574,11.39
8908602607,8908602606,19.68
8908602606,8908602607,19.68
8908640220,8908640219,16.11
8908640219,8908640220,16.11
8908640219,8908640218,11.20
8908640218,8908640219,11.20
8908640218,8908640217,23.35
8908640217,8908640218,23.35
8908640698,8908640697,27.92
8908640697,8908640698,27.92
8908684465,8908684466,5.37
8908684466,8908684465,5.37
8908684466,8908684464,3.40
8908684464,8908684466,3.40
8908684467,8908684466,10.15
8908684466,8908684467,10.15
8908684470,8908684469,11.73
8908684469,8908684470,11.73
8908684469,8908684467,2.61
8908684467,8908684469,2.61
8908684467,8908684468,5.26
8908684468,8908684467,5.26
8908983505,8908983504,5.03
8908983504,8908983505,5.03
8908983504,8908983503,22.36
8908983503,8908983504,22.36
8908983503,8909004630,20.25
8909004630,8908983503,20.25
8909004630,8908983502,2.43
8908983502,8909004630,2.43
8909005424,8909005423,13.97
8909005423,8909005424,13.97
8909005423,8909005422,2.29
8909005422,8909005423,2.29
8908975703,8909005424,4.20
8909005424,8908975703,4.20
8909005424,8908975702,5.40
8908975702,8909005424,5.40
9141204063,9141204062,16.93
9141204062,9141204063,16.93
9141204062,9141204061,6.33
9141204061,9141204062,6.33
9141204061,9141236631,2.64
9141236631,9141204061,2.64
9141236631,9789460350,19.31
9789460350,9141236631,19.31
9789460350,9141204060,3.97
9141204060,9789460350,3.97
1177043043,5036299167,31.06
5036299167,1177043043,31.06
9141122390,9141122385,37.69
9141122385,9141122390,37.69
9141122392,9141122391,38.10
9141122391,9141122392,38.10
9141224131,9141224130,18.27
9141224130,9141224131,18.27
9141224203,9141224202,29.91
9141224202,9141224203,29.91
9141236623,9141236622,8.00
9141236622,9141236623,8.00
9141236626,9141236625,19.15
9141236625,9141236626,19.15
9141236625,9141236624,3.04
9141236624,9141236625,3.04
9141236630,9141236629,4.20
9141236629,9141236630,4.20
9141236629,9141236628,25.79
9141236628,9141236629,25.79
9141236628,9141236627,5.99
9141236627,9141236628,5.99
9141236745,9141236744,19.86
9141236744,9141236745,19.86
9141236746,9141236740,21.31
9141236740,9141236746,21.31
9141236740,9141236745,3.73
9141236745,9141236740,3.73
9141236753,9141236750,1.09
9141236750,9141236753,1.09
9141236750,9141236752,26.95
9141236752,9141236750,26.95
9141236754,10155735172,4.33
10155735172,9141236754,4.33
10155735172,9141236753,25.34
9141236753,10155735172,25.34
9141236776,10155735169,4.23
10155735169,9141236776,4.23
10155735169,9141236775,7.32
9141236775,10155735169,7.32
9141236775,9141236774,23.91
9141236774,9141236775,23.91
9141236774,9141236773,6.17
9141236773,9141236774,6.17
9141236773,9141236772,36.66
9141236772,9141236773,36.66
9141236772,9141236771,8.59
9141236771,9141236772,8.59
9141236771,9141236770,30.11
9141236770,9141236771,30.11
9141236770,9141236769,4.85
9141236769,9141236770,4.85
9141236769,9141236768,17.28
9141236768,9141236769,17.28
9141236768,9141236767,2.54
9141236767,9141236768,2.54
9141236767,9141236766,2.86
9141236766,9141236767,2.86
9141236766,9141236622,8.29
9141236622,9141236766,8.29
9141236622,9141236765,22.10
9141236765,9141236622,22.10
9141236782,10155735171,4.50
10155735171,9141236782,4.50
10155735171,9141236781,22.73
9141236781,10155735171,22.73
9141221008,9141221007,4.46
9141221007,9141220995,12.47
9141220995,9141221006,19.90
9141221006,9141221005,30.59
9141221005,9141221004,2.01
9141221004,9141221003,2.07
9141221003,9141221002,8.47
9141221002,9141221001,1.88
9141221001,9141221000,1.64
9141221000,9141220999,9.53
9141220999,9141220998,1.39
9141220998,9141220996,3.69
9141220996,12211262678,6.09
12211262678,9141221008,4.77
9141221013,9141221012,14.55
9141221012,9141221013,14.55
9141221012,9607772647,11.17
9607772647,9141221012,11.17
9607772646,9141221013,7.89
9141221013,9607772646,7.89
9141221013,9141221014,10.75
9141221014,9141221013,10.75
9141230673,9141230672,25.81
9141230672,9141230673,25.81
9141230672,9141249903,18.27
9141249903,9141230672,18.27
9141249867,9141249861,10.78
9141249861,9141249867,10.78
9141249861,9141249866,5.75
9141249866,9141249861,5.75
9141268442,9689432327,19.49
9689432327,9141268442,19.49
9689432327,9141268441,6.20
9141268441,9689432327,6.20
9141268443,9141268442,20.00
9141268442,9141268443,20.00
9141268464,9141268463,8.25
9141268463,9141268464,8.25
9141268463,9141268462,15.24
9141268462,9141268463,15.24
9141268462,9141268461,9.12
9141268461,9141268462,9.12
9141268461,9141268460,5.27
9141268460,9141268461,5.27
9141268460,9141268459,2.03
9141268459,9141268460,2.03
9141268459,9141268458,23.44
9141268458,9141268459,23.44
9141279224,9141229716,16.07
9141229716,9141279224,16.07
9141229716,475369156,3.60
475369156,9141229716,3.60
9141279227,9141279224,12.12
9141279224,9141279227,12.12
9141279224,9141279226,17.18
9141279226,9141279224,17.18
9141279226,9141279219,4.97
9141279219,9141279226,4.97
9141279219,9141279225,1.20
9141279225,9141279219,1.20
9141279236,9141279237,9.48
9141279237,9141279236,9.48
9141279238,9141279234,15.80
9141279234,9141279238,15.80
9141279234,9141279237,1.94
9141279237,9141279234,1.94
9228817079,4965525566,25.52
4965525566,6743338267,6.06
6743338267,6743338270,14.74
6743338270,9228817077,118.71
9228817077,9771146716,8.59
9771146716,9228817076,13.02
9228817076,9771146711,7.47
1731350127,9993884241,128.84
9993884241,9993884240,21.46
9993884240,9603359591,10.36
9603359591,9993884239,9.35
9993884239,9603332294,10.33
9603332294,9993884237,40.36
9993884237,9993884236,38.44
9993884236,9993884235,41.40
9993884235,9993884232,5.10
9993884232,9993884230,72.39
9993884230,9993884229,8.69
9993884229,12644659415,27.22
12644659415,9603332296,28.33
9603332296,9993884228,38.10
9993884228,9603332297,11.79
9603332297,9993884227,8.32
9993884227,1806870863,77.87
2648873251,12666510285,5.52
12666510285,11397244406,5.08
11397244406,9228817080,7.70
9228817080,9607704069,78.54
9607704069,9228817079,11.12
6743338265,9607704068,10.26
9607704068,6743338266,20.80
6743338266,6743338264,55.42
6743338264,12666510284,12.50
12666510284,11397244405,5.95
11397244405,6743338263,4.77
6743338263,9228817087,4.99
9228817087,6743338261,3.39
6743338261,9775081798,6.38
9775081798,6743338228,4.80
6743338228,11397244403,3.30
11397244403,1665929965,10.68
9607704066,9607704068,6.13
9607704068,9607704066,6.13
9607704068,9607704069,9.06
9607704069,9607704068,9.06
9607704069,9607704067,7.16
9607704067,9607704069,7.16
6276840045,8564660527,7.83
8564660527,6276840045,7.83
8564660527,8564660529,9.88
8564660529,8564660527,9.88
8564660529,8564660526,7.17
8564660526,8564660529,7.17
6276840051,6276840042,71.94
6276840042,6276840051,71.94
9993884226,2397996042,4.57
2397996042,9993884226,4.57
2397996042,6276840051,8.83
6276840051,2397996042,8.83
9607777883,9607777888,28.47
9607777888,9607777883,28.47
9607777888,6276840041,9.94
6276840041,9607777888,9.94
6276840041,6276840049,49.41
6276840049,6276840041,49.41
6276840049,9993884226,6.48
9993884226,6276840049,6.48
6276840061,9689263343,28.89
9689263343,6276840061,28.89
9689263343,9689263342,29.80
9689263342,9689263343,29.80
9689263342,9689263337,6.06
9689263337,9689263342,6.06
9689263337,9689263336,5.74
9689263336,9689263337,5.74
9689263336,9689263335,23.33
9689263335,9689263336,23.33
9689263335,9689263334,96.47
9689263334,9689263335,96.47
9689263334,9689263333,7.94
9689263333,9689263334,7.94
9689263333,9689263332,5.12
9689263332,9689263333,5.12
9689263332,9689263331,4.72
9689263331,9689263332,4.72
9689263331,9689263330,12.17
9689263330,9689263331,12.17
9689263330,9689248810,7.68
9689248810,9689263330,7.68
9689248810,10155735123,5.39
10155735123,9689248810,5.39
10155735123,9689248809,11.27
9689248809,10155735123,11.27
9689248809,9689248808,41.81
9689248808,9689248809,41.81
9689248808,10155662307,20.18
10155662307,9689248808,20.18
10155662307,9689248806,20.27
9689248806,10155662307,20.27
9689248806,9689248805,8.73
9689248805,9689248806,8.73
9689248805,9689248804,19.87
9689248804,9689248805,19.87
9689248804,10155662312,4.91
10155662312,9689248804,4.91
10155662312,9689248803,15.60
9689248803,10155662312,15.60
9689248803,9689432327,33.03
9689432327,9689248803,33.03
9689432327,6170450044,27.40
6170450044,9689432327,27.40
9736998508,9736998509,46.55
9736998509,9736998508,46.55
9736998510,9736998511,28.97
9736998511,9736998510,28.97
9736998511,9736998512,9.80
9736998512,9736998511,9.80
9737054477,2397996028,4.82
2397996028,9737054477,4.82
2397996028,9737054468,5.23
9737054468,2397996028,5.23
9737054473,9737054483,5.34
9737054483,9737054473,5.34
9737054483,9737054463,5.36
9737054463,9737054483,5.36
9737161863,9737161865,17.14
9737161865,9737161863,17.14
9737161865,9737161864,4.38
9737161864,9737161865,4.38
9737054481,9737161866,4.96
9737161866,9737054481,4.96
9737161866,9737054471,4.94
9737054471,9737161866,4.94
9737161872,9737161873,24.13
9737161873,9737161872,24.13
9737161873,9737161874,5.06
9737161874,9737161873,5.06
9737161874,9737161875,9.51
9737161875,9737161874,9.51
9737161875,9737245450,9.00
9737245450,9737161875,9.00
9737245450,9737245448,6.18
9737245448,9737245450,6.18
9737161871,10155735182,3.93
10155735182,9737161871,3.93
10155735182,9737161872,12.67
9737161872,10155735182,12.67
9737161872,9737161892,7.16
9737161892,9737161872,7.16
9737161892,9737161877,5.80
9737161877,9737161892,5.80
9737161877,9737161876,5.77
9737161876,9737161877,5.77
9737161883,9737161878,2.17
9737161878,9737161890,22.20
9737161890,9737161879,15.39
9737161879,9737161880,2.21
9737161880,9737161881,21.02
9737161877,9737161882,5.72
9737161882,9737161883,19.05
9737054479,9737054480,5.02
9737054480,9737054479,5.02
9737054480,12666499812,61.63
12666499812,9737054480,61.63
12666499812,9737054481,11.15
9737054481,12666499812,11.15
9737054481,9737161870,11.78
9737161870,9737054481,11.78
9737054478,2397996081,3.94
2397996081,9737054478,3.94
2397996081,9737054479,4.06
9737054479,2397996081,4.06
9737161885,9737161886,3.21
9737161886,9737161885,3.21
9737161886,9737161887,3.00
9737161887,9737161886,3.00
9737161884,9737161885,5.37
9737161885,9737161884,5.37
9737161881,9737161889,23.77
9737161889,9737161888,5.47
9737161894,9737161900,1.67
9737161900,9737161894,1.67
9737161900,9737161892,3.82
9737161892,9737161900,3.82
9737161892,1759926836,42.13
1759926836,9737161892,42.13
9737161891,9737161895,4.18
9737161895,9737161891,4.18
9737161895,9737161893,0.89
9737161893,9737161895,0.89
9737161893,9737161894,2.42
9737161894,9737161893,2.42
9737161895,9737161896,14.97
9737161896,9737161895,14.97
9737161896,9737161897,1.57
9737161897,9737161896,1.57
9737161897,9737161898,10.06
9737161898,9737161897,10.06
9737161898,9737161899,3.29
9737161899,9737161898,3.29
9737161899,9737161900,4.86
9737161900,9737161899,4.86
9737237215,9737245434,104.86
9737245434,9737237215,104.86
9737245418,9737245419,9.56
9737245419,9737245418,9.56
9737245423,9737245422,30.84
9737245422,9737245423,30.84
9737245422,9737245418,35.30
9737245418,9737245422,35.30
9737245418,9737245420,9.83
9737245420,9737245418,9.83
9737245420,9737245421,17.29
9737245421,9737245420,17.29
9737245421,9737245432,12.82
9737245432,9737245421,12.82
9737245432,9737245430,10.08
9737245430,9737245432,10.08
9737245430,9737245431,22.54
9737245431,9737245430,22.54
9737245433,9737237216,2.46
9737237216,9737245433,2.46
9737237216,9737245417,29.27
9737245417,9737237216,29.27
9737245434,9737245433,8.53
9737245433,9737245434,8.53
9737245435,9737245437,45.74
9737245437,9737245435,45.74
9737245437,9737245438,6.01
9737245438,9737245437,6.01
9737245438,9737245441,4.08
9737245441,9737245438,4.08
9737245441,9737245436,8.73
9737245436,9737245441,8.73
9737245438,9737245439,34.83
9737245439,9737245438,34.83
9737245440,9737245441,34.21
9737245441,9737245440,34.21
9737161876,9737245446,8.87
9737245446,9737161876,8.87
9737245446,9737245447,17.75
9737245447,9737245446,17.75
9737245448,9737245449,22.61
9737245453,9737245454,33.52
9737245454,9737245453,33.52
9737245454,9737245452,1.81
9737245452,9737245454,1.81
9737245451,9737245453,6.92
9737245453,9737245451,6.92
9771146715,9771146716,6.11
9771146716,9771146715,6.11
9771146716,9771188517,10.17
9771188517,9771146716,10.17
9771188517,4716623392,6.72
4716623392,9771188517,6.72
9772601699,9772601703,3.46
9772601703,9772601699,3.46
9772601703,9775221789,9.50
9775221789,9772601703,9.50
9775221789,9775221790,2.41
9775221790,9775221789,2.41
475368600,9775094752,13.09
9775094752,475368600,13.09
9775094752,1665929965,16.64
1665929965,9775094752,16.64
1665929965,9775094766,10.40
9775094766,6743338232,3.99
6743338232,9775221797,3.64
9775221797,9228817083,2.57
9228817083,9228817082,2.91
9228817082,12666510286,5.45
12666510286,9775081797,5.36
9775081797,2648873251,8.46
9775081773,9775081784,3.52
9775081784,9775081773,3.52
9775081784,9775081779,19.10
9775081779,9775081784,19.10
9775081779,9775081774,5.86
9775081774,9775081779,5.86
9775081774,9775081775,28.79
9775081775,9775081774,28.79
9775081775,9775094751,34.18
9775094751,9775081775,34.18
9775094751,9775081776,6.45
9775081776,9775094751,6.45
9775081776,9775081778,3.72
9775081778,9775081776,3.72
9775081778,9775081777,21.06
9775081777,9775081778,21.06
9775081782,8908676211,7.74
8908676211,9775081782,7.74
8908676211,6743338231,8.02
6743338231,8908676211,8.02
9775081782,9775081781,50.05
9775081781,9775081782,50.05
9775081781,9775081783,8.07
9775081783,9775081781,8.07
9775081783,9775081780,1.24
9775081780,9775081783,1.24
9775081780,9775081786,18.97
9775081786,9775081780,18.97
9775081786,9775081772,4.89
9775081772,9775081786,4.89
9775081772,8908676208,5.90
8908676208,9775081772,5.90
8908676208,9775081773,3.99
9775081773,8908676208,3.99
9775081784,8908676210,6.85
8908676210,9775081784,6.85
8908676210,9775081785,9.37
9775081785,8908676210,9.37
9775081786,8908676209,6.28
8908676209,9775081786,6.28
8908676209,9775081787,8.20
9775081787,8908676209,8.20
6743338236,9775094767,11.13
9775094767,6743338236,11.13
9775094767,9775094762,8.14
9775094762,9775094767,8.14
9775094762,6743338229,12.11
6743338229,9775094762,12.11
6743338229,9775081790,24.32
9775081790,6743338229,24.32
9775081790,9775081785,2.52
9775081785,9775081790,2.52
9775081785,6743338230,4.29
6743338230,9775081785,4.29
6743338230,9775081788,4.42
9775081788,6743338230,4.42
9775081788,6743338233,2.33
6743338233,9775081788,2.33
6743338233,9775081789,3.61
9775081789,6743338233,3.61
6743338230,2606035903,14.22
2606035903,6743338230,14.22
6743338235,6743338234,38.08
6743338234,6743338235,38.08
6743338234,9775221805,12.62
9775221805,6743338234,12.62
9775221805,9775081800,18.79
9775081800,9775221805,18.79
9775081800,6743338222,7.52
6743338222,9775081800,7.52
6743338222,6743338228,7.99
6743338228,6743338222,7.99
6743338228,11397244402,0.90
11397244402,6743338228,0.90
11397244402,6743338232,7.22
6743338232,11397244402,7.22
6743338232,11397244404,6.23
11397244404,6743338232,6.23
11397244404,6743338236,2.59
6743338236,11397244404,2.59
6743338236,6743338237,6.80
6743338237,6743338236,6.80
6743338237,9775094764,5.28
9775094764,6743338237,5.28
9775094764,9775081799,10.20
9775081799,9775094764,10.20
9775081799,6743338238,4.91
6743338238,9775081799,4.91
6743338238,6743338248,5.51
6743338248,6743338238,5.51
6743338248,6743338239,4.02
6743338239,6743338248,4.02
4716623402,2401069489,6.94
2401069489,4716623402,6.94
2401069489,2401069431,6.50
2401069431,2401069489,6.50
2401069431,733235043,7.26
733235043,2401069431,7.26
9775081813,9775081814,6.43
9775081814,9775081813,6.43
9775081814,9775081815,7.28
9775081815,9775081814,7.28
9775081815,9772601709,7.80
9772601709,9775081815,7.80
9775094729,8908676206,7.45
8908676206,9775094729,7.45
8908676206,9775094719,6.76
9775094719,8908676206,6.76
9775094735,8908676207,6.98
8908676207,9775094735,6.98
8908676207,9775094743,6.50
9775094743,8908676207,6.50
9775094747,9775094750,8.07
9775094750,9775094747,8.07
9775094750,9775094748,42.19
9775094748,9775094750,42.19
9775094748,9775094749,19.56
9775094749,9775094748,19.56
9775094751,9775094752,7.81
9775094752,9775094751,7.81
9775094752,9775081800,6.69
9775081800,9775094752,6.69
9228817082,9775094764,10.12
9775094764,9228817082,10.12
9775094764,9775094763,11.72
9775094763,9775094764,11.72
9775221796,9775221794,30.48
9775221794,9775221796,30.48
9775221793,9775221805,7.08
9775221805,9775221793,7.08
9775221805,9775221796,2.95
9775221796,9775221805,2.95
9775221794,9775221806,2.87
9775221806,9775221794,2.87
9775221806,6743338264,8.04
6743338264,9775221806,8.04
9775232222,9775232221,13.26
9775232221,9775232222,13.26
9775232221,9775232220,11.71
9775232220,9775232221,11.71
9775232219,9775232222,10.05
9775232222,9775232219,10.05
9775232302,9775232303,27.08
9775232303,9775232302,27.08
9789460333,9789460334,4.64
9789460334,9789460333,4.64
5924091848,9789522969,1.65
9789522969,5924091848,1.65
9789522969,11191929673,40.07
11191929673,9789522969,40.07
11191929673,9789522968,18.36
9789522968,11191929673,18.36
9789522968,9789522967,31.49
9789522967,9789522968,31.49
9789522967,9789522966,30.26
9789522966,9789522967,30.26
9789522966,5892004448,54.47
5892004448,9789522966,54.47
5892004448,9141204049,5.12
9141204049,5892004448,5.12
9141204049,8040999101,4.86
8040999101,9141204049,4.86
9791542150,12853578643,12.61
12853578643,9791542151,13.00
9791542151,9791542152,17.96
9791542152,9791542153,18.28
9791542153,9791542154,22.44
9791542154,12853578652,19.89
12853578652,12853578644,87.41
12853578644,6743371179,134.25
10295065516,12853578651,76.12
12853578651,12853578655,139.55
12853578655,9791542161,23.23
9791542161,9791542160,20.47
9791542160,9791542159,19.22
9791542159,9791542158,16.92
9791542158,9791542157,10.67
9791542157,9791542156,14.74
9839435882,9846962926,3.29
9846962926,9839435882,3.29
9846962926,1580403513,11.37
1580403513,9846962926,11.37
1580403513,9839435883,19.38
9839435883,1580403513,19.38
9839435883,9839435884,4.53
9839435884,9839435883,4.53
9839435884,9839435885,16.73
9839435885,9839435884,16.73
9839435885,9839435886,21.74
9839435886,9839435885,21.74
9839435886,9846962916,10.61
9846962916,9839435886,10.61
9846962916,9846962839,4.72
9846962839,9846962916,4.72
9846962839,9846962840,11.36
9846962840,9846962839,11.36
9846962840,9846962841,14.20
9846962841,9846962840,14.20
9846962841,9846962842,13.86
9846962842,9846962841,13.86
9846962842,9846962843,15.06
9846962843,9846962842,15.06
9846962841,9846962868,6.26
9846962868,9846962841,6.26
9846962868,9846962869,4.81
9846962869,9846962868,4.81
9846962869,9846962870,5.47
9846962870,9846962869,5.47
9846962843,9846962917,8.41
9846962917,9846962843,8.41
9846962917,9846962918,18.12
9846962918,9846962917,18.12
9846962955,9846962957,7.31
9846962957,9846962955,7.31
9846962957,9846962968,7.04
9846962968,9846962957,7.04
9846962968,9846962969,4.39
9846962969,9846962968,4.39
9846962969,9846962970,4.07
9846962970,9846962969,4.07
9846962970,9846962971,4.95
9846962971,9846962970,4.95
9846962971,9846962972,3.12
9846962972,9846962971,3.12
9846962972,9846962973,54.31
9846962973,9846962972,54.31
475369452,475369459,48.38
475369459,475369452,48.38
475369459,475369449,12.42
475369449,475369459,12.42
475369449,475369467,36.52
475369467,475369449,36.52
475369467,475369466,16.52
475369466,475369467,16.52
475369466,475369447,11.97
475369447,475369466,11.97
475369447,2397996042,47.61
2397996042,475369447,47.61
2397996042,9603332297,6.62
9603332297,2397996042,6.62
9603332297,475368677,9.65
475368677,9603332297,9.65
1806870863,2397996037,6.75
2397996037,1806870863,6.75
2397996037,8767675001,6.28
8767675001,2397996037,6.28
8767675001,475369448,52.77
475369448,8767675001,52.77
475369448,475369450,77.67
475369450,475369448,77.67
475369450,475368672,32.23
475368672,475369450,32.23
475368672,9307948208,16.43
9307948208,475368672,16.43
9307948208,475369451,9.23
475369451,9307948208,9.23
1582740009,9928769033,4.29
9928769033,1582740009,4.29
1916873021,9931155685,3.18
9931155685,1916873021,3.18
2606259288,9933424880,2.29
9933424880,2606259288,2.29
9933424880,9933424881,5.61
9933424881,9933424880,5.61
2606259289,9933424882,5.74
9933424882,2606259289,5.74
9933424882,9933424883,3.21
9933424883,9933424882,3.21
3824263307,9938844968,6.76
9938844968,3824263307,6.76
3824263308,9938844969,2.21
9938844969,3824263308,2.21
9938844969,11085646095,0.81
11085646095,9938844969,0.81
3824263309,9938844970,7.20
9938844970,3824263309,7.20
9775081782,9941898998,5.31
9941898998,9775081782,5.31
9941898998,9941898997,4.53
9941898997,9941898998,4.53
9941898997,9941899000,6.65
9941899000,9941898997,6.65
9941899000,10210957981,4.01
10210957981,9941899000,4.01
10210957981,9941898999,93.87
9941898999,10210957981,93.87
4999037886,9941899000,2.24
9941899000,4999037886,2.24
6342490675,9954012393,8.70
9954012393,6342490675,8.70
6365189830,9954059388,14.15
9954059388,6365189830,14.15
6276840053,2397996023,6.07
2397996023,6276840053,6.07
2397996023,9993884230,10.11
9993884230,2397996023,10.11
9993884230,9993884231,7.35
9993884231,9993884230,7.35
10155662307,10155662308,13.69
10155662308,10155662307,13.69
10155662309,10155662310,3.09
10155662310,10155662309,3.09
10155662309,10155662311,16.48
10155662311,10155662309,16.48
10155662313,9141279456,5.04
9141279456,10155662313,5.04
9141279456,10155662314,4.58
10155662314,9141279456,4.58
10155662314,10155662315,2.09
10155662315,10155662314,2.09
10155662312,10155662313,1.59
10155662313,10155662312,1.59
10155735124,9141279453,5.14
9141279453,10155735124,5.14
9141279453,10155735125,3.76
10155735125,9141279453,3.76
10155735125,10155735126,3.23
10155735126,10155735125,3.23
10155735123,10155735124,2.06
10155735124,10155735123,2.06
6276840187,10155735174,2.67
10155735174,6276840187,2.67
10155735174,10155735173,23.15
10155735173,10155735174,23.15
10155735173,10155735172,21.82
10155735172,10155735173,21.82
10155735172,10155735171,38.97
10155735171,10155735172,38.97
10155735171,10155735170,41.27
10155735170,10155735171,41.27
10155735170,10155735169,41.09
10155735169,10155735170,41.09
10155735169,8040999095,4.51
8040999095,10155735169,4.51
8040999095,10155735168,4.73
10155735168,8040999095,4.73
10155735168,8040999098,8.00
8040999098,10155735168,8.00
8040999098,10155735167,7.68
10155735167,8040999098,7.68
10155735167,10155735166,29.78
10155735166,10155735167,29.78
10155735166,10155735165,2.41
10155735165,10155735166,2.41
10155735165,10155735164,2.24
10155735164,10155735165,2.24
10155735164,10155735147,45.18
10155735147,10155735164,45.18
10155735147,10155735146,2.73
10155735146,10155735147,2.73
10155735146,10155735145,2.51
10155735145,10155735146,2.51
10155735145,10155735148,4.25
10155735148,10155735145,4.25
10155735148,10155735144,8.30
10155735144,10155735148,8.30
10155735144,10155735143,1.48
10155735143,10155735144,1.48
10155735143,8463406319,3.37
8463406319,10155735143,3.37
8463406319,10155735142,2.38
10155735142,8463406319,2.38
10155735148,9141204048,5.85
9141204048,10155735148,5.85
9141204048,9789460345,3.41
9789460345,9141204048,3.41
9789460343,8463406317,4.05
8463406317,9789460343,4.05
8463406317,10155735152,4.45
10155735152,8463406317,4.45
10155735156,10155735162,4.12
10155735162,10155735156,4.12
10155735162,10155735157,3.22
10155735157,10155735162,3.22
10155735157,10155735163,13.96
10155735163,10155735157,13.96
10155735163,10155735158,6.89
10155735158,10155735163,6.89
10155735154,10155735155,2.34
10155735155,10155735154,2.34
10155735155,10155735156,4.70
10155735156,10155735155,4.70
10155735159,10155735161,11.44
10155735161,10155735159,11.44
10155735161,10155735160,4.45
10155735160,10155735161,4.45
10155735161,10155735162,5.82
10155735162,10155735161,5.82
5892004448,5892004449,19.33
5892004449,5892004448,19.33
5892004449,10155735176,4.65
10155735176,5892004449,4.65
10160960629,10160960630,3.88
10160960630,10160960629,3.88
10160968147,10160968148,17.98
10160968148,10160968147,17.98
10160968148,10160968149,7.80
10160968149,10160968148,7.80
10160968149,10160968150,13.90
10160968150,10160968149,13.90
10162039179,10162039180,13.19
10162039180,10162039179,13.19
2099138617,10162039183,5.94
10162039183,2099138617,5.94
10162039183,10162039181,7.79
10162039181,10162039183,7.79
10162039181,10162039182,6.94
10162039182,10162039181,6.94
10162039183,10162039184,12.65
10162039184,10162039183,12.65
10162039184,8040999099,10.47
8040999099,10162039184,10.47
10170286617,10170286619,4.21
10170286619,10170286617,4.21
10170286619,10170286620,2.88
10170286620,10170286619,2.88
10170286620,10170286618,4.63
10170286618,10170286620,4.63
10170286621,10170286622,22.59
10170286622,10170286621,22.59
10170286622,10170286623,3.74
10170286623,10170286622,3.74
9789460338,475369370,4.11
475369370,9789460338,4.11
475369370,10170286625,4.07
10170286625,475369370,4.07
10173348169,10173348167,12.78
10173348167,10173348169,12.78
9141229711,10173348168,2.14
10173348168,9141229711,2.14
10173348168,10173348169,3.70
10173348169,10173348168,3.70
10173348170,10173348171,13.66
10173348171,10173348170,13.66
10174677287,10174667624,2.66
10174667624,10174677287,2.66
10174667624,10174667625,6.99
10174667625,10174667624,6.99
10174667625,10174667627,13.49
10174667627,10174667625,13.49
10174667627,10174667626,19.13
10174667626,10174667627,19.13
10174667627,10174667628,4.21
10174667628,10174667627,4.21
9141279236,10174677286,14.04
10174677286,9141279236,14.04
10174677286,10174677287,3.07
10174677287,10174677286,3.07
10174654859,10174654858,4.80
10174654858,10174654859,4.80
10174654857,10174654859,4.80
10174654859,10174654857,4.80
10210957979,8908676212,6.24
8908676212,10210957979,6.24
8908676212,10210957980,4.99
10210957980,8908676212,4.99
10210957980,10210957981,2.34
10210957981,10210957980,2.34
10210957978,10210957979,1.77
10210957979,10210957978,1.77
1093685732,2393573027,14.26
2393573027,1093685711,23.45
1805702535,2263979140,18.15
2263979140,158030430,30.85
158030430,3387102826,69.24
3387102826,10251046684,16.81
10251046684,10273792627,10.49
10273792627,10273580594,7.79
10273580594,472382938,11.05
1093685711,472447028,37.92
472447028,366932918,38.66
366932918,10251046685,31.81
4717672403,10273580590,12.39
10273580590,4717672403,12.39
10273580590,10273580591,14.23
10273580591,10273580590,14.23
10273580591,10273580589,8.27
10273580589,10273580591,8.27
472382926,4716622879,6.99
4716622879,2705533191,133.07
2705533191,13091841091,5.26
13091841091,13091841092,3.95
13091841092,472382928,5.57
10273792630,10273792632,4.35
10273792632,10273792630,4.35
10273792632,10273792631,6.84
10273792631,10273792632,6.84
472382926,2521787420,16.56
2521787420,472382926,16.56
2521787420,2606035808,20.17
2606035808,2521787420,20.17
2606035808,2606035807,18.46
2606035807,2606035808,18.46
2606035807,7966480228,9.36
7966480228,2606035807,9.36
7966480228,2606035805,9.04
2606035805,7966480228,9.04
2606035805,10273792632,1.63
10273792632,2606035805,1.63
10273792632,2521787421,19.29
2521787421,10273792632,19.29
2521787421,4716623502,20.29
4716623502,2521787421,20.29
4716623502,2606035801,16.67
2606035801,4716623502,16.67
2606035801,4716623501,8.79
4716623501,2606035801,8.79
4716623501,4716623477,29.21
4716623477,4716623501,29.21
4716623477,2521787423,8.30
2521787423,4716623477,8.30
4717672408,10273792635,7.57
10273792635,10273792634,2.99
10273792636,10273792640,2.82
10273792640,10273792637,7.76
10273792638,10273792641,2.74
10273792641,10273792639,7.85
2195288005,10286798962,11.34
10286798962,2195288005,11.34
2401040281,1664033800,38.69
191504260,10605430181,14.09
2401040263,10605430185,16.65
10605430185,10605430184,2.12
10605430184,10605430183,2.05
10605430183,10605430182,2.77
2401040263,10605430181,28.85
10605469618,6270573451,2.92
6270573451,10605469618,2.92
6270573451,2401040275,4.18
2401040275,6270573451,4.18
2401040275,2401040272,9.23
2401040272,2401040275,9.23
2401040272,6270573452,5.72
6270573452,2401040272,5.72
10605469612,12951485466,8.68
12951485466,10605469612,8.68
12951485466,10605469610,2.87
10605469610,12951485466,2.87
10605469610,10605469618,19.14
10605469618,10605469610,19.14
10605469614,10605469613,32.69
10605469613,10605469614,32.69
10605469613,12951485467,2.77
12951485467,10605469613,2.77
12951485467,10605469612,8.43
10605469612,12951485467,8.43
10605469612,11085646095,17.50
11085646095,10605469612,17.50
11085646095,6270573440,1.87
6270573440,11085646095,1.87
9791542156,472447231,16.51
472447231,9791542156,16.51
472447231,472447002,18.64
472447002,472447231,18.64
472447002,7947664925,7.10
7947664925,472447002,7.10
7947664925,472447011,5.32
472447011,7947664925,5.32
472447011,2621323831,14.30
2621323831,472447011,14.30
2621323831,472447004,13.32
472447004,2621323831,13.32
472447004,2621323830,13.20
2621323830,472447004,13.20
2621323830,472447238,13.56
472447238,2621323830,13.56
472447238,475368881,10.78
475368881,472447238,10.78
475368881,11080892472,56.73
11080892472,475368881,56.73
11080892472,2621323829,29.94
2621323829,11080892472,29.94
2621323829,472447006,14.94
472447006,2621323829,14.94
472447006,10605417926,20.90
10605417926,472447006,20.90
10605417926,1664033686,16.06
1664033686,10605417926,16.06
1664033686,2401040315,3.32
2401040315,1664033686,3.32
2401040315,1664033641,10.95
1664033641,2401040315,10.95
9791542150,2649071766,3.88
2649071766,9791542150,3.88
2649071766,9791542156,4.41
9791542156,2649071766,4.41
10933634350,10933634352,96.49
10933634352,10933634350,96.49
10933634352,10933634351,10.68
10933634351,10933634352,10.68
10933634352,10933634353,23.43
10933634353,10933634352,23.43
1664033666,4717670582,17.51
4717670582,7947665033,19.69
7947665033,7947665032,13.75
7947665032,1664033708,13.94
1664033708,12644572799,14.03
12644572799,7947665036,15.65
7947665036,1664033700,21.51
1664033700,10605417927,52.10
10605417927,2401040278,4.22
2401040278,1664033641,19.29
1664033641,12644572797,12.58
12644572797,1664033639,11.43
1664033639,12644572795,9.69
12644572795,1664033648,11.31
1664033648,1664033671,38.99
1664033671,1665929674,90.46
1665929674,10605469631,34.74
10605469631,1665929680,7.55
1665929680,2401040320,7.53
2401040320,3079253617,167.64
3079253617,10605469623,27.23
10605469623,2401040289,4.32
2401040289,475368541,11.41
10605430181,1664033800,12.49
10605430181,10605430182,12.74
10605430182,2401040281,15.23
2099138597,2099138589,10.94
2099138589,2099138597,10.94
11191929673,11191929674,29.40
11191929674,11191929673,29.40
11191929674,11191929675,3.03
11191929675,11191929674,3.03
11191929671,11191929672,12.58
11191929672,11191929671,12.58
11191929678,11191929679,18.34
11191929679,11191929678,18.34
11285246704,11285246705,11.22
11285246705,11285246704,11.22
11285246706,9607772647,0.92
9607772647,11285246706,0.92
9607772647,11285246707,11.32
11285246707,9607772647,11.32
11285246707,1140870677,11.13
1140870677,11285246707,11.13
1140870677,11285246704,10.44
11285246704,1140870677,10.44
11916075611,11916075612,10.52
11916075612,11916075611,10.52
11916075612,11916075605,6.77
11916075605,11916075612,6.77
11916075605,11916075603,4.92
11916075603,11916075605,4.92
1806870871,2398005897,16.67
2398005897,1806870861,46.89
1806870861,1806870860,16.74
1806870860,1806870859,8.47
1806870859,2398005875,12.40
2398005875,11916075604,44.38
11916075604,11916075612,3.76
11916075612,11916075607,4.00
11916075602,2398005873,44.12
2398005873,475110332,13.08
11916075608,11916075611,3.85
11916075611,11916075602,3.74
11916075606,1665929766,10.63
1665929766,11916075606,10.63
5263183137,475110372,27.81
475110372,5263183137,27.81
475110372,11916075613,8.91
11916075613,475110372,8.91
9141220996,9141220995,12.64
9141221011,9789522967,4.57
9789522967,9141221011,4.57
9789522967,9141221008,11.35
9141221008,9789522967,11.35
12211262691,12211262692,37.80
12211262692,12211262691,37.80
1806870868,2398005924,13.18
2398005924,1806870837,8.67
1580403508,12644659407,1.19
12644659407,2398005899,5.55
2398005899,1806870869,14.74
1806870868,1806870869,9.66
1806870869,1806870868,9.66
1097906679,1097906565,19.93
1097906565,1097906679,19.93
1097906565,1097906845,22.99
1097906845,1097906565,22.99
1097906845,1097906787,46.53
1097906787,1097906845,46.53
1097906787,1097906604,49.56
1097906604,1097906787,49.56
1097906604,1097906786,56.47
1097906786,1097906604,56.47
1097906786,2393573011,30.82
2393573011,1097906786,30.82
2393573011,1093685728,5.84
1093685728,2393573011,5.84
1097906820,1097906786,51.13
1097906786,1097906820,51.13
1097906786,3809762383,114.17
3809762383,1097906786,114.17
3809762383,1160435126,7.69
1160435126,3809762383,7.69
2099138609,2099138597,11.71
2099138597,2099138609,11.71
2099138597,11191929669,2.56
11191929669,2099138597,2.56
11191929669,11191929670,21.14
11191929670,11191929669,21.14
11191929670,11191929671,8.32
11191929671,11191929670,8.32
1094678313,1094679759,38.70
1094679759,1094678313,38.70
1306888969,1306889124,12.19
1306889124,1306888969,12.19
1306889124,1306889076,11.87
1306889076,1306889124,11.87
1306888920,1306889035,50.52
1306889035,1306888920,50.52
1664033806,1664033820,36.81
1664033820,1664033806,36.81
472447023,472447024,35.66
472447024,472447023,35.66
472447024,472447025,31.67
472447025,472447024,31.67
472447025,472447270,18.62
472447270,472447025,18.62
472447025,472447266,33.07
472447266,472447025,33.07
1306888997,7951554824,28.09
7951554824,1306888997,28.09
7951554824,1306888971,8.15
1306888971,7951554824,8.15
1306888971,1306889087,20.68
1306889087,1306888971,20.68
1306889087,7951554821,4.04
7951554821,1306889087,4.04
7951554821,1306889077,5.12
1306889077,7951554821,5.12
1306889077,1306889139,25.00
1306889139,1306889077,25.00
1306888969,1306889085,24.21
1306889085,1306888969,24.21
1306889085,1306889104,29.35
1306889104,1306889085,29.35
1306889104,12378260898,40.19
12378260898,1306889104,40.19
1094679759,9141230673,23.00
9141230673,1094679759,23.00
9141230673,2611829945,12.22
2611829945,9141230673,12.22
1306889081,1306889172,2.60
1306889172,1306889081,2.60
1306889172,1306888999,19.25
1306888999,1306889172,19.25
1306888999,1306889124,41.58
1306889124,1306888999,41.58
475369198,475369209,25.43
475369209,475369198,25.43
475369209,475369207,30.04
475369207,475369209,30.04
475369207,9941898998,77.64
9941898998,475369207,77.64
9941898998,5411351903,7.66
5411351903,9941898998,7.66
475368608,475369085,17.92
475369085,475368608,17.92
475369085,6170421232,21.77
6170421232,475369085,21.77
6170421232,475369083,6.48
475369083,6170421232,6.48
475369320,475369319,18.01
475369319,475369320,18.01
475369319,475369337,13.87
475369337,475369319,13.87
475369337,475369316,47.98
475369316,475369337,47.98
4506493829,475369320,11.07
475369320,4506493829,11.07
475369316,1665978189,17.57
1665978189,475369316,17.57
1665978189,1665978187,23.27
1665978187,1665978189,23.27
1665978187,6240815386,16.28
6240815386,1665978187,16.28
6240815386,1666084429,9.24
1666084429,6240815386,9.24
475368911,475368910,14.64
475368910,475368911,14.64
475368910,475368909,21.49
475368909,475368910,21.49
475368919,475368918,38.98
475368918,475368919,38.98
475368998,475368570,21.20
475368570,475368998,21.20
1665929836,475368967,12.21
475368967,1665929836,12.21
475368967,475368963,11.97
475368963,475368967,11.97
475368963,475368968,11.43
475368968,475368963,11.43
475368968,475368972,11.15
475368972,475368968,11.15
475368972,7942739499,4.30
7942739499,475368972,4.30
7942739499,475368614,10.40
475368614,7942739499,10.40
7942739618,475368902,26.12
475368902,7942739618,26.12
475368876,475368874,30.95
475368874,475368876,30.95
1665929728,7942739530,36.49
7942739530,1665929728,36.49
7942739530,7942739529,25.84
7942739529,7942739530,25.84
7942739529,7942739528,10.96
7942739528,7942739529,10.96
7942739528,7942739511,14.76
7942739511,7942739528,14.76
7942739511,7942739510,25.09
7942739510,7942739511,25.09
7942739510,7942739517,27.72
7942739517,7942739510,27.72
7942739517,7942739516,13.64
7942739516,7942739517,13.64
7942739516,7942739515,12.44
7942739515,7942739516,12.44
7942739515,7942739514,26.01
7942739514,7942739515,26.01
1665929704,1808422620,6.16
1808422620,1665929704,6.16
1808422620,12951485466,2.57
12951485466,1808422620,2.57
12951485466,12951485467,6.48
12951485467,12951485466,6.48
12951485467,1808422621,2.58
1808422621,12951485467,2.58
1808422621,475110156,35.09
475110156,1808422621,35.09
2611829955,1141032572,16.98
1141032572,2611829955,16.98
12462440802,12462440813,4.00
12462440813,12462440802,4.00
12462440813,2649421045,5.96
2649421045,12462440813,5.96
12462440000,12462440810,19.81
12462440810,12462440000,19.81
472446993,12462440000,12.86
12462440000,472446993,12.86
12462440804,12462440802,4.81
12462440802,12462440804,4.81
2606035813,12462440805,5.40
12462440805,2606035813,5.40
12462440805,12462440806,5.41
12462440806,12462440805,5.41
12462440806,12462440803,3.86
12462440803,12462440806,3.86
12477182649,475368983,35.67
475368983,12477182649,35.67
1306888904,7951554993,2.42
7951554993,1306888904,2.42
7951554993,1306889016,10.21
1306889016,7951554993,10.21
1664033904,472447258,17.89
472447258,1664033904,17.89
472447258,1664033903,11.87
1664033903,472447258,11.87
1664033903,472447259,11.31
472447259,1664033903,11.31
472447259,472447263,45.76
472447263,472447259,45.76
472447263,472447260,41.36
472447260,472447263,41.36
472447035,472447277,21.52
472447277,472447035,21.52
472447277,472447276,19.80
472447276,472447277,19.80
472447276,472447254,18.31
472447254,472447276,18.31
472447254,472447255,36.39
472447255,472447254,36.39
472447255,1664033904,9.36
1664033904,472447255,9.36
1306889031,7951554579,16.64
7951554579,1306889031,16.64
7951554579,1306889097,16.51
1306889097,7951554579,16.51
475369457,9307948709,5.16
9307948709,475369457,5.16
9307948709,475369460,43.27
475369460,9307948709,43.27
475369460,9307948099,51.93
9307948099,475369460,51.93
9307948099,475369471,7.55
475369471,9307948099,7.55
475369471,2397996024,41.25
2397996024,475369471,41.25
2397996024,9993884229,7.80
9993884229,2397996024,7.80
9993884229,475368669,10.27
475368669,9993884229,10.27
475368782,475368847,34.15
475368847,475368782,34.15
472446987,4384718913,8.21
4384718913,1665978181,41.92
1665978181,4716622878,3.82
4716622878,475368449,14.55
475369284,1665978193,17.79
1665978193,475369284,17.79
1665978193,1094262614,32.37
1094262614,1665978193,32.37
1094262614,475369285,3.82
475369285,1094262614,3.82
12666499809,12666469796,10.03
12666469796,12666499809,10.03
12666499809,9737161866,7.09
9737161866,12666499809,7.09
9737161866,9737161871,35.48
9737161871,9737161866,35.48
9737161871,1665929945,32.68
1665929945,9737161871,32.68
1665929945,1665929947,4.60
1665929947,1665929945,4.60
1665929947,475368519,6.10
475368519,1665929947,6.10
475368519,2397996028,15.23
2397996028,475368519,15.23
2397996028,9737161888,33.50
9737161888,2397996028,33.50
9737161888,475369057,27.49
475369057,9737161888,27.49
475369057,9737161864,5.91
9737161864,475369057,5.91
9737161864,475368520,11.63
475368520,9737161864,11.63
475368520,9737054483,47.67
9737054483,475368520,47.67
9737054483,475368517,9.74
475368517,9737054483,9.74
12666469794,12666499802,5.08
12666499802,12666469792,0.86
12666469792,12666499801,1.17
12666499801,12666469800,0.98
12666469800,12666469799,7.51
12666469799,12666469798,1.41
12666469798,12666469797,1.58
12666469797,12666469796,2.12
12666469796,12666499808,13.60
12666499808,12666469795,1.33
12666469795,12666499807,1.09
12666499807,12666499806,1.21
12666499806,12666499805,9.40
12666499805,12666469793,0.95
12666469793,12666499804,1.06
12666499804,12666499803,0.99
12666499803,12666469794,4.02
12666499812,12666499811,32.40
12666499811,12666499812,32.40
2606035893,1666084547,11.01
1806870871,475110333,10.54
475110333,1806870871,10.54
6276840044,12850764822,9.28
12850764822,6276840044,9.28
12850764822,12850764823,72.46
12850764823,12850764822,72.46
12850764823,12850764828,50.52
12850764828,12850764823,50.52
12850764828,12850764824,3.76
12850764824,12850764828,3.76
12850764824,12850764825,47.07
12850764825,12850764824,47.07
12850764825,12850764826,2.04
12850764826,12850764825,2.04
12850764826,5899162714,64.63
5899162714,12850764826,64.63
12850764828,2397996036,4.55
2397996036,12850764828,4.55
2397996036,12850764829,4.88
12850764829,2397996036,4.88
9228817076,10295065516,57.62
10295065516,9228817076,57.62
6743371179,10295065514,36.70
10295065514,6743371179,36.70
10295065514,9228817075,20.98
9228817075,10295065514,20.98