# ROAD NETWORK GRAPH - TIRANA, ALBANIA
# Data Source: OpenStreetMap 
# Graph Type: Directed weighted graph
# Weight Unit: Meters (great-circle distance)
# Coordinate System: WGS84
# Contains: Road network edges with distances
# V = 9,433; E = 18,365;
source,target,weight
4548140918,4548140912,3.73
4548140912,4647977643,38.08
4647977643,4647977649,25.70
4647977649,4548140905,42.72
4548140905,4391194887,6.21
4391194887,2879673205,9.88
2879673205,4548140911,47.50
4548140911,1867590655,6.86
1867590655,4548140909,6.13
4548140909,11117968899,38.45
11117968899,3377273791,12.65
3377273791,4548140906,61.80
4548140906,3377267377,5.16
3377267377,4546507334,45.53
4546507334,1831370125,5.95
15460534,4548140917,7.90
4548140917,6883615023,42.26
6883615023,3377273792,9.87
3377273792,4548140910,31.04
4548140910,1867590655,4.58
1867590655,4548140908,4.58
4548140908,6937947473,39.21
6937947473,4548140902,26.81
4548140902,15492727,4.34
15492727,4548140899,4.74
4548140899,11010723358,47.36
11010723358,4546181450,43.80
4546181450,1867590632,4.89
15492898,2608865136,5.28
2608865136,11108279927,3.94
11108279927,11140003889,49.27
11140003889,11140003891,4.00
11140003891,11140003896,6.50
11140003896,11140003893,18.77
11140003893,4539916146,2.07
4539916146,6938359631,3.39
6938359631,15492891,2.46
4549222967,15492804,9.35
15492804,4549222967,9.35
15492804,4549222959,5.96
4549222959,15492804,5.96
559762636,9986532329,24.56
9986532329,559762636,24.56
9986532329,2556931400,23.46
2556931400,9986532329,23.46
2556931400,559762633,21.33
559762633,2556931400,21.33
559762633,8697692160,30.92
8697692160,559762633,30.92
8697692160,559762629,40.43
559762629,8697692160,40.43
559762629,6946755981,32.96
6946755981,559762629,32.96
6946755981,4548016658,43.02
4548016658,6946755981,43.02
4551140759,5893087932,8.42
5893087932,5893087933,9.62
5893087933,5893087934,10.53
5893087934,5893087931,15.86
5893087931,4555708980,25.15
1843574675,4658917532,28.11
4658917532,1843574675,28.11
4658917532,11074197000,69.29
11074197000,4658917532,69.29
11074197000,4659466154,24.37
4659466154,11074197000,24.37
4659466154,11384713254,4.10
11384713254,4659466154,4.10
11384713254,283597343,25.71
283597343,11384713254,25.71
283597343,1843575149,10.61
1843575149,283597343,10.61
1843575149,4511981759,20.81
4511981759,1843575149,20.81
4511981759,5624473243,11.22
5624473243,4511981759,11.22
5624473243,1843575180,31.01
1843575180,5624473243,31.01
1843575180,5629388890,70.18
5629388890,1843575180,70.18
5629388890,4658917533,43.44
4658917533,5629388890,43.44
4658917533,4551140748,36.44
4551140748,4658917533,36.44
4642346188,4642356933,3.20
4642356933,4642346188,3.20
4642356933,4642346182,7.65
4642346182,4642356933,7.65
4642346182,10171441585,11.14
10171441585,4642346182,11.14
10171441585,4642356929,8.11
4642356929,10171441585,8.11
4642356929,2418944834,9.38
2418944834,4642356929,9.38
2418944834,4642356931,12.26
4642356931,2418944834,12.26
4642356931,7871709156,10.37
7871709156,4642356931,10.37
7871709156,4642356930,12.70
4642356930,7871709156,12.70
4642356930,7871709157,12.19
7871709157,4642356930,12.19
7871709157,4642356932,12.84
4642356932,7871709157,12.84
4642356932,429652060,20.46
429652060,4642356932,20.46
429652060,4642356902,9.78
4642356902,429652060,9.78
4642356902,4642356924,5.95
4642356924,4642356902,5.95
4642356924,7871697583,10.68
7871697583,4642356924,10.68
7871697583,4642356925,11.06
4642356925,7871697583,11.06
4642356925,4642356923,10.44
4642356923,4642356925,10.44
4642356923,429652218,17.09
429652218,4642356923,17.09
429652218,4642356918,19.50
4642356918,429652218,19.50
4642356918,2418944841,7.64
2418944841,4642356918,7.64
2418944841,8122024321,9.93
8122024321,2418944841,9.93
8122024321,4642356917,8.69
4642356917,8122024321,8.69
4642356917,4642356916,11.90
4642356916,4642356917,11.90
4642356916,2551504569,13.09
2551504569,4642356916,13.09
2551504569,4642346184,4.24
4642346184,2551504569,4.24
6737201767,10170312499,33.86
10170312499,6737201767,33.86
10170312499,6938359664,89.63
6938359664,10170312499,89.63
6938359664,4642346183,6.87
4642346183,6938359664,6.87
4642346183,4545057664,72.46
4545057664,4642346183,72.46
4545057664,4642346188,82.95
4642346188,4545057664,82.95
4642346188,6813634649,4.30
6813634649,4642346188,4.30
6813634649,4545060372,95.48
4545060372,6813634649,95.48
4545060372,4545060363,26.67
4545060363,4545060372,26.67
4545060363,4642346186,36.50
4642346186,4545060363,36.50
4642346186,4391192649,38.32
4391192649,4642346186,38.32
4391192649,4545057901,40.30
4545057901,4391192649,40.30
4545057901,429652032,71.76
429652032,4545057901,71.76
429652032,4642346184,43.51
4642346184,429652032,43.51
4642346184,11216544117,2.88
11216544117,4642346184,2.88
11216544117,6737201767,66.08
6737201767,11216544117,66.08
5419117670,4549557567,6.34
4549557567,4548016636,5.09
4548016636,5324012246,10.78
5324012246,11182102721,7.89
11182102721,4664234505,1.13
4664234505,11182102722,3.60
11182102722,11182102724,38.86
11182102724,11182102727,7.18
11182102727,5324012110,28.17
5324012110,6864629429,28.83
559762629,4548016641,5.72
4548016641,4548016637,5.48
4548016637,4548016640,82.28
4548016640,5324440594,23.21
5324440594,4548016639,23.36
4548016639,11182164136,9.10
11182164136,11182168339,1.37
11182168339,4637582265,10.70
4637582265,4548016638,18.99
4548016638,4548016642,5.51
4548016642,5896601849,5.18
5896601849,559762642,6.46
559762612,11197721654,7.03
11197721654,4548140924,2.74
4548140924,6946764696,39.39
6946764696,10167383859,30.97
10167383859,11182023922,7.44
11182023922,11182023916,7.06
11182023916,11182074041,19.27
11182074041,11182023913,3.94
11182023913,4647391321,8.24
4647391321,10200395989,31.95
10200395989,5617542163,3.21
5617542163,559762610,12.16
559762610,4647393013,51.43
4647393013,4548140922,40.14
4548140922,559762617,6.44
429650397,5884690292,8.94
5884690292,429650397,8.94
5884690292,5884690291,10.04
5884690291,5884690292,10.04
5884690291,2445896940,19.62
2445896940,5884690291,19.62
2445896940,429650398,23.32
429650398,2445896940,23.32
429650398,10977923730,12.92
10977923730,429650398,12.92
10977923730,5884690290,31.19
5884690290,10977923730,31.19
5884690290,6288191054,4.60
6288191054,5884690290,4.60
6288191054,6315664516,11.37
6315664516,6288191054,11.37
4547967332,11194680694,35.20
11194680694,4547967332,35.20
11194680694,12107092448,37.37
12107092448,11194680694,37.37
12107092448,1842476355,18.71
1842476355,12107092448,18.71
11119832239,4545057892,8.68
4545057892,11119832249,11.37
11119832249,6367897029,144.65
6367897029,4545057822,2.72
4545057822,11119832242,2.79
4545057864,4545057825,10.67
4545057825,4545060368,3.50
4545060368,5297635244,51.03
494155690,4551484182,7.06
4551484182,494155690,7.06
4551484182,13013431804,1.87
13013431804,4551484182,1.87
13013431804,11342054588,52.57
11342054588,13013431804,52.57
11342054588,11342054590,13.80
11342054590,11342054588,13.80
11342054590,6959218897,58.10
6959218897,11342054590,58.10
6959218897,1867590713,6.08
1867590713,6959218897,6.08
1867590713,4587669753,30.00
4587669753,1867590713,30.00
4587669753,896790428,5.95
896790428,4587669753,5.95
896790428,11341948729,35.23
11341948729,896790428,35.23
11341948729,1867590715,68.94
1867590715,11341948729,68.94
1867590715,11201038519,27.56
11201038519,1867590715,27.56
11201038519,11341948717,29.78
11341948717,11201038519,29.78
2445909795,10171441584,4.30
10171441584,2445909795,4.30
10171441584,2418944838,4.66
2418944838,10171441584,4.66
2418944838,4642356914,6.07
4642356914,2418944838,6.07
4642356914,4642356913,4.65
4642356913,4642356914,4.65
4642356913,580986918,6.08
580986918,4642356913,6.08
580986918,2608865159,6.53
2608865159,580986918,6.53
2608865159,2608865158,6.28
2608865158,2608865159,6.28
2608865158,580986919,6.36
580986919,2608865158,6.36
580986919,2608865156,5.94
2608865156,580986919,5.94
2608865156,10171441581,3.19
10171441581,2608865156,3.19
10171441581,2608865155,3.11
2608865155,10171441581,3.11
2608865155,2418944826,3.50
2418944826,2608865155,3.50
2418944826,10171441583,6.56
10171441583,2418944826,6.56
10171441583,10171441582,6.82
10171441582,10171441583,6.82
10171441582,2418944809,12.84
2418944809,10171441582,12.84
6373612268,1564319730,16.54
1564319730,6373612268,16.54
1564319730,3615162202,24.10
3615162202,1564319730,24.10
1851380863,1851380861,57.80
1851380861,1851380863,57.80
1564329854,6373576356,26.97
6373576356,1564329854,26.97
6373576356,4659180772,34.82
4659180772,6373576356,34.82
4659180772,6373576357,15.42
6373576357,4659180772,15.42
6373576357,6373576358,14.27
6373576358,6373576357,14.27
6373576358,6373576359,8.62
6373576359,6373576358,8.62
1564364620,6879830557,6.23
6879830557,1564364620,6.23
6879830557,1564364623,21.38
1564364623,6879830557,21.38
1564364623,1564364624,18.76
1564364624,1564364623,18.76
1564364624,1564364622,14.50
1564364622,1564364624,14.50
4658918030,6821223409,5.12
6821223409,6952833300,8.20
6952833300,1564400942,11.54
1564400942,11742873879,27.20
11742873879,11742873882,11.45
11742873882,1564400943,23.73
1564400943,6326523819,18.43
6326523819,1564400941,16.21
6326523817,6952833301,9.06
6952833301,6326523817,9.06
6952833301,1564401206,9.16
1564401206,6952833301,9.16
1564401206,4659180769,7.74
4659180769,1564401206,7.74
4659180769,6952833302,7.22
6952833302,4659180769,7.22
6952833302,6326523818,8.69
6326523818,6952833302,8.69
6326523818,1564401205,15.26
1564401205,6326523818,15.26
2450374643,4659335675,11.34
4659335675,4659335674,9.51
4659335674,4659335673,8.00
4659335673,11196822098,7.19
11196822098,1791551960,4.07
1791551960,4659335664,7.63
4659335664,4659336136,2.07
4659336136,12997341998,62.55
12997341998,2987973059,1.46
2987973059,2987973056,8.69
2987973056,258185897,3.71
559762604,2987972721,7.12
2987972721,559762604,7.12
5295845231,11928626347,27.21
11928626347,1840275619,89.55
1840275619,6872030817,9.18
6872030817,1851759275,34.62
1851759275,4546765754,10.28
4546765754,4546765759,61.78
1842439709,4551484157,12.47
4551484157,1840275452,47.77
1840275452,1946518400,28.69
1946518400,6883585604,43.06
6883585604,1946518249,6.81
1946518249,6946165154,81.69
6946165154,12997137332,86.43
12997137332,6274653706,3.37
6274653706,1840275642,11.31
2987973041,2987973042,11.42
2987973042,2987973041,11.42
2987973042,2987973043,5.42
2987973043,2987973042,5.42
2987973043,2987973044,4.41
2987973044,2987973043,4.41
2987973044,2987973045,4.20
2987973045,2987973044,4.20
2987973045,2987973046,4.29
2987973046,2987973045,4.29
2987973046,6949711649,22.61
6949711649,2987973046,22.61
6949711649,11196859463,8.22
11196859463,6949711649,8.22
11196859463,4623649386,5.06
4623649386,11196859463,5.06
1841668994,1841668998,6.18
1841668998,4551140776,5.84
4551140776,1841669000,6.71
12473464729,6312733649,15.87
6312733649,12473464729,15.87
6312733649,5295465143,16.08
5295465143,6312733649,16.08
5295465143,6883322169,39.79
6883322169,5295465143,39.79
6883322169,6326554733,48.91
6326554733,6883322169,48.91
6326554733,6326554714,11.94
6326554714,6326554733,11.94
6326554714,4658918420,19.35
4658918420,6326554714,19.35
4658918420,6952833305,13.29
6952833305,4658918420,13.29
6952833305,6326523261,31.58
6326523261,6952833305,31.58
6326523261,6821122984,71.97
6821122984,6326523261,71.97
6821122984,1842432783,10.27
1842432783,6821122984,10.27
1842432783,4658918030,99.44
4658918030,1842432783,99.44
4658918030,1842432784,40.05
1842432784,4658918030,40.05
1842449692,1842439702,6.56
1842439702,1842449692,6.56
1842439702,4551484149,24.84
4551484149,1842439702,24.84
4551484149,11341732612,7.85
11341732612,4551484149,7.85
11341732612,1842439703,4.46
1842439703,11341732612,4.46
1842439703,6882933145,13.55
6882933145,1842439703,13.55
6882933145,4551484148,9.14
4551484148,6882933145,9.14
4551484148,1843028674,14.99
1843028674,4551484148,14.99
1842449778,6938555174,10.26
6938555174,1842446691,9.69
1842446691,6959218912,4.14
6959218912,4551141129,8.02
4551141129,6938555172,10.80
6938555172,1842446694,11.55
1842446694,4655550902,55.70
4655550902,5297635248,10.25
5297635248,4655550702,26.36
4655550702,1847297877,37.96
1847297877,1842446699,38.68
1842446699,1847297802,33.56
1847297802,1847297696,26.46
1847297696,6879759330,22.98
6879759330,1847297804,45.41
1847297804,4655550726,37.41
4655550726,12985459155,36.38
12985459155,6879759316,2.34
6879759316,6879759314,8.94
6879759314,6317624540,10.37
1842446672,12088007408,26.61
12088007408,4655549703,4.39
4655549703,11384609711,11.13
11384609711,4655759596,35.79
4655759596,11341846494,6.79
11341846494,11382509223,37.08
11382509223,4551141122,9.86
4551141122,4551141120,8.55
4551141120,11384609715,12.11
11384609715,6959218907,24.97
6959218907,4655547951,8.82
4655547951,10563627334,4.33
10563627334,4655759591,47.09
4655759591,4655547944,9.36
4655547944,11335691039,3.70
11335691039,12550003942,29.08
12550003942,4655759589,3.35
4655759589,4655547938,9.85
4655547938,4655758786,19.56
4655758786,1863293020,14.68
1863293020,4655758425,30.63
4655758425,4655758422,11.41
4655758422,12550003940,8.76
12550003940,4551141118,35.16
4551141118,4551141114,14.62
4551141114,4551141126,23.24
4551141126,6879759304,9.85
4655549893,6317624550,12.82
6317624550,6879759327,105.51
6879759327,6946165105,101.42
6946165105,6886418744,41.68
1843028658,6274653704,11.34
6274653704,9536060460,73.34
9536060460,9536060462,17.41
9536060462,1842446655,44.35
1842446655,1843574827,39.91
1843574827,6883585602,3.15
6883585602,1842446657,38.27
1842446657,4551484158,81.02
4551484158,1842446669,14.86
1842446669,4551484156,15.65
4551484156,11115128903,4.62
11115128903,1842446693,100.64
1842446693,1843574911,42.14
1843574911,5297403659,11.94
1842449677,12195626778,37.41
12195626778,9974620278,2.44
9974620278,9992527859,1.98
9992527859,6442424395,39.05
6442424395,4655549032,37.25
4655549032,4655547881,10.47
4655547881,4655548614,63.87
4655548614,12088007410,6.96
12088007410,1842449688,7.32
1842449688,6938555105,20.48
6938555105,1842449690,17.44
1842449690,6938555103,10.81
6938555103,4551484144,36.61
4551484144,1842449692,8.17
5887776770,5887776771,32.55
5887776771,5887776770,32.55
5887776771,5887776772,45.81
5887776772,5887776771,45.81
2446133123,2618516943,30.06
2618516943,4659181463,27.89
4659181463,4659181469,23.00
4659181469,4659181487,8.83
4659181487,4659181482,17.22
4659181482,4659181478,18.59
4659181478,4659181488,40.65
4659181488,1843039343,33.31
1842467299,6159437322,12.91
6159437322,1842467299,12.91
6159437322,6949961509,12.96
6949961509,6159437322,12.96
6949961509,6949961510,5.24
6949961510,6949961509,5.24
6949961510,1842457401,8.63
1842457401,6949961510,8.63
4659049003,1876396730,32.69
1876396730,11386295703,3.89
11386295703,11386295701,20.50
11386295701,11386295709,5.80
11386295709,1831366455,29.45
1831366455,1876396726,7.32
1876396726,1842472105,6.42
1842472105,6373577743,6.09
6373577743,4659336139,5.80
4659336139,12143034856,17.31
12143034856,11386295687,10.29
11386295687,4659336138,15.05
4659336138,12143034852,16.29
12143034852,12143034847,8.49
12143034847,2690960324,24.09
2690960324,4659048676,3.41
4659048676,4659336124,12.09
4659336124,2690967187,37.24
2690967187,11386275912,16.05
11386275912,6981894163,31.37
6981894163,6373598044,8.58
6373598044,1851757925,64.22
1851757925,1842472111,29.79
1842474328,10906083602,3.82
10906083602,4553151363,4.75
4553151363,10981735390,26.69
10981735390,6241445184,9.62
6241445184,6883198034,14.26
6883198034,4578288232,15.58
4578288232,3325958624,23.21
3325958624,4655760127,37.86
4655760127,1842446659,11.09
5541483077,5893077230,2.80
5893077230,5893077234,3.89
5893077234,2619568633,8.50
2619568633,5893077233,8.22
5893077233,5893077236,7.58
5893077236,5893077232,5.66
5893077232,2619568635,6.28
2619568635,5893077237,4.74
5893077237,5893077238,1.92
5893077238,6288191056,3.10
6288191056,5893077231,3.00
5893077231,15493356,5.63
1842446672,4655549062,74.88
4655549062,4655759610,49.04
4655759610,4551484150,64.99
4551484150,6883198032,24.22
6883198032,10563659555,7.57
1843028677,4553151256,4.68
4553151256,4655548382,41.31
4655548382,10981747418,10.22
10981747418,4655548387,44.71
4655548387,4553151257,14.51
4553151257,10906083601,3.68
10906083601,1843028673,3.94
2173401289,5924006874,24.96
5924006874,6810559190,43.37
6810559190,4659049186,6.54
4659049186,6394989314,4.87
6394989314,4659181477,35.88
4659181477,4659049183,9.47
4659049183,1843039343,29.00
6368049809,4647391860,17.61
4647391860,6368049809,17.61
4647391860,10895951551,4.15
10895951551,4647391860,4.15
10895951551,10895963109,35.88
10895963109,10895951551,35.88
10895963109,12121969480,17.49
12121969480,10895963109,17.49
12121969480,15494038,20.34
15494038,12121969480,20.34
1843562342,5245771967,4.79
5245771967,1843562342,4.79
5245771967,6817938930,6.42
6817938930,5245771967,6.42
6817938930,1843562326,9.43
1843562326,6817938930,9.43
1843562326,6864224773,2.97
6864224773,1843562326,2.97
6864224773,6949711595,63.84
6949711595,6864224773,63.84
6949711595,6949711596,7.15
6949711596,6949711595,7.15
1843562273,1843562302,51.45
1843562302,1843562273,51.45
1843562302,10895951553,17.02
10895951553,1843562302,17.02
10895951553,12121972528,14.12
12121972528,10895951553,14.12
12121972528,10895951552,14.13
10895951552,12121972528,14.13
10895951552,10895951551,81.36
10895951551,10895951552,81.36
1843574864,6879708576,10.96
6879708576,1843574864,10.96
6879708576,1843574979,42.27
1843574979,6879708576,42.27
1843574771,6938555182,9.00
6938555182,1843575033,6.30
1843575033,1843574853,10.82
1843574853,4659447209,14.86
4659447209,1843574846,2.26
1843574846,1843575159,16.01
1843575159,6882646810,15.14
6882646810,1843574778,3.90
4555708980,6274653689,9.06
6274653689,5893133543,4.05
5893133543,12624610446,2.54
12624610446,4551140757,21.47
4551140757,5885533048,17.04
5885533048,4658919144,25.05
4658919144,5629388891,6.16
5629388891,4658919143,27.27
4658919143,6882646813,17.42
6882646813,6952505125,4.11
6952505125,1843574687,7.27
1843574687,11330032752,22.62
11330032752,4658919140,2.51
4658919140,6882646811,20.46
6882646811,1843574778,5.72
1843574778,4658919125,2.27
4658919125,6882646809,47.87
6882646809,1843574959,12.97
4658919143,4658919142,33.00
4658919142,4658919143,33.00
4658919142,4658919138,7.15
4658919138,4658919142,7.15
4658919138,4658919139,21.44
4658919139,4658919138,21.44
4658919139,1843574687,33.58
1843574687,4658919139,33.58
1843574671,5624473273,2.72
5624473273,1843574671,2.72
5624473273,5624473272,5.97
5624473272,5624473273,5.97
5624473272,5624473271,4.50
5624473271,5624473272,4.50
5624473271,1843575070,13.92
1843575070,5624473271,13.92
1843575076,1843574981,21.24
1843574981,1843575076,21.24
1843574674,6879759329,4.33
6879759329,1843574674,4.33
6879759329,12985437798,1.37
12985437798,6879759329,1.37
12985437798,6879759313,3.48
6879759313,12985437798,3.48
1843575070,5624473283,2.98
5624473283,5624473284,2.45
5624473284,1843574803,2.77
1843574803,5624473285,3.89
5624473285,1843574730,3.97
1843574730,5624473286,10.17
5624473286,5624473289,21.20
5624473289,1843575150,3.07
1843575150,1843575039,48.64
1843575039,1843575056,34.91
1843575056,4551484171,4.51
4551484171,1843574780,3.29
1843574933,1843574786,21.60
1843574786,1843574933,21.60
5884556706,1843575188,19.02
1843575188,5884556706,19.02
1843575188,11384713205,7.21
11384713205,1843575188,7.21
11384713205,11384713209,4.08
11384713209,11384713205,4.08
11384713209,5884556695,3.07
5884556695,11384713209,3.07
5884556695,11384713196,4.93
11384713196,5884556695,4.93
11384713196,7439940972,3.23
7439940972,11384713196,3.23
7439940972,13006906658,5.26
13006906658,7439940972,5.26
13006906658,4658918329,2.71
4658918329,13006906658,2.71
4658918329,1843574684,5.61
1843574684,4658918329,5.61
1842446669,1843574900,8.26
1843574900,1842446669,8.26
1843574900,4658919301,40.71
4658919301,1843574900,40.71
4658919301,4658919122,3.42
4658919122,4658919301,3.42
4658919122,1843574824,9.84
1843574824,4658919122,9.84
1843574824,1843574841,11.13
1843574841,1843574824,11.13
1843574841,1843574770,10.12
1843574770,1843574841,10.12
1843574770,4658919296,47.08
4658919296,1843574770,47.08
4658919296,4659447130,28.80
4659447130,4658919296,28.80
4659447130,1843574675,7.61
1843574675,4659447130,7.61
4658919126,6938555183,30.11
6938555183,4658919126,30.11
6938555183,1843574819,6.42
1843574819,6938555183,6.42
1843574819,1843574771,35.52
1843574771,1843574819,35.52
1843574925,5624385781,20.58
5624385781,5624385782,10.30
5624385782,5624385783,5.53
5624385783,5624228729,9.55
5624228729,5884527304,27.55
5884527304,5884527303,8.51
5884527303,5884527302,20.77
5884527302,5884527301,5.96
5884527301,13006906659,3.03
13006906659,6821302531,1.85
6821302531,4658918327,1.54
4658918327,1843575021,5.33
1843574991,6938557386,24.20
6938557386,1843574991,24.20
6938557386,4658919300,22.63
4658919300,6938557386,22.63
4658919300,6938557387,19.91
6938557387,4658919300,19.91
6938557387,4659466152,21.50
4659466152,6938557387,21.50
4659466152,1843574770,7.23
1843574770,4659466152,7.23
4658918776,4658918797,10.37
4658918797,4658918776,10.37
4658918797,4658918798,5.49
4658918798,4658918797,5.49
4658918798,4658918799,6.94
4658918799,4658918798,6.94
4658918799,4658918800,5.06
4658918800,4658918799,5.06
4658918800,4658918801,9.94
4658918801,4658918800,9.94
4658918801,4658918802,5.07
4658918802,4658918801,5.07
4658918802,4658918803,15.44
4658918803,4658918802,15.44
4658918803,1843574831,24.78
1843574831,4658918803,24.78
1843778436,4546486641,5.70
4546486641,1843778436,5.70
4546486641,11117945029,23.55
11117945029,4546486641,23.55
11117945029,5320306894,5.99
5320306894,11117945029,5.99
5320306894,4546506955,58.32
4546506955,5320306894,58.32
4546506955,1863305535,22.04
1863305535,4546506955,22.04
1863305535,4546506951,20.17
4546506951,1863305535,20.17
4546506951,11117937472,4.92
11117937472,4546506951,4.92
11117937472,11117937476,4.95
11117937476,11117937472,4.95
11117937476,4652898595,22.41
4652898595,11117937476,22.41
4652898595,11956635426,10.73
11956635426,4652898595,10.73
11956635426,12993807158,21.84
12993807158,11956635426,21.84
12993807158,4546507351,4.09
4546507351,12993807158,4.09
4546507351,559762604,14.89
559762604,4546507351,14.89
15493703,12997137337,6.18
12997137337,4547969121,3.43
4547969121,11117835887,24.95
11117835887,4547967328,49.00
4547967328,1844585945,17.82
1844585945,11379650381,24.92
11379650381,4653389035,20.71
4653389035,11379650383,27.26
11379650383,10991161514,23.60
10991161514,6178479184,15.47
6178479184,1844585944,6.13
1854612498,258204691,38.35
258204691,4539916503,34.50
4539916503,1854612499,4.69
1854612499,11106084034,56.35
11106084034,6882923945,72.58
6882923945,4157620341,6.91
4157620341,4653384387,3.65
4653384387,4370965307,51.50
4370965307,2608865172,20.78
2608865172,11072167885,16.82
11072167885,4653148031,59.50
4653148031,4370965306,3.48
4370965306,11092548682,34.68
11092548682,2608865181,52.76
2608865181,4370934967,29.72
4370934967,6178380330,13.73
6178380330,1843778436,7.64
1458030825,4553151348,4.81
4553151348,4653388753,38.11
4653388753,4553151350,12.82
4553151350,10991139160,17.58
10991139160,4553151349,9.19
4553151349,10991157983,7.13
10991157983,1844598936,22.05
1844598936,4653431024,6.23
4653431024,4553151351,17.66
4553151351,1844598935,20.60
1844598935,1844598934,27.15
1844598934,1844598933,58.53
1844598933,4653388738,4.04
4653388738,2608876434,47.49
2608876434,9138969331,12.56
9138969331,1844598928,27.93
1845763932,6871817289,2.67
6871817289,1845763932,2.67
6871817289,1879011902,42.56
1879011902,6871817289,42.56
1879011902,6949961494,17.93
6949961494,1879011902,17.93
6949961494,6952833309,12.79
6952833309,6949961494,12.79
6952833309,4659180764,1.91
4659180764,6952833309,1.91
4659180764,1564401205,47.55
1564401205,4659180764,47.55
1564401205,1564400941,23.88
1564400941,1564401205,23.88
1564400941,6949961493,6.41
6949961493,1564400941,6.41
6949961493,12992137267,4.55
12992137267,6949961493,4.55
12992137267,4551140734,1.92
4551140734,12992137267,1.92
4551140734,1842432783,6.09
1842432783,4551140734,6.09
1847297804,4655550695,4.62
4655550695,1847297584,23.53
1847297802,11201005894,4.35
11201005894,1847297802,4.35
11201005894,1847297792,67.93
1847297792,11201005894,67.93
4655550188,6946165120,31.74
6946165120,4655550188,31.74
6946165120,6946165121,8.52
6946165121,6946165120,8.52
6946165121,1847297809,12.05
1847297809,6946165121,12.05
1847297582,1847297596,28.83
1847297596,1847297582,28.83
1847297596,4663240122,20.22
4663240122,1847297596,20.22
4663240122,1847297669,4.58
1847297669,4663240122,4.58
1847297877,4655550699,4.87
4655550699,11265540027,16.26
11265540027,1847297610,51.05
4655547956,6946165128,10.78
6946165128,4655550710,10.07
4655550710,4655550709,3.52
4655550709,1847297772,17.83
1847297772,1847297783,25.61
1847297783,1847297919,28.67
1847297919,1847297866,44.41
1847297866,4655550696,23.51
4655550696,1847297696,4.48
1847297824,7185443020,2.69
7185443020,7185443017,2.76
7185443017,7185443016,6.37
7185443016,1847297800,3.38
1847297800,1847297668,2.77
1847297668,11265540057,12.44
11265540057,4655550691,26.24
4655550691,1847297886,7.34
1847297886,4655550693,4.51
4655550693,1847297591,3.92
1847297591,1847297913,9.27
1847297913,1847297548,7.16
1847297548,1847297809,21.67
1847297809,1847297904,19.87
1847297698,4655550698,67.61
4655550698,1842446699,4.72
1847297772,1847297669,46.87
1847297669,1847297772,46.87
1847297669,1847297855,36.14
1847297855,1847297669,36.14
2445909793,4545057679,9.83
4545057679,15493942,170.56
15493942,2418944805,38.25
2418944805,2418944804,44.18
2418944804,2418944803,46.52
2418944803,12993807156,28.84
12993807156,3659234137,3.71
3659234137,559762604,15.05
1850614899,6159133304,4.16
6159133304,1850614899,4.16
6159133304,5861307475,3.83
5861307475,6159133304,3.83
5861307475,5297437903,3.30
5297437903,5861307475,3.30
5297437903,4621152071,7.36
4621152071,5297437903,7.36
4621152071,5297437902,7.32
5297437902,4621152071,7.32
5297437902,4628694289,8.18
4628694289,5297437902,8.18
4628694289,1850614885,5.45
1850614885,4628694289,5.45
1850614885,5295338285,15.85
5295338285,1850614885,15.85
5295338285,4621152070,7.31
4621152070,5295338285,7.31
4621152070,5295338278,31.49
5295338278,4621152070,31.49
5295338278,6949711652,11.10
6949711652,5295338278,11.10
6949711652,5295338277,26.95
5295338277,6949711652,26.95
5295338277,12076080303,4.26
12076080303,5295338277,4.26
12076080303,11769809223,3.10
11769809223,12076080303,3.10
11769809223,4623649412,26.32
4623649412,11769809223,26.32
4623649412,5295338275,7.08
5295338275,4623649412,7.08
5295338275,1850614905,7.30
1850614905,5295338275,7.30
1850614905,5295338274,10.56
5295338274,1850614905,10.56
5295338274,5295338273,6.76
5295338273,5295338274,6.76
5295338273,2425361185,4.79
2425361185,5295338273,4.79
2425361185,5861307477,7.24
5861307477,2425361185,7.24
5861307477,1850614909,7.53
1850614909,5861307477,7.53
1850614909,5861307479,17.00
5861307479,1850614909,17.00
5861307479,5861307478,9.20
5861307478,5861307479,9.20
5861307478,11643279520,5.85
11643279520,5861307478,5.85
11643279520,1850614910,1.99
1850614910,11643279520,1.99
1850614910,5861307480,7.30
5861307480,1850614910,7.30
5861307480,6981864109,13.47
6981864109,5861307480,13.47
6981864109,11386381390,2.70
11386381390,6981864109,2.70
11386381390,11386381420,9.37
11386381420,11386381390,9.37
11386381420,11386381413,17.83
11386381413,11386381420,17.83
11386381413,5861307786,46.75
5861307786,11386381413,46.75
5861307786,5861307787,4.40
5861307787,5861307786,4.40
5861307787,2425361200,13.37
2425361200,5861307787,13.37
2425361200,4623649314,25.06
4623649314,2425361200,25.06
4623649314,5861307788,20.51
5861307788,4623649314,20.51
5861307788,11769877878,5.90
11769877878,5861307788,5.90
11769877878,5861307789,3.16
5861307789,11769877878,3.16
5861307789,5861307790,2.72
5861307790,5861307789,2.72
5861307790,5861307793,3.23
5861307793,5861307790,3.23
5861307793,1850614937,3.65
1850614937,5861307793,3.65
1850614937,5861307796,2.70
5861307796,1850614937,2.70
5861307796,5861307795,2.34
5861307795,5861307796,2.34
5861307795,5297437714,2.67
5297437714,5861307795,2.67
5297437714,5861307794,2.98
5861307794,5297437714,2.98
5861307794,1850614936,2.47
1850614936,5861307794,2.47
1850614936,2425362120,10.41
2425362120,1850614936,10.41
2425362120,5348130442,11.54
5348130442,2425362120,11.54
5348130442,9482202700,3.37
9482202700,5348130442,3.37
9482202700,10043288577,4.15
10043288577,9482202700,4.15
10043288577,5861307801,9.90
5861307801,10043288577,9.90
5861307801,5861307800,8.73
5861307800,5861307801,8.73
5861307800,5861307803,19.33
5861307803,5861307800,19.33
5861307803,5348130440,10.41
5348130440,5861307803,10.41
5348130440,4623649373,4.65
4623649373,5348130440,4.65
4623649373,1850614923,14.27
1850614923,4623649373,14.27
1850614885,5348130448,7.94
5348130448,5295338284,13.91
5295338284,4628694290,30.10
4628694290,4628694211,2.48
4628694211,5295338289,10.55
5295338289,1850614870,10.51
1850614870,4628694310,0.94
4628694310,5295338290,6.94
5295338290,4621152062,8.34
4621152062,12072323829,28.45
12072323829,4621152052,16.64
4621152052,5295338293,9.67
5295338293,5295338294,11.17
5295338294,12072393827,7.29
12072393827,1850614847,13.19
1850614847,5295338296,4.37
5295338296,1854103789,3.04
1854103789,5295338295,2.98
5295338295,5295338297,3.78
5295338297,4621152073,6.95
4621152073,5295338298,6.23
5295338298,1850614834,5.90
1850614834,5295338299,4.89
5295338299,2443521316,5.04
2443521316,5295338300,6.21
5295338300,2379587230,8.34
4659334457,11182219618,20.18
11182219618,4659334457,20.18
11182219618,5291859725,38.97
5291859725,11182219618,38.97
5291859725,2488150010,73.57
2488150010,5291859725,73.57
2488150010,5151756055,21.20
5151756055,2488150010,21.20
5151756055,4642110504,37.72
4642110504,5151756055,37.72
1843039369,6952833316,61.59
6952833316,11742772384,18.76
11742772384,11742772387,3.32
11742772387,1851757546,31.69
1851757546,1851757556,78.68
1851757556,4659181249,46.64
4659181249,4659181241,2.51
4659181241,4659181237,29.25
4659181237,12988690148,28.73
12988690148,1843039375,5.81
1564338301,11742772423,27.42
11742772423,1564338301,27.42
11742772423,1564338299,11.93
1564338299,11742772423,11.93
1564338299,6373576353,12.42
6373576353,1564338299,12.42
6373576353,1851380858,5.48
1851380858,6373576353,5.48
1851757543,4659041768,87.62
4659041768,1851757553,23.64
1851757539,4659181155,55.52
4659181155,11738039389,3.11
11738039389,2446135284,53.39
2446135284,4659181153,13.96
4659181153,1851757544,41.73
1843039372,4659179475,22.05
4659179475,4659181394,42.93
4659181394,1851757545,22.58
1851757545,4659653899,14.01
4659653899,4659179464,45.64
4659179464,6952833317,19.26
6952833317,1851757540,5.38
1851757540,4659181137,26.99
4659181137,1851757539,105.71
1851758297,6373577735,8.83
6373577735,6373577734,13.03
6373577734,4659336210,13.55
4659336210,6879532040,15.38
6879532040,1851758299,4.26
1851758299,6373577736,25.31
6373577736,1851758301,30.04
1851758301,6950062546,6.45
6950062546,11361045247,27.29
11361045247,1851758302,5.42
1851758302,4659336089,13.56
4659336089,4659336091,20.12
4659336091,4464727119,21.58
4464727119,1851758303,5.87
1851758303,4464727112,8.92
4464727112,4659048695,8.55
4659048695,4659048696,18.82
4659048696,4659653890,31.04
4659653890,13004788919,39.65
13004788919,6313939983,3.08
6313939983,1851758304,4.90
1840275619,4553151354,6.05
4553151354,6872030822,12.58
6872030822,1851759285,23.93
6700648760,4553151357,5.39
4553151357,6700648760,5.39
4553151357,6872155918,4.44
6872155918,4553151357,4.44
6872155918,1851759919,4.75
1851759919,6872155918,4.75
1851759919,6872155932,60.64
6872155932,1851759919,60.64
6872155932,6872155929,4.05
6872155929,6872155932,4.05
6872155929,6872155933,4.37
6872155933,6872155929,4.37
1851759904,4553151343,11.20
4553151343,4655273850,3.42
4655273850,4655259327,27.13
4655259327,11914190589,9.86
11914190589,12582818017,31.20
12582818017,4553150233,23.71
4553150233,4553151345,17.14
4553151345,4553151346,6.52
4553151346,1851759900,4.35
1851805076,11076203755,5.24
11076203755,12582885531,39.15
12582885531,4653388723,22.50
4653388723,4653388729,26.01
4653388729,11914190590,8.75
11914190590,11093246940,15.46
11093246940,4653388721,5.49
4653388721,11914190599,3.01
11914190599,4653387750,2.05
4653387750,1851805075,5.27
1851805075,11093246935,34.26
11093246935,11093246937,1.60
11093246937,6258768680,15.08
6258768680,4653388703,43.36
4653388703,11092631614,18.23
11092631614,11092631608,40.32
11092631608,1851805072,5.20
1854097940,11196859465,6.22
11196859465,1854097938,6.87
1854097938,6949711651,4.87
6949711651,4623649410,6.36
4623649410,4623649289,8.18
4623649289,11769809189,16.36
11769809189,4623649177,28.42
4623649177,11769866142,18.27
11769866142,11769866159,62.84
11769866159,4623649179,29.25
4623649179,1854097925,18.88
1854097925,6949711663,9.57
6949711663,1854097928,8.85
1854097928,4623649310,7.02
4623649310,5297437707,3.16
5297437707,5297437708,5.12
5297437708,5297437709,8.21
5297437709,5297437712,18.18
5297437712,5297437711,16.71
5297437711,5297437710,9.28
5297437710,1854097941,5.76
1854097941,5297437713,6.85
5297437713,4623649374,6.29
4623649374,1854097942,9.50
4623649317,1854097954,27.23
1854097954,4623649317,27.23
1854097954,4623649318,7.22
4623649318,1854097954,7.22
4623649318,1854097956,9.79
1854097956,4623649318,9.79
1854097956,1854097957,72.54
1854097957,1854097956,72.54
6800112281,1854097954,2.85
1854097954,6949711664,8.90
6949711664,1854097949,9.72
1854097949,5297437682,31.64
5297437682,5297437681,15.93
5297437681,1854097942,16.51
1854097942,5297437685,25.37
5297437685,5297437683,6.30
5297437683,5297437684,6.35
5297437684,5297437686,13.76
5297437686,11769873136,9.96
11769873136,11769873129,19.63
11769873129,5348130430,15.75
5348130430,5348130443,8.15
5348130443,1850614937,14.88
1854097942,6949711665,9.57
6949711665,5297437680,9.30
5297437680,5297437679,21.07
5297437679,1854097947,20.87
1854097947,1854097948,4.97
1854097948,6946755980,4.84
6946755980,1854097951,4.29
1854097951,6946755979,4.10
6946755979,1854097953,3.99
1854097953,1854097957,11.68
4621152339,4549557569,5.75
4549557569,4621152339,5.75
4549557569,5245772041,9.09
5245772041,4549557569,9.09
5245772041,4621931639,15.12
4621931639,5245772041,15.12
4621931639,4628694199,24.50
4628694199,4621931639,24.50
4621152075,1854103760,7.01
1854103760,4621152075,7.01
1854103760,5295393781,4.42
5295393781,1854103760,4.42
5295393781,1854103761,4.36
1854103761,5295393781,4.36
1854103761,5295393783,2.79
5295393783,1854103761,2.79
5295393783,5295393785,2.59
5295393785,5295393783,2.59
5295393785,5295393784,3.31
5295393784,5295393785,3.31
5295393784,5295393787,2.95
5295393787,5295393784,2.95
5295393787,5295393786,2.90
5295393786,5295393787,2.90
5295393786,4621152326,2.65
4621152326,5295393786,2.65
4621152326,7887883238,3.20
7887883238,4621152326,3.20
7887883238,7887883239,0.78
7887883239,7887883238,0.78
7887883239,5295393788,3.38
5295393788,7887883239,3.38
5295393788,1854103758,8.03
1854103758,5295393788,8.03
1854103758,5295393792,11.04
5295393792,1854103758,11.04
5295393792,5295393791,6.50
5295393791,5295393792,6.50
5295393791,5295393793,6.38
5295393793,5295393791,6.38
5295393793,5295393790,11.40
5295393790,5295393793,11.40
5295393790,5295393789,5.14
5295393789,5295393790,5.14
5295393789,4621152327,8.21
4621152327,5295393789,8.21
4621152327,5295393798,9.88
5295393798,4621152327,9.88
5295393798,5295393796,23.46
5295393796,5295393798,23.46
5295393796,1854103735,8.84
1854103735,5295393796,8.84
661110990,4652898589,30.22
4652898589,11092542664,28.76
11092542664,1863296558,34.59
1863296558,4538197430,25.67
4538197430,1854612499,2.88
1842432784,6841113795,6.01
6841113795,4551140739,12.91
4551140739,6952833303,15.59
6952833303,1855833967,17.27
1855833967,1564364620,15.50
1564364620,6879967517,17.58
6879967517,3227142895,20.04
3227142895,1855833966,24.59
1855833966,6879967515,20.86
6879967515,4659180760,22.31
4659180760,1855833965,13.18
1855833965,1879011903,18.84
1879011903,3227142906,8.53
3227142906,1843039372,39.78
1843028658,1840275642,15.96
1859401287,4659049207,30.44
4659049207,1859401287,30.44
4659049207,11439151082,9.68
11439151082,4659049207,9.68
11439151082,11439151081,5.16
11439151081,11439151082,5.16
11439151081,2435862982,27.72
2435862982,11439151081,27.72
2435862982,6373598042,14.19
6373598042,2435862982,14.19
6373598042,6373598043,6.68
6373598043,6373598042,6.68
6373598043,1859401284,7.97
1859401284,6373598043,7.97
1859401433,11565724713,29.28
11565724713,6952833352,9.71
6952833352,6952833351,30.14
6952833351,4659045873,24.10
4659045873,11565724727,1.52
11565724727,6373598022,27.04
6373598022,6373598023,3.74
6373598023,1859401429,6.22
1859401843,6838798124,5.54
6838798124,11751854736,45.65
11751854736,11751844586,17.17
11751844586,12100683691,7.15
12100683691,11751854733,14.26
11751854733,11438973535,10.99
11438973535,1859401845,19.25
1859401847,4659336184,56.56
4659336184,12989310898,55.36
12989310898,1859401844,4.87
1859403468,6952833318,4.98
6952833318,1859403468,4.98
6952833318,11751854740,18.68
11751854740,6952833318,18.68
11751854740,1859403466,2.87
1859403466,11751854740,2.87
1859403466,1859403464,40.64
1859403464,1859403466,40.64
1859404943,11742772406,58.67
11742772406,1859404943,58.67
11742772406,1859404947,14.65
1859404947,11742772406,14.65
1862059445,1862059446,13.97
1862059446,1862059445,13.97
1862059446,6883712860,17.17
6883712860,1862059446,17.17
6883712860,1862059447,17.71
1862059447,6883712860,17.71
1862059447,4658919011,10.14
4658919011,1862059447,10.14
6946165135,6946165136,22.00
6946165136,1863293020,114.99
1863305544,11106084043,6.50
11106084043,11106084046,75.41
11106084046,1863305504,11.07
1863305506,11106084050,9.10
11106084050,11106084047,75.19
11106084047,1863305546,8.61
4157620341,1863305537,28.43
1863305537,4652898504,36.36
4652898504,1863305500,56.88
1863305502,11106084041,11.69
11106084041,11106084040,49.62
11106084040,1863305541,31.79
1863305549,11106084062,26.22
11106084062,11106084059,54.66
11106084059,1863305509,11.90
1863305511,4653148352,14.62
4653148352,1863305524,4.26
1863305524,6938359634,4.75
6938359634,4653148045,4.18
4653148045,1863305532,3.74
1863305532,1863305554,64.15
1863305528,4652898607,15.41
4652898607,1863305528,15.41
1863536983,10937966248,85.30
10937966248,11108279924,2.97
11108279924,4549222961,9.41
10966455686,6946764690,6.86
6946764690,10966455686,6.86
6946764690,10908623568,17.12
10908623568,6946764690,17.12
10908623568,10895946898,52.52
10895946898,10908623568,52.52
1843562278,10966495914,11.50
10966495914,1843562278,11.50
10966495914,10966484073,6.60
10966484073,10966495914,6.60
10966484073,10966495913,9.93
10966495913,10966484073,9.93
10966495913,15494038,25.17
15494038,10966495913,25.17
15494038,10895946898,24.09
10895946898,15494038,24.09
10895946898,1843562373,10.61
1843562373,10895946898,10.61
1843562373,10895963111,28.66
10895963111,1843562373,28.66
10895963111,10966495915,19.63
10966495915,10895963111,19.63
10966495915,1843562323,23.91
1843562323,10966495915,23.91
6300933234,6300933235,9.43
6300933235,6300933234,9.43
6300933235,1867590657,5.43
1867590657,6300933235,5.43
1867590657,4549557571,1.42
4549557571,1867590657,1.42
4549559899,4545057861,5.94
4545057861,4549559899,5.94
4545057861,4549559898,9.63
4549559898,4545057861,9.63
1867590656,4549557572,1.92
4549557572,1867590656,1.92
4549557572,4549222966,6.99
4549222966,4549557572,6.99
4549222966,4549222964,7.72
4549222964,4549222966,7.72
1867590669,1867590666,34.20
1867590666,1867590669,34.20
6813634659,2556931373,4.61
2556931373,6813634659,4.61
2556931373,1843562287,4.13
1843562287,2556931373,4.13
1843562287,1843562373,86.51
1843562373,1843562287,86.51
11341123497,1847297783,27.86
1847297783,11341123497,27.86
559762665,6806485489,5.35
6806485489,11914272913,11.62
11914272913,11751898085,4.82
11751898085,4659041760,61.05
4659041760,1851757553,19.12
1851757553,4659041763,21.24
4659041763,6872194816,23.18
6872194816,4659041765,5.27
4659041765,1851757548,26.56
1851757548,1851757546,38.02
1851757546,2484035927,37.46
2484035927,11751854698,24.21
11751854698,1859401847,2.98
1859401847,4659179453,14.49
4659179453,4659179457,40.19
4659179457,1859401845,14.85
1859401845,11438973538,8.84
11438973538,11751844598,36.09
11751844598,6952833317,41.65
1876323102,6938555109,3.95
6938555109,1876323102,3.95
6938555109,1876323096,32.00
1876323096,6938555109,32.00
1876389439,11186773858,4.50
11186773858,11137304635,4.77
11137304635,11173126832,15.92
11173126832,1876389451,29.65
1876389451,4659335658,7.92
4659335658,4659335657,7.74
4659335657,4659335656,7.71
4659335656,4659335655,17.40
4659335655,4659335654,4.64
4659335654,4659653893,4.92
4659653893,2443568510,5.33
4659335652,1876389472,44.22
1876389472,1876389469,5.06
1876389469,2443568510,5.05
2443568510,4659335653,28.36
4659335653,1876389452,14.14
1876389452,4659335660,7.43
4659048998,4659048999,26.62
4659048999,4659048998,26.62
4659048999,1876396759,5.64
1876396759,4659048999,5.64
1876396730,1876396731,16.81
1876396731,4659336145,5.92
4659336145,6531425558,11.90
6531425558,1876396737,5.40
1876396737,4551191455,12.13
4551191455,11386228857,7.48
11386228857,4551191454,16.40
4551191454,1876396762,12.24
1876396762,6373598060,4.27
6373598060,1876396776,3.53
1876396780,4659048991,4.20
4659048991,6373598056,12.93
6373598056,6950062557,5.78
6950062557,2403972918,5.44
2403972918,11386295699,35.07
11386295699,4551191453,26.07
4551191453,4659048675,16.81
4659048675,11976489318,8.09
11976489318,4659048990,2.44
4659048990,6950062558,6.09
6950062558,11976489316,2.51
11976489316,1876396739,3.90
1876396739,6950062559,13.00
6950062559,1876396733,6.14
1876396733,1831366455,31.94
1879011903,10942940914,46.04
10942940914,6952833310,38.64
6952833310,1879011902,44.17
3623163181,11928628071,28.20
11928628071,3623163181,28.20
11928628071,11928626345,9.71
11928626345,11928628071,9.71
11928626345,4553151194,56.75
4553151194,11928626345,56.75
4553151194,6703974531,3.93
6703974531,4553151194,3.93
2750321431,10991139363,7.89
10991139363,2750321431,7.89
10991139363,10091821862,10.21
10091821862,10991139363,10.21
10091821862,1946518751,1.67
1946518751,10091821862,1.67
1946518751,10091821863,1.45
10091821863,1946518751,1.45
10091821863,4553151341,14.90
4553151341,10091821863,14.90
4553151341,1946518420,5.01
1946518420,4553151341,5.01
1946518420,2750321414,15.79
2750321414,1946518420,15.79
4655549033,6959218938,5.84
6959218938,6959218936,23.12
6959218936,6959218937,3.50
6959218937,6703974527,3.42
6703974527,6959218935,3.77
6959218935,4655549031,3.53
4655549031,4655549038,4.06
4655549038,11649786326,39.60
11649786326,4655549040,18.51
4655549040,6946165160,36.06
6946165160,4655549041,11.80
4655549041,10563659585,2.32
10563659585,1946518820,15.42
1946518820,6946165162,17.48
6946165162,4655515761,19.58
4655515761,4551484154,6.83
4551484154,10563659570,5.43
10563659570,2618516940,6.18
2618516940,6959218934,6.46
6959218934,10563659567,2.51
10563659567,1946518760,33.87
1946518423,1946518398,10.46
1946518398,6959218930,5.93
6959218930,1946518748,7.85
1946518748,6959218926,3.94
6959218926,1946518436,3.87
1946518436,6959218927,4.84
6959218927,6959218928,4.36
6959218928,6959218929,3.92
6959218929,4655515747,15.43
4655515747,1946518488,14.45
1946518488,1946518392,27.26
1946518904,6938555113,28.50
6938555113,1946518904,28.50
6938555113,1946518395,21.51
1946518395,6938555113,21.51
1946518395,6938555112,13.18
6938555112,1946518395,13.18
6938555112,10991139389,22.62
10991139389,6938555112,22.62
10991139389,1946518825,12.63
1946518825,10991139389,12.63
1946518825,1946518665,26.44
1946518665,1946518825,26.44
1946518665,1946518284,22.77
1946518284,1946518665,22.77
1946518302,11649786347,9.24
11649786347,10977902396,13.35
10977902396,10091821877,5.67
10091821877,1946518319,1.15
1946518319,10091821876,1.46
10091821876,1946518328,15.53
1946518328,6959218924,3.46
6959218924,6959218923,3.26
6959218923,6959218925,3.47
6959218925,1946518392,46.17
1946518392,1946518693,33.54
1946518693,4655515742,25.69
4655515742,6946165144,3.74
6946165144,6946165147,3.27
6946165147,1946518535,8.51
1946518535,6946165145,3.50
6946165145,6946165146,3.85
6946165146,6946165149,5.44
6946165149,6946165150,6.08
6946165150,1946518378,36.62
1947750281,1947750394,8.20
1947750394,1947750281,8.20
1947750394,2444959753,18.55
2444959753,1947750394,18.55
1947769271,1947769382,38.16
1947769382,1947769271,38.16
1947769382,4623439297,36.28
4623439297,1947769382,36.28
1947769660,6800252307,10.15
6800252307,1947769660,10.15
6800252307,11360972262,16.66
11360972262,6800252307,16.66
11360972262,6800252309,2.61
6800252309,11360972262,2.61
6800252309,4623439302,38.18
4623439302,6800252309,38.18
4623439302,4623439300,16.22
4623439300,4623439302,16.22
4623439300,1947769573,50.24
1947769573,4623439300,50.24
4646142418,4551140746,23.98
4551140746,5295459710,73.72
5245772048,2173441422,7.59
2173441422,2619928973,4.09
2619928973,2173441426,5.74
2173441426,2619928971,5.74
2619928971,2173441430,5.75
2173441430,9702318670,2.51
1854100157,5245778387,4.30
5245778387,1854100157,4.30
5245778387,5245778386,3.70
5245778386,5245778387,3.70
5245778386,5245778385,4.77
5245778385,5245778386,4.77
5245778385,4621152336,4.91
4621152336,5245778385,4.91
4621152336,6818214042,22.20
6818214042,4621152336,22.20
6818214042,4621152354,5.65
4621152354,6818214042,5.65
4621152354,5245778383,3.28
5245778383,4621152354,3.28
5245778383,11875178479,1.82
11875178479,5245778383,1.82
11875178479,5300897625,2.85
5300897625,11875178479,2.85
5300897625,4621151562,27.66
4621151562,5300897625,27.66
4621151562,1843562370,13.40
1843562370,4621151562,13.40
1843562370,2275997775,12.13
2275997775,1843562370,12.13
2275997775,6812922189,4.67
6812922189,2275997775,4.67
6812922189,4621152358,3.70
4621152358,6812922189,3.70
4621152358,5245778397,13.78
5245778397,4621152358,13.78
5245778397,11875178484,2.68
11875178484,5245778397,2.68
11875178484,4621152338,5.17
4621152338,11875178484,5.17
4621152338,4623649107,13.43
4623649107,4621152338,13.43
4623649107,1843562387,11.09
1843562387,4623649107,11.09
1843562387,5246416090,6.16
5246416090,1843562387,6.16
5246416090,4636909672,6.22
4636909672,5246416090,6.22
4636909672,5246416089,5.32
5246416089,4636909672,5.32
5246416089,5245745969,16.72
5245745969,5246416089,16.72
5245745969,6812922188,7.35
6812922188,5245745969,7.35
6812922188,5246416086,8.22
5246416086,6812922188,8.22
5246416086,4193785126,6.68
4193785126,5246416086,6.68
4193785126,4623649095,9.11
4623649095,4193785126,9.11
4623649095,5246416056,3.99
5246416056,4623649095,3.99
5246416056,5246416055,2.57
5246416055,5246416056,2.57
5246416055,1864490926,3.32
1864490926,5246416055,3.32
1854103750,6812922190,6.46
6812922190,1854103750,6.46
6812922190,6812922191,87.72
6812922191,6812922190,87.72
6812922191,1854103735,2.62
1854103735,6812922191,2.62
1854103735,10167418804,9.59
10167418804,1854103735,9.59
10167418804,4637044855,8.95
4637044855,10167418804,8.95
2276695579,6879759306,6.69
6879759306,2276695579,6.69
6879759306,6879759305,38.95
6879759305,6879759306,38.95
6879759305,11120858776,1.33
11120858776,6879759305,1.33
11120858776,11120858775,4.53
11120858775,11120858776,4.53
11120858775,2382277812,10.76
2382277812,11120858775,10.76
2382277812,6959218885,15.43
6959218885,2382277812,15.43
6959218885,2276695580,22.42
2276695580,6959218885,22.42
2276695580,4592868833,17.55
4592868833,2276695580,17.55
2379587266,11360932093,6.27
11360932093,2987973038,5.34
4621151775,2379587197,18.67
2379587197,4621151775,18.67
2379587197,6817885192,27.24
6817885192,2379587197,27.24
5419117670,11182102718,10.66
11182102718,5245772040,17.28
5245772040,2379587273,15.42
2379587273,4621152339,7.14
2379587090,5245772074,12.51
5245772074,2379587090,12.51
5245772074,5245772072,3.25
5245772072,5245772074,3.25
5245772072,5245772073,2.31
5245772073,5245772072,2.31
5245772073,5245772070,1.92
5245772070,5245772073,1.92
5245772070,5245772071,2.42
5245772071,5245772070,2.42
5245772071,5245772069,1.87
5245772069,5245772071,1.87
5245772069,5245772068,3.34
5245772068,5245772069,3.34
5245772068,5245772067,2.12
5245772067,5245772068,2.12
5245772067,2379587304,2.09
2379587304,5245772067,2.09
2379587304,5245772066,1.75
5245772066,2379587304,1.75
5245772066,5245772065,1.85
5245772065,5245772066,1.85
5245772065,5245772064,3.85
5245772064,5245772065,3.85
5245772064,5324000826,2.63
5324000826,5245772064,2.63
5324000826,4621152083,2.85
4621152083,5324000826,2.85
4621152083,5245772063,2.84
5245772063,4621152083,2.84
5245772063,4621152079,2.49
4621152079,5245772063,2.49
2379587230,5295338621,14.15
5295338621,2379587230,14.15
5295338621,5295338320,5.34
5295338320,5295338621,5.34
5295338320,12103326591,7.46
12103326591,5295338320,7.46
12103326591,11755023022,14.76
11755023022,12103326591,14.76
11755023022,4623649110,1.19
4623649110,11755023022,1.19
4623649110,5295338622,14.11
5295338622,4623649110,14.11
5295338622,5295338623,11.28
5295338623,5295338622,11.28
5295338623,5295338624,34.59
5295338624,5295338623,34.59
5295338624,5295338626,7.21
5295338626,5295338624,7.21
5295338626,5295338625,7.47
5295338625,5295338626,7.47
5295338625,2379587383,5.61
2379587383,5295338625,5.61
2379587383,5295338627,3.58
5295338627,2379587383,3.58
5295338627,5295338630,3.91
5295338630,5295338627,3.91
5295338630,5295338628,3.99
5295338628,5295338630,3.99
5295338628,2379587062,8.74
2379587062,5295338628,8.74
2379587062,5295338632,2.33
5295338632,2379587062,2.33
5295338632,2379587271,2.60
2379587271,5295338632,2.60
2379587271,5295338631,1.85
5295338631,2379587271,1.85
5295338631,5295338634,1.64
5295338634,5295338631,1.64
5295338634,5295338633,2.30
5295338633,5295338634,2.30
5295338633,5295338637,2.18
5295338637,5295338633,2.18
5295338637,5295338640,2.19
5295338640,5295338637,2.19
5295338640,4621152291,20.10
4621152291,5295338640,20.10
4621152291,1854103756,3.36
1854103756,4621152291,3.36
5295338244,5861378132,2.60
5861378132,5295338244,2.60
5861378132,5295338245,1.94
5295338245,5861378132,1.94
5295338245,5861378131,1.31
5861378131,5295338245,1.31
5861378131,2379587102,2.08
2379587102,5861378131,2.08
2379587102,5861378125,12.26
5861378125,2379587102,12.26
5861378125,2379587228,5.93
2379587228,5861378125,5.93
2379587228,4628694378,3.79
4628694378,2379587228,3.79
4628694378,12084016833,29.32
12084016833,4628694378,29.32
12084016833,4621152207,5.48
4621152207,12084016833,5.48
4621152207,12084016827,6.10
12084016827,4621152207,6.10
2379587168,11137304639,10.72
11137304639,6185055015,20.97
6185055015,2379587334,9.43
2379587334,6185055009,3.42
6185055009,6185055008,3.56
6185055008,2379587287,4.63
2379587287,6185055005,3.51
6185055005,6185055004,3.41
6185055004,2379587398,5.80
2379587398,6185055003,4.10
6185055003,2379587071,4.67
2379587071,6185055002,4.22
6185055002,2379587012,4.65
2379587012,2618516883,5.60
2618516883,2379587032,6.27
2379587032,4549559471,92.36
4549559471,2379587266,15.77
2379587295,2618516875,3.65
2618516875,2379587295,3.65
2618516875,2618516877,7.45
2618516877,2618516875,7.45
2618516877,6238463190,29.08
6238463190,2618516877,29.08
6238463190,11137304622,1.66
11137304622,6238463190,1.66
11137304622,2379587032,4.79
2379587032,11137304622,4.79
258169545,6319991616,9.20
6319991616,4637478380,4.18
4637478380,3623163180,6.91
2987972731,15493898,8.69
2379587081,6442783829,12.36
6442783829,2379587081,12.36
6442783829,5324007214,2.99
5324007214,6442783829,2.99
5324007214,2379587337,5.88
2379587337,5324007214,5.88
2379587230,5419902194,18.29
5419902194,5295338310,3.45
5295338310,8926759743,46.79
8926759743,4621151556,5.16
4621151556,5419902188,26.85
5419902188,4628694297,41.21
4628694297,9148502272,4.93
9148502272,4628694295,16.41
4628694295,5295338302,22.70
5295338302,1850614905,3.48
2379587029,2379587050,15.60
2379587050,2379587029,15.60
3849095943,8926628764,25.33
8926628764,3849095943,25.33
8926628764,3849095942,4.64
3849095942,8926628764,4.64
3849095942,3849095941,3.94
3849095941,3849095942,3.94
3849095941,8926628763,7.07
8926628763,3849095941,7.07
8926628763,3849095940,9.08
3849095940,8926628763,9.08
3849095940,4621152043,3.59
4621152043,3849095940,3.59
4621152043,4621152042,3.30
4621152042,4621152043,3.30
4621152042,4621152041,3.74
4621152041,4621152042,3.74
4621152041,4621152040,4.35
4621152040,4621152041,4.35
4621152040,4621152039,3.75
4621152039,4621152040,3.75
4621152039,4621152038,3.75
4621152038,4621152039,3.75
4621152038,4621152037,3.55
4621152037,4621152038,3.55
4621152037,4621152036,2.29
4621152036,4621152037,2.29
4621152036,4621152035,3.44
4621152035,4621152036,3.44
4621152035,4621152034,3.40
4621152034,4621152035,3.40
4621152034,4621152033,3.26
4621152033,4621152034,3.26
4621152033,4621152032,4.05
4621152032,4621152033,4.05
4621152032,4621152031,3.60
4621152031,4621152032,3.60
4621152031,4621152030,3.69
4621152030,4621152031,3.69
4621152030,4621152029,3.44
4621152029,4621152030,3.44
4621152029,4621152028,3.96
4621152028,4621152029,3.96
4621152028,4621152027,3.92
4621152027,4621152028,3.92
4621152027,2379587399,4.24
2379587399,4621152027,4.24
2379587399,8926628765,4.74
8926628765,2379587399,4.74
8926628765,4621152026,5.67
4621152026,8926628765,5.67
4621152026,8926628760,2.41
8926628760,4621152026,2.41
8926628760,2379587127,5.44
2379587127,8926628760,5.44
2618516928,7937862185,5.42
7937862185,2618516928,5.42
7937862185,7937770961,0.43
7937770961,7937862185,0.43
7937770961,6949961521,2.68
6949961521,7937770961,2.68
6949961521,1248716423,8.47
1248716423,6949961521,8.47
1248716423,2403974168,10.35
2403974168,1248716423,10.35
2403974168,2403976400,10.74
2403976400,2403974168,10.74
2403976400,10186036382,1.97
10186036382,2403976400,1.97
10186036382,10186036381,11.60
10186036381,10186036382,11.60
10186036381,6278068912,1.86
6278068912,10186036381,1.86
6278068912,10186036380,11.64
10186036380,6278068912,11.64
10186036380,2403976401,1.83
2403976401,10186036380,1.83
2403976401,10186036378,8.21
10186036378,2403976401,8.21
10186036378,2403976402,4.46
2403976402,10186036378,4.46
2403976402,10186036379,6.90
10186036379,2403976402,6.90
10186036379,2403976403,2.69
2403976403,10186036379,2.69
2403976403,7937770943,6.97
7937770943,2403976403,6.97
7937770943,2403976404,5.09
2403976404,7937770943,5.09
2403976404,7937770945,5.45
7937770945,2403976404,5.45
7937770945,2403976405,8.21
2403976405,7937770945,8.21
2403976405,6238463190,7.90
6238463190,2403976405,7.90
4659049191,2408756272,24.59
2408756272,4659049191,24.59
2408756272,2408756270,54.48
2408756270,2408756272,54.48
1851757556,6952833312,29.13
6952833312,3614793352,39.46
3614793352,11751854712,21.62
11751854712,4659041764,5.51
4659041764,1859403477,20.34
1859403477,1859403479,26.34
1859403479,1859403482,14.78
1859403482,1859403476,31.86
1859403476,11751898072,5.33
11751898072,11751898071,12.91
11751898071,1859403478,14.45
1859403478,12989310897,22.58
12989310897,11438898250,1.76
11438898250,1859403481,4.86
2418944843,5893077222,33.03
5893077222,2418944843,33.03
5893077222,4642335147,7.12
4642335147,5893077222,7.12
2418944803,11575035698,8.81
11575035698,2418944803,8.81
11575035698,2418944806,38.04
2418944806,11575035698,38.04
2418944805,11575035699,7.86
11575035699,2418944805,7.86
11575035699,7175340008,19.32
7175340008,11575035699,19.32
7175340008,2418944808,20.75
2418944808,7175340008,20.75
2418944808,11117937465,9.03
11117937465,2418944808,9.03
11117937465,11117937452,0.83
11117937452,11117937465,0.83
11117937452,6258768670,8.41
6258768670,11117937452,8.41
2418944807,6178478628,31.66
6178478628,2418944807,31.66
6178478628,3659234140,9.70
3659234140,6178478628,9.70
3659234140,2418944804,8.55
2418944804,3659234140,8.55
2418944809,7871697580,9.67
7871697580,2418944809,9.67
7871697580,7871697581,11.96
7871697581,7871697580,11.96
7871697581,7871697576,7.65
7871697576,7871697581,7.65
7871697576,10170312717,8.59
10170312717,7871697576,8.59
10170312717,7871697577,9.23
7871697577,10170312717,9.23
7871697577,10171441578,3.43
10171441578,7871697577,3.43
10171441578,7871697579,3.63
7871697579,10171441578,3.63
7871697579,10171441579,3.69
10171441579,7871697579,3.69
10171441579,2418944816,3.25
2418944816,10171441579,3.25
2425348807,4553150956,47.24
4553150956,4655259313,4.74
4655259313,1842439699,6.91
2425361192,5861160201,5.55
5861160201,2425361192,5.55
5861160201,2425361194,5.82
2425361194,5861160201,5.82
2425361194,5861160202,3.35
5861160202,2425361194,3.35
5861160202,5861160203,4.24
5861160203,5861160202,4.24
5861160203,4621152208,7.07
4621152208,5861160203,7.07
4621152208,2425361195,4.33
2425361195,4621152208,4.33
2425361195,4621152024,2.98
4621152024,2425361195,2.98
4621152024,5861159471,3.43
5861159471,4621152024,3.43
5861159471,4621152017,20.48
4621152017,5861159471,20.48
4621152017,2425361197,16.37
2425361197,4621152017,16.37
2425361197,2425361198,14.00
2425361198,2425361197,14.00
2425467137,6373598014,5.26
6373598014,4659045880,38.69
4659045880,2425467136,79.82
1854097957,6800112280,3.73
1854097957,4623649319,39.09
4623649319,1854097957,39.09
4623649319,6949711658,11.37
6949711658,4623649319,11.37
6949711658,1854097955,9.69
1854097955,6949711658,9.69
1854097955,6949711657,7.11
6949711657,1854097955,7.11
6949711657,1854097952,10.27
1854097952,6949711657,10.27
1854097952,6561511428,39.98
6561511428,1854097952,39.98
6561511428,1854097944,3.35
1854097944,6561511428,3.35
1854097944,1854097943,5.72
1854097943,1854097944,5.72
1854097943,6949711656,5.11
6949711656,1854097943,5.11
6949711656,4623649320,5.00
4623649320,6949711656,5.00
4623649320,1854097945,5.88
1854097945,4623649320,5.88
1854097945,1854097947,15.56
1854097947,1854097945,15.56
2435862982,11439136766,4.38
11439136766,2435862982,4.38
11439136766,2435862983,22.88
2435862983,11439136766,22.88
2435862983,2435862984,11.09
2435862984,2435862983,11.09
2435862984,11439136767,5.49
11439136767,2435862984,5.49
11439136767,11439136765,4.68
11439136765,11439136767,4.68
11439136765,11439151070,2.73
11439151070,11439136765,2.73
11439151070,2435862985,3.60
2435862985,11439151070,3.60
1843562342,5245771966,4.00
5245771966,1843562342,4.00
5245771966,2443515026,2.97
2443515026,5245771966,2.97
2443515026,5245771965,7.34
5245771965,2443515026,7.34
5245771965,4623649134,8.61
4623649134,5245771965,8.61
2443521316,2443521313,8.38
2443521313,2443521311,17.23
2443521311,4621152074,14.19
4621152074,5301234117,5.94
5301234117,5295393768,4.70
5295393768,5301234118,4.87
5301234118,5295393769,5.54
5295393769,5295393767,9.29
5295393767,2443521302,12.84
2443530780,9148502273,7.55
9148502273,2443530780,7.55
9148502273,5861378107,1.94
5861378107,9148502273,1.94
5861378107,5295338261,2.44
5295338261,5861378107,2.44
5295338261,5861378108,3.65
5861378108,5295338261,3.65
5861378108,5861378109,4.53
5861378109,5861378108,4.53
5861378109,5295338252,7.94
5295338252,5861378109,7.94
5295338252,5861378110,7.65
5861378110,5295338252,7.65
5861378110,2443530783,4.95
2443530783,5861378110,4.95
2443530783,12072323835,8.97
12072323835,2443530783,8.97
12072323835,5861378115,3.70
5861378115,12072323835,3.70
5861378115,4621152025,2.10
4621152025,5861378115,2.10
4621152025,5861378118,2.30
5861378118,4621152025,2.30
5861378118,2443530786,15.01
2443530786,5861378118,15.01
1851757544,1845763932,20.79
1845763932,4659179488,14.75
4659179488,11738026867,40.06
11738026867,6883322167,61.74
6883322167,1843039372,11.31
1843039372,1843039373,66.08
1843039373,4659179467,4.25
4659179467,11384630261,41.86
11384630261,6952833314,27.80
6952833314,4659181234,10.04
4659181234,1859404943,2.54
1859404943,1843039374,37.09
1851380858,6373576354,3.36
6373576354,6952833298,3.50
6952833298,6952833297,3.74
6952833297,1851380891,7.76
1851380891,1851380860,31.76
1851380860,4659181225,3.95
4659181225,4659181224,4.00
4659181224,6952833296,4.74
6952833296,1851380861,6.74
1851380861,1851380862,18.01
1851380862,1878995958,32.52
1878995958,1564319690,38.63
1564319690,1879001232,32.94
1879001232,1851380865,18.70
1851380865,4659181215,14.16
4659181215,1851380866,9.15
1851380866,1564396059,16.37
1564396059,6882269426,5.85
6882269426,1564396058,13.13
1564396058,11742720519,40.67
11742720519,4659180786,3.75
4659180786,4659181213,2.03
4659181213,11742720517,1.79
11742720517,6879830553,20.36
6879830553,12988690153,20.49
12988690153,3910369373,2.97
3910369373,1851380867,5.72
2443568510,4659653894,6.87
4659653894,2443568510,6.87
4659653894,2443568511,4.99
2443568511,4659653894,4.99
2443568511,2443568512,18.46
2443568512,2443568511,18.46
2443568512,2443568513,11.54
2443568513,2443568512,11.54
2443568513,4112392075,42.43
4112392075,2443568513,42.43
6872120921,6810559189,9.12
6810559189,1851757537,2.27
1851757537,6838798125,23.19
6838798125,4659049194,1.31
4659049194,11669731651,3.14
11669731651,1843039368,5.92
1843039368,4659049196,24.99
4659049196,1859401843,20.10
1859401843,2408756875,5.33
2408756875,4659045871,52.54
4659045871,1859401844,10.55
1859401844,1859401433,31.85
1859401433,1843039369,24.02
1843039369,3613596519,12.87
3613596519,2618516950,42.57
2618516950,4659336185,1.79
4659336185,2425467136,35.46
2425467136,1851757543,21.74
1851757543,1843039370,15.10
1843039370,11669731656,21.72
11669731656,4659049013,26.74
4659049013,12989310894,44.23
12989310894,6883629797,0.69
6883629797,1867590708,3.65
2444941339,6952833286,5.94
6952833286,2444941339,5.94
6952833286,6952833287,4.45
6952833287,6952833286,4.45
6952833287,11264444868,5.99
11264444868,6952833287,5.99
11264444868,2444941340,9.83
2444941340,11264444868,9.83
2444941340,2444941341,3.96
2444941341,2444941340,3.96
2444941341,2444941342,3.17
2444941342,2444941341,3.17
2444941342,2444941343,7.61
2444941343,2444941342,7.61
2444941343,2444941344,9.89
2444941344,2444941343,9.89
2444941344,6981894143,8.42
6981894143,2444941344,8.42
6981894143,7268233202,5.38
7268233202,6981894143,5.38
7268233202,2444941345,8.07
2444941345,7268233202,8.07
2444941345,2444941346,9.07
2444941346,2444941345,9.07
2444941346,3227142882,32.79
3227142882,2444941346,32.79
3227142882,2444941350,31.60
2444941350,3227142882,31.60
4658918071,4658918072,2.50
4658918072,4658918071,2.50
4658918072,4658918073,26.41
4658918073,4658918072,26.41
4658918073,4658918074,8.29
4658918074,4658918073,8.29
4658918074,6981578267,7.07
6981578267,4658918074,7.07
6981578267,6981578268,8.97
6981578268,6981578267,8.97
6981578268,3227142890,8.87
3227142890,6981578268,8.87
3227142890,11264400207,13.41
11264400207,3227142890,13.41
11264400207,4658918391,8.32
4658918391,11264400207,8.32
4658918391,11544648044,3.10
11544648044,4658918391,3.10
11544648044,4658918390,5.04
4658918390,11544648044,5.04
4658918390,2444944584,8.46
2444944584,4658918390,8.46
2444944584,5766309270,8.71
5766309270,2444944584,8.71
5766309270,4658918393,8.22
4658918393,5766309270,8.22
4658918393,4658918392,21.13
4658918392,4658918393,21.13
4658918392,6952833291,12.68
6952833291,4658918392,12.68
6952833291,4658918397,14.02
4658918397,6952833291,14.02
4658918397,4658918412,28.46
4658918412,4658918397,28.46
4658918412,4658918413,3.40
4658918413,4658918412,3.40
4658918413,4658918403,1.29
4658918403,4658918413,1.29
4658918403,11544648063,28.79
11544648063,4658918403,28.79
11544648063,11544648064,5.93
11544648064,11544648063,5.93
11544648064,4658918409,20.27
4658918409,11544648064,20.27
4658918409,2444941350,36.55
2444941350,4658918409,36.55
2444941350,4658918414,32.02
4658918414,2444941350,32.02
4658918414,12992137263,9.02
12992137263,4658918414,9.02
12992137263,2444941737,1.38
2444941737,12992137263,1.38
2444941737,1842432783,6.11
1842432783,2444941737,6.11
6981578273,4658918040,20.11
4658918040,6981578273,20.11
4658918040,6952833289,14.34
6952833289,4658918040,14.34
6952833289,2444944949,7.19
2444944949,6952833289,7.19
2444944949,2444944950,5.53
2444944950,2444944949,5.53
2444944950,2444944951,37.06
2444944951,2444944950,37.06
2444944951,2444944952,20.53
2444944952,2444944951,20.53
2444944952,2444944953,4.83
2444944953,2444944952,4.83
2445896997,6274653362,2.40
6274653362,2445896997,2.40
6274653362,2619527359,45.60
2619527359,6274653362,45.60
2619527359,2445896995,44.47
2445896995,2619527359,44.47
2619527371,4637479971,33.09
4637479971,2619527371,33.09
4637479959,9146849916,6.35
9146849916,4637479959,6.35
9146849916,10182976010,12.01
10182976010,9146849916,12.01
4637479986,2445896995,67.47
2445896995,4637479986,67.47
2445896995,10598565509,11.66
10598565509,2445896995,11.66
10598565509,2445896996,23.96
2445896996,10598565509,23.96
5928916525,2446133137,27.83
2446133137,6695723931,1.10
6695723931,4659181457,1.08
4659181457,4659181448,29.61
4659181448,2446133143,5.80
2446133143,4659181447,4.25
4659181447,4551140742,26.26
4551140742,2446133148,27.46
2446135284,4477147462,43.25
4477147462,4477147463,10.06
4477147463,2446133143,6.19
4549222952,4549222956,9.07
4549222956,11092542663,30.82
11092542663,11788040845,19.17
11788040845,4080174715,28.50
4080174715,4549222955,4.96
4549222955,4549222954,2.67
4549222954,4549222953,2.67
4549222953,4539916501,2.67
4539916501,661110990,11.07
2450374643,11386295721,5.14
11386295721,2450374643,5.14
11386295721,6333089683,3.51
6333089683,11386295721,3.51
6333089683,11196822100,3.50
11196822100,6333089683,3.50
11196822100,11197428474,18.64
11197428474,11196822100,18.64
11197428474,2450375237,18.10
2450375237,11197428474,18.10
2450375253,2450375251,8.29
2450375251,2450375249,3.45
2450375249,2450375247,4.49
2450375247,6333089885,5.90
6333089885,11197428444,3.76
11197428444,2450375245,11.34
2450375245,11196822085,2.46
11196822085,11196822093,4.27
11196822093,2450375239,13.73
2450375239,11196822103,1.58
11196822103,2450375237,35.42
2450374647,2450376647,37.58
2450376647,11197428468,3.71
11197428468,11197428448,9.03
11197428448,2450376648,3.53
2450376648,2450376650,16.80
2450376650,6950062561,11.61
6950062561,2450376651,12.32
2450376651,2450376652,10.87
2450377224,11976484273,3.81
11976484273,2450377224,3.81
11976484273,12989310895,1.24
12989310895,11976484273,1.24
12989310895,6185055012,3.70
6185055012,12989310895,3.70
6185055012,6185055013,8.44
6185055013,6185055012,8.44
6185055013,2450377225,8.65
2450377225,6185055013,8.65
2450377225,4659334439,18.96
4659334439,2450377225,18.96
4659334439,2450377226,16.88
2450377226,4659334439,16.88
2450377226,4659334440,13.96
4659334440,2450377226,13.96
4659334440,2450377227,37.34
2450377227,4659334440,37.34
2450381814,2450381815,4.68
2450381815,6938359608,20.75
6938359608,2450381816,10.57
2450381816,4653388704,9.31
4653388704,4653388709,17.60
4653388709,4653388713,3.57
4653388713,2450381817,10.04
2450381817,4653387751,23.13
4653387751,6883651968,2.99
6883651968,2450381818,9.57
2450381818,11072167873,5.66
11072167873,4653387754,30.62
2450859374,11092575308,47.28
11092575308,2450859376,46.19
2484035927,2484035928,46.34
2484035928,2484035927,46.34
2173401288,11186829637,20.49
11186829637,11186799429,61.84
11186799429,2488148256,14.48
2488149557,5151756052,11.93
5151756052,2488149557,11.93
2488150637,11182219617,44.91
11182219617,2488150637,44.91
11182219617,2488150638,18.09
2488150638,11182219617,18.09
15492719,5419074678,20.12
5419074678,5419074677,16.55
5419074677,4545057858,17.40
4545057858,4545057857,16.68
4545057857,6882183615,15.05
6882183615,11173011348,9.76
11173011348,2619928958,6.91
2619928958,2619928961,18.26
2619928961,2619928964,30.13
2619928964,2987972725,15.03
2987972725,5419074668,18.99
5419074668,15461054,14.26
4623329055,283579192,77.77
283579192,1854097940,68.64
1854097940,9597269612,59.00
9597269612,12997341997,49.81
12997341997,258185256,2.37
258185256,4623649386,6.65
4623649386,2987973049,3.82
2987973049,2987973050,6.95
2987973050,2987973052,7.22
2987973052,2987973053,7.05
2987973053,11190518722,9.47
11190518722,1841668991,8.66
15492718,10972351032,69.02
10972351032,11976409612,72.00
11976409612,6367897032,58.47
6367897032,4545057663,4.04
4545057663,4545057666,7.10
559763769,2379587266,12.47
4548016633,5419074681,7.84
5419074681,11173011354,6.65
11173011354,6848018952,5.92
6848018952,11182102712,86.32
11182102712,4548016632,86.66
4548016632,6387344890,5.47
6387344890,559762636,4.61
1851805072,6178380357,13.25
6178380357,6938359611,6.33
6938359611,6258768683,4.97
6258768683,6938359609,5.34
6938359609,1851805063,6.20
1851805063,6258768684,16.46
6258768684,6178380356,18.79
6178380356,4653431018,6.81
4653431018,6882923939,7.00
6882923939,1851805058,4.63
1851805058,6178380355,3.42
6178380355,4653431017,3.44
4653431017,6178380354,4.55
6178380354,2450381814,15.08
2450381814,1851805069,8.29
1851805069,6938359604,13.05
6938359604,6178380351,6.51
6178380351,1851805070,6.88
1851805070,6938359605,18.73
6938359605,5920731219,8.72
5920731219,4653388690,11.80
4653388690,1851805071,18.01
1851805071,4539916495,19.45
4539916495,6883040733,2.10
6883040733,4539913261,37.40
4539913261,12072475137,21.11
12072475137,4653384380,16.52
4653384380,11956638129,8.91
11956638129,4653431010,16.04
4653431010,4539913249,19.03
4539913249,1851805067,22.96
1851805067,1877198237,6.07
2608865181,4653148306,4.68
4653148306,6178380347,38.07
6178380347,6178380344,3.32
6178380344,2608865187,2.82
2608865187,6178380345,2.87
6178380345,6178380346,3.05
6178380346,4370964527,36.53
4370964527,11092548683,6.76
11092548683,1851805072,16.86
4547969126,11379650385,15.38
11379650385,4079192564,5.43
4079192564,6775719971,25.16
6775719971,5336036722,54.57
5336036722,5336036723,4.70
5336036723,4547969125,5.73
1844598931,1844592819,30.09
1844592819,6178479193,23.19
6178479193,1844592821,35.19
1844592821,4653389016,43.58
4653389016,1844585944,39.15
2608865179,4652898606,4.84
4652898606,4539916156,31.95
4539916156,4652898061,34.67
4652898061,11106084066,19.40
11106084066,1863305554,17.59
1863305554,2608865162,9.89
2608865162,1863305549,18.94
1863305549,1863305546,34.79
1863305546,2608865157,26.04
2608865157,1863305544,8.27
1863305544,1863305541,34.62
1863305541,1863305537,33.90
1863305537,11106084037,4.95
11106084037,11106084036,36.93
11106084036,4652898507,32.06
4652898507,11106084033,4.77
11106084033,2450859374,16.02
2450859374,1863296558,40.40
1863296558,11092542673,8.65
11092542673,11092542670,61.48
11092542670,1863296553,7.15
2608865162,4370965306,28.32
2608865172,6315664434,12.21
6315664434,2608865172,12.21
2608865139,2608865143,7.40
2608865143,2608865139,7.40
2608865143,2608865138,13.58
2608865138,2608865143,13.58
2608865138,2608865133,5.08
2608865133,2608865138,5.08
2608865136,11108279926,5.98
11108279926,2608865136,5.98
11108279926,2608865139,2.06
2608865139,11108279926,2.06
2608865139,2608865133,22.93
2608865133,2608865139,22.93
2608865133,11108279925,1.81
11108279925,2608865133,1.81
11108279925,2608865131,10.62
2608865131,11108279925,10.62
1844592819,2608876434,98.37
2608876433,10991161512,19.34
10991161512,2608876430,2.25
2608876430,4545057900,5.39
2608876426,4653389081,59.51
4653389081,2608876427,55.29
2608876427,6178380320,2.15
6178380320,2608876428,1.75
2608876428,6178380321,2.08
6178380321,2608876429,2.39
2608876429,9741380247,19.69
9741380247,11117851255,3.47
11117851255,6482931077,30.27
6482931077,11117945062,8.64
11117945062,9741380269,30.77
9741380269,4653389077,15.09
4653389077,4652898314,5.37
4652898314,4652898318,18.57
4652898318,6178380323,8.63
6178380323,4652898317,5.06
4652898317,6178380322,3.85
6178380322,6178380292,23.94
6178380292,4191940997,5.98
4653389070,6938359613,3.79
6938359613,4653389070,3.79
6938359613,6938359614,3.64
6938359614,6938359613,3.64
6938359614,6178380288,3.90
6178380288,6938359614,3.90
6178380288,4653389071,10.29
4653389071,6178380288,10.29
4653389030,4653389029,11.57
4653389029,4653389030,11.57
4653389029,4653389052,41.00
4653389052,4653389029,41.00
4653389052,4653389051,5.23
4653389051,4653389052,5.23
4653389051,2608876448,22.02
2608876448,4653389051,22.02
2608876448,2608876446,19.08
2608876446,2608876448,19.08
2608876446,6178380327,2.93
6178380327,2608876446,2.93
6178380327,6178380328,2.91
6178380328,6178380327,2.91
6178380328,2608876445,3.04
2608876445,6178380328,3.04
2608876445,6938359615,3.31
6938359615,2608876445,3.31
6938359615,2608876444,3.37
2608876444,6938359615,3.37
2608876444,11081996599,8.31
11081996599,2608876444,8.31
11081996599,11081997309,2.72
11081997309,11081996599,2.72
11081997309,11081996601,2.90
11081996601,11081997309,2.90
11081996601,2608876439,20.76
2608876439,11081996601,20.76
11173014294,2618516876,19.07
2618516876,11173014294,19.07
2618516876,1842453934,7.19
1842453934,2618516876,7.19
1842453934,6185054982,11.96
6185054982,1842453934,11.96
6185054982,6185054984,17.68
6185054984,6185054982,17.68
6185054984,6185054985,4.62
6185054985,6185054984,4.62
6185054985,6185054983,3.08
6185054983,6185054985,3.08
6185054983,11173014287,1.37
11173014287,6185054983,1.37
11173014287,6185054986,1.01
6185054986,11173014287,1.01
6185054986,6185054987,3.34
6185054987,6185054986,3.34
6185054987,6185054988,6.04
6185054988,6185054987,6.04
6185054988,6185054991,6.61
6185054991,6185054988,6.61
6185054991,1831366441,7.13
1831366441,6185054991,7.13
1831366441,6185054993,5.40
6185054993,1831366441,5.40
6185054993,2379587363,4.82
2379587363,6185054993,4.82
4652187200,4546288140,12.33
4546288140,4546288139,4.50
4546288139,1843574856,7.04
2618516943,11738023782,35.68
11738023782,11738023783,43.38
11738023783,11738059511,6.88
11738059511,11738059506,33.94
11738059506,2618516945,2.47
4655549033,1946518322,26.23
1946518322,4655549033,26.23
1946518322,6946165170,12.76
6946165170,1946518322,12.76
6946165170,1946518240,19.77
1946518240,6946165170,19.77
1946518240,4655515767,10.93
4655515767,1946518240,10.93
4655515767,6946165169,11.96
6946165169,4655515767,11.96
6946165169,4655515766,3.12
4655515766,6946165169,3.12
4655515766,6703974529,2.38
6703974529,4655515766,2.38
6703974529,6703974530,1.77
6703974530,6703974529,1.77
6703974530,4655515765,2.17
4655515765,6703974530,2.17
4655515765,6946165168,8.53
6946165168,4655515765,8.53
6946165168,4655515764,3.73
4655515764,6946165168,3.73
4655515764,6482926536,40.88
6482926536,4655515764,40.88
6482926536,4655515763,16.38
4655515763,6482926536,16.38
4655515759,6946165155,5.90
6946165155,10977936464,3.65
10977936464,11379629785,2.19
11379629785,6959218933,9.48
6959218933,4655515758,7.77
4655515758,6959218931,4.62
6959218931,4655515757,4.25
4655515757,6959218932,5.92
6959218932,4655515756,4.04
4655515756,6946165156,3.51
6946165156,4655515754,34.86
4655515754,4655515753,5.12
4655515753,4655515752,5.52
4655515752,4655515751,5.58
4655515751,4655515750,5.43
4655515750,4655515749,34.23
4655515749,11735177046,36.46
11735177046,6946165159,19.93
6946165159,11649786355,2.72
11649786355,6703974526,2.55
6703974526,11649786351,14.75
11649786351,1946518302,23.64
2618516938,2425873361,17.18
2618516950,12519068688,37.61
12519068688,2618516950,37.61
12519068688,2618516947,15.48
2618516947,12519068688,15.48
10563659568,2618516941,7.52
10186036378,7937862202,10.94
7937862202,10186036378,10.94
7937862202,7937862201,9.02
7937862201,7937862202,9.02
7937862201,7937862200,9.40
7937862200,7937862201,9.40
7937862200,7937862197,9.73
7937862197,7937862200,9.73
7937862197,7937862199,9.57
7937862199,7937862197,9.57
7937862199,2618516887,6.87
2618516887,7937862199,6.87
1840275612,4551141106,16.58
4551141106,6879759322,5.34
6879759322,1842446712,5.73
1842446712,1840275660,21.81
2618516881,2618516879,8.71
2618516879,2618516881,8.71
2618516879,2618516876,5.82
2618516876,2618516879,5.82
2618516877,10186036376,14.05
10186036376,2618516877,14.05
10186036376,10186036377,5.93
10186036377,10186036376,5.93
10186036377,10186036374,6.73
10186036374,10186036377,6.73
10186036374,10186036375,7.10
10186036375,10186036374,7.10
10186036375,7937862192,6.21
7937862192,10186036375,6.21
7937862192,10186036373,8.13
10186036373,7937862192,8.13
10186036373,10186036371,4.32
10186036371,10186036373,4.32
10186036371,2618516887,9.30
2618516887,10186036371,9.30
2618516887,10186036370,3.21
10186036370,2618516887,3.21
10186036370,10186036383,11.95
10186036383,10186036370,11.95
10186036383,10186036384,1.24
10186036384,10186036383,1.24
10186036384,10186036372,12.31
10186036372,10186036384,12.31
10186036372,7937770946,2.59
7937770946,10186036372,2.59
7937770946,7937770957,13.05
7937770957,7937770946,13.05
7937770957,2618516903,10.72
2618516903,7937770957,10.72
2618516903,10977904633,4.55
10977904633,2618516903,4.55
10977904633,1248716490,7.94
1248716490,10977904633,7.94
2619527361,9704795296,14.34
9704795296,2619527361,14.34
1843028673,4553151259,7.88
4553151259,4578218500,37.40
4578218500,1851759925,5.15
2379587365,2987972731,11.38
5245772048,2619928975,19.98
2619928975,12979170344,13.66
12979170344,4545057855,2.84
4545057855,2379587365,17.09
2619994583,2379586966,7.37
2379586966,2619994584,9.24
2619994584,5245772049,5.75
5245772049,2987972731,5.06
4549557567,5896601852,14.66
5896601852,5419117679,13.01
5419117679,5896601850,5.70
5896601850,4549557565,5.89
4549557565,5419117678,5.75
5419117678,4549557564,6.59
4549557564,5896601849,17.05
5896601849,4549925599,75.65
4549925599,4549559816,10.18
2690960323,11196859479,6.72
11196859479,11386296267,30.41
11386296267,11386296260,16.41
11386296260,4659335665,14.38
4659335665,11386348177,11.12
11386348177,2690960324,58.67
2690967187,11386348208,28.04
11386348208,4659336135,18.88
4659336135,11386348194,4.58
11386348194,11386348178,20.93
11386348178,11386348171,8.53
11386348171,11386348182,3.69
11386348182,11386348175,2.25
11386348175,11386296268,18.22
11386296268,11386296265,7.52
11386296265,12989310896,16.56
12989310896,11196859480,1.06
11196859480,2690967188,6.17
4553151251,4578218504,10.97
4578218504,4553151251,10.97
4578218504,1854573417,33.91
1854573417,4578218504,33.91
1854573417,4553151239,71.07
4553151239,1854573417,71.07
4553151239,6938555157,23.99
6938555157,4553151239,23.99
6938555157,1842449675,6.75
1842449675,6938555157,6.75
1842449675,4553151234,24.07
4553151234,1842449675,24.07
4553151234,11529008448,4.13
11529008448,4553151234,4.13
11529008448,12302152752,44.73
12302152752,11529008448,44.73
12302152752,12302152747,36.21
12302152747,12302152752,36.21
12302152747,12302152755,46.66
12302152755,12302152747,46.66
12302152755,4655259308,81.11
4655259308,12302152755,81.11
4655259308,4553151250,40.76
4553151250,4655259308,40.76
1842439709,6238462681,7.82
6238462681,1842439709,7.82
6238462681,1842446669,7.77
1842446669,6238462681,7.77
2750321414,6938555111,12.77
6938555111,2750321416,11.37
2750321416,3063639510,13.88
3063639510,2750321418,15.64
2750321418,4553151342,11.73
4553151342,6872155919,3.03
6872155919,2750321419,2.91
2750321419,3063639513,21.02
3063639513,3063639514,34.98
3063639514,3063639515,5.77
3063639515,2750321422,3.99
2750321422,3063639516,5.12
3063639516,2750321424,16.53
2750321424,10991139338,34.99
10991139338,4553151260,26.90
4553151260,2456841523,5.31
2750325390,4553151352,17.34
4553151352,2750325390,17.34
4553151352,12582818016,6.01
12582818016,4553151352,6.01
12582818016,2750325389,9.61
2750325389,12582818016,9.61
2750325389,6946165176,13.16
6946165176,2750325389,13.16
6946165176,2750325388,14.81
2750325388,6946165176,14.81
2750325388,6387344889,13.77
6387344889,2750325388,13.77
6387344889,2750325387,8.35
2750325387,6387344889,8.35
2750325387,4553151347,4.45
4553151347,2750325387,4.45
4553151347,2750325386,4.59
2750325386,4553151347,4.59
4545057660,2987973036,13.53
2987973036,10977904620,11.92
10977904620,15493472,8.33
15493472,5304615092,10.12
15493898,2987973039,37.89
2987973039,4549559474,2.20
4549559474,11196859448,5.17
11196859448,559763769,6.35
2987973038,2987972732,38.20
2987972720,6532144622,3.00
6532144622,2987972720,3.00
6532144622,1831370129,8.30
1831370129,6532144622,8.30
258185897,4623649491,5.28
4623649491,2987973055,3.26
2987973055,2987973051,23.76
2987973051,4623649492,3.60
4623649492,11196858424,2.25
11196858424,2987973049,8.24
2987972721,12993807157,3.10
12993807157,2987972721,3.10
12993807157,2987972720,28.06
2987972720,12993807157,28.06
3063639527,3063639525,3.43
3063639525,3063639527,3.43
3063639525,3063639524,4.19
3063639524,3063639525,4.19
3063639524,3063639521,5.96
3063639521,3063639524,5.96
3063639521,3063639520,8.77
3063639520,3063639521,8.77
3063639520,3063639518,22.73
3063639518,3063639520,22.73
3063639528,12601593799,15.59
12601593799,3063639528,15.59
12601593799,3063639532,10.05
3063639532,12601593799,10.05
3063639532,6938555110,6.34
6938555110,3063639532,6.34
6938555110,3063639734,6.38
3063639734,6938555110,6.38
3063639734,10968380100,36.82
10968380100,3063639734,36.82
10968380100,6959218961,3.94
6959218961,10968380100,3.94
6959218961,6959218954,1.16
6959218954,6959218961,1.16
6959218954,6959218958,1.17
6959218958,6959218954,1.17
6959218958,6959218955,1.08
6959218955,6959218958,1.08
6959218955,6959218960,1.10
6959218960,6959218955,1.10
6959218960,6959218956,0.95
6959218956,6959218960,0.95
6959218956,6959218959,1.01
6959218959,6959218956,1.01
6959218959,6959218957,1.07
6959218957,6959218959,1.07
6959218957,3063639743,1.12
3063639743,6959218957,1.12
3063639743,4553150255,26.30
4553150255,3063639743,26.30
2456841523,6872155921,5.65
6872155921,10091821871,15.03
10091821871,3063639526,1.82
1854573414,6959218949,6.81
6959218949,1854573414,6.81
6959218949,2750323527,18.25
2750323527,6959218949,18.25
2750323527,4553151244,4.92
4553151244,2750323527,4.92
4553151244,4553151247,52.12
4553151247,4553151244,52.12
3063639513,3063639512,34.53
3063639512,3063639513,34.53
3063639522,10091821868,2.67
10091821868,6872155923,16.82
6872155923,3063639517,4.32
3227109531,11264427552,11.26
11264427552,6952505119,17.16
6952505119,6952505118,15.72
6952505118,3227109532,13.64
3227109532,11074199273,11.10
11074199273,6952505117,10.68
6952505117,6952505115,16.51
6952505115,11074199266,6.44
11074199266,11074199248,2.75
11074199248,6952505116,5.17
6952505116,3227109533,18.20
3227109533,3227109534,16.77
3227109534,3227109535,12.48
3227109538,6297570367,5.21
6297570367,4659447125,2.17
4659447125,3227109537,16.48
3227109537,3227109536,19.66
3227109536,3227109531,45.66
3227142873,6317342414,24.32
6317342414,3227142873,24.32
6317342414,11544713659,6.72
11544713659,6317342414,6.72
11544713659,11544713661,5.40
11544713661,11544713659,5.40
11544713661,3227142874,4.19
3227142874,11544713661,4.19
3227142874,11544713656,1.38
11544713656,3227142874,1.38
11544713656,6317342409,11.66
6317342409,11544713656,11.66
6317342409,6317342408,10.88
6317342408,6317342409,10.88
3227142876,3227142877,51.57
3227142877,3227142876,51.57
3227142877,3227142875,3.53
3227142875,3227142877,3.53
3227142878,4658918402,29.22
4658918402,3227142878,29.22
4658918402,3227142879,45.62
3227142879,4658918402,45.62
3227142882,3227142883,35.34
3227142883,3227142882,35.34
3227142895,3227142896,63.54
3227142896,3227142895,63.54
3227142896,3227142897,9.73
3227142897,3227142896,9.73
3227142897,3227142898,21.95
3227142898,3227142897,21.95
3227142898,6952833294,10.52
6952833294,3227142898,10.52
6952833294,3227142899,15.00
3227142899,6952833294,15.00
3227142894,6841430910,5.68
6841430910,3227142894,5.68
6841430910,3227142902,24.05
3227142902,6841430910,24.05
3227142899,6952833295,18.70
6952833295,3227142899,18.70
6952833295,3227142904,15.22
3227142904,6952833295,15.22
3227142904,11264186664,10.02
11264186664,3227142904,10.02
11264186664,4659180770,8.07
4659180770,11264186664,8.07
4659180770,3227142905,16.43
3227142905,4659180770,16.43
3227142907,3227142906,64.94
1843039373,3227142907,32.66
3325958617,3325958620,20.59
3325958620,3325958615,20.81
3377277994,3377277993,13.36
3377277993,3377273789,18.47
3377273789,11117957171,7.13
11117957171,4548140913,55.01
4548140913,4548140914,4.82
4548140914,3377281691,29.84
3377281691,6883599576,23.63
6883599576,3377273792,3.66
3377277994,4546507333,27.52
4546507333,3377277994,27.52
4546507333,3377277995,5.31
3377277995,4546507333,5.31
3377280037,4548140913,28.42
4548140913,3377280037,28.42
3377280037,11117968890,39.81
11117968890,11117957169,16.89
11117957169,11572570748,16.99
11572570748,3377280038,6.92
3377280038,3377277994,15.06
1854103756,5295310296,20.23
5295310296,1854103756,20.23
5295310296,1854103752,23.07
1854103752,5295310296,23.07
1854103752,5295310297,3.00
5295310297,1854103752,3.00
5295310297,4621152323,2.67
4621152323,5295310297,2.67
4621152323,5295310298,2.15
5295310298,4621152323,2.15
5295310298,5295310301,1.95
5295310301,5295310298,1.95
5295310301,5295310299,2.08
5295310299,5295310301,2.08
5295310299,5295310300,2.16
5295310300,5295310299,2.16
5295310300,3849095934,17.60
3849095934,5295310300,17.60
3849095934,12072491839,43.70
12072491839,3849095934,43.70
12072491839,5295292867,2.92
5295292867,12072491839,2.92
5295292867,5295292866,3.27
5295292866,5295292867,3.27
5295292866,1854103773,3.29
1854103773,5295292866,3.29
1854103773,5295292873,3.26
5295292873,1854103773,3.26
5295292873,4621152322,3.69
4621152322,5295292873,3.69
4621152322,5295292872,3.51
5295292872,4621152322,3.51
5295292872,5295292875,3.36
5295292875,5295292872,3.36
5295292875,2379587199,23.81
2379587199,5295292875,23.81
2379587199,5245810087,33.99
5245810087,2379587199,33.99
5245810087,1854103783,4.47
1854103783,5245810087,4.47
1854103783,4621152321,4.03
4621152321,1854103783,4.03
4621152321,5245810088,3.75
5245810088,4621152321,3.75
5245810088,5245810089,3.39
5245810089,5245810088,3.39
5245810089,1854103775,13.00
1854103775,5245810089,13.00
1854103775,6817594725,3.63
6817594725,1854103775,3.63
6817594725,4621152320,3.41
4621152320,6817594725,3.41
4621152320,9332721130,30.08
9332721130,4621152320,30.08
9332721130,12072491863,6.14
12072491863,9332721130,6.14
12072491863,1854103765,10.36
1854103765,12072491863,10.36
1854103765,9332690885,3.17
9332690885,1854103765,3.17
9332690885,9332690887,17.57
9332690887,9332690885,17.57
9332690887,5294615254,20.13
5294615254,9332690887,20.13
5294615254,4628694319,5.07
4628694319,5294615254,5.07
4628694319,5294615256,5.11
5294615256,4628694319,5.11
5294615256,5294615257,3.93
5294615257,5294615256,3.93
5294615257,5294615255,5.15
5294615255,5294615257,5.15
5294615255,1854103763,4.86
1854103763,5294615255,4.86
1854103763,4623323664,6.07
4623323664,1854103763,6.07
4623323664,5294615259,13.70
5294615259,4623323664,13.70
5294615259,5294615258,3.57
5294615258,5294615259,3.57
5294615258,1854103769,4.21
1854103769,5294615258,4.21
1854103769,1854103771,15.55
1854103771,1854103769,15.55
1854103771,5294615285,8.52
5294615285,1854103771,8.52
5294615285,1854103770,8.44
1854103770,5294615285,8.44
1854103770,5294615284,26.26
5294615284,1854103770,26.26
5294615284,5294615283,20.32
5294615283,5294615284,20.32
5294615283,7699520578,15.43
7699520578,5294615283,15.43
7699520578,1854103778,4.77
1854103778,7699520578,4.77
3613596519,11565724711,29.74
11565724711,3613596519,29.74
11565724711,11565724709,4.02
11565724709,11565724711,4.02
11565724709,3613596520,13.33
3613596520,11565724709,13.33
3614793345,4554698464,24.03
4554698464,3614793345,24.03
4554698464,3614793346,41.98
3614793346,4554698464,41.98
3614793346,3614793347,11.32
3614793347,3614793346,11.32
3614793347,3614793348,1.61
3614793348,3614793347,1.61
3614793348,4554698468,4.51
4554698468,3614793348,4.51
4554698468,3614793349,2.37
3614793349,4554698468,2.37
3614793349,4554698471,19.54
4554698471,3614793349,19.54
4554698471,3614793350,8.81
3614793350,4554698471,8.81
3614793350,3614793351,15.49
3614793351,3614793350,15.49
3614793351,3614793352,4.16
3614793352,3614793351,4.16
3615162200,3615162202,28.52
3615162202,3615162200,28.52
3615168080,6373612273,3.16
6373612273,3615168080,3.16
6373612273,6373612272,2.57
6373612272,6373612273,2.57
6373612272,6872194806,2.24
6872194806,6373612272,2.24
6872194806,6373612294,8.44
6373612294,6872194806,8.44
6373612294,3615168081,6.18
3615168081,6373612294,6.18
3615168081,3687645842,27.18
3687645842,3615168081,27.18
3623165396,3623163187,45.01
3623163187,3623165396,45.01
1831366449,6949961525,10.22
6949961525,4637478383,9.39
4637478383,4637478384,16.29
4637478384,4642110506,36.13
4623649123,2443517281,1.44
2443517281,4623649123,1.44
2443517281,5300870325,1.04
5300870325,2443517281,1.04
5300870325,5300870324,0.73
5300870324,5300870325,0.73
5300870324,2443517282,1.00
2443517282,5300870324,1.00
2443517282,5300870326,4.19
5300870326,2443517282,4.19
5300870326,2443517283,4.41
2443517283,5300870326,4.41
2443517283,5300870327,4.46
5300870327,2443517283,4.46
5300870327,2443517284,4.59
2443517284,5300870327,4.59
2443517284,5300870329,2.37
5300870329,2443517284,2.37
5300870329,2443517285,2.20
2443517285,5300870329,2.20
2443517285,5300870328,3.33
5300870328,2443517285,3.33
5300870328,2443517286,3.12
2443517286,5300870328,3.12
2443517286,2443517288,13.01
2443517288,2443517286,13.01
2173401289,11137280383,29.90
11137280383,2173401289,29.90
11137280383,3787420096,16.63
3787420096,11137280383,16.63
3787420096,6952505099,3.86
6952505099,3787420096,3.86
6952505099,3787420100,4.24
3787420100,6952505099,4.24
4659336177,6821138390,4.89
6821138390,4659336181,42.64
4659336181,6952505103,3.45
6952505103,4659336182,4.08
4659336182,3787420101,3.04
3787420101,4659336183,15.85
4659336183,6952505102,7.27
6952505102,3787420100,12.28
1842432778,6821138388,4.77
6821138388,3787420105,4.58
3787420105,6392270165,4.64
6392270165,3787420106,18.41
3787420106,4551140744,5.11
4551140744,3787420107,5.02
3787420107,4551140743,4.47
4551140743,6952505101,25.21
6952505101,6952505100,4.29
6952505100,4551140745,4.31
4551140745,4659336170,23.07
3845174885,4628694601,19.62
4628694601,3845174885,19.62
4628694601,3845174886,10.20
3845174886,4628694601,10.20
3845174886,4628694600,2.26
4628694600,3845174886,2.26
4628694600,4628694599,2.14
4628694599,4628694600,2.14
4628694599,4628694598,4.22
4628694598,4628694599,4.22
4628694598,4628694597,3.10
4628694597,4628694598,3.10
4628694597,4628694596,3.23
4628694596,4628694597,3.23
3849095938,3849095939,46.96
3849095939,3849095938,46.96
3849095939,3849095940,15.18
3849095940,3849095939,15.18
1850614899,5348130449,5.18
5348130449,4623649161,9.55
4623649161,5324007197,7.39
5324007197,2379587017,7.02
2379587017,5324007196,7.72
5324007196,5324007195,4.18
5324007195,2379587036,3.23
2379587036,5324007194,2.79
5324007194,5297437914,3.44
5297437914,4628693086,13.93
4628693086,5324007198,7.57
5324007198,4623649163,14.31
4623649163,5324007202,7.27
5324007202,4623649157,6.20
4623649157,4623649171,36.11
4623649171,5324007207,13.08
5324007207,5324007206,2.75
5324007206,5245772056,2.45
5245772056,5324007209,2.73
5324007209,2379587081,4.95
2619568630,4545060333,9.96
4545060333,2619568630,9.96
4545060333,2418944843,23.62
2418944843,4545060333,23.62
2418944843,5893077221,5.38
5893077221,2418944843,5.38
5893077221,6315664451,44.28
6315664451,5893077221,44.28
1851759291,6872155928,15.51
6872155928,6938555163,4.69
6938555163,6872155927,4.67
6872155927,1851759293,5.39
1851759293,6872155926,4.17
6872155926,2425348807,20.22
2425348807,4553150241,26.65
4553150241,4655259310,2.74
4655259310,4553150260,20.85
4553150260,4553150258,56.36
4553150258,4553150245,4.61
4553150245,6872155925,20.87
6872155925,1851759925,7.93
1851759925,10991139336,6.72
10991139336,3063639517,19.41
3063639517,6872155922,23.12
6872155922,2456841523,5.19
2456841523,1851759297,23.06
1851759297,4553150960,25.91
4553150960,4553151365,15.46
4553151365,1851759298,9.23
1851759298,3063639530,4.10
3063639530,3063639531,3.15
3063639531,1851759299,9.68
1851759285,4553151353,15.46
4553151353,6872030819,1.48
6872030819,4553151355,7.54
4553151355,1851759275,3.49
3896558893,3896558897,42.92
3896558897,3896558893,42.92
3992584231,3992584226,29.53
3992584226,3992584231,29.53
3992584226,3992584219,35.61
3992584219,3992584226,35.61
3992584219,5893133732,46.13
5893133732,3992584219,46.13
3992584215,4646142414,70.39
4646142414,3992584215,70.39
1843574780,6952505122,4.40
6952505122,1843574780,4.40
6952505122,4097308838,4.93
4097308838,6952505122,4.93
4097308838,4097308840,26.74
4097308840,4097308838,26.74
4097308840,4551484170,17.06
4551484170,4097308840,17.06
4551484170,6952505121,12.58
6952505121,4551484170,12.58
6952505121,4097308843,5.30
4097308843,6952505121,5.30
4391194887,4647977654,21.80
4647977654,4391194887,21.80
1843778436,11092548694,4.21
11092548694,1843778436,4.21
11092548694,11002461930,27.08
11002461930,11092548694,27.08
1842474328,4553151362,8.68
4553151362,11181986411,38.76
11181986411,1843028673,80.04
1843028673,4553151255,6.89
4553151255,4553150957,72.27
4553150957,11201033444,28.50
11201033444,4655259315,20.12
4655259315,1842439699,11.39
1842439699,4655259316,11.47
4655259316,4578218496,33.33
4578218496,10977985017,49.30
10977985017,4553151356,12.71
4553151356,10865647606,60.50
10865647606,9974620281,57.33
9974620281,12195626772,31.17
12195626772,10981786495,4.35
10981786495,4655259325,18.27
4655259325,1842449677,17.22
4535745130,4573039078,3.89
4573039078,4535745130,3.89
4573039078,11120897136,24.64
11120897136,4573039078,24.64
11120897136,11065965782,14.83
11065965782,11120897136,14.83
11065965782,6959195373,38.29
6959195373,11065965782,38.29
6959195373,11120897118,27.02
11120897118,6959195373,27.02
11120897118,9063224219,5.95
9063224219,11120897118,5.95
9063224219,10909468005,30.12
10909468005,9063224219,30.12
10909468005,4535944150,57.22
4535944150,10909468005,57.22
4535944150,4573039079,77.66
4573039079,4535944150,77.66
4573039079,4573039072,10.47
4573039072,4573039079,10.47
4573039072,6946535796,5.46
6946535796,4573039072,5.46
6946535796,4573039080,5.38
4573039080,6946535796,5.38
4573039080,6946535798,11.53
6946535798,4573039080,11.53
6946535798,4535745135,14.49
4535745135,6946535798,14.49
4535745135,4535745134,10.06
4535745134,4535745135,10.06
4535745134,4535745133,9.43
4535745133,4535745134,9.43
10909398603,4535745892,6.41
4535745892,10909398603,6.41
4535745892,4535944150,26.44
4535944150,4535745892,26.44
4668094198,4631924081,55.36
4631924081,4668094198,55.36
4631924081,4668094197,48.74
4668094197,4631924081,48.74
4668094197,4668094196,54.99
4668094196,4668094197,54.99
4668094196,4668094198,49.16
4668094198,4668094196,49.16
4535780280,10909418932,3.00
10909418932,4535780280,3.00
10909418932,4573039081,38.61
4573039081,10909418932,38.61
4573039081,4592868153,4.55
4592868153,4573039081,4.55
4592868153,4573039082,4.35
4573039082,4592868153,4.35
4573039082,4535745133,7.35
4535745133,4573039082,7.35
4535944150,4573039073,6.22
4573039073,4535944150,6.22
4573039073,4592868172,19.73
4592868172,4573039073,19.73
4592868172,4535745893,75.98
4535745893,4592868172,75.98
4535780280,4535949094,44.71
4535949094,10909418931,13.50
10909418931,4535949093,12.88
4535949093,11194900500,11.00
11194900500,4535949092,52.69
4535949092,10909418928,12.10
10909418928,1851793459,14.25
4539916146,4539916145,9.08
4539916145,4539916146,9.08
4539916145,4539916144,7.63
4539916144,4539916145,7.63
15492891,4539916150,8.14
4539916150,15492891,8.14
4539916150,4539916149,5.88
4539916149,4539916150,5.88
4539916149,11140003902,20.17
11140003902,4539916149,20.17
11140003902,4539916147,3.77
4539916147,11140003902,3.77
15492891,6938359632,3.10
6938359632,15492891,3.10
6938359632,6938359633,3.12
6938359633,6938359632,3.12
6938359633,1863305511,11.56
1863305511,6938359633,11.56
1863305511,11106084063,23.32
11106084063,1863305511,23.32
11106084063,1863305509,13.97
1863305509,11106084063,13.97
1863305509,1863305506,35.94
1863305506,1863305509,35.94
1863305506,1863305504,34.09
1863305504,1863305506,34.09
1863305504,1863536983,8.39
1863536983,1863305504,8.39
4539916156,11106084067,17.80
11106084067,4539916156,17.80
4539913259,4539913254,15.57
4539913254,4539913259,15.57
4539913261,4539913260,27.46
4539913260,4539913261,27.46
4539913260,4539913253,6.48
4539913253,4539913260,6.48
4539913253,4539913259,5.32
4539913259,4539913253,5.32
4539913259,4539913258,5.60
4539913258,4539913259,5.60
4539913258,4539913257,22.42
4539913257,4539913258,22.42
4539913257,6938359598,32.12
6938359598,4539913257,32.12
4539916495,4539913264,24.35
4539913264,4539916495,24.35
4539913264,4539913263,4.23
4539913263,4539913264,4.23
4539913263,4539913262,4.55
4539913262,4539913263,4.55
4539916527,4547969119,11.60
4547969119,6879981608,26.27
6879981608,12993787835,131.52
12993787835,4545060370,2.95
4545060370,4545057902,7.89
4545057841,559762642,75.89
559762642,5245772034,11.08
5245772034,2379587241,8.98
2379587241,5245772035,7.51
5245772035,5896601851,9.27
5896601851,5419117671,5.44
5419117671,5245772037,15.04
5245772037,5419117670,9.67
258346750,5245772047,45.19
5245772047,4545057852,16.99
2379587365,2379587387,8.67
2379587387,4549559470,9.30
4549559470,2379587406,3.13
2379587406,258346750,33.80
4545057853,5324007215,12.53
5324007215,4623649145,11.55
4623649145,5324007190,13.81
5324007190,5324007189,5.54
5324007189,5318368975,8.17
5318368975,2379587337,28.60
2379587337,12979170345,18.12
12979170345,2619994583,2.67
15494016,4545057683,7.29
4545057683,559762612,84.26
4545057667,3871017209,6.39
3871017209,6813634671,5.87
6813634671,5304648931,129.88
15493703,11194680698,45.98
11194680698,11189542922,8.26
4545060659,4545060660,11.07
4545060660,6368049812,82.86
6368049812,10966455686,88.16
10966455686,6864410479,3.75
11119832243,4545057823,3.32
4545057823,11976409606,13.28
11976409606,10968380027,23.29
10968380027,10968380033,65.05
10968380033,4545060644,56.95
4545060644,11119832240,8.38
4545060666,4545057821,1.86
4545057821,10181403765,1.70
10181403765,4545057666,5.54
4545060665,4545060666,27.55
4545060375,4545057820,4.50
4545057820,4545057864,7.65
4545060374,4545060375,27.90
4539916527,4545057674,11.44
4545057674,6367897028,66.14
6367897028,6482931078,48.18
6482931078,9741380251,37.02
9741380251,5321869052,19.34
5321869052,12997245874,22.44
12997245874,4545057677,3.16
4545057677,2445909793,11.86
2445909793,4545057678,5.69
4545057678,6288400347,1.61
1867590650,4652332049,6.23
4652332049,4652184782,26.13
4652184782,4652184786,12.88
4652184786,4652184788,57.25
4652184788,4652187200,45.10
1831370129,11572570448,13.13
11572570448,5304961339,101.15
5304961339,15460534,60.94
15460534,11118514103,46.19
11118514103,4549559828,61.54
4549559828,4545057686,61.00
4545057686,15494016,12.41
1458030854,4546486642,4.55
4546486642,4546507362,33.77
4546507362,10991158001,6.27
10991158001,10991157995,13.75
10991157995,6938359619,3.66
6938359619,6178380331,10.23
6178380331,11093246661,22.57
11093246661,6178380339,2.16
6178380339,4653388731,37.53
4653388731,4546507357,38.77
4546507357,11627401359,16.80
11627401359,4653388733,53.18
4653388733,11092548697,53.51
11092548697,4653388737,5.06
4653388737,1851805073,15.56
1851805073,4546507353,43.88
4546507353,4546507354,4.45
4546507354,4370934967,4.57
1843778436,4652898415,58.82
4652898415,4547969123,57.14
4547969123,4545057900,95.85
4545057900,4652898310,26.28
4652898310,6178380291,52.35
6178380291,4191940997,6.80
4546506937,6879981607,3.80
6879981607,4546506937,3.80
4546506955,4546486640,8.06
4546486640,4546506955,8.06
4546486640,4546506954,5.36
4546506954,4546486640,5.36
4546506954,4546506937,12.82
4546506937,4546506954,12.82
4546506953,4546506948,7.94
4546506948,4546506953,7.94
4546506948,4546506947,20.59
4546506947,4546506948,20.59
4546506947,4546506946,8.67
4546506946,4546506947,8.67
4546506946,4546506945,15.16
4546506945,4546506946,15.16
4546506950,4546506949,41.70
4546506949,4546506950,41.70
6879981607,4546506950,11.06
4546506950,6879981607,11.06
4546506950,4546506953,12.28
4546506953,4546506950,12.28
4546506953,4546506952,41.39
4546506952,4546506953,41.39
4546506952,4546506949,12.05
4546506949,4546506952,12.05
4546506949,4546506935,30.50
4546506935,4546506949,30.50
4546506935,4546486639,2.64
4546486639,4546506935,2.64
4546486639,4546506951,7.56
4546506951,4546486639,7.56
3377277995,4546507345,38.33
4546507345,3377277995,38.33
4546507345,1831370129,8.06
1831370129,4546507345,8.06
4653387767,4546765763,12.97
4546765763,11123954054,33.87
11123954054,2450381821,21.44
258208560,4546765762,15.67
4546765762,1840275555,13.42
1840275555,4655258630,18.43
11076088606,4546765748,2.07
4546765748,4546765747,2.18
4546765747,4546765746,2.17
4546765746,4546765745,2.36
4546765745,4546765744,2.36
4546765744,11076088605,2.16
4546765759,1876323079,14.68
1876323079,1840275512,13.44
1840275512,1840275470,21.21
1840275470,4546765752,7.61
4546765752,1851759901,9.80
1851759901,1840275604,8.78
1840275604,4546765760,2.73
1458030799,6872030805,8.39
6872030805,1458030825,43.57
1458030825,4546765755,8.91
4546765755,6872030815,46.61
6872030815,6872030824,7.58
6872030824,4547969125,29.32
4547969125,10968426142,66.40
10968426142,4547967331,36.17
4547967331,5306411733,29.83
5306411733,12992137265,35.78
12992137265,4546765758,3.78
4546765758,2619566928,12.59
1458030848,5336036721,8.53
5336036721,1458030829,17.77
1458030829,1458030831,20.79
1458030831,4546765756,13.90
4546765756,1458030799,12.59
4553151251,5336036731,20.95
5336036731,4553151251,20.95
5336036731,5336036732,6.35
5336036732,5336036731,6.35
5336036732,258208560,5.90
258208560,5336036732,5.90
4545057904,33359057,8.18
33359057,4545057904,8.18
33359057,6315664445,11.45
6315664445,33359057,11.45
6315664445,429650397,45.84
429650397,6315664445,45.84
429650397,5924017730,66.41
5924017730,429650397,66.41
5924017730,1248716484,32.79
1248716484,5924017730,32.79
1248716484,10977923739,1.77
10977923739,1248716484,1.77
10977923739,10977923733,79.53
10977923733,10977923739,79.53
10977923733,10124813384,7.36
10124813384,10977923733,7.36
10124813384,6949961519,5.80
6949961519,10124813384,5.80
6949961519,10977904631,73.94
10977904631,6949961519,73.94
10977904631,1248716490,3.38
1248716490,10977904631,3.38
1248716490,7937862221,17.10
7937862221,1248716490,17.10
7937862221,7937770984,10.95
7937770984,7937862221,10.95
7937770984,6949961520,5.89
6949961520,7937770984,5.89
6949961520,7937770959,3.58
7937770959,6949961520,3.58
7937770959,2618516928,3.18
2618516928,7937770959,3.18
4545057904,6278068913,61.91
6278068913,4545060332,19.61
4545060332,5893077235,5.78
5893077235,5541483077,5.09
6813634678,6813634674,4.77
6813634674,6813634678,4.77
6238462944,6813554981,1.62
6813554981,6238462944,1.62
6813554981,6813554982,1.79
6813554982,6813554981,1.79
6813554982,6238462945,93.76
6238462945,6813554982,93.76
6238462945,4641854050,79.42
4641854050,6238462945,79.42
4641854050,6288400353,157.84
6288400353,4641854050,157.84
6274653621,6274653736,9.96
6274653736,6274653623,12.81
6274653623,1840275460,9.61
4655515774,1840275558,6.03
1840275558,4639470042,7.78
4639470042,1840275678,5.87
1840275678,5297635245,8.28
1844598928,4547969124,89.06
4547969124,1844598931,8.68
4547969123,4547969124,22.84
4547969124,4547969123,22.84
4547967325,4653389069,20.42
4653389069,4547967325,20.42
4653389069,11117835839,16.64
11117835839,4653389069,16.64
11117835839,10091821861,12.50
10091821861,11117835839,12.50
10091821861,4547967324,0.66
4547967324,10091821861,0.66
4547967324,10091821860,0.79
10091821860,4547967324,0.79
10091821860,6178479178,6.49
6178479178,10091821860,6.49
6178479178,4547969130,10.83
4547969130,6178479178,10.83
4547969130,10091821858,25.58
10091821858,4547969130,25.58
10091821858,4547969129,1.32
4547969129,10091821858,1.32
4547969129,10091821859,0.96
10091821859,4547969129,0.96
10091821859,11117835843,22.63
11117835843,10091821859,22.63
11117835843,4653389064,7.23
4653389064,11117835843,7.23
4653389064,4547969128,17.71
4547969128,4653389064,17.71
4547969128,4547967329,43.57
4547967329,4547967325,15.65
15493703,6882343661,4.21
6882343661,15493703,4.21
6882343661,6315664552,3.66
6315664552,6882343661,3.66
6315664552,6407026332,5.68
6407026332,6315664552,5.68
6407026332,4547967332,26.29
4547967332,6407026332,26.29
1842476355,5893077225,6.13
5893077225,1842476355,6.13
5893077225,1842476353,3.44
1842476353,5893077225,3.44
1842476353,1842476351,4.15
1842476351,1842476353,4.15
1842476351,1842476350,4.13
1842476350,1842476351,4.13
1842476350,1842476349,15.85
1842476349,1842476350,15.85
1842476349,5893077227,27.99
5893077227,1842476349,27.99
5893077227,5893077226,6.27
5893077226,5893077227,6.27
5893077226,12107092453,2.29
12107092453,5893077226,2.29
12107092453,2619568636,5.08
2619568636,12107092453,5.08
2619568636,2370235618,7.91
2370235618,2619568636,7.91
2370235618,6278068907,3.65
6278068907,2370235618,3.65
6278068907,5541483076,4.53
5541483076,6278068907,4.53
5541483076,5893077228,7.27
5893077228,5541483076,7.27
5893077228,5893077229,6.82
5893077229,5893077228,6.82
5893077229,2619568632,8.49
2619568632,5893077229,8.49
2619568632,5893077223,6.64
5893077223,2619568632,6.64
5893077223,2619568630,4.45
2619568630,5893077223,4.45
4545057851,2556931406,10.47
2556931406,4548016633,6.54
4548140914,4548140907,31.81
4548140907,3377273791,3.91
1843574856,4546507347,79.88
4546507347,1831370129,12.27
5304648930,15492898,49.42
15492898,2608865131,35.31
2608865131,4549222965,40.72
4549222965,4652898067,4.90
4652898067,6300933235,8.01
6300933235,4549222961,45.41
4549222961,11168381465,85.51
11168381465,15492804,117.50
15492280,6946535587,12.02
6946535587,10183218118,20.64
10183218118,10183218119,17.78
10183218119,5304940882,4.42
5304940882,4549222966,17.42
4549222966,15460447,7.63
15492804,4549222952,10.94
4549222952,4652898368,20.60
4652898368,1854612489,39.14
1854612489,5304648929,36.51
2379587363,2618516884,7.92
2618516884,6185054997,2.62
6185054997,2379586933,3.28
2379586933,6185054998,3.86
6185054998,2379587256,2.90
2379587256,6185054999,4.67
6185054999,6185055000,3.23
6185055000,2379587308,3.44
2379587308,2379587236,5.16
2379587236,6185055006,4.94
6185055006,2379587321,4.29
2379587321,6185055007,5.65
6185055007,2379586995,4.38
2379586995,6185055010,6.70
6185055010,6185055011,3.51
6185055011,2450377224,3.19
2450377224,6185055014,7.85
6185055014,2379586950,25.00
2379587266,4545057660,18.07
2987973040,559763769,10.48
4549557571,1867590656,33.94
1867590656,4549557571,33.94
1867590666,4545057859,1.82
4545057859,1867590666,1.82
11196859448,11360932093,12.20
11360932093,11196859448,12.20
11360932093,11360932094,9.52
11360932094,11360932093,9.52
11360932094,4549557587,3.63
4549557587,11360932094,3.63
4549557587,11784708212,8.40
11784708212,4549557587,8.40
11784708212,4549557586,16.22
4549557586,11784708212,16.22
4549557586,4549557585,33.60
4549557585,4549557586,33.60
4549557585,4549557584,50.33
4549557584,4549557585,50.33
4549557584,4549557583,36.81
4549557583,4549557584,36.81
4549557583,4549557582,36.33
4549557582,4549557583,36.33
4549557582,4549557581,36.04
4549557581,4549557582,36.04
4549557581,4549557580,36.87
4549557580,4549557581,36.87
4549557580,4549557576,4.03
4549557576,4549557580,4.03
4549557576,4549557579,4.40
4549557579,4549557576,4.40
4549557579,6813634655,195.09
6813634655,4549557579,195.09
4549559889,10977848202,6.59
10977848202,3870909358,8.15
3870909358,15493337,17.12
15493337,5046750025,18.61
5046750025,3870909357,22.92
3870909357,6949961524,18.24
6949961524,10124843128,12.07
10124843128,15492311,5.17
6813634656,6813634657,2.91
6813634657,6813634656,2.91
6813634657,6813634658,2.86
6813634658,6813634657,2.86
6813634658,6813634662,1.84
6813634662,6813634658,1.84
6813634662,4549559899,187.48
4549559899,6813634662,187.48
4549559899,4545057859,11.92
4545057859,4549559899,11.92
4545057859,4549559897,4.10
4549559897,4545057859,4.10
4549559897,4549559896,30.82
4549559896,4549559897,30.82
4549559896,4549559895,33.01
4549559895,4549559896,33.01
4549559895,4549559894,31.69
4549559894,4549559895,31.69
4549559894,4549559893,57.06
4549559893,4549559894,57.06
4549559893,4549559892,40.29
4549559892,4549559893,40.29
4549559892,4549559891,33.83
4549559891,4549559892,33.83
4549559891,6882183613,18.07
6882183613,4549559891,18.07
6882183613,4549559890,7.55
4549559890,6882183613,7.55
4549559900,15492718,7.22
15492718,4549559900,7.22
15492718,4549557576,6.55
4549557576,15492718,6.55
4549557576,1867590669,1.16
1867590669,4549557576,1.16
1842432784,11558065644,16.35
11558065644,1842432784,16.35
11558065644,3227142894,25.26
3227142894,11558065644,25.26
3227142894,1855833968,21.28
1855833968,3227142894,21.28
1851757540,11751844587,48.39
11751844587,4659181145,14.18
4659181145,11751844585,16.83
11751844585,11751844579,21.29
11751844579,1851757537,19.51
1842432778,6949961495,18.82
6949961495,1842432778,18.82
6949961495,6949961496,19.35
6949961496,6949961495,19.35
6949961496,4477112347,38.27
4477112347,6949961496,38.27
4477112347,1842467359,43.47
1842467359,4477112347,43.47
1842467359,6312733647,33.40
6312733647,1842467359,33.40
6312733647,5295856964,4.41
5295856964,6312733647,4.41
5295856964,12473464729,14.86
12473464729,5295856964,14.86
1843039374,6373576349,15.26
6373576349,1843039375,15.32
1843039375,3614793345,67.66
3614793345,11397991066,19.36
11397991066,1843039376,21.21
1843039376,1564319711,26.51
1564319711,6872194810,17.03
6872194810,3615168080,13.67
3615168080,11892437076,37.76
11892437076,4551140992,3.35
4551140992,1843039377,4.39
12473464729,1843574768,11.69
1843574768,12473464729,11.69
1843574768,2443572083,14.96
2443572083,1843574768,14.96
2443572083,4658917550,64.07
4658917550,2443572083,64.07
4658917550,4658918366,18.10
4658918366,4658917550,18.10
4658918366,4658918371,28.83
4658918371,4658918366,28.83
4658918371,11384630268,16.49
11384630268,4658918371,16.49
11384630268,4658918384,3.20
4658918384,11384630268,3.20
4658918384,4658918379,39.56
4658918379,4658918384,39.56
4658918379,4658918377,11.05
4658918377,4658918379,11.05
4658918377,4658918794,12.04
4658918794,4658918377,12.04
4658918794,2444941335,23.39
2444941335,4658918794,23.39
2444941335,4658918813,20.00
4658918813,2444941335,20.00
4658918813,3227142873,12.33
3227142873,4658918813,12.33
3227142873,3227142876,45.74
3227142876,3227142873,45.74
3227142876,5349962048,32.00
5349962048,3227142876,32.00
5349962048,2444944960,14.04
2444944960,5349962048,14.04
2444944960,1862059450,19.79
1862059450,2444944960,19.79
4555708981,4551140749,14.99
4551140749,4555708981,14.99
4659336177,4658918337,14.47
4658918337,4659336177,14.47
4658918337,3787420099,35.04
3787420099,4658918337,35.04
3787420099,1843574684,32.09
1843574684,3787420099,32.09
1843574684,1843575021,26.30
1843575021,1843574684,26.30
1843575021,1842432778,11.31
1842432778,1843575021,11.31
1843574959,6952505126,7.15
6952505126,1843574744,35.12
1843574744,4551140758,29.20
4551140758,4659466151,15.46
4659466151,1843574841,5.82
1841668994,6300933253,3.72
6300933253,1841668994,3.72
6300933253,6800142787,25.03
6800142787,6300933253,25.03
6800142787,4623649498,17.01
4623649498,6800142787,17.01
4623649498,4623649495,32.37
4623649495,4623649498,32.37
4623649495,4965917378,11.64
4965917378,4623649495,11.64
4965917378,4623439299,96.89
4623439299,4965917378,96.89
4623439299,2425873361,6.35
2425873361,4623439299,6.35
2425873361,4551140774,20.63
4551140774,2425873361,20.63
4551140774,6333089888,11.25
6333089888,4551140774,11.25
6333089888,1947769629,14.12
1947769629,6333089888,14.12
1947769629,5342454638,3.34
5342454638,1947769629,3.34
5342454638,4551140772,9.18
4551140772,5342454638,9.18
4551140772,4623649324,13.24
4623649324,4551140772,13.24
4623649324,11360992121,5.98
11360992121,4623649324,5.98
11360992121,11360992122,8.30
11360992122,11360992121,8.30
11360992122,6800142791,37.16
6800142791,11360992122,37.16
6800142791,2618516937,5.44
2618516937,6800142791,5.44
2618516937,2618516936,23.59
2618516936,2618516937,23.59
2618516936,4623649503,27.12
4623649503,2618516936,27.12
4623649503,1841668959,4.12
1841668959,4623649503,4.12
1841668959,11773542437,6.07
11773542437,1841668959,6.07
11773542437,4551140775,2.19
4551140775,11773542437,2.19
4551140775,1947769457,10.38
1947769457,4551140775,10.38
1947769457,4623649363,4.78
4623649363,1947769457,4.78
4623649363,4551140781,38.39
4551140781,4623649363,38.39
4551140781,12986920655,8.22
12986920655,4551140781,8.22
12986920655,11773542449,2.52
11773542449,12986920655,2.52
11773542449,6561501614,3.28
6561501614,11773542449,3.28
6561501614,6561501613,10.36
6561501613,6561501614,10.36
1841668991,11196859460,11.32
11196859460,1841668994,25.55
4551141104,4658918993,48.62
4658918993,12988706801,22.41
12988706801,4551141102,2.79
4551141102,1843574857,13.68
1843574941,4551141103,13.00
4551141103,10900658475,39.98
10900658475,6317533337,21.28
6317533337,10900658476,23.99
10900658476,4587669910,50.05
4587669910,10909673433,45.96
10909673433,4587669903,3.83
4587669903,13013431806,18.70
13013431806,4551484181,3.33
4551484181,283569922,9.58
283569922,494155690,15.76
15460746,6959218899,14.43
6959218899,4551484177,9.77
4551484177,11074199255,59.26
11074199255,6886849576,24.04
6886849576,6952505111,44.00
6952505111,4551141104,7.08
1842446710,12190001169,16.09
12190001169,4551484168,3.87
4551484168,1840275637,9.05
494155690,4551484178,13.99
4551484178,6307656060,29.61
1840275612,12190001168,24.94
12190001168,6307602814,2.41
6307602814,1867590712,12.21
1867590712,4551484164,9.05
4551484164,1840275660,18.45
4551141115,4551141114,14.45
4551141114,4551141115,14.45
11115279308,11115279309,1.67
11115279309,11115279308,1.67
11115279309,11115279310,4.51
11115279310,11115279309,4.51
11115279310,11115259900,4.55
11115259900,11115279310,4.55
11115259900,11115259899,8.93
11115259899,11115259900,8.93
11115259899,11115259898,8.24
11115259898,11115259899,8.24
11115259898,4551141116,12.95
4551141116,11115259898,12.95
4551141116,4551141117,20.32
4551141117,4551141116,20.32
1842446659,1847297846,20.77
1847297846,6946165172,83.22
6946165172,4655550708,7.56
4655550708,4655759625,52.73
4655759625,1847297904,7.04
1847297904,11265540053,13.68
11265540053,4655759620,26.93
4655759620,4655550493,32.43
4655550493,4551141140,27.13
1851759299,4553151364,5.54
4553151364,4553151360,6.78
4553151360,1842474328,6.54
1843039343,9983550860,29.10
9983550860,4659181169,51.38
4659181169,4659049033,53.21
4659049033,1843039347,8.60
1843039347,4659181174,3.48
4659181174,4659049032,43.86
4659049032,4659181178,6.96
4659181178,4551191430,12.38
4551191430,4659049023,20.91
4659049023,1851757535,50.26
4551191453,4551191452,16.65
4551191452,4551191453,16.65
4551191452,4551191451,18.47
4551191451,4551191452,18.47
4551191451,4659048681,14.62
4659048681,4551191451,14.62
4659048681,4551191449,16.46
4551191449,4659048681,16.46
4551191449,4551191448,11.90
4551191448,4551191449,11.90
4551191448,4551191447,9.42
4551191447,4551191448,9.42
4551191447,4551191446,7.47
4551191446,4551191447,7.47
4551191446,4551191445,5.85
4551191445,4551191446,5.85
4551191445,4551191444,7.11
4551191444,4551191445,7.11
4551191444,11386275907,14.74
11386275907,4551191444,14.74
1842457374,6949961507,4.93
6949961507,1842457374,4.93
6949961507,4659049059,3.59
4659049059,6949961507,3.59
4659049059,6313497710,4.12
6313497710,4659049059,4.12
6313497710,6313497709,1.67
6313497709,6313497710,1.67
6313497709,4659334457,9.57
4659334457,6313497709,9.57
1842449692,4551484142,8.40
4551484142,6442424396,65.81
6442424396,6883198029,15.02
6883198029,4655759656,11.54
4655759656,11627434839,30.37
11627434839,1843028677,23.72
1842439706,11124974022,23.81
11124974022,1842439706,23.81
11124974022,3896558897,28.02
3896558897,11124974022,28.02
3896558897,11341837677,62.00
11341837677,3896558897,62.00
11341837677,1946518378,11.58
1946518378,11341837677,11.58
1946518378,4655515741,11.26
4655515741,1946518378,11.26
4655515741,1863293007,7.22
1863293007,4655515741,7.22
1863293007,11335686980,40.97
11335686980,1863293007,40.97
11335686980,4551484174,15.22
4551484174,11335686980,15.22
4551484174,1842439709,5.22
1842439709,4551484174,5.22
1842446717,5304542703,16.43
5304542703,1840275716,3.14
1840275716,13013431807,11.68
13013431807,4551484179,4.13
4551484179,13013404296,6.87
13013404296,15460746,9.68
3325958617,10981747416,6.43
10981747416,3325958617,6.43
10981747416,4655548375,35.92
4655548375,10981747416,35.92
4553150958,10981747425,20.18
10981747425,4553150958,20.18
4553150960,4553150959,15.45
4553150959,4553150960,15.45
4553150234,4553150232,30.78
4553150232,4553150234,30.78
4553150232,4553150233,6.33
4553150233,4553150232,6.33
4553150241,4553150240,20.47
4553150240,4553150241,20.47
4553150243,4553150242,27.79
4553150242,4553150243,27.79
4553150242,10991139400,8.08
10991139400,4553150242,8.08
4553150245,4553150244,22.55
4553150244,4553150245,22.55
3063639527,4553150248,19.54
4553150248,3063639527,19.54
4553150258,11117749092,20.10
11117749092,4553150258,20.10
11117749092,4553150257,36.54
4553150257,11117749092,36.54
4553150238,4553150260,61.14
4553150260,4553150238,61.14
4553150262,1851759291,18.29
1851759291,4553150262,18.29
4553150274,4553150271,30.88
4553150271,4553150274,30.88
4553150271,10981792009,5.39
10981792009,4553150271,5.39
10981792009,3623163182,31.49
3623163182,10981792009,31.49
4553151192,4553151191,15.51
4553151191,4553151192,15.51
4553151191,6703974531,3.73
6703974531,4553151191,3.73
4553151234,11529008451,11.92
11529008451,4553151234,11.92
11529008451,4553151233,3.15
4553151233,11529008451,3.15
4553151233,4553151232,4.82
4553151232,4553151233,4.82
4553151232,4553151231,4.87
4553151231,4553151232,4.87
4553151231,4553151230,4.88
4553151230,4553151231,4.88
4553151230,4553151229,16.12
4553151229,4553151230,16.12
4553151229,6938555160,5.06
6938555160,4553151229,5.06
6938555160,6938555159,4.09
6938555159,6938555160,4.09
6938555159,6938555158,9.41
6938555158,6938555159,9.41
6938555158,6938555157,11.75
6938555157,6938555158,11.75
4553151239,4553151238,11.61
4553151238,4553151239,11.61
4553151238,4553151237,4.15
4553151237,4553151238,4.15
4553151237,4553151236,3.29
4553151236,4553151237,3.29
4553151236,4553151235,14.40
4553151235,4553151236,14.40
1854573417,4553151243,41.51
4553151243,1854573417,41.51
4553151243,6238463123,32.09
6238463123,4553151243,32.09
6238463123,6238463122,5.21
6238463122,6238463123,5.21
6238463122,6238463121,3.40
6238463121,6238463122,3.40
6238463121,6238463120,3.24
6238463120,6238463121,3.24
6238463120,4553151242,2.99
4553151242,6238463120,2.99
4553151242,11156586574,27.74
11156586574,4553151242,27.74
11156586574,6238463119,4.79
6238463119,11156586574,4.79
6238463119,6238463118,6.72
6238463118,6238463119,6.72
6238463118,4553151241,14.76
4553151241,6238463118,14.76
4553151246,4553151245,47.06
4553151245,4553151246,47.06
4553151245,4553151244,48.71
4553151244,4553151245,48.71
6872155933,6872155930,3.80
6872155930,6872155931,4.49
6872155931,11084626614,19.57
11084626614,11084626617,13.11
11084626617,4553150263,2.01
4553150263,10981792033,2.25
10981792033,1851759290,4.70
1851759290,11084626605,15.76
11084626605,10981792031,23.26
10981792031,4655259322,21.36
4655259322,1851759285,20.51
4578218493,4578218494,15.04
4578218494,4578218493,15.04
4578218494,4578218495,12.20
4578218495,4578218494,12.20
4578218495,11201033441,6.78
11201033441,4578218495,6.78
11201033441,4578218496,6.13
4578218496,11201033441,6.13
4578218498,4553150244,6.39
4553150244,4578218498,6.39
4553150244,4578218497,9.49
4578218497,4553150244,9.49
4578218504,4578218503,10.01
4578218503,4578218504,10.01
4578218503,4578218501,14.21
4578218501,4578218503,14.21
4553151243,4578218506,9.71
4578218506,4553151243,9.71
4578218506,4578218505,27.60
4578218505,4578218506,27.60
1946518395,4578218507,14.99
4578218507,1946518395,14.99
4578288231,6241445181,9.89
6241445181,4578288231,9.89
6241445181,4578288230,3.81
4578288230,6241445181,3.81
4578288230,6241445180,4.41
6241445180,4578288230,4.41
6241445180,4578288229,4.68
4578288229,6241445180,4.68
4578288229,4578288228,16.64
4578288228,4578288229,16.64
4578288228,4578288227,8.67
4578288227,4578288228,8.67
4578288227,4578288226,7.36
4578288226,4578288227,7.36
4578288236,4578288234,16.13
4578288234,4578288236,16.13
4578288234,6938555102,5.40
6938555102,4578288234,5.40
6938555102,4578288233,6.41
4578288233,6938555102,6.41
4578288233,4578288232,8.98
4578288232,4578288233,8.98
4578288238,4578288240,6.77
4578288240,4578288238,6.77
4578288240,4578288239,32.00
4578288239,4578288240,32.00
4578288248,10906083603,3.27
10906083603,4578288248,3.27
10906083603,8297303761,3.67
8297303761,10906083603,3.67
8297303761,4578288247,22.63
4578288247,8297303761,22.63
4578288247,4578288244,5.16
4578288244,4578288247,5.16
4578288244,4578288238,20.21
4578288238,4578288244,20.21
4655759625,4655759619,23.13
4655759619,4655759627,7.61
4655759627,4655759628,3.70
4655759628,6241445174,4.94
6241445174,6938555099,32.77
6938555099,7185443008,6.15
7185443008,4655759629,3.53
4655759629,4655759630,4.59
4655759630,4655759631,4.04
4655759631,7185443009,3.98
7185443009,7185443003,8.54
7185443003,7185443004,3.82
7185443004,6938555100,8.04
6938555100,4655759633,3.67
4655759633,7185443005,19.76
7185443005,4655759634,2.38
4655759634,5415514146,2.47
5415514146,7185443006,21.98
7185443006,4578288277,3.19
4578288277,7185443007,3.13
7185443007,4578288278,17.48
4587669909,4587669904,22.33
4587669904,4587669909,22.33
4587669906,4587669907,25.29
4587669907,4587669906,25.29
4587669907,4587669908,9.40
4587669908,4587669907,9.40
4587669908,6952505123,8.09
6952505123,4587669908,8.09
6952505123,4587669909,7.53
4587669909,6952505123,7.53
4587669909,4587669910,44.11
4587669910,4587669909,44.11
4592868153,4592868148,22.22
4592868148,4592868153,22.22
4535745133,4573039084,10.35
4573039084,4535745133,10.35
4573039084,4535780622,17.77
4535780622,4573039084,17.77
4592868172,4592868167,8.78
4592868167,4592868172,8.78
4592868167,4592868169,31.60
4592868169,4592868167,31.60
4592868169,4592868171,13.24
4592868171,4592868169,13.24
4592868833,6946165093,3.95
6946165093,4592868833,3.95
6946165093,4592868831,25.40
4592868831,6946165093,25.40
4592868831,4592868830,10.45
4592868830,4592868831,10.45
4592868830,6946165089,6.98
6946165089,4592868830,6.98
6946165089,6946165088,8.11
6946165088,6946165089,8.11
6946165088,4592868829,12.80
4592868829,6946165088,12.80
4592868829,4592868880,14.03
4592868880,4592868829,14.03
4592868863,6959195362,5.58
6959195362,4592868863,5.58
6959195362,4592868862,4.71
4592868862,6959195362,4.71
4592868862,4592868861,7.38
4592868861,4592868862,7.38
4592868861,4592868860,7.20
4592868860,4592868861,7.20
4592868860,4592868859,5.45
4592868859,4592868860,5.45
4592868859,6959195370,4.92
6959195370,4592868859,4.92
6959195370,6959195369,4.43
6959195369,6959195370,4.43
6959195369,11065965783,5.87
11065965783,6959195369,5.87
11065965783,6959195368,31.01
6959195368,11065965783,31.01
6959195368,6959195367,3.42
6959195367,6959195368,3.42
6959195367,6959195366,2.91
6959195366,6959195367,2.91
6959195366,6959195365,3.03
6959195365,6959195366,3.03
6959195365,6959195364,2.93
6959195364,6959195365,2.93
6959195364,11065965772,3.65
11065965772,6959195364,3.65
11065965772,11065965775,17.51
11065965775,11065965772,17.51
11065965775,11006733411,46.05
11006733411,11065965775,46.05
11006733411,11065965777,2.47
11065965777,11006733411,2.47
11065965777,6959195363,1.87
6959195363,11065965777,1.87
4592884114,4592884113,31.39
4592884113,4592884114,31.39
4592884113,4592884112,10.89
4592884112,4592884113,10.89
4592884112,4592884111,23.78
4592884111,4592884112,23.78
4621151556,4621151555,17.90
4621151555,4621151556,17.90
4621151555,4621151554,4.99
4621151554,4621151555,4.99
4621151554,4621151553,4.47
4621151553,4621151554,4.47
4621151553,4621151552,2.95
4621151552,4621151553,2.95
4621151552,4621151551,3.44
4621151551,4621151552,3.44
4621151551,4621151545,24.31
4621151545,4621151551,24.31
4621151545,4621151543,3.45
4621151543,4621151545,3.45
4621151543,4621151542,2.71
4621151542,4621151543,2.71
4621151542,4621151541,3.87
4621151541,4621151542,3.87
4621151541,4621151540,5.94
4621151540,4621151541,5.94
4621151540,1850614847,8.17
1850614847,4621151540,8.17
3849095934,3849095937,44.40
3849095937,3849095934,44.40
4621151748,4621151751,21.78
4621151751,4621151752,6.17
4621151752,5297437835,4.99
5297437835,4621151753,4.94
4621151753,4621151756,16.89
4621151756,4621151757,3.73
4621151757,12103386202,8.68
12103386202,4621151760,3.76
4621151760,4621151761,12.22
4621151761,4621151766,7.19
4621151766,4621151768,5.73
4621151768,4621151773,12.75
1850614843,4621150868,5.25
4621150868,1850614843,5.25
4621150868,4621150866,16.62
4621150866,4621150868,16.62
2443530786,12084016843,27.39
12084016843,2443530786,27.39
4621152193,4621152191,9.97
4621152191,4621152193,9.97
4621152191,4621152190,3.26
4621152190,4621152191,3.26
4621152190,4621152189,3.83
4621152189,4621152190,3.83
4621152189,4621150883,6.20
4621150883,4621152189,6.20
4621152195,12072323839,28.77
12072323839,4621152195,28.77
12072323839,2443530783,5.09
2443530783,12072323839,5.09
4621152203,12084016832,26.77
12084016832,4621152203,26.77
12084016832,2425361192,7.05
2425361192,12084016832,7.05
4621152213,4621152212,10.79
4621152212,4621152213,10.79
4621152212,4621152211,8.84
4621152211,4621152212,8.84
4621152211,4621152210,8.38
4621152210,4621152211,8.38
4621152210,4621152209,5.76
4621152209,4621152210,5.76
4621152209,12094304596,4.38
12094304596,4621152209,4.38
12094304596,4621152208,3.22
4621152208,12094304596,3.22
4621152010,4621152006,4.30
4621152006,4621152010,4.30
4621152006,4621152005,4.92
4621152005,4621152006,4.92
4621152005,5861159482,3.24
5861159482,4621152005,3.24
5861159482,5861159481,2.53
5861159481,5861159482,2.53
5861159481,4621152004,2.49
4621152004,5861159481,2.49
4621152004,5861159479,3.17
5861159479,4621152004,3.17
5861159479,4621152003,3.18
4621152003,5861159479,3.18
4621152003,5861159480,3.00
5861159480,4621152003,3.00
5861159480,4621152002,3.54
4621152002,5861159480,3.54
4621152002,4621152215,4.36
4621152215,4621152002,4.36
4621152024,4621152023,26.95
4621152023,4621152024,26.95
4621152023,12094304579,10.10
12094304579,4621152023,10.10
12094304579,4621152021,12.83
4621152021,12094304579,12.83
4621152021,5861159453,18.46
5861159453,4621152021,18.46
5861159453,6981864095,2.80
6981864095,5861159453,2.80
6981864095,6981864097,1.90
6981864097,6981864095,1.90
6981864097,6981864096,2.02
6981864096,6981864097,2.02
6981864096,6981864098,2.33
6981864098,6981864096,2.33
6981864098,5861159484,13.38
5861159484,6981864098,13.38
5861159484,4621152012,2.23
4621152012,5861159484,2.23
4621152012,4621152011,2.00
4621152011,4621152012,2.00
4621152011,5861159483,1.86
5861159483,4621152011,1.86
5861159483,4621152010,4.16
4621152010,5861159483,4.16
4621152010,4621152007,3.12
4621152007,4621152010,3.12
4621152007,2425361198,23.09
2425361198,4621152007,23.09
2443530780,5295338259,2.33
5295338259,2443530780,2.33
5295338259,5861378103,2.05
5861378103,5295338259,2.05
5861378103,5861378101,3.15
5861378101,5861378103,3.15
5861378101,4628693084,12.82
4628693084,5861378101,12.82
4628693084,5295338256,20.18
5295338256,4628693084,20.18
5295338256,5861378093,3.77
5861378093,5295338256,3.77
5861378093,5861378094,3.99
5861378094,5861378093,3.99
5861378094,12084016825,4.32
12084016825,5861378094,4.32
12084016825,5295338255,2.97
5295338255,12084016825,2.97
5295338255,5861160196,4.81
5861160196,5295338255,4.81
5861160196,5861378091,1.92
5861378091,5861160196,1.92
5861378091,5295338254,1.65
5295338254,5861378091,1.65
5295338254,5861160198,1.86
5861160198,5295338254,1.86
5861160198,5861160199,1.31
5861160199,5861160198,1.31
5861160199,5861160197,1.55
5861160197,5861160199,1.55
5861160197,5295338253,1.02
5295338253,5861160197,1.02
5295338253,5861160200,2.80
5861160200,5295338253,2.80
5861160200,2425361192,4.10
2425361192,5861160200,4.10
2425361185,5295338272,5.67
5295338272,5295338271,3.09
5295338271,5295338301,3.25
5295338301,5295338262,2.87
5295338262,5295338263,3.61
5295338263,5295338266,6.83
5295338266,5295338264,3.16
5295338264,5295338265,3.57
5295338265,5295338270,6.56
5295338270,5295338267,2.37
5295338267,5295338269,2.28
5295338269,2443530780,3.45
6981864103,5295310269,9.68
5295310269,6981864103,9.68
5295310269,5295310268,2.06
5295310268,5295310269,2.06
5295310268,5295310267,1.33
5295310267,5295310268,1.33
5295310267,5295310266,1.43
5295310266,5295310267,1.43
5295310266,4621152047,1.77
4621152047,5295310266,1.77
4621152047,12072422962,24.06
12072422962,4621152047,24.06
12072422962,5295310283,5.02
5295310283,12072422962,5.02
5295310283,5295310284,2.66
5295310284,5295310283,2.66
5295310284,5295310285,3.08
5295310285,5295310284,3.08
5295310285,4621152048,2.71
4621152048,5295310285,2.71
4621152048,4621152049,2.80
4621152049,4621152048,2.80
4621152049,4621151786,3.07
4621151786,4621152049,3.07
4621151786,4621151787,5.28
4621151787,4621151786,5.28
4621151787,4621151788,5.31
4621151788,4621151787,5.31
4621151788,5295310287,1.78
5295310287,4621151788,1.78
5295310287,4621152289,1.56
4621152289,5295310287,1.56
4621152289,5295310289,1.58
5295310289,4621152289,1.58
5295310289,4621152290,1.59
4621152290,5295310289,1.59
4621152290,5295310288,1.70
5295310288,4621152290,1.70
5295310288,4621152291,17.85
4621152291,5295310288,17.85
4621152325,4621152324,11.65
4621152324,4621152325,11.65
4621152074,5295393777,29.43
5295393777,5295393772,6.55
5295393772,5295393778,6.61
5295393778,5295393775,3.40
5295393775,5295393776,3.16
5295393776,5295393774,2.48
5295393774,5295393773,2.25
5295393773,4621152075,4.52
4621152051,4621152050,19.57
4621152050,4621152051,19.57
4621152054,4621152053,25.94
4621152053,4621152054,25.94
4621152053,4621152052,28.56
4621152052,4621152053,28.56
4621152056,4621152055,13.64
4621152055,4621152056,13.64
4621152067,4621152056,12.69
4621152056,4621152067,12.69
4621152056,4621152059,8.86
4621152059,4621152056,8.86
4621152067,8032344145,53.75
8032344145,4621152067,53.75
8032344145,4621152064,6.69
4621152064,8032344145,6.69
4621152064,4621152063,13.08
4621152063,4621152064,13.08
4621152063,4621152062,6.97
4621152062,4621152063,6.97
4621152075,6997648211,3.00
6997648211,4621152075,3.00
6997648211,6949842083,7.55
6949842083,6997648211,7.55
6949842083,6949842084,2.96
6949842084,6949842083,2.96
6949842084,4621152328,3.37
4621152328,6949842084,3.37
4621152328,12072393830,16.32
12072393830,4621152328,16.32
12072393830,4621152330,25.46
4621152330,12072393830,25.46
4621152330,6997648208,2.40
6997648208,4621152330,2.40
6997648208,6997648210,2.81
6997648210,6997648208,2.81
6997648210,7888216896,5.05
7888216896,6997648210,5.05
7888216896,6997648209,3.47
6997648209,7888216896,3.47
6997648209,6997648207,2.15
6997648207,6997648209,2.15
6997648207,4621152334,2.04
4621152334,6997648207,2.04
4621152334,4621152335,44.90
4621152335,4621152334,44.90
4621152335,5300890853,2.43
5300890853,4621152335,2.43
5300890853,5295393782,2.49
5295393782,5300890853,2.49
5295393782,6997648211,3.87
6997648211,5295393782,3.87
6159133311,6159133309,39.96
6159133309,6159133311,39.96
6159133309,4621152077,13.39
4621152077,6159133309,13.39
4621152082,4621152081,12.54
4621152081,4621152082,12.54
4621152081,4621152080,12.50
4621152080,4621152081,12.50
4621152080,4621152079,7.77
4621152079,4621152080,7.77
4621152393,4621152392,18.05
4621152392,4621152393,18.05
4621152392,4621152391,11.22
4621152391,4621152392,11.22
4621152391,4621152390,2.48
4621152390,4621152391,2.48
4621152390,4621152389,2.06
4621152389,4621152390,2.06
4621152389,4621152088,2.18
4621152088,4621152389,2.18
4621152088,6817938931,16.09
6817938931,4621152088,16.09
2443515008,5300944437,1.68
5300944437,1854099330,2.14
1854099330,5300944436,2.22
5300944436,4621152394,2.57
4621152394,5300944435,2.88
5300944435,5300944432,20.01
5300944432,5245772081,22.87
5245772081,1854100165,3.36
1854100157,5245778392,2.64
5245778392,1854100157,2.64
5245778392,5245778391,3.04
5245778391,5245778392,3.04
5245778391,4623649132,21.19
4623649132,5245778391,21.19
4623649132,5245771988,9.80
5245771988,4623649132,9.80
5245771988,4621152398,6.22
4621152398,5245771988,6.22
4621152398,4623649133,5.71
4623649133,4621152398,5.71
4623649133,1843562386,7.93
1843562386,4623649133,7.93
1843562386,5245771990,4.84
5245771990,1843562386,4.84
5245771990,5245771989,4.96
5245771989,5245771990,4.96
5245771989,1843562342,44.45
1843562342,5245771989,44.45
1843562342,6820503451,6.50
6820503451,1843562342,6.50
6820503451,11787969729,4.23
11787969729,6820503451,4.23
11787969729,10167393780,34.90
10167393780,11787969729,34.90
10167393780,6864311913,48.38
6864311913,10167393780,48.38
6864311913,11751888045,3.67
11751888045,6864311913,3.67
11751888045,6367897039,3.08
6367897039,11751888045,3.08
6367897039,5896601844,3.19
5896601844,6367897039,3.19
1854100157,6949920685,8.35
6949920685,1854100157,8.35
6949920685,4621152349,36.76
4621152349,6949920685,36.76
4621152349,4621152348,4.61
4621152348,4621152349,4.61
4621152348,11793832174,3.33
11793832174,4621152348,3.33
11793832174,4621152347,3.24
4621152347,11793832174,3.24
4621152347,4621152346,3.47
4621152346,4621152347,3.47
4621152346,4621152345,5.30
4621152345,4621152346,5.30
4621152345,4621152343,15.21
4621152343,4621152345,15.21
5245772006,11793823966,1.79
11793823966,11793823959,20.55
11793823959,5245772000,2.59
5245772000,5245771999,5.72
5245771999,5245771997,2.73
5245771997,5245771996,3.68
5245771996,5318615034,1.54
5318615034,4621152353,1.44
4621152353,5245771995,2.61
5245771995,5318615035,2.21
5318615035,4621152352,2.29
4621152352,4621152351,5.24
4621152351,4621152350,19.36
4623439296,11196859458,6.93
11196859458,4623439296,6.93
11196859458,11360972265,6.00
11360972265,11196859458,6.00
1947769403,1947769660,22.92
1947769660,1947769403,22.92
4623439300,4623439299,24.21
4623439299,4623439300,24.21
4623439302,4623439301,17.75
4623439301,4623439302,17.75
4623439301,11360972254,4.03
11360972254,4623439301,4.03
4623649110,12076080320,31.29
12076080320,4623649110,31.29
12076080320,4623649109,1.68
4623649109,12076080320,1.68
4623649123,4623649122,9.64
4623649122,4623649123,9.64
4623649122,4623649121,22.36
4623649121,4623649122,22.36
4623649121,6695657735,1.54
6695657735,4623649121,1.54
6695657735,5324317089,1.48
5324317089,6695657735,1.48
5324317089,4623649120,7.62
4623649120,5324317089,7.62
4623649120,5324317088,8.87
5324317088,4623649120,8.87
5324317088,4623649119,9.45
4623649119,5324317088,9.45
4623649124,11793832169,9.76
11793832169,4623649124,9.76
11793832169,4623649125,55.26
4623649125,11793832169,55.26
1843562326,5245771978,18.53
5245771978,5245771979,2.11
5245771979,1843562268,2.66
1843562268,5245771980,2.83
5245771980,1843562336,4.20
1843562336,4623649127,21.42
4623649127,4621152350,17.94
4621152350,5245771987,4.14
5245771987,4623649130,4.75
4623649130,4623649131,7.65
4623649131,4623649132,4.24
10167393780,4623649135,24.51
4623649135,10167393780,24.51
4623649138,4623649137,42.64
4623649137,4623649138,42.64
4623649140,5323924860,3.27
5323924860,4623649140,3.27
5323924860,5323924855,1.83
5323924855,5323924860,1.83
5323924855,5323924861,1.89
5323924861,5323924855,1.89
5323924861,5323924856,2.25
5323924856,5323924861,2.25
5323924856,5323924859,2.22
5323924859,5323924856,2.22
5323924859,5323924857,1.80
5323924857,5323924859,1.80
5323924857,5300944423,2.21
5300944423,5323924857,2.21
5300944423,5323924858,1.38
5323924858,5300944423,1.38
5323924858,5300944422,1.66
5300944422,5323924858,1.66
5300944422,4623649139,2.09
4623649139,5300944422,2.09
4623649134,4623649141,41.27
4623649141,4623649134,41.27
4621152079,4621152084,6.13
4621152084,4621152079,6.13
4621152084,5300870115,7.43
5300870115,4621152084,7.43
5300870115,5245772059,3.18
5245772059,5300870115,3.18
5245772059,2379587277,4.15
2379587277,5245772059,4.15
2379587277,11793837800,11.30
11793837800,2379587277,11.30
11793837800,4621152078,25.29
4621152078,11793837800,25.29
4621152078,6159133311,33.66
6159133311,4621152078,33.66
6159133311,4623649146,13.20
4623649146,6159133311,13.20
4623649146,6981864100,7.78
6981864100,4623649146,7.78
6981864100,2379587081,7.51
2379587081,6981864100,7.51
2443511272,2379587090,44.89
2379587090,2443511272,44.89
4623649146,4628694204,53.06
4628694204,6946764702,4.95
6946764702,4623649144,3.90
4623649144,11751888062,21.86
11751888062,4623649145,4.12
11793837798,4623649147,14.21
4623649147,11793837798,14.21
4623649156,6159133306,25.75
6159133306,4623649156,25.75
6159133306,4623649157,4.49
4623649157,6159133306,4.49
4623649163,11173011361,7.32
11173011361,4623649163,7.32
11173011361,4623649162,5.67
4623649162,11173011361,5.67
4623649162,11173011360,11.45
11173011360,4623649162,11.45
11173011360,4623649167,6.28
4623649167,11173011360,6.28
4623649171,4623649170,33.14
4623649170,4623649169,8.60
4623649169,4623649168,10.38
4623649168,4623649167,19.58
4623649167,4623649166,21.48
4623649166,4623649165,11.36
4623649165,4623649164,35.49
4623649177,4623649176,11.65
4623649176,4623649177,11.65
4623649176,4623649175,5.19
4623649175,4623649176,5.19
4623649175,4623649174,5.09
4623649174,4623649175,5.09
4623649174,4623649173,7.88
4623649173,4623649174,7.88
4623649182,6949711646,6.28
6949711646,4623649182,6.28
6949711646,4623649178,6.06
4623649178,6949711646,6.06
4623649182,11769866148,3.00
11769866148,4623649182,3.00
11769866148,4623649180,3.83
4623649180,11769866148,3.83
4623649180,4623649179,25.79
4623649179,4623649180,25.79
4623642877,4623649289,33.56
4623649289,4623642877,33.56
4623642882,4623642878,34.62
4623642878,4623642882,34.62
4623642878,4623649413,33.60
4623649413,4623642878,33.60
4623642886,11769866138,6.24
11769866138,4623642886,6.24
11769866138,4623642885,24.52
4623642885,11769866138,24.52
4623642885,4623642884,15.04
4623642884,4623642885,15.04
4623642884,4623642883,6.24
4623642883,4623642884,6.24
4623642883,4623642882,4.45
4623642882,4623642883,4.45
4623642879,4623649391,20.22
4623649391,4623642879,20.22
4623649391,6561511442,8.36
6561511442,4623649391,8.36
6561511442,4623649390,8.28
4623649390,6561511442,8.28
4623649390,4623649389,6.27
4623649389,4623649390,6.27
4623649389,4623642888,19.04
4623642888,4623649389,19.04
4623649395,4623649397,9.89
4623649397,11769809199,9.00
11769809199,4623649400,6.47
4623649400,11769809200,13.30
11769809200,11769809202,32.89
11769809202,11769809201,3.99
4623649409,4623649407,32.09
4623649407,4623649409,32.09
4623649407,4623649395,18.33
4623649395,4623649407,18.33
4623649410,4623649409,50.60
4623649409,11769809192,16.10
11769809192,6300933242,7.85
6300933242,11769809201,9.26
11769809201,11769809195,17.09
11769809195,4623649411,48.66
4623649413,11769809221,35.04
11769809221,4623649413,35.04
11769809221,5348130447,9.91
5348130447,11769809221,9.91
5348130447,4623649412,6.98
4623649412,5348130447,6.98
4623649309,6949711660,5.65
6949711660,4623649309,5.65
6949711660,6949711661,4.33
6949711661,6949711660,4.33
6949711661,6949711659,5.13
6949711659,6949711661,5.13
6949711659,6949711662,5.18
6949711662,6949711659,5.18
6949711662,4623649421,12.76
4623649421,6949711662,12.76
4623649421,4623649419,25.07
4623649419,4623649421,25.07
4623649419,4623649418,15.87
4623649418,4623649419,15.87
5297437697,4623649308,7.29
4623649308,5297437697,7.29
4623649308,5297437695,2.76
5297437695,4623649308,2.76
5297437695,5297437696,2.88
5297437696,5297437695,2.88
5297437696,4623649307,5.42
4623649307,5297437696,5.42
4623649307,5297437694,7.19
5297437694,4623649307,7.19
5297437694,5297437693,3.35
5297437693,5297437694,3.35
5297437693,5297437700,3.35
5297437700,5297437693,3.35
5297437700,5297437692,6.44
5297437692,5297437700,6.44
5297437692,4623649423,6.15
4623649423,5297437692,6.15
4623649314,5348130445,5.43
5348130445,4623649314,5.43
5348130445,6949711668,9.28
6949711668,5348130445,9.28
6949711668,6949711667,5.84
6949711667,6949711668,5.84
6949711667,4623649313,10.13
4623649313,6949711667,10.13
4623649313,6949711666,4.83
6949711666,4623649313,4.83
6949711666,4623649312,11.60
4623649312,6949711666,11.60
4623649317,4623649316,53.69
4623649316,4623649317,53.69
4623649494,11196859459,26.14
11196859459,4623649494,26.14
11196859459,4623649493,6.94
4623649493,11196859459,6.94
11360992094,4623649497,13.34
4623649497,11360992094,13.34
4623649497,4623649496,16.84
4623649496,4623649497,16.84
4628694199,4628694198,39.55
4628694198,4628694199,39.55
4628694198,4628694197,3.08
4628694197,4628694198,3.08
4628694197,11793832177,4.94
11793832177,4628694197,4.94
11793832177,11793832178,3.87
11793832178,11793832177,3.87
11793837789,4628694200,20.38
4628694200,11793837789,20.38
4628694211,4628694208,16.43
4628694208,4628694211,16.43
4628694208,4628694205,14.80
4628694205,4628694208,14.80
4628693086,4628693085,27.32
4628693085,4628693086,27.32
4628693088,4628694289,27.06
4628694289,4628693088,27.06
4628694294,4628694293,5.05
4628694293,4628694294,5.05
4628694293,4628694292,3.29
4628694292,4628694293,3.29
4628694292,4628694291,6.83
4628694291,4628694292,6.83
4628694291,4628694290,16.03
4628694290,4628694291,16.03
4628694296,5536570068,23.02
5536570068,4628694296,23.02
5536570068,4628694295,20.98
4628694295,5536570068,20.98
4628694310,4628694309,39.06
4628694309,4628694310,39.06
4628694309,4628694308,6.41
4628694308,4628694309,6.41
4628694308,4628694307,3.69
4628694307,4628694308,3.69
4628694307,5419902184,2.24
5419902184,4628694307,2.24
5419902184,4628694306,4.27
4628694306,5419902184,4.27
4628694306,4628694305,3.44
4628694305,4628694306,3.44
4628694305,5419902185,1.89
5419902185,4628694305,1.89
5419902185,4628694304,1.59
4628694304,5419902185,1.59
4628694304,5419902186,2.83
5419902186,4628694304,2.83
5419902186,4628694303,2.40
4628694303,5419902186,2.40
4628694303,5419902187,3.79
5419902187,4628694303,3.79
5419902187,4628694302,3.97
4628694302,5419902187,3.97
4628694302,4628694301,5.58
4628694301,4628694302,5.58
4628694301,4628694300,4.44
4628694300,4628694301,4.44
4628694300,5419902183,3.26
5419902183,4628694300,3.26
5419902183,4628694299,3.27
4628694299,5419902183,3.27
4628694299,4628694298,7.04
4628694298,4628694299,7.04
4628694298,4628694297,9.06
4628694297,4628694298,9.06
4628694376,5861159456,18.52
5861159456,4628694376,18.52
5861159456,4628694375,7.41
4628694375,5861159456,7.41
4628694375,5861159455,8.11
5861159455,4628694375,8.11
5861159455,4628694374,9.40
4628694374,5861159455,9.40
4628694374,4628694373,10.36
4628694373,4628694374,10.36
4628694373,4628694372,9.67
4628694372,4628694373,9.67
1854103786,1854103787,13.80
1854103787,1854103786,13.80
1854103787,4621152076,29.16
4621152076,1854103787,29.16
4621152076,12072393825,9.93
12072393825,4621152076,9.93
1854103786,5300870338,3.30
5300870338,4621152050,14.29
4621152050,5300870335,3.63
5300870335,5300870336,3.79
5300870336,5300870337,6.70
5300870337,1854103784,13.70
1854103784,5300870333,5.54
5300870333,5300870334,4.95
5300870334,2443517288,13.81
11793832175,2443517279,17.52
2443517279,11793832175,17.52
2443517279,5300870119,6.04
5300870119,2443517279,6.04
5300870119,4636909899,19.89
4636909899,5300870119,19.89
4636909899,5300870323,2.54
5300870323,4636909899,2.54
5300870323,4623649123,2.05
4623649123,5300870323,2.05
4637479957,4637480032,1.35
4637480032,4637479957,1.35
4637480032,4637480031,3.45
4637480031,4637480032,3.45
4637480031,4637480030,3.46
4637480030,4637480031,3.46
4637480030,4637480029,3.46
4637480029,4637480030,3.46
4637480029,4637480028,3.46
4637480028,4637480029,3.46
4637480028,4637480027,3.46
4637480027,4637480028,3.46
4637480027,4637480034,3.45
4637480034,4637480027,3.45
4637480034,4637480026,3.46
4637480026,4637480034,3.46
4637480026,4637480025,3.46
4637480025,4637480026,3.46
4637480025,4637480024,3.45
4637480024,4637480025,3.45
4637480024,4637480023,3.46
4637480023,4637480024,3.46
4637480023,4637480022,3.46
4637480022,4637480023,3.46
4637480022,4637480021,3.58
4637480021,4637480022,3.58
4637480021,4637480033,2.52
4637480033,4637480021,2.52
2445896996,10598565511,37.82
10598565511,2445896996,37.82
10598565511,4637480033,42.41
4637480033,10598565511,42.41
4637480033,4637479985,19.26
4637479985,4637480033,19.26
4637479985,4637479966,9.00
4637479966,4637479985,9.00
4637479966,9146865817,4.58
9146865817,4637479966,4.58
9146865817,4637479965,2.47
4637479965,9146865817,2.47
4637479965,6238462679,3.66
6238462679,4637479965,3.66
6238462679,6238462678,1.30
6238462678,6238462679,1.30
6238462678,4637479971,30.13
4637479971,6238462678,30.13
4637479971,4637479964,34.09
4637479964,4637479971,34.09
4637479964,4637479959,5.55
4637479959,4637479964,5.55
4637479959,6315664558,39.82
6315664558,4637479959,39.82
6315664558,6274653670,9.27
6274653670,6315664558,9.27
6274653670,4637479963,4.75
4637479963,6274653670,4.75
4637479963,2445897001,14.86
2445897001,4637479963,14.86
2445897001,4637479961,10.77
4637479961,2445897001,10.77
4637479961,6274653350,9.35
6274653350,4637479961,9.35
6274653350,2445897004,31.48
2445897004,6274653350,31.48
2445897004,2445897007,20.76
2445897007,2445897004,20.76
2445897007,2619527370,37.25
2619527370,2445897007,37.25
2619527370,2445896997,41.40
2445896997,2619527370,41.40
2445896997,6274653365,63.85
6274653365,2445896997,63.85
6274653365,2445896998,3.60
2445896998,6274653365,3.60
2445896998,4637479986,5.49
4637479986,2445896998,5.49
2445896998,2619527359,49.24
2619527359,2445896998,49.24
2619527359,2445896999,69.13
2445896999,2619527359,69.13
2987972732,4549559473,3.78
4549559473,2379587365,5.65
4545057666,4545057667,9.67
4545057863,4545060665,12.69
4545057667,10181403764,5.55
10181403764,4545060374,3.74
5899335448,4547969107,23.51
4547969107,12992166365,16.96
12992166365,1840275614,3.95
1840275614,1458030822,8.62
4545057863,6315664537,6.93
6315664537,6813634661,4.72
6813634661,4545060663,5.16
4641854058,4641854053,7.51
4641854053,4641854058,7.51
4641854053,4641854056,9.58
4641854056,4641854053,9.58
4641854056,4641854054,8.16
4641854054,4641854056,8.16
4641854054,4641854057,8.16
4641854057,4641854054,8.16
4641854057,11216544120,1.38
11216544120,4641854057,1.38
11216544120,6288400347,6.31
6288400347,11216544120,6.31
6288400347,11216544119,9.94
11216544119,6288400347,9.94
11216544119,4641854060,0.49
4641854060,11216544119,0.49
4641854060,4641854052,8.17
4641854052,4641854060,8.17
4641854052,4641854055,8.86
4641854055,4641854052,8.86
4641854055,4641854051,8.09
4641854051,4641854055,8.09
4641854051,4641854059,8.09
4641854059,4641854051,8.09
4641854059,11216544123,2.22
11216544123,4641854059,2.22
11216544123,6288400348,8.60
6288400348,11216544123,8.60
6288400348,11216544122,7.09
11216544122,6288400348,7.09
11216544122,4641854058,0.74
4641854058,11216544122,0.74
1840275668,4547969112,36.16
4547969112,1840275460,12.43
4551140747,4555708981,20.81
4642110506,4637478379,25.88
4637478379,4646142418,15.19
4642110506,4642110500,8.07
4642110500,4642110503,5.89
4642110503,4642110501,7.70
4642110501,4642110505,6.27
4642110505,4642110499,7.37
4642110499,4642110502,10.29
4642110502,4642110504,10.29
1867590676,2379587168,17.44
2379586950,8421567157,11.24
8421567157,1867590676,7.33
559762612,5304961338,13.68
5304961338,6946764697,4.19
6946764697,6367897038,58.18
6367897038,4545060376,4.50
4545060376,4545057864,6.79
4545057864,4545057863,9.87
5893074662,10137552621,1.84
10137552621,5893074662,1.84
10137552621,11968125234,3.05
11968125234,10137552621,3.05
11968125234,5893074239,36.87
5893074239,11968125234,36.87
4642335149,10069948192,46.07
10069948192,4642335149,46.07
10069948192,4642335148,2.38
4642335148,10069948192,2.38
4642335148,10069948193,2.40
10069948193,4642335148,2.40
10069948193,6236718710,9.12
6236718710,10069948193,9.12
4642356902,4642356900,11.32
4642356900,4642356902,11.32
4642356900,4642356901,11.59
4642356901,4642356900,11.59
4642356901,7871697582,9.90
7871697582,4642356901,9.90
7871697582,2445909795,5.45
2445909795,7871697582,5.45
2445909795,4642356911,5.98
4642356911,2445909795,5.98
4642356911,4642356912,5.18
4642356912,4642356911,5.18
4642356912,2418944831,6.14
2418944831,4642356912,6.14
2418944831,10171441580,7.43
10171441580,2418944831,7.43
10171441580,15486676,7.45
15486676,10171441580,7.45
15486676,7871697578,3.66
7871697578,15486676,3.66
7871697578,10170312716,3.30
10170312716,7871697578,3.30
10170312716,2418944816,4.43
2418944816,10170312716,4.43
15484733,6981824982,27.75
6981824982,15484733,27.75
6981824982,6419674079,37.65
6419674079,6981824982,37.65
6419674079,5920267458,6.25
5920267458,6419674079,6.25
5920267458,15460830,5.15
15460830,5920267458,5.15
5893133735,5893133734,13.93
5893133734,5893133735,13.93
5893133734,5893133733,26.75
5893133733,5893133734,26.75
5893133733,4646142418,12.04
4646142418,5893133733,12.04
4647391321,4647391320,4.75
4647391320,4647391321,4.75
4647391320,4647391319,21.03
4647391319,4647391320,21.03
4647391319,4647391318,2.57
4647391318,4647391319,2.57
4647391318,4647391317,16.38
4647391317,4647391318,16.38
4647391317,4647391316,17.69
4647391316,4647391317,17.69
4647391942,4647391941,19.16
4647391941,4647391942,19.16
4647391941,7938281354,8.81
7938281354,4647391941,8.81
7938281354,7991776246,8.83
7991776246,7938281354,8.83
7991776246,4647391940,25.07
4647391940,7991776246,25.07
4647391945,4647391944,22.39
4647391944,4647391945,22.39
4647391944,4647391940,13.33
4647391940,4647391944,13.33
4647391940,4647391943,11.50
4647391943,4647391940,11.50
4647391943,10879729349,4.57
10879729349,4647391943,4.57
10879729349,6952821581,4.16
6952821581,10879729349,4.16
4647391948,4647391945,10.01
4647391945,4647391948,10.01
6946764697,11197721655,7.94
11197721655,6946764697,7.94
11197721655,4647391951,4.63
4647391951,11197721655,4.63
4647391951,4647391942,14.42
4647391942,4647391951,14.42
4647391942,4647391950,13.21
4647391950,4647391942,13.21
4647391950,8234665774,7.62
8234665774,4647391950,7.62
8234665774,4647391949,5.74
4647391949,8234665774,5.74
4647391949,4647391948,5.12
4647391948,4647391949,5.12
4647391948,4647391947,16.67
4647391947,4647391948,16.67
4647391947,6946764696,5.74
6946764696,4647391947,5.74
4647391986,11182074039,8.07
11182074039,4647391986,8.07
11182074039,4647391985,40.72
4647391985,11182074039,40.72
4647391985,11182074038,2.89
11182074038,4647391985,2.89
4647977644,12497105749,3.14
12497105749,4647977644,3.14
12497105749,12497105748,11.57
12497105748,12497105749,11.57
12497105748,4647977643,11.95
4647977643,12497105748,11.95
4647977654,4391194888,2.35
4391194888,4647977654,2.35
4647977646,11123909903,4.97
11123909903,4647977646,4.97
11123909903,4647977645,26.78
4647977645,11123909903,26.78
11123909901,4647977648,22.11
4647977648,11123909901,22.11
4647977648,4647977646,24.70
4647977646,4647977648,24.70
4647977646,4647977647,15.89
4647977647,4647977646,15.89
4647977654,4647977653,42.25
4647977653,4647977654,42.25
4647977653,6883615026,23.61
6883615026,4647977653,23.61
6883615026,4647977652,19.64
4647977652,6883615026,19.64
4647977652,11118514099,24.37
11118514099,4647977652,24.37
11118514099,6498475618,61.60
6498475618,11118514099,61.60
4652187198,11117957159,4.53
11117957159,4652187198,4.53
11117957159,4652187197,30.49
4652187197,11117957159,30.49
4652187200,4652187198,23.14
4652187198,4652187200,23.14
4652898310,11117945050,6.91
11117945050,4652898310,6.91
11117945050,11117945052,7.96
11117945052,11117945050,7.96
11117945052,11117945051,23.58
11117945051,11117945052,23.58
11117945051,4652898311,5.51
4652898311,11117945051,5.51
4652898312,4653389084,9.88
4653389084,4652898312,9.88
4653389084,4652898311,50.27
4652898311,4653389084,50.27
4652898314,4652898313,25.76
4652898313,4652898314,25.76
4652898315,4652898313,13.86
4652898313,4652898315,13.86
4652898313,4652898316,32.14
4652898316,4652898313,32.14
4652898316,4652898317,25.49
4652898317,4652898316,25.49
4652898328,4652898327,18.56
4652898327,4652898328,18.56
4652898327,4652898326,5.26
4652898326,4652898327,5.26
4652898326,4652898325,4.73
4652898325,4652898326,4.73
4652898325,4652898324,3.90
4652898324,4652898325,3.90
4652898324,4652898323,3.66
4652898323,4652898324,3.66
4652898323,4652898322,3.65
4652898322,4652898323,3.65
4652898330,6938359622,54.11
6938359622,4652898330,54.11
6938359622,4652898329,24.53
4652898329,6938359622,24.53
4652898329,11117851267,70.22
11117851267,4652898329,70.22
11117851267,11117851268,19.26
11117851268,11117851267,19.26
4652898331,4652898330,2.27
4652898330,4652898331,2.27
6178380295,6178380297,9.96
6178380297,6178380295,9.96
6178380297,6178380298,21.72
6178380298,6178380297,21.72
6178380298,6178380308,9.59
6178380308,6178380298,9.59
6178380308,6178380295,21.56
6178380295,6178380308,21.56
6178380295,4652898397,10.26
4652898397,6178380295,10.26
4652898397,4652898398,3.23
4652898398,4652898397,3.23
6178478639,4652898400,18.68
4652898400,6178478639,18.68
4652898400,4652898401,5.19
4652898401,4652898400,5.19
11117937449,4652898404,11.02
4652898404,11117937449,11.02
4652898404,11117851257,12.67
11117851257,4652898404,12.67
15493942,3659234143,7.47
3659234143,15493942,7.47
3659234143,2608876426,25.52
2608876426,3659234143,25.52
2608876426,4652898331,40.42
4652898331,2608876426,40.42
4652898331,4652898403,5.46
4652898403,4652898331,5.46
4652898403,4652898411,36.92
4652898411,4652898403,36.92
4652898411,6178380317,2.44
6178380317,4652898411,2.44
6178380317,6178380316,2.19
6178380316,6178380317,2.19
6178380316,6178380318,2.58
6178380318,6178380316,2.58
6178380318,6178380319,2.77
6178380319,6178380318,2.77
6178380319,4652898398,10.82
4652898398,6178380319,10.82
4652898398,4652898410,43.00
4652898410,4652898398,43.00
4652898406,4652898405,22.03
4652898405,4652898406,22.03
4652898414,4652898413,24.06
4652898413,4652898415,6.78
11117945029,4652898054,6.38
4652898054,11117945029,6.38
4652898054,4652898414,52.36
4652898414,4652898054,52.36
4652898057,4652898058,8.07
4652898058,4652898057,8.07
4652898061,4652898057,9.11
4652898057,4652898061,9.11
4652898058,4652898060,2.60
4652898060,4652898058,2.60
4652898060,4652898059,9.25
4652898059,4652898060,9.25
4652898076,11108284987,2.30
11108284987,4652898076,2.30
11108284987,4652898075,12.08
4652898075,11108284987,12.08
4652898075,4652898074,24.00
4652898074,4652898075,24.00
4652898074,4652898073,11.50
4652898073,4652898074,11.50
4652898073,4652898072,8.99
4652898072,4652898073,8.99
4652898072,11108284967,10.93
11108284967,4652898072,10.93
11108284967,4652898071,19.26
4652898071,11108284967,19.26
5188359726,5188359725,20.22
5188359725,5188359726,20.22
4652898368,11773749323,9.21
11773749323,4652898368,9.21
11773749323,4652898367,2.84
4652898367,11773749323,2.84
4652898365,4652898366,27.31
4652898366,4652898365,27.31
4652898366,11788040843,21.41
11788040843,4652898366,21.41
11788040843,11788040847,7.37
11788040847,11788040843,7.37
11788040847,11788040844,7.84
11788040844,11788040847,7.84
11788040844,11788040845,5.77
11788040845,11788040844,5.77
4652898596,11106084081,37.85
11106084081,4652898596,37.85
11106084081,4652898595,7.30
4652898595,11106084081,7.30
1863305528,4652898600,4.51
4652898600,1863305528,4.51
4652898600,4652898599,2.72
4652898599,4652898600,2.72
4652898599,4652898598,4.04
4652898598,4652898599,4.04
4652898598,4652898597,10.20
4652898597,4652898598,10.20
4652898605,4652898604,11.55
4652898604,4652898605,11.55
4652898604,11106084069,6.01
11106084069,4652898604,6.01
4652898606,4652898607,87.19
4652898505,11106093779,37.28
11106093779,4652898505,37.28
4652898507,4652898506,93.22
4652898506,4652898507,93.22
4653387750,4653387749,20.71
4653387749,4653387750,20.71
4653387752,4653387751,17.20
4653387751,4653387752,17.20
4653387756,4653387753,17.19
4653387753,4653387756,17.19
6938359607,6178380376,8.08
6178380376,6938359607,8.08
6178380376,4653387758,4.55
4653387758,6178380376,4.55
4653387758,4653387757,4.77
4653387757,4653387758,4.77
4653387757,6938359606,5.98
6938359606,4653387757,5.98
6938359606,4653387756,5.48
4653387756,6938359606,5.48
4653387756,4653387755,10.87
4653387755,4653387756,10.87
4653387755,12095683125,12.31
12095683125,4653387755,12.31
12095683125,4653387754,9.92
4653387754,12095683125,9.92
4653387763,11076203742,5.14
11076203742,4653387763,5.14
11076203742,11076203737,3.45
11076203737,11076203742,3.45
11076203737,4653387762,7.89
4653387762,11076203737,7.89
4653387765,10091821889,17.63
10091821889,4653387765,17.63
10091821889,4653387766,1.83
4653387766,10091821889,1.83
4653387766,10091821888,2.28
10091821888,4653387766,2.28
10091821888,4653387764,31.89
4653387764,10091821888,31.89
4653387764,5336036726,14.76
5336036726,4653387764,14.76
5336036726,5336036727,6.64
5336036727,5336036726,6.64
5336036727,4653387767,5.08
4653387767,5336036727,5.08
4653387771,11076203726,28.14
11076203726,4653387771,28.14
11076203726,4653387770,17.85
4653387770,11076203726,17.85
4653387770,4653387769,40.33
4653387769,4653387770,40.33
4653387769,11076088612,16.14
11076088612,4653387769,16.14
11076088612,5336036734,3.25
5336036734,11076088612,3.25
5336036734,5336036735,4.65
5336036735,5336036734,4.65
5336036735,4653387768,4.52
4653387768,5336036735,4.52
4653384378,4653384379,32.44
4653384379,4653384378,32.44
4653384380,4653384379,21.62
4653384379,4653384381,22.08
4653384381,11072167869,4.09
11072167869,4653384382,8.00
4653384382,4653384383,27.64
4653384383,5920731217,89.96
5920731217,4653384385,6.24
4653384385,4653384388,13.28
4653388690,4653388689,22.31
4653388689,5920731210,27.58
5920731210,6178380375,7.34
6178380375,4653384388,5.98
4653384388,6178380487,6.28
6178380487,4653384387,24.90
6178380368,6178380362,49.40
6178380362,6178380368,49.40
4653388704,4653388705,21.92
4653388705,4653388703,60.63
4653388710,6178380348,18.09
6178380348,4653388710,18.09
6178380348,4653388709,6.20
4653388709,6178380348,6.20
4653388721,11914190594,39.63
11914190594,4653388721,39.63
11914190594,4653388714,1.73
4653388714,11914190594,1.73
4653388723,11093246681,4.21
11093246681,4653388723,4.21
11093246681,4653388722,15.70
4653388722,11093246681,15.70
11093246664,6178380339,29.67
6178380339,11093246664,29.67
4653388730,4653388731,39.06
4653388731,4653388730,39.06
11092631609,4653388733,43.83
4653388733,11092631609,43.83
4653388734,4653388733,28.77
4653388733,4653388734,28.77
4653388736,4653388737,11.90
4653388737,4653388736,11.90
4653388740,4653388739,19.79
4653388739,4653388740,19.79
4653388739,4653388738,20.55
4653388738,4653388739,20.55
4653388747,4653388744,16.04
4653388744,4653388747,16.04
4653388744,4653388743,10.11
4653388743,4653388744,10.11
4653388743,4653388742,7.06
4653388742,4653388743,7.06
4653388742,4653388741,5.26
4653388741,4653388742,5.26
4653388741,4079192564,6.89
4079192564,4653388741,6.89
4653388753,4653388752,11.93
4653388752,4653388753,11.93
4653388752,4653388751,7.00
4653388751,4653388752,7.00
4653388751,4653388750,3.81
4653388750,4653388751,3.81
4653388750,4653388749,3.74
4653388749,4653388750,3.74
4653388749,4653388748,6.68
4653388748,4653388749,6.68
4653389009,10991126392,6.55
10991126392,4653389009,6.55
10991126392,10991126403,18.77
10991126403,10991126392,18.77
10991126403,4653389010,8.55
4653389010,10991126403,8.55
4653389016,4653389014,23.36
4653389014,4653389016,23.36
4653389014,4653389021,11.62
4653389021,4653389014,11.62
4653389021,4653389020,8.67
4653389020,4653389021,8.67
4653389020,4653389019,6.62
4653389019,4653389020,6.62
4653389019,4653389018,9.40
4653389018,4653389019,9.40
4653389018,4653389030,8.71
4653389030,4653389018,8.71
4653389035,4653389034,31.44
4653389034,4653389035,31.44
4653389037,4653389036,38.43
4653389036,4653389037,38.43
2608876442,2608876439,41.04
2608876439,6938359616,25.90
6938359616,2608876433,3.44
4653389041,4653389054,8.82
4653389054,4653389041,8.82
4547969128,4653389062,7.76
4653389062,4547969128,7.76
4653389062,4653389061,6.06
4653389061,4653389062,6.06
4653389061,6178479181,6.41
6178479181,4653389061,6.41
6178479181,4653389060,19.43
4653389060,6178479181,19.43
4653389060,4653389059,9.14
4653389059,4653389060,9.14
4653389059,10968426148,8.25
10968426148,4653389059,8.25
10968426148,4653389058,2.83
4653389058,10968426148,2.83
4653389069,6178479180,7.92
6178479180,4653389069,7.92
6178479180,4653389068,7.81
4653389068,6178479180,7.81
4653389068,4653389066,9.42
4653389066,4653389068,9.42
4653389066,6178479179,8.24
6178479179,4653389066,8.24
6178479179,4653389065,8.92
4653389065,6178479179,8.92
4653389065,4653389064,11.79
4653389064,4653389065,11.79
4653389075,4547967328,15.65
4547967328,4653389075,15.65
4653389074,4653389075,4.52
4653389075,4653389074,4.52
4653389080,4653389079,20.86
4653389079,4653389080,20.86
4653389079,11117851246,2.48
11117851246,4653389079,2.48
11117851246,4653389078,2.72
4653389078,11117851246,2.72
4653389078,11117851247,12.22
11117851247,4653389078,12.22
11117851247,4653389077,3.19
4653389077,11117851247,3.19
4653389082,4653389081,23.51
4653389081,4653389082,23.51
4653389084,4653389083,8.40
4653389083,4653389084,8.40
4653431010,4653431011,38.38
4653431011,4653431010,38.38
4653431011,4653431012,39.66
4653431012,4653431011,39.66
4655259308,4553150255,45.82
4655259312,10091821866,21.92
10091821866,4655259312,21.92
10091821866,4655259311,1.70
4655259311,10091821866,1.70
4655259311,10091821867,1.80
10091821867,4655259311,1.80
10091821867,11072138295,12.91
11072138295,10091821867,12.91
11072138295,4655259310,3.34
4655259310,11072138295,3.34
4655259322,6938555106,15.32
6938555106,4655259322,15.32
6938555106,4655259321,3.94
4655259321,6938555106,3.94
4655259321,6938555107,8.73
6938555107,4655259321,8.73
6938555107,10091821881,15.56
10091821881,6938555107,15.56
10091821881,4655259320,1.28
4655259320,10091821881,1.28
4655259320,10091821880,1.31
10091821880,4655259320,1.31
10091821880,4655259319,14.47
4655259319,10091821880,14.47
3623163187,4655259323,31.12
4655259323,3623163187,31.12
4655259325,10981786502,7.37
10981786502,4655259325,7.37
10981786502,6883198030,1.80
6883198030,10981786502,1.80
6883198030,4655259324,33.69
4655259324,6883198030,33.69
4655259326,4655259327,44.63
4655259327,4655259326,44.63
4655258629,11076064904,7.34
11076064904,4655258629,7.34
11076064904,4655259331,7.45
4655259331,11076064904,7.45
4655258629,5336036730,1.18
5336036730,4655258629,1.18
5336036730,5336036729,2.49
5336036729,5336036730,2.49
5336036729,4655258630,6.20
4655258630,5336036729,6.20
4655259331,6959218947,1.37
6959218947,4655259331,1.37
6959218947,4655259330,38.91
4655259330,6959218947,38.91
4655259330,4655259329,11.98
4655259329,4655259330,11.98
4655259329,6959218948,39.52
6959218948,4655259329,39.52
6959218948,6959218947,11.91
6959218947,6959218948,11.91
4655273847,4655273845,37.36
4655273845,4655273847,37.36
4655273845,10991139365,3.86
10991139365,4655273845,3.86
4655273850,10091821864,28.16
10091821864,4655273850,28.16
10091821864,4655273849,3.25
4655273849,10091821864,3.25
4655273849,4655273848,12.38
4655273848,4655273849,12.38
3325958620,4655548373,45.80
4655548373,4655548374,25.51
4655548378,10981747421,34.52
10981747421,4655548378,34.52
10981747421,4655548377,34.50
4655548377,10981747421,34.50
4655548377,3325958615,12.83
3325958615,4655548377,12.83
4655548380,4655548379,13.09
4655548379,4655548380,13.09
4655548382,4655548379,22.24
4655548379,4655548382,22.24
4655548379,4655548381,17.04
4655548381,4655548379,17.04
4655548386,4655548383,31.45
4655548383,4655548386,31.45
4655548385,4655548384,25.14
4655548384,4655548385,25.14
4655548388,4655548385,28.19
4655548385,4655548388,28.19
4655548385,10977918902,5.73
10977918902,4655548385,5.73
10977918902,10977918904,14.08
10977918904,10977918902,14.08
10977918904,4655548386,2.54
4655548386,10977918904,2.54
4655548386,4655548387,78.20
4655548387,4655548386,78.20
4655548611,11667270318,14.31
11667270318,4655548611,14.31
11667270318,4655548610,17.08
4655548610,11667270318,17.08
4655548610,4655548609,4.67
4655548609,4655548610,4.67
4655548614,4655548622,18.80
4655548615,4655548616,27.32
4553151356,10906083599,3.17
10906083599,4553151356,3.17
10906083599,10977939715,3.17
10977939715,10906083599,3.17
10977939715,4655548617,16.72
4655548617,10977939715,16.72
4655548616,6368901759,48.25
6368901759,6703974528,9.94
4655548622,4655548615,5.06
4655548615,4655547880,57.50
4655515741,6883758405,4.14
6883758405,4655515741,4.14
6883758405,4655515736,10.16
4655515736,6883758405,10.16
4655515736,4655515739,29.49
4655515739,4655515736,29.49
4655515739,4655515738,19.83
4655515738,4655515739,19.83
4655515738,4655515737,6.30
4655515737,4655515738,6.30
4655515762,4655515761,24.57
4655515761,4655515762,24.57
4655515773,10091821885,26.86
10091821885,4655515773,26.86
10091821885,4655515772,1.80
4655515772,10091821885,1.80
4655515772,10091821884,1.90
10091821884,4655515772,1.90
10091821884,4655515771,36.51
4655515771,10091821884,36.51
4655515771,4655515770,19.11
4655515770,4655515771,19.11
4655549031,6959218939,8.20
6959218939,4655549030,5.79
4655549030,4655515782,13.05
4655515782,4655515773,8.22
4655515773,4655515781,3.43
4655515781,4655515780,5.97
4655515780,4655515779,10.95
4655515779,10977936463,32.80
10977936463,10981745729,1.04
10981745729,4655515777,12.01
4655515777,4655515776,6.61
4655515776,6946165158,14.67
6946165158,6946165157,6.15
6946165157,10079520425,8.81
10079520425,4655515775,2.90
4655515775,10079520424,2.34
10079520424,6274653620,22.80
6274653620,6274653712,2.24
6274653712,4655515774,9.36
1946518543,6946165165,9.43
6946165165,6946165164,2.98
6946165164,6946165166,3.06
6946165166,6946165167,3.12
6946165167,6946165163,3.81
6946165163,1946518413,3.50
1946518413,4551484153,34.28
4551484153,6946165161,6.16
6946165161,1946518820,7.16
4655549046,4655549045,26.89
4655549045,4655549046,26.89
4655549049,11341835564,24.84
11341835564,4655549049,24.84
11341835564,4655549047,25.71
4655549047,11341835564,25.71
4655549054,4655549052,21.03
4655549052,4655549054,21.03
4655549052,4655549051,16.50
4655549051,4655549052,16.50
4655549051,4655759597,6.69
4655759597,4655549051,6.69
4655549060,4655549059,6.96
4655549059,4655549060,6.96
4655549059,4655549058,7.43
4655549058,4655549059,7.43
4655549058,4655549057,6.87
4655549057,4655549058,6.87
4655549057,4655549056,6.74
4655549056,4655549057,6.74
4655549056,4655549055,6.37
4655549055,4655549056,6.37
4655549062,4655759609,46.31
4655759609,4655549064,14.66
4655549064,4655549054,12.81
4655549054,6959218921,8.88
6959218921,6959218922,14.09
6959218922,4655549055,11.15
4655549055,4655549066,21.30
4655549066,4655549067,19.84
4655549067,11341835565,1.86
11341835565,6959218920,7.29
6959218920,6959218919,25.60
6959218919,4655549068,8.92
4655549068,6946165141,11.31
6946165141,4655549049,11.69
4655549049,4655549069,58.10
4655549070,4655549073,9.48
4655549073,4655549070,9.48
4655549073,4655549072,29.50
4655549072,4655549073,29.50
4655549072,11341875868,4.17
11341875868,4655549072,4.17
11341875868,11341875866,3.96
11341875866,11341875868,3.96
11341875866,4655549071,27.38
4655549071,11341875866,27.38
4655547938,4655547937,17.70
4655547937,4655547938,17.70
4655547937,11384609728,17.32
11384609728,4655547937,17.32
11384609728,11384609726,8.47
11384609726,11384609728,8.47
11384609725,4655547942,10.12
4655547942,11384609725,10.12
4655547942,9970863700,12.77
9970863700,4655547942,12.77
9970863700,4655547939,39.70
4655547939,9970863700,39.70
4655547951,4655547950,21.51
4655547950,4655547951,21.51
4655547950,4655547949,9.23
4655547949,4655547950,9.23
4655547949,11384609719,6.07
11384609719,4655547949,6.07
11384609719,4655547948,4.59
4655547948,11384609719,4.59
4655547948,4655547947,8.31
4655547947,4655547948,8.31
4655547947,4655547946,16.86
4655547946,4655547947,16.86
4655547946,4655547945,25.10
4655547945,4655547946,25.10
1847297720,6959218911,7.35
6959218911,1847297720,7.35
6959218911,4655550184,22.45
4655550184,6959218911,22.45
4655550186,6946165118,7.18
6946165118,7185443015,5.38
7185443015,12084095324,2.18
12084095324,7185443019,3.78
7185443019,7185443018,7.25
7185443018,4655547953,7.75
4655547953,4655547952,32.77
4655547955,4655547954,36.51
4655547954,1847297824,18.20
1847297846,4655760128,7.57
4655760128,11265572578,9.53
11265572578,1847297732,32.69
1847297732,7185443030,4.15
7185443030,7185443029,6.09
7185443029,7185443028,10.93
7185443028,4655547956,7.17
1847297732,7185443023,19.92
7185443023,4655550711,5.64
4655550711,7185443024,6.69
7185443024,4655550712,5.09
4655550712,4655550703,18.10
4655550710,4655550719,12.69
4655550719,4655550710,12.69
4655547959,4655547958,28.00
4655547958,4655547959,28.00
4655547958,4655547957,19.38
4655547957,4655547958,19.38
4655547976,4655547975,5.70
4655547975,4655547976,5.70
4655547975,4655547959,3.91
4655547959,4655547975,3.91
4655547959,4655547974,20.94
4655547974,4655547959,20.94
4655547978,6883198033,5.66
6883198033,4655547978,5.66
6883198033,4655547977,24.01
4655547977,6883198033,24.01
4655547980,4655547979,53.94
4655547979,4655547980,53.94
4655547982,11384609732,25.63
11384609732,4655547982,25.63
11384609732,4655547981,11.09
4655547981,11384609732,11.09
4655547984,11341136704,12.94
11341136704,4655547984,12.94
11341136704,4655547983,25.94
4655547983,11341136704,25.94
4655549084,4655549698,41.99
4655549698,4655549084,41.99
4655549689,4655549085,10.79
4655549085,4655549689,10.79
6946165110,4655549720,3.30
4655549720,6946165110,3.30
4655549720,5920586129,17.39
5920586129,4655549720,17.39
5920586129,6959218903,1.78
6959218903,5920586129,1.78
6959218903,4655549719,1.95
4655549719,6959218903,1.95
4655549719,6959218904,2.18
6959218904,4655549719,2.18
6959218904,5920586130,1.99
5920586130,6959218904,1.99
5920586130,4655549718,13.26
4655549718,5920586130,13.26
4655549718,6959218905,1.78
6959218905,4655549718,1.78
6959218905,4655549717,1.42
4655549717,6959218905,1.42
4655549717,6959218906,1.91
6959218906,4655549717,1.91
6959218906,5920586126,1.78
5920586126,6959218906,1.78
5920586126,4655549715,24.72
4655549715,5920586126,24.72
4655549705,4655549704,48.87
4655549704,4655549705,48.87
6946165111,4655549706,3.26
4655549706,6946165111,3.26
4655549706,4655547988,3.41
4655547988,4655549706,3.41
4655549711,6946165109,10.75
6946165109,4655549711,10.75
6946165109,4655549708,13.20
4655549708,6946165109,13.20
4655549710,6946165112,2.78
6946165112,4655549710,2.78
6946165112,4655549714,4.03
4655549714,6946165112,4.03
4655549896,4655549895,13.84
4655549895,4655549896,13.84
4655549895,5920554347,3.53
5920554347,4655549895,3.53
5920554347,5920554348,2.75
5920554348,5920554347,2.75
5920554348,5920554349,3.37
5920554349,5920554348,3.37
5920554349,5920554350,3.72
5920554350,5920554349,3.72
5920554350,5920554346,4.88
5920554346,5920554350,4.88
5920554346,6959218910,6.76
6959218910,5920554346,6.76
6959218910,5920554345,8.61
5920554345,6959218910,8.61
5920554345,11341089061,9.84
11341089061,5920554345,9.84
11341089061,11341089063,9.65
11341089063,11341089061,9.65
11341089063,4655549894,52.63
4655549894,11341089063,52.63
4655550185,4655550184,23.15
4655550184,4655550185,23.15
4655550187,4655550186,23.78
4655550493,11265540044,44.02
11265540044,11265540041,5.98
11265540041,1847297548,21.07
4655550689,4655547954,23.87
4655547954,4655550689,23.87
4655550690,1847297668,21.46
1847297668,4655550690,21.46
4655550692,4655550691,21.13
4655550691,4655550692,21.13
1847297622,1847297584,44.39
1847297584,1847297622,44.39
4655550703,4655550491,36.86
4655550491,4655550703,36.86
4655550721,11341089067,30.27
11341089067,4655550721,30.27
4655547985,4655547979,28.53
4655547979,4655547985,28.53
4655547979,4655547986,10.69
4655547986,4655547979,10.69
4655547986,4655549080,8.73
4655549080,4655547986,8.73
4655549080,4655549081,10.36
4655549081,4655549080,10.36
4655549081,4655549083,7.20
4655549083,4655549081,7.20
4655549083,4663212957,10.92
4663212957,4655549083,10.92
4663212957,11341136719,9.42
11341136719,4663212957,9.42
11341136719,1847297855,5.83
1847297855,11341136719,5.83
1847297855,4663240121,3.04
4663240121,1847297855,3.04
4663240121,1847297720,20.06
1847297720,4663240121,20.06
4655550726,4655550694,4.78
4655550694,4655550725,67.78
4655550702,10991121585,4.55
10991121585,1847297653,67.73
4655758421,4655758420,15.46
4655758420,4655758419,54.26
4655758419,6946165142,6.51
6946165142,4655758418,14.09
4551141107,4655758423,10.06
4655758423,4551141107,10.06
4655758423,5915881547,12.92
5915881547,4655758423,12.92
5915881547,4655758424,13.67
4655758424,5915881547,13.67
4655758424,4655758425,25.28
4655758425,4655758424,25.28
4655759589,6959218908,48.70
6959218908,4655759589,48.70
6959218908,4655758788,7.30
4655758788,6959218908,7.30
4655758788,4655758787,27.58
4655758787,4655758788,27.58
4655758787,4655758786,45.95
4655758786,4655758787,45.95
4655759594,4655759593,10.68
4655759593,4655759594,10.68
4655759593,4655759592,7.18
4655759592,4655759593,7.18
4655759592,11341846515,8.65
11341846515,4655759592,8.65
11341846515,4655759590,5.36
4655759590,11341846515,5.36
4655759590,4655759591,4.79
4655759591,4655759590,4.79
4655759596,4655759595,41.92
4655759595,4655759596,41.92
4655759602,11382509225,15.27
11382509225,4655759602,15.27
11382509225,4655759598,11.03
4655759598,11382509225,11.03
4655759598,11382509226,3.20
11382509226,4655759598,3.20
11382509226,4655759597,9.24
4655759597,11382509226,9.24
4655759609,4655759608,24.49
4655759608,4655759609,24.49
4655759615,4655759613,12.80
4655759613,4655759615,12.80
4655759613,4655759612,6.79
4655759612,4655759613,6.79
4655759612,4655759610,25.13
4655759610,4655759612,25.13
4578288226,4655759617,48.48
4655759617,4578288226,48.48
4655759656,6879759332,5.64
6879759332,4655759656,5.64
6879759332,4655759655,56.47
4655759655,6879759332,56.47
4658917532,6864464606,7.70
6864464606,4658917532,7.70
6864464606,6864464605,3.97
6864464605,6864464606,3.97
6864464605,4658917531,3.05
4658917531,6864464605,3.05
4658917531,6864464604,3.13
6864464604,4658917531,3.13
6864464604,11115180860,17.50
11115180860,6864464604,17.50
11115180860,11115180861,13.21
11115180861,11115180860,13.21
11115180861,4658917530,9.95
4658917530,11115180861,9.95
4658917534,11653951330,25.58
11653951330,4658917534,25.58
11653951330,4658917533,6.18
4658917533,11653951330,6.18
4658917537,6952821584,4.38
6952821584,4658917537,4.38
6952821584,4658917536,4.11
4658917536,6952821584,4.11
4658917536,4658917535,23.55
4658917535,4658917536,23.55
4658917546,4658917544,16.12
4658917544,4658917546,16.12
4658918018,11557858163,6.47
11557858163,4658918018,6.47
11557858163,11557922378,40.51
11557922378,11557858163,40.51
11557922378,4658918016,13.40
4658918016,11557922378,13.40
4658918066,6883790306,3.46
6883790306,4658918066,3.46
6883790306,4658918061,57.29
4658918061,6883790306,57.29
4658918061,4658918059,29.17
4658918059,4658918061,29.17
4658918059,4658918058,9.78
4658918058,4658918059,9.78
2444944952,4658918389,35.85
4658918389,2444944952,35.85
4658918402,4658918401,10.25
4658918401,4658918402,10.25
4658918401,4658918400,26.82
4658918400,4658918401,26.82
4658918400,4658918399,23.09
4658918399,4658918400,23.09
4658918399,4658918398,24.23
4658918398,4658918399,24.23
4658918398,6952833292,10.63
6952833292,4658918398,10.63
6952833292,4658918397,13.27
4658918397,6952833292,13.27
11264444965,11544648058,6.28
11544648058,11264444965,6.28
11544648058,4658918403,34.35
4658918403,11544648058,34.35
4658918409,4658918408,35.65
4658918408,4658918409,35.65
4658918408,4658918406,11.04
4658918406,4658918408,11.04
4658918412,4658918411,33.13
4658918411,4658918412,33.13
4658918416,4658918417,11.92
4658918417,4658918416,11.92
4658918417,4658918418,20.82
4658918418,4658918417,20.82
4658918418,4658918415,3.56
4658918415,4658918418,3.56
4658918420,6883689472,5.43
6883689472,4658918420,5.43
6883689472,4658918418,40.84
4658918418,6883689472,40.84
4477112347,6821138386,4.08
6821138386,4477112347,4.08
6821138386,6392270218,24.92
6392270218,6821138386,24.92
4551484173,4658918435,5.41
4658918435,4551484173,5.41
4658918435,5624473300,2.21
5624473300,4658918435,2.21
5624473300,5624473301,1.12
5624473301,5624473300,1.12
5624473301,4658918434,1.49
4658918434,5624473301,1.49
4658918434,5624473302,2.06
5624473302,4658918434,2.06
5624473302,5624473303,1.44
5624473303,5624473302,1.44
5624473303,4658918433,1.23
4658918433,5624473303,1.23
4658918433,5624473304,1.56
5624473304,4658918433,1.56
5624473304,4658918432,1.92
4658918432,5624473304,1.92
4658918432,5624473305,1.65
5624473305,4658918432,1.65
5624473305,4658918431,2.08
4658918431,5624473305,2.08
4658918431,5624473306,1.42
5624473306,4658918431,1.42
5624473306,4658918430,1.27
4658918430,5624473306,1.27
4658918430,4658918428,4.89
4658918428,4658918430,4.89
4658918428,11384674165,6.81
11384674165,4658918428,6.81
4658918323,4658918322,5.14
4658918322,4658918323,5.14
4658918322,4658918321,6.81
4658918321,4658918322,6.81
4658918321,4658918320,28.04
4658918320,4658918321,28.04
4658918337,6821302532,6.79
6821302532,4658918337,6.79
6821302532,6394989483,7.71
6394989483,6821302532,7.71
6394989483,5717959562,21.27
5717959562,6394989483,21.27
5717959562,5717959561,6.54
5717959561,5717959562,6.54
5717959561,11384713220,19.56
11384713220,5717959561,19.56
11384713220,6394989495,0.77
6394989495,11384713220,0.77
6394989495,6394989494,6.35
6394989494,6394989495,6.35
11384694892,4658918341,28.40
4658918341,11384694892,28.40
4658918351,7439940929,11.17
7439940929,4658918351,11.17
7439940929,4658918349,6.55
4658918349,7439940929,6.55
4658918349,7439940930,7.79
7439940930,4658918349,7.79
7439940930,4658918347,8.05
4658918347,7439940930,8.05
1843574867,5624304665,4.47
5624304665,1843574867,4.47
5624304665,5624304666,3.21
5624304666,5624304665,3.21
5624304666,5624304667,3.01
5624304667,5624304666,3.01
5624304667,4658918359,2.48
4658918359,5624304667,2.48
4658918359,5624304668,4.07
5624304668,4658918359,4.07
5624304668,5624223885,3.79
5624223885,5624304668,3.79
5624223885,4658918356,11.66
4658918356,5624223885,11.66
4658918365,4658918363,12.01
4658918363,4658918365,12.01
4658918363,5624223883,6.07
5624223883,4658918363,6.07
5624223883,4658918362,5.44
4658918362,5624223883,5.44
4658918362,11081975919,3.67
11081975919,4658918362,3.67
11081975919,5624304691,0.68
5624304691,11081975919,0.68
5624304691,5624223884,4.70
5624223884,5624304691,4.70
5624223884,4658918356,11.31
4658918356,5624223884,11.31
5624247487,5624247485,2.61
5624247485,5624247487,2.61
5624247485,4658918366,20.58
4658918366,5624247485,20.58
4658918373,4658918371,31.39
4658918371,4658918373,31.39
4658918377,4658918376,31.51
4658918376,4658918377,31.51
4658918376,4658918375,26.12
4658918375,4658918376,26.12
4658918379,6952833288,8.25
6952833288,4658918379,8.25
6952833288,6883712858,10.05
6883712858,6952833288,10.05
6883712858,11264444528,2.74
11264444528,6883712858,2.74
11264444528,4658918378,27.77
4658918378,11264444528,27.77
4658918384,6864718446,7.09
6864718446,4658918384,7.09
6864718446,4658918385,12.56
4658918385,6864718446,12.56
4658918385,4658918386,13.38
4658918386,4658918385,13.38
4658918386,4658918380,7.03
4658918380,4658918386,7.03
4658918380,4658918387,8.22
4658918387,4658918380,8.22
4658918387,6952505109,3.84
6952505109,4658918387,3.84
6952505109,4658918388,4.18
4658918388,6952505109,4.18
4658918388,6952505110,4.04
6952505110,4658918388,4.04
6952505110,4658918789,6.05
4658918789,6952505110,6.05
4658918789,4658918790,4.76
4658918790,4658918789,4.76
4658918790,4658918791,12.58
4658918791,4658918790,12.58
4658918793,4658918379,27.31
4658918379,4658918793,27.31
4658918795,4658918794,45.36
4658918794,4658918795,45.36
4658918806,6952505107,8.24
6952505107,4658918806,8.24
6952505107,4658918805,6.51
4658918805,6952505107,6.51
4658918805,4658918804,14.38
4658918804,4658918805,14.38
4658918804,6952505108,12.26
6952505108,4658918804,12.26
6952505108,2444941335,11.34
2444941335,6952505108,11.34
4658918809,4658918819,15.81
4658918819,4658918809,15.81
4658918811,4658918810,17.52
4658918810,4658918811,17.52
4658918777,6952821583,2.18
6952821583,4658918777,2.18
4658918782,4658918781,9.54
4658918781,4658918782,9.54
4658918783,4658918782,5.80
4658918782,4658918783,5.80
4658918781,4658918780,5.22
4658918780,4658918781,5.22
4658918780,4658918779,3.37
4658918779,4658918780,3.37
4658918779,4658918777,12.52
4658918777,4658918779,12.52
4658918786,11074196970,4.97
11074196970,4658918786,4.97
11074196970,6317342398,11.96
6317342398,11074196970,11.96
4658918990,6864718460,3.63
6864718460,4658918990,3.63
6864718460,4658918989,9.19
4658918989,6864718460,9.19
4658918989,4658918788,19.36
4658918788,4658918989,19.36
2444959757,11074199235,3.94
11074199235,2444959757,3.94
11074199235,4658919013,14.16
4658919013,11074199235,14.16
4658919013,4658919012,21.00
4658919012,4658919013,21.00
4658919018,11264427557,16.31
11264427557,4658919018,16.31
11264427557,11380572900,9.48
11380572900,11264427557,9.48
11380572900,11380572901,5.63
11380572901,11380572900,5.63
11380572901,4466880978,8.02
4466880978,11380572901,8.02
4658919023,4658919022,19.76
4658919022,4658919023,19.76
4658919022,4658919021,4.52
4658919021,4658919022,4.52
4658919021,4658919020,20.22
4658919020,4658919021,20.22
4658918955,6767667720,9.14
6767667720,4658918955,9.14
6767667720,4658919024,10.46
4658919024,6767667720,10.46
4658919024,11074199236,4.10
11074199236,4658919024,4.10
4658918956,4658918955,33.21
4658918955,4658918956,33.21
6695723932,6317342401,31.39
6317342401,6695723932,31.39
4658918966,11074196969,3.67
11074196969,4658918966,3.67
11074196969,4658918965,10.87
4658918965,11074196969,10.87
4658918965,4658918964,7.68
4658918964,4658918965,7.68
4658918970,4658918969,8.41
4658918969,4658918970,8.41
4658918969,6952505120,4.01
6952505120,4658918969,4.01
6952505120,4658918968,12.36
4658918968,6952505120,12.36
4658918968,4658918967,7.01
4658918967,4658918968,7.01
4658918972,4658918973,66.16
4658918973,11074199265,11.82
4658918973,4659447126,23.66
4659447126,4658918973,23.66
4659447126,4658918974,5.03
4658918974,4659447126,5.03
4658918981,11081910572,12.62
11081910572,4658918981,12.62
11081910572,4658918980,11.82
4658918980,11081910572,11.82
4658918980,4658918979,28.20
4658918979,4658918980,28.20
4658918979,11081910566,24.29
11081910566,4658918979,24.29
4658918987,4659447127,7.91
4659447127,7185486391,6.82
7185486391,4658918986,5.20
4658918986,7185486392,4.52
7185486392,7185486390,6.21
7185486390,11120891381,3.82
11120891381,6317533338,4.87
6317533338,11120891389,1.91
11120891389,4658918982,52.91
4658918982,11081910576,8.01
11081910576,4658918984,4.73
4658918984,11081910573,1.00
11081910573,6959218898,8.58
6959218898,13013431803,5.50
13013431803,4659447124,3.53
4659447124,13013404296,7.54
4659446908,4658918988,19.80
4658918988,4659446908,19.80
4658918988,4659446930,8.38
4659446930,4658918988,8.38
4659446930,4659446929,26.99
4659446929,4659446930,26.99
4659446929,9986547502,2.28
9986547502,4659446929,2.28
4658919293,4658919292,40.96
4658919292,4658919293,40.96
11115180863,4658919295,8.05
4658919295,11115180863,8.05
4658919295,4658919294,17.28
4658919294,4658919295,17.28
4658919300,4658919299,31.72
4658919299,4658919300,31.72
4658919299,6938555184,2.87
6938555184,4658919299,2.87
6938555184,6938557385,8.72
6938557385,6938555184,8.72
6938557385,4658919298,2.80
4658919298,6938557385,2.80
4658919298,4658919297,20.41
4658919297,4658919298,20.41
4658919304,11115217828,29.26
11115217828,4658919304,29.26
11115217828,10079489212,7.77
10079489212,11115217828,7.77
10079489212,4658919303,1.52
4658919303,10079489212,1.52
4658919303,10079489213,1.96
10079489213,4658919303,1.96
10079489213,4658919302,20.38
4658919302,10079489213,20.38
4658919122,11384741484,6.65
11384741484,4658919122,6.65
11384741484,10079489211,14.10
10079489211,11384741484,14.10
10079489211,4658919121,1.02
4658919121,10079489211,1.02
4658919121,10079489210,1.10
10079489210,4658919121,1.10
10079489210,4658919120,17.18
4658919120,10079489210,17.18
4658919123,4658919126,25.32
4658919126,4658919123,25.32
4658919130,4658919129,23.97
4658919129,4658919130,23.97
4658919133,4658919132,18.76
4658919132,4658919133,18.76
4658919132,4658919137,4.86
4658919137,4658919132,4.86
4658919137,4658919136,24.73
4658919136,4658919137,24.73
4658919136,4658919135,7.53
4658919135,4658919136,7.53
4658919135,4658919134,33.90
4658919134,4658919135,33.90
4658919134,12617900264,18.37
12617900264,4658919134,18.37
12617900264,6981894152,4.51
6981894152,12617900264,4.51
6981894152,4658919145,23.37
4658919145,6981894152,23.37
4658919145,4658919144,27.29
4658919144,4658919145,27.29
4659045872,4659045871,35.91
4659045871,4659045872,35.91
4659045875,4659045874,18.22
4659045874,4659045875,18.22
4659045874,4659045873,11.12
4659045873,4659045874,11.12
4659048167,4659048168,4.69
4659048168,4659048167,4.69
4659048168,4659048169,3.20
4659048169,4659048168,3.20
4659048169,4659048170,3.71
4659048170,4659048169,3.71
4659048170,4659048171,5.16
4659048171,4659048170,5.16
4659048171,4659048172,5.99
4659048172,4659048171,5.99
4659048172,4659048173,6.34
4659048173,4659048172,6.34
4659048173,4659048174,8.84
4659048174,4659048173,8.84
4659048174,4659048175,7.64
4659048175,4659048174,7.64
4659048175,6373598017,4.33
6373598017,4659048175,4.33
6373598017,6373598018,9.29
6373598018,6373598017,9.29
6373598018,4659048176,5.85
4659048176,6373598018,5.85
4659048177,4659048178,7.45
4659048178,4659048177,7.45
4659048178,4659048179,5.44
4659048179,4659048178,5.44
4659048179,4659048180,5.95
4659048180,4659048179,5.95
4659048180,4659048181,11.55
4659048181,4659048180,11.55
4659048181,6950062538,20.65
6950062538,4659048181,20.65
6950062538,6950062537,15.31
6950062537,6950062538,15.31
6950062537,6373598020,16.28
6373598020,6950062537,16.28
6373598020,4659041779,7.25
4659041779,6373598020,7.25
4659048184,6373598028,16.33
6373598028,4659048184,16.33
6373598028,6373598027,15.19
6373598027,6373598028,15.19
6373598027,6373598026,16.21
6373598026,6373598027,16.21
6373598026,4659048183,8.56
4659048183,6373598026,8.56
4659048793,4659048790,12.80
4659048790,4659048793,12.80
4659048789,6950062529,8.29
6950062529,4659048789,8.29
6950062529,4659048791,5.59
4659048791,6950062529,5.59
4659048791,6373598033,13.07
6373598033,4659048791,13.07
6373598033,4659048792,38.98
4659048792,6373598033,38.98
4659048792,4659048793,4.08
4659048793,4659048792,4.08
4659048793,6373598031,8.65
6373598031,4659048793,8.65
6373598031,6373598032,4.54
6373598032,6373598031,4.54
6373598032,2408756270,4.77
2408756270,6373598032,4.77
4659048799,4659048798,17.54
4659048798,4659048799,17.54
4659048798,4659048797,11.69
4659048797,4659048798,11.69
4659048797,4659048796,4.99
4659048796,4659048797,4.99
4659048796,4659048795,3.37
4659048795,4659048796,3.37
4659048801,4659048800,5.69
4659048800,4659048801,5.69
4659048802,4659048801,10.26
4659048801,4659048802,10.26
4659048803,4659048802,8.74
4659048802,4659048803,8.74
4659048807,4659048806,7.58
4659048806,4659048807,7.58
4659048806,11361058311,28.05
11361058311,4659048806,28.05
6950062556,12143034846,18.90
12143034846,6950062556,18.90
12143034846,4659048807,15.77
4659048807,12143034846,15.77
4659048666,12143034840,27.93
12143034840,4659048666,27.93
12143034840,4659048803,20.55
4659048803,12143034840,20.55
4659048803,4659048809,10.36
4659048809,4659048803,10.36
4659048675,4659048674,5.80
4659048674,4659048675,5.80
4659048674,4659048673,12.50
4659048673,4659048674,12.50
4659048673,4659048672,4.26
4659048672,4659048673,4.26
4659048672,4659048671,8.63
4659048671,4659048672,8.63
4659048681,11386275915,5.16
11386275915,4659048681,5.16
11386275915,4659048680,5.87
4659048680,11386275915,5.87
4659048680,4659048679,5.40
4659048679,4659048680,5.40
4659048679,4659048678,4.98
4659048678,4659048679,4.98
4659048678,4659048677,13.71
4659048677,4659048678,13.71
4659048992,11386275894,15.58
11386275894,4659048992,15.58
11386275894,11386275896,8.99
11386275896,11386275894,8.99
11386275896,6373598058,35.93
6373598058,11386275896,35.93
6373598058,6373598065,6.31
6373598065,6373598058,6.31
6373598065,4659048993,6.63
4659048993,6373598065,6.63
4659049008,6373598062,8.64
6373598062,6373598061,4.43
6373598061,8306790244,2.51
8306790244,8306790262,2.99
8306790262,4659049006,11.16
4659049006,4659049005,10.34
4659049005,4659049004,12.02
4659049004,4659049003,16.86
4659041761,4659041760,24.98
4659041760,4659041761,24.98
4659041764,4659041763,88.51
4659041768,4659041767,49.80
4659041767,4659041768,49.80
4659041780,11565724733,11.93
11565724733,4659041780,11.93
11565724733,13256263130,3.18
13256263130,11565724733,3.18
13256263130,6373598019,7.43
6373598019,13256263130,7.43
6373598019,13256263133,1.40
13256263133,6373598019,1.40
13256263133,4659041779,7.37
4659041779,13256263133,7.37
4659041784,4659041783,19.48
4659041783,4659041784,19.48
4659041783,6373598038,3.37
6373598038,4659041783,3.37
6373598038,4659041782,6.13
4659041782,6373598038,6.13
4659041782,6373598036,31.37
6373598036,4659041782,31.37
6373598036,6373598039,4.58
6373598039,6373598036,4.58
6373598039,4659041781,6.74
4659041781,6373598039,6.74
4659041787,11438973551,20.55
11438973551,4659041787,20.55
11438973551,4659041786,12.14
4659041786,11438973551,12.14
4659041786,6373598030,14.07
6373598030,4659041786,14.07
6373598030,4659041785,7.10
4659041785,6373598030,7.10
4659049189,6373598029,55.07
6373598029,4659049189,55.07
6373598029,4659041788,9.23
4659041788,6373598029,9.23
4659049191,4659049190,20.72
4659049190,4659049191,20.72
4659049194,4659049193,33.52
4659049193,4659049194,33.52
4659049196,4659049195,26.45
4659049195,4659049196,26.45
4659049200,4659049199,39.01
4659049199,4659049200,39.01
4659049199,4659049198,5.72
4659049198,4659049199,5.72
4659049202,4659049201,22.81
4659049201,4659049202,22.81
4659049204,10571458382,4.47
10571458382,4659049204,4.47
10571458382,4659049203,52.91
4659049203,10571458382,52.91
4659049207,4659049205,32.81
4659049205,4659049207,32.81
4659049202,1859401287,18.92
1859401287,4659049202,18.92
2435862989,11386275880,5.89
11386275880,2435862989,5.89
11386275880,2435862990,17.29
2435862990,11386275880,17.29
2435862990,2435862991,32.39
2435862991,2435862990,32.39
2435862991,9061695695,17.75
9061695695,2435862991,17.75
9061695695,2435862992,3.72
2435862992,9061695695,3.72
4659049023,4659049022,5.83
4659049022,4659049023,5.83
4659049022,12386844160,35.31
12386844160,4659049022,35.31
12386844160,4659049021,15.11
4659049021,12386844160,15.11
4659049029,4659049026,23.43
4659049026,4659049029,23.43
4659049026,11439164273,12.42
11439164273,4659049026,12.42
4659049032,4659049025,33.44
4659049025,4659049032,33.44
4659049025,11439164269,6.56
11439164269,4659049025,6.56
11439164269,4659049030,19.64
4659049030,11439164269,19.64
4659049030,4659049029,14.27
4659049029,4659049030,14.27
4659049038,11081975909,37.12
11081975909,4659049038,37.12
11081975909,6695811946,15.49
6695811946,11081975909,15.49
6695811946,11439164292,1.57
11439164292,6695811946,1.57
11439164292,11439164290,2.28
11439164290,11439164292,2.28
11439164290,11439164279,5.63
11439164279,11439164290,5.63
4659049054,6373598064,6.16
6373598064,4659049054,6.16
6373598064,6373598063,3.00
6373598063,6373598064,3.00
6373598063,11386228845,45.64
11386228845,6373598063,45.64
11386228845,4659049045,7.50
4659049045,11386228845,7.50
6442256744,4659181589,18.63
4659181589,6442256744,18.63
4659181589,4659049041,24.85
4659049041,4659181589,24.85
4659049041,4659049062,4.30
4659049062,4659049041,4.30
4659049062,5887776770,2.68
5887776770,4659049062,2.68
5887776770,6302658569,46.12
6302658569,5887776770,46.12
6302658569,4659049061,39.22
4659049061,6302658569,39.22
4659049061,6949961503,2.65
6949961503,4659049061,2.65
6949961503,6949961504,2.78
6949961504,6949961503,2.78
6949961504,6949961502,2.83
6949961502,6949961504,2.83
6949961502,6949961505,2.91
6949961505,6949961502,2.91
6949961505,6302658571,11.71
6302658571,6949961505,11.71
6302658571,12623762362,11.77
12623762362,6302658571,11.77
12623762362,4659049060,1.35
4659049060,12623762362,1.35
4659049183,6872120927,2.72
6872120927,4659049183,2.72
6872120927,4659049182,3.25
4659049182,6872120927,3.25
4659049182,4659049181,23.96
4659049181,4659049182,23.96
4659049181,6159437326,15.53
6159437326,4659049181,15.53
6159437326,4659049180,25.30
4659049180,6159437326,25.30
4659049180,4659049175,17.23
4659049175,4659049180,17.23
4659049186,4659049185,6.62
4659049185,4659049186,6.62
4659049185,4659049184,42.49
4659049184,4659049185,42.49
4659049390,11186829654,11.14
11186829654,4659049390,11.14
11186829654,4659049389,27.92
4659049389,11186829654,27.92
4659049389,6952505096,2.69
6952505096,4659049389,2.69
6952505096,4659049188,2.84
4659049188,6952505096,2.84
4659049188,4659049187,30.81
4659049187,4659049188,30.81
2488148256,5884632987,6.34
5884632987,2488148256,6.34
5884632987,2488148259,5.27
2488148259,5884632987,5.27
2488148259,5884632986,5.23
5884632986,2488148259,5.23
5884632986,6394989093,5.03
6394989093,5884632986,5.03
6394989093,2488148263,5.91
2488148263,6394989093,5.91
1564338299,4659180755,17.99
4659180755,1564338299,17.99
4659180755,4659180754,6.07
4659180754,4659180755,6.07
4659180754,11742772414,10.82
11742772414,4659180754,10.82
11742772414,6981894141,12.02
6981894141,11742772414,12.02
3227142896,4659180757,46.76
4659180757,3227142896,46.76
4659180764,4659180759,46.74
4659180759,4659180763,37.92
4659180763,4659180762,10.41
4659180762,4659180761,23.05
4659180761,4659180760,21.54
4659180769,4659180768,9.83
4659180768,4659180769,9.83
4659180768,4659180767,15.87
4659180767,4659180768,15.87
1859404947,4659180771,24.44
4659180771,1859404947,24.44
4659181227,3614793345,40.19
3614793345,4659181227,40.19
4659181229,4659181230,3.18
4659181230,4659181229,3.18
4659181230,4659181231,6.20
4659181231,4659181230,6.20
4659181231,4659181232,6.17
4659181232,4659181231,6.17
4659181232,4659181233,13.60
4659181233,4659181232,13.60
4659181233,4659181234,6.63
4659181234,4659181233,6.63
4659181237,4659181236,39.88
4659181236,4659181237,39.88
4659181236,4659181235,15.99
4659181235,4659181236,15.99
4659181241,4659181239,32.35
4659181239,4659181241,32.35
11382574205,4659181242,25.28
4659181242,11382574205,25.28
11751844608,4659181248,3.95
4659181248,11751844608,3.95
4659181248,4659181245,7.32
4659181245,4659181248,7.32
4659653896,4659181253,19.77
4659181253,4659653896,19.77
4659181253,4659181250,16.54
4659181250,4659181253,16.54
4659179455,4659179452,17.73
4659179452,4659179455,17.73
4659179452,11751854701,34.52
11751854701,4659179452,34.52
11751854701,4659179453,4.34
4659179453,11751854701,4.34
6952833313,4659179460,15.87
4659179460,6952833313,15.87
4659179460,4659179459,2.67
4659179459,4659179460,2.67
4659179459,4659179458,1.99
4659179458,4659179459,1.99
4659179458,4659179457,21.42
4659179457,4659179458,21.42
4659179462,1859403463,2.21
1859403463,4659179462,2.21
1859403463,4659179461,48.09
4659179461,1859403463,48.09
4659179463,4659179462,11.72
4659179462,4659179463,11.72
4659179464,4659179463,11.51
4659179463,4659179464,11.51
4659179467,4659179466,38.67
4659179466,4659179467,38.67
4659179466,4659179465,15.63
4659179465,4659179466,15.63
4659179470,4659179469,21.84
4659179469,4659179470,21.84
4659179469,4659179468,23.48
4659179468,4659179469,23.48
1851757556,1859403473,36.75
1859403473,1851757556,36.75
1859403473,1859403470,35.41
1859403470,1859403473,35.41
4659179475,4659179474,22.66
4659179474,4659179475,22.66
4659179474,4659179473,28.00
4659179473,4659179474,28.00
4659179473,11751844606,9.07
11751844606,4659179473,9.07
11751844606,11751844610,6.99
11751844610,11751844606,6.99
11751844610,1859403464,35.92
1859403464,11751844610,35.92
1859403464,1859403463,44.86
1859403463,1859403464,44.86
4659179480,4659179481,17.24
4659179481,6419712549,8.61
6419712549,4659179483,4.92
4659179483,4659179484,5.17
4659179484,11738026868,1.53
11738026868,4659179485,4.32
4659179485,4659179486,7.39
4659179486,4659179488,33.85
4659181394,4659181395,32.60
4659181395,4659181394,32.60
4659181395,4659181392,7.99
4659181392,4659181395,7.99
4659181392,4659181389,25.51
4659181389,4659181392,25.51
4659181389,6981894140,18.95
6981894140,4659181389,18.95
4659181144,4659181143,6.22
4659181143,4659181144,6.22
4659181143,4659181142,7.28
4659181142,4659181143,7.28
4659181142,4659181141,5.53
4659181141,4659181142,5.53
4659181141,4659181140,6.08
4659181140,4659181141,6.08
4659181140,4659181139,5.46
4659181139,4659181140,5.46
4659181139,4659181138,5.66
4659181138,4659181139,5.66
4659181138,4659181137,9.08
4659181137,4659181138,9.08
4659181148,4659181145,49.67
4659181145,4659181148,49.67
4659181150,6872120922,13.99
6872120922,4659181150,13.99
6872120922,4659181149,6.67
4659181149,6872120922,6.67
4659181153,4659181152,25.97
4659181152,4659181153,25.97
4659181152,6319929569,5.86
6319929569,4659181152,5.86
6319929569,6319929563,2.97
6319929563,6319929569,2.97
6319929563,6319929568,2.97
6319929568,6319929563,2.97
6319929568,11738039375,3.11
11738039375,6319929568,3.11
11738039375,6319929566,3.12
6319929566,11738039375,3.12
4659181155,4659181154,22.27
4659181154,4659181155,22.27
4659181154,6952833315,23.89
6952833315,4659181154,23.89
4659181157,4659181156,22.51
4659181156,4659181157,22.51
4659181159,4659181158,37.01
4659181158,4659181159,37.01
4659181160,4659181162,8.29
4659181162,4659181160,8.29
4659181162,4659181163,21.18
4659181163,4659181162,21.18
4659181163,11081948878,14.26
11081948878,4659181163,14.26
11081948878,11081948879,23.81
11081948879,11081948878,23.81
4659181169,6808014127,4.53
6808014127,4659181169,4.53
6808014127,4659181159,22.49
4659181159,6808014127,22.49
4659181159,4659181160,29.47
4659181160,4659181159,29.47
4659181157,4659336159,14.08
4659336159,4659181157,14.08
4659336159,4659181173,35.68
4659181173,4659336159,35.68
4659181173,4659336158,11.86
4659336158,4659181173,11.86
4659336158,4659181172,10.75
4659181172,4659336158,10.75
4659181172,4659181170,14.90
4659181170,4659181172,14.90
4659181177,6808014125,8.97
6808014125,4659181177,8.97
6808014125,4659181178,1.42
4659181178,6808014125,1.42
4659181179,4659181177,13.92
4659181177,4659181179,13.92
4659181183,4659181176,33.86
4659181176,4659181183,33.86
4659181181,4659181180,19.54
4659181180,4659181181,19.54
4659181445,4659181444,20.19
4659181444,4659181445,20.19
4659181444,4659181443,4.17
4659181443,4659181444,4.17
4659181443,4659181442,19.27
4659181442,4659181443,19.27
2446133143,4659181449,4.78
4659181449,6394989264,7.27
6394989264,4659181450,11.41
4659181450,4659181451,3.14
4659181451,6394989265,2.91
2446133132,4659181458,11.73
4659181458,2446133132,11.73
4659181458,7435626411,16.29
7435626411,4659181458,16.29
7435626411,7435626410,4.26
7435626410,7435626411,4.26
7435626410,11738059502,3.62
11738059502,7435626410,3.62
11738059502,7435626409,17.39
7435626409,11738059502,17.39
7435626409,11738059496,9.45
11738059496,7435626409,9.45
11738059496,7435626408,9.05
7435626408,11738059496,9.05
7435626408,7435626407,19.99
7435626407,7435626408,19.99
4477128998,4659181460,13.26
4659181460,4477128998,13.26
4659181467,6392288163,11.14
6392288163,4659181467,11.14
6392288163,6392288165,6.14
6392288165,6392288163,6.14
6392288165,6392288164,7.21
6392288164,6392288165,7.21
6392288164,6392288161,10.50
6392288161,6392288164,10.50
6392288161,4659181464,18.77
4659181464,6392288161,18.77
4659181464,11738011649,12.39
11738011649,4659181464,12.39
11738011649,4659181463,3.34
4659181463,11738011649,3.34
4659181469,4659181468,23.05
4659181468,4659181469,23.05
4659181472,11107756412,16.59
11107756412,4659181472,16.59
11107756412,4659049186,4.70
4659049186,11107756412,4.70
4659181477,11439164298,4.83
11439164298,4659181477,4.83
11439164298,4659181476,19.26
4659181476,11439164298,19.26
4659181480,4659181479,12.10
4659181479,4659181480,12.10
4659181479,4659181478,43.26
4659181478,4659181479,43.26
4659181482,4659181481,27.24
4659181481,4659181482,27.24
6392270211,6392270214,11.45
6392270214,6392270211,11.45
6392270214,11738011654,10.56
11738011654,6392270214,10.56
4659334443,4659334442,35.47
4659334442,4659334443,35.47
4659334442,4659334441,26.57
4659334441,4659334442,26.57
4659334441,4659334440,29.21
4659334440,4659334441,29.21
4659334445,11182223531,34.19
11182223531,4659334445,34.19
11182223531,4659334444,4.37
4659334444,11182223531,4.37
4659334447,4659334446,27.92
4659334446,4659334447,27.92
4659335660,4659334456,6.19
4659334456,4659335660,6.19
4659334456,4659334447,16.95
4659334447,4659334456,16.95
4659334447,10060663615,3.95
10060663615,4659334447,3.95
10060663615,4659334455,6.44
4659334455,10060663615,6.44
4659334455,10060663614,20.13
10060663614,4659334455,20.13
10060663614,4659334454,1.76
4659334454,10060663614,1.76
4659334454,4659334453,4.07
4659334453,4659334454,4.07
4659334453,4659334452,5.58
4659334452,4659334453,5.58
4659334452,4659334451,4.95
4659334451,4659334452,4.95
4659334451,6950062560,4.98
6950062560,4659334451,4.98
6950062560,11173126809,2.87
11173126809,6950062560,2.87
11173126809,4659334450,2.73
4659334450,11173126809,2.73
4659334450,4659334449,7.10
4659334449,4659334450,7.10
4659334449,12177093864,4.05
12177093864,4659334449,4.05
12177093864,4659334448,39.56
4659334448,12177093864,39.56
4659335652,4659334473,7.09
4659334473,4659335652,7.09
4659334473,4659334472,8.81
4659334472,4659334473,8.81
4659334472,11182219591,6.78
11182219591,4659334472,6.78
11182219591,4659334471,9.14
4659334471,11182219591,9.14
4659334471,4659334466,12.02
4659334466,4659334471,12.02
4659334466,4659334465,19.26
4659334465,4659334466,19.26
4659334465,4659334464,5.47
4659334464,4659334465,5.47
4659334464,4659334463,11.23
4659334463,4659334464,11.23
4659334463,4659334462,7.58
4659334462,4659334463,7.58
4659334462,4659334461,5.78
4659334461,4659334462,5.78
4659334461,4659334460,7.92
4659334460,4659334461,7.92
4659334460,4659334458,12.70
4659334458,4659334460,12.70
6950062563,2751711252,10.66
2751711252,6950062563,10.66
2751711252,6950062564,10.31
6950062564,2751711252,10.31
6950062564,2751711253,10.15
2751711253,6950062564,10.15
2751711253,2751711255,10.88
2751711255,2751711253,10.88
11196822084,4659335661,24.19
4659335661,11196822084,24.19
4659335664,4659335663,31.74
4659335663,4659335664,31.74
4659335670,11182230947,9.56
11182230947,4659335670,9.56
11182230947,4659335669,3.02
4659335669,11182230947,3.02
4659335669,4659334445,15.38
4659334445,4659335669,15.38
4659334445,4659335667,5.25
4659335667,4659334445,5.25
4659335667,11182230940,10.51
11182230940,4659335667,10.51
11182230940,10060663611,8.57
10060663611,11182230940,8.57
10060663611,4659335666,4.91
4659335666,10060663611,4.91
4659335666,10060663612,4.08
10060663612,4659335666,4.08
1851757927,4659335672,14.33
4659335672,1851757927,14.33
4659335672,11361058287,7.81
11361058287,4659335672,7.81
11361058287,1851757926,5.63
1851757926,11361058287,5.63
1851757926,4659335671,17.17
4659335671,1851757926,17.17
4659335671,1842472111,24.32
1842472111,4659335671,24.32
4659336224,4659336223,25.30
4659336223,4659336224,25.30
4659336223,4659336219,21.59
4659336219,4659336223,21.59
4659336219,4659336218,22.22
4659336218,4659336219,22.22
4659336218,6950062549,2.84
6950062549,4659336218,2.84
6950062549,4659336217,2.74
4659336217,6950062549,2.74
4659336217,6950062550,2.61
6950062550,4659336217,2.61
6950062550,4659336216,2.97
4659336216,6950062550,2.97
4659336216,4659336213,22.42
4659336213,4659336216,22.42
4659336213,4659336212,79.59
4659336212,4659336213,79.59
4659336212,6373598394,23.64
6373598394,4659336212,23.64
4659336237,11196859486,6.17
11196859486,4659336237,6.17
11196859486,4659336236,3.22
4659336236,11196859486,3.22
4659336236,4659336235,12.29
4659336235,4659336236,12.29
4659336235,4659336234,13.28
4659336234,4659336235,13.28
4659336234,4659336233,40.77
4659336233,4659336234,40.77
4659336102,11196859484,6.37
11196859484,4659336102,6.37
11196859484,4659336101,31.58
4659336101,11196859484,31.58
4659336104,11196859483,6.32
11196859483,4659336104,6.32
11196859483,4659336103,25.56
4659336103,11196859483,25.56
1851757925,4659336117,18.20
4659336117,1851757925,18.20
4659336117,6950062553,4.71
6950062553,4659336117,4.71
6950062553,11361058278,11.25
11361058278,6950062553,11.25
11361058278,6950062552,3.25
6950062552,11361058278,3.25
6950062552,4659336116,3.10
4659336116,6950062552,3.10
4659336116,4659336115,26.89
4659336115,4659336116,26.89
4659336124,4659336123,23.46
4659336123,4659336124,23.46
4659336123,4659336119,11.99
4659336119,4659336123,11.99
6981894161,6981894164,23.58
6981894164,6981894161,23.58
6981894164,4659336132,5.58
4659336132,6981894164,5.58
4659336132,4659336131,4.01
4659336131,4659336132,4.01
4659336131,4659336130,4.15
4659336130,4659336131,4.15
4659336130,4659336129,21.65
4659336129,4659336130,21.65
4659336137,4659336136,33.85
4659336136,4659336137,33.85
4659336142,4659336140,25.55
4659336140,4659336142,25.55
4659336145,11386228858,2.38
11386228858,4659336145,2.38
11386228858,4659336144,21.05
4659336144,11386228858,21.05
4659181463,4659336161,44.67
4659336161,4659181463,44.67
5624428892,5624428893,19.72
5624428893,5624428892,19.72
5624428893,4659336163,9.97
4659336163,5624428893,9.97
4659336169,10079520418,18.03
10079520418,4659336169,18.03
10079520418,4659336167,2.24
4659336167,10079520418,2.24
4659336167,10079520419,1.90
10079520419,4659336167,1.90
10079520419,4659336164,17.08
4659336164,10079520419,17.08
3787420097,4659336176,8.33
4659336176,3787420097,8.33
4659336176,11137280371,20.89
11137280371,4659336176,20.89
11137280371,4659336169,7.15
4659336169,11137280371,7.15
4659336187,4659336186,4.81
4659336186,4659336187,4.81
4659336186,6872120916,19.65
6872120916,4659336186,19.65
6872120916,4659336185,1.75
4659336185,6872120916,1.75
1843574911,11115235807,9.64
11115235807,1843574911,9.64
11115235807,4658919291,9.54
4658919291,11115235807,9.54
1843574947,4658919290,14.75
4658919290,1843574947,14.75
4658919290,11115217855,13.54
11115217855,4658919290,13.54
11115217855,4658919289,13.78
4658919289,11115217855,13.78
4658919289,4659446909,4.04
4659446909,4658919289,4.04
4658919294,4659447131,26.87
4659447131,4658919294,26.87
4658919139,4658919141,25.78
4658919141,4658919139,25.78
4658919141,4659447209,24.72
4659447209,4658919141,24.72
1843574771,11341923782,4.52
11341923782,1843574771,4.52
11341923782,4659447218,2.93
4659447218,11341923782,2.93
4659447218,4659447217,4.53
4659447217,4659447218,4.53
4659447217,4659447216,3.03
4659447216,4659447217,3.03
4659447216,4659447210,7.96
4659447210,4659447216,7.96
1842472111,1851758297,23.60
1851757927,6950062555,18.08
6950062555,4659048799,37.14
4659048799,4659048800,8.21
4659048800,6373598040,29.58
6373598040,6373598041,5.67
6373598041,1851757928,4.79
1831366455,4659653891,6.67
4659653891,4659653892,5.25
4659653892,11386295718,12.43
11386295718,6950062565,7.71
6950062565,348103868,4.04
348103868,2450374643,6.15
4659653897,1859403464,2.92
1859403464,4659653897,2.92
4659653898,4659653897,9.32
4659653897,4659653898,9.32
4659653899,4659653898,11.16
4659653898,4659653899,11.16
5928916525,5349911781,10.63
5349911781,2446133132,28.01
12473464729,5624366425,8.75
5624366425,4658918421,24.63
4658918421,11738059503,16.99
11738059503,11738059493,25.10
11738059493,7435626407,26.01
7435626407,6326523269,60.21
6326523269,2446133148,17.52
2446133148,6373612296,32.59
6373612296,6419706159,9.60
6419706159,1851757544,10.56
6952833290,6883712845,28.84
6883712845,6952833290,28.84
6883712845,4658917566,23.56
4658917566,6883712845,23.56
4664234409,5896601845,22.96
5896601845,4664234409,22.96
5896601845,559762642,6.08
559762642,5896601845,6.08
4664234505,5324012247,10.07
5324012247,4664234505,10.07
5324012247,5324012248,10.61
5324012248,5324012247,10.61
5324012248,4664234504,19.87
4664234504,5324012248,19.87
11006666503,12985459157,43.39
12985459157,11006666503,43.39
12985459157,6317624539,1.63
6317624539,12985459157,1.63
6317624539,4535748139,5.40
4535748139,6317624539,5.40
4535748139,6879759314,8.17
6879759314,4535748139,8.17
4668094232,5876964744,56.28
5876964744,4668094232,56.28
5876964744,4668094231,55.79
4668094231,5876964744,55.79
4668094235,4668094700,72.37
4668094700,4668094235,72.37
4668094701,4668094700,39.96
4668094700,4668094701,39.96
4668094701,4668094699,27.45
4668094699,4668094701,27.45
4668094702,4668094701,25.64
4668094701,4668094702,25.64
4668094237,4668092964,5.38
4668092964,4668094237,5.38
4668092964,4668092965,3.12
4668092965,4668092964,3.12
4668092965,4668092967,58.59
4668092967,4668092965,58.59
4668092967,6959195361,10.02
6959195361,4668092967,10.02
4668094705,11201005888,7.17
11201005888,4668094705,7.17
11201005888,4668094704,5.77
4668094704,11201005888,5.77
4668094718,4668094717,42.77
4668094717,4668094718,42.77
4668094717,5876964262,1.42
5876964262,4668094717,1.42
5876964262,5876964264,1.50
5876964264,5876964262,1.50
5876964264,5876964263,1.16
5876964263,5876964264,1.16
5876964263,4668094716,1.42
4668094716,5876964263,1.42
4668094716,5876964265,1.15
5876964265,4668094716,1.15
5876964265,5876964267,1.53
5876964267,5876964265,1.53
5876964267,5876964266,0.91
5876964266,5876964267,0.91
5876964266,4668094715,1.17
4668094715,5876964266,1.17
4668094715,4668094714,3.32
4668094714,4668094715,3.32
4668094714,4668094713,58.79
4668094713,4668094714,58.79
4668094713,5876964275,1.73
5876964275,4668094713,1.73
5876964275,5876964276,1.93
5876964276,5876964275,1.93
5876964276,4668094712,1.69
4668094712,5876964276,1.69
4668094712,5876964277,1.36
5876964277,4668094712,1.36
5876964277,4668094711,1.45
4668094711,5876964277,1.45
4668094711,5876964278,1.69
5876964278,4668094711,1.69
5876964278,4668094710,1.63
4668094710,5876964278,1.63
4668094710,5876964280,2.42
5876964280,4668094710,2.42
5876964280,5876964279,1.39
5876964279,5876964280,1.39
5876964279,4668094709,1.07
4668094709,5876964279,1.07
4668094709,5876964281,2.25
5876964281,4668094709,2.25
5876964281,5876964282,2.40
5876964282,5876964281,2.40
5876964282,5876964283,5.10
5876964283,5876964282,5.10
5876964283,5876964284,10.16
5876964284,5876964283,10.16
5876964284,5876964687,113.95
5876964687,5876964284,113.95
5876964687,4668094708,7.52
4668094708,5876964687,7.52
4668094708,4668094232,8.97
4668094232,4668094708,8.97
4668094232,4668094237,16.21
4668094237,4668094232,16.21
4668094237,6959195361,65.77
6959195361,4668094237,65.77
6959195361,4668094706,6.79
4668094706,6959195361,6.79
1842449675,4779405644,68.48
4779405644,1842449675,68.48
4935906319,6274653384,3.78
6274653384,1458030822,15.71
11985900623,11985900621,0.94
11985900621,11985900617,25.33
2619566928,6285928895,4.08
6285928895,6285928894,3.74
6285928894,6274653585,5.65
6274653585,4935907421,3.59
11985900620,11985900622,26.00
4545060663,6946764695,17.78
6946764695,4647391638,83.44
1842453933,6185054980,16.15
6185054980,6185054979,14.75
6185054979,6185054978,26.65
6185054978,2987973040,42.91
5304615093,2450376655,29.97
2450376655,4659335670,57.40
4659335670,283578977,34.34
283578977,6185054981,17.18
6185054981,1842453933,16.98
10977848197,5046750026,37.25
5046750026,10977848197,37.25
5046750026,6981864087,28.39
6981864087,5046750026,28.39
6981864087,6981864086,29.07
6981864086,6981864087,29.07
5151756052,11182219608,7.57
11182219608,5151756052,7.57
11182219608,2488150010,6.50
2488150010,11182219608,6.50
5151756054,5151756053,7.38
5151756055,5151756054,21.12
5151756053,4659334478,12.09
4659334478,4659334479,11.32
4659334479,12582804979,2.69
12582804979,4659335651,26.48
4659335651,4659335652,14.83
4652898071,4652898079,15.01
4652898079,4652898071,15.01
4652898080,5188359726,8.72
5188359726,4652898080,8.72
5257900455,5257900447,9.92
5257900447,5257900455,9.92
5257900448,5257900447,12.33
5257900447,5257900448,12.33
5257900455,5257900449,5.29
5257900449,5257900455,5.29
5257900449,5257900450,4.94
5257900450,5257900449,4.94
5257900450,5257900451,9.11
5257900451,5257900450,9.11
5257900449,5257900452,12.10
5257900452,5257900449,12.10
4839956534,5257900453,13.30
5257900453,4839956534,13.30
5257900453,5257900454,1.28
5257900454,5257900453,1.28
5257900454,5257900452,1.25
5257900452,5257900454,1.25
5257900454,4668094198,13.70
4668094198,5257900454,13.70
5257900455,4839956534,3.34
4839956534,5257900455,3.34
4839956534,5257900456,5.35
5257900456,4839956534,5.35
5257900456,5257900457,4.56
5257900457,5257900456,4.56
5257900457,5257900458,4.14
5257900458,5257900457,4.14
1842457401,6185054850,3.21
6185054850,1842457401,3.21
6185054850,6185054849,3.20
6185054849,6185054850,3.20
6185054849,1842457394,3.21
1842457394,6185054849,3.21
1842457394,2488151217,3.20
2488151217,1842457394,3.20
2488151217,6178745126,3.20
6178745126,2488151217,3.20
6178745126,6949961501,3.57
6949961501,6178745126,3.57
6949961501,6185054857,3.57
6185054857,6949961501,3.57
6185054857,5887776765,3.56
5887776765,6185054857,3.56
5887776765,6949961506,3.57
6949961506,5887776765,3.57
6949961506,2488151219,3.56
2488151219,6949961506,3.56
2488151219,1842457374,2.40
1842457374,2488151219,2.40
6333089680,1876389439,47.97
1876389439,6333089680,47.97
1876389439,6333089679,15.96
6333089679,1876389439,15.96
6333089679,258169545,14.94
258169545,6333089679,14.94
4546765743,4653387768,2.62
4653387768,4546765750,3.88
5295338285,5295338280,2.69
5295338280,5295338281,5.49
5295338281,5295338282,6.45
5295338282,5295338284,6.29
11076088608,4546765738,2.26
4546765738,4546765739,2.44
4546765739,4546765740,2.44
4546765740,4546765741,2.08
4546765741,4546765742,2.10
4546765742,11076088607,2.20
4546765751,4546765749,6.43
10909673431,5304933857,84.14
5304933857,10909673422,22.59
10909673422,6879759328,59.48
6879759328,2276695579,2.86
2445896999,4637480033,4.92
4637480033,2445896999,4.92
4932022921,4932022616,12.28
5297403659,5306537852,57.08
5306537852,1842446710,49.20
4545057902,4545057904,7.69
1840275660,6879759304,5.29
6879759304,5306289766,39.83
5306289766,11115279307,58.13
11115279307,5297635246,23.39
1840291109,4553150955,26.45
4553150955,5329339851,21.49
5329339851,4655259354,22.26
4655259354,4578288285,40.24
4578288285,4578288254,6.86
4578288254,6882779602,23.75
6882779602,4578288248,26.95
4578288248,6882779600,25.14
1458030822,4547969108,10.40
4547969108,8511357457,8.71
8511357457,1840275709,5.74
1840275709,6327773246,17.27
4646142414,6315664559,48.78
6315664559,4646142414,48.78
6315664559,13006951411,6.66
13006951411,6315664559,6.66
13006951411,4642110498,1.58
4642110498,13006951411,1.58
4642110498,13162002736,6.42
13162002736,4642110498,6.42
5295450787,11076210339,7.34
11076210339,6872030811,27.48
6872030811,1851805076,13.74
1851805076,8421567158,55.62
8421567158,1458030854,28.44
4546765750,11076088607,5.14
11076088607,6883198027,20.65
6883198027,4653387767,30.30
4655258630,11076088608,31.85
11076088608,4546765751,4.81
1851759900,6872030813,31.53
6872030813,11076210361,21.54
11076210361,5295845233,37.26
5295845233,10991139370,2.66
10991139370,258208560,50.60
4653387754,12095683123,11.26
12095683123,12095683127,16.39
12095683127,11076203749,25.24
11076203749,2450381820,20.14
2450381820,5336036733,35.91
5336036733,4553151252,5.96
4553151252,2450381821,4.85
2450381821,5295450787,37.42
2750325386,12582818037,33.51
12582818037,1851759900,35.88
1458030854,6872030803,15.37
6872030803,12992177530,10.94
12992177530,1458030848,2.79
4546765760,6872030802,13.25
6872030802,2750325386,12.55
5336036721,5899335477,5.72
5899335477,5336036721,5.72
5899335477,1851759901,6.74
1851759901,5899335477,6.74
4547967328,4547969128,25.61
4546765749,11076088605,5.98
11076088605,4553150231,22.82
4653384364,11076088606,74.06
11076088606,4546765743,6.04
4655549892,4655549891,16.90
4655549891,4655549892,16.90
4655549891,4655547988,10.65
4655547988,4655549891,10.65
4655547988,4655547987,4.49
4655547987,4655547988,4.49
4655547987,5920586132,6.38
5920586132,4655547987,6.38
5920586132,4655549728,6.12
4655549728,5920586132,6.12
4655549728,4655549727,6.03
4655549727,4655549728,6.03
4655549727,4655549726,3.17
4655549726,4655549727,3.17
4655549726,5920586131,3.38
5920586131,4655549726,3.38
5920586131,6946165110,2.69
6946165110,5920586131,2.69
15461439,5340791427,25.40
5340791427,4652187235,4.22
4652187235,15460447,7.68
15460447,1843574856,92.51
1841669000,5304961336,32.28
5304961336,4623649493,43.25
4623649493,11360972267,82.31
11360972267,4623439296,64.53
4623439296,2446824080,17.72
2446824080,11360992081,37.21
11360992081,1844583083,9.26
1844583083,1947769450,18.80
1947769450,5304961334,13.34
5304961334,4623438279,103.07
4623438279,1947769210,24.29
1947769210,12621406978,37.59
12621406978,6886833125,7.02
5297635245,6274653619,9.06
6274653619,4639470044,8.79
4639470044,1840275662,9.99
1840275662,4639469575,10.62
4639469575,1840275536,10.85
1840275536,1840275682,22.38
1840275682,1840275668,13.31
5297403661,12997137336,82.56
12997137336,4551140753,3.60
4551140753,1843028658,6.92
2425361198,4628694376,3.12
4628694376,5861159461,4.42
5861159461,2425361199,4.61
2425361199,5861159460,5.73
5861159460,5348130446,4.40
5348130446,2425361200,8.04
4623649414,11769866130,27.81
11769866130,4623649414,27.81
11769866130,4623649413,8.27
4623649413,11769866130,8.27
4623649411,5297437901,8.60
5297437901,4623649411,8.60
5297437901,5348130450,2.80
5348130450,5297437901,2.80
5348130450,11196859466,7.83
11196859466,5348130450,7.83
11196859466,4623329055,5.04
4623329055,11196859466,5.04
1850614899,5297437905,7.00
5297437905,1850614899,7.00
5297437905,5297437907,6.52
5297437907,5297437905,6.52
5297437907,4623649164,29.70
4623649164,5297437907,29.70
4623649164,4623649411,4.76
4623649411,4623649164,4.76
4545057854,5304961337,70.01
5304961337,4623329055,20.71
559762636,6946764706,15.18
6946764706,559762636,15.18
6946764706,7938266011,5.06
7938266011,6946764706,5.06
7938266011,6946764714,13.60
6946764714,7938266011,13.60
6946764714,4545057860,12.36
4545057860,6946764714,12.36
4545057860,15492719,8.34
15492719,4545057860,8.34
4647391638,7938265988,38.46
7938265988,4545057861,42.33
4545057861,15492719,10.24
6419712509,6419712515,10.22
9061715924,5349911781,2.98
5349911781,9061715924,2.98
6981894147,5349962047,11.74
5349962047,6981894147,11.74
5349962047,6864718451,19.83
6864718451,5349962047,19.83
6864718451,5349962048,6.12
5349962048,6864718451,6.12
1843574674,4655549893,8.45
4655549893,1843574674,8.45
2608865187,6178380343,3.96
6178380343,2608865187,3.96
6178380343,1851805073,23.29
1851805073,6178380343,23.29
4658918341,5624228729,17.83
5624228729,4658918341,17.83
6338090231,6338090230,11.37
6338090230,6338090231,11.37
1843575180,4658918326,3.72
4658918326,5624473246,29.63
5624473246,4658918347,12.09
4658918347,5624473248,14.41
5624473248,5624473249,6.06
5624473249,5624473263,3.39
5624473263,1843575000,3.28
1843575000,5624473264,4.49
5624473264,1843575114,2.73
1843575114,5624473265,2.99
5624473265,5624473266,2.39
5624473266,5624404819,2.27
5624404819,5624473267,3.68
5624473267,1843574988,3.62
1843574988,5624473268,9.26
5624473268,1843575145,13.14
1843575145,5624473269,4.16
5624473269,11384694886,10.16
11384694886,1843574925,6.72
1843574925,1843574912,12.15
1843574912,1843574928,24.83
1843574928,11384674168,4.58
11384674168,11384674166,17.83
11384674166,1843574765,2.27
5629388889,6394989091,75.33
6394989091,5629388889,75.33
5629388891,5629388889,8.79
5629388889,5629388891,8.79
4668094235,5876964739,18.53
5876964739,4668094235,18.53
15460830,8234683398,7.59
8234683398,15460830,7.59
8234683398,5885169846,61.05
5885169846,8234683398,61.05
6274653705,6883585603,178.22
6883585603,6274653705,178.22
6883585603,6882646808,119.49
6882646808,6883585603,119.49
6882646808,6238462681,13.60
6238462681,6882646808,13.60
6238462681,6882646807,16.98
6882646807,6238462681,16.98
6882646807,5885533053,145.04
5885533053,6882646807,145.04
5885533053,5911205384,118.09
5911205384,5885533053,118.09
5893074239,6315664503,12.71
6315664503,5893074239,12.71
5893077238,5893074242,4.81
5893074242,5893077238,4.81
5893074242,6288191055,2.44
6288191055,5893074242,2.44
6288191055,5893074241,2.12
5893074241,6288191055,2.12
5893074241,10137552620,54.03
10137552620,5893074241,54.03
10137552620,5893074240,18.55
5893074240,10137552620,18.55
15493356,2608908195,7.72
2608908195,429650399,11.43
429650399,4551191466,45.79
4551191466,11173184081,37.58
11173184081,8134359700,35.20
8134359700,8134359699,27.62
8134359699,15460830,43.42
6810257170,7961253073,2.54
7961253073,6810257170,2.54
7961253073,7961253072,2.58
7961253072,7961253073,2.58
7961253072,5893133730,3.49
5893133730,7961253072,3.49
5893133730,6988049249,18.72
6988049249,5893133730,18.72
6988049249,8134359698,24.08
8134359698,6988049249,24.08
8134359698,5893133726,30.35
5893133726,8134359698,30.35
5893133726,5893133725,7.66
5893133725,5893133726,7.66
5893133725,5885169846,6.10
5885169846,5893133725,6.10
5885169846,5893133724,7.05
5893133724,5885169846,7.05
5893133724,5893133723,6.47
5893133723,5893133724,6.47
5893133723,5893133722,6.34
5893133722,5893133723,6.34
5893133722,5893133720,19.13
5893133720,5893133722,19.13
5893133720,5893133719,9.08
5893133719,5893133720,9.08
5893133719,1831366449,21.27
1831366449,5893133719,21.27
6871084182,5893133791,13.41
5893133791,5893133542,2.50
5893133542,6274653652,1.24
6274653652,1843028658,8.06
3992584226,3992584224,6.22
3992584224,3992584226,6.22
5893133679,5893133731,16.70
5893133731,5893133679,16.70
5893133731,4646142414,10.49
4646142414,5893133731,10.49
2379587382,4621152339,8.57
1840275460,5899335448,37.10
5899335448,5899335447,12.80
5899335447,5899335446,15.30
5899335446,5899335445,9.46
5899335445,6274653609,2.14
6274653609,5899335444,2.66
5899335444,5899335443,6.91
5899335443,5899335442,6.46
5899335442,6327773246,14.25
6882114096,6274653601,11.53
6274653601,6882114096,11.53
6274653601,6872030823,200.93
6872030823,6274653601,200.93
6872030823,6872030816,9.30
6872030816,6872030823,9.30
6872030816,6872030818,44.85
6872030818,6872030816,44.85
6872030818,5899335484,50.53
5899335484,6872030818,50.53
5899335484,10991179709,10.79
10991179709,5899335484,10.79
10991179709,5899335483,3.07
5899335483,10991179709,3.07
5899335483,5899335482,14.01
5899335482,5899335483,14.01
5899335482,5899335481,10.86
5899335481,5899335482,10.86
5899335481,5899335480,8.67
5899335480,5899335481,8.67
5899335480,5899335479,7.20
5899335479,5899335480,7.20
5899335479,6872030814,4.47
6872030814,5899335479,4.47
6872030814,5899335478,8.06
5899335478,6872030814,8.06
5899335476,6285928890,3.33
6285928890,5899335476,3.33
6285928890,5899335475,15.48
5899335475,6285928890,15.48
5899335475,6872030812,111.26
6872030812,5899335475,111.26
6872030812,6872030808,127.70
6872030808,6872030812,127.70
6872030808,6178479121,60.81
6178479121,6872030808,60.81
6178479121,4546765740,6.13
4546765740,6178479121,6.13
4546765740,4546765746,11.33
4546765746,4546765740,11.33
4546765746,6178479122,4.41
6178479122,4546765746,4.41
6178479122,6879269153,91.51
6879269153,6178479122,91.51
6879269153,6879269152,108.89
6879269152,6879269153,108.89
6879269152,5899335449,3.43
5899335449,6879269152,3.43
5899335449,6831643383,3.48
6831643383,5899335449,3.48
6892181563,2608865179,9.48
11117945029,6892181563,10.68
2618516885,2618516881,22.22
2618516881,2618516885,22.22
5924006874,5924006876,18.90
5924006876,5924006874,18.90
5924006877,6394989101,3.72
6394989101,5924006877,3.72
6394989101,5924006875,3.25
5924006875,6394989101,3.25
5924006875,6394989097,3.68
6394989097,5924006875,3.68
6394989097,6394989096,3.52
6394989096,6394989097,3.52
5924006876,5924006877,12.18
5924006877,5924006876,12.18
10977923745,10977923749,57.19
10977923749,10977923745,57.19
10977923749,5924017729,18.61
5924017729,10977923749,18.61
5924017729,5924017730,74.08
5924017730,5924017729,74.08
2445916136,11245457127,8.62
11245457127,2445916136,8.62
11245457127,5924017726,89.71
5924017726,11245457127,89.71
6024782086,6307602823,6.86
6307602823,6024782085,77.19
6024782085,6307580787,5.42
6307580787,6024782170,10.78
6024782170,6024781884,7.85
6024782099,6024812296,16.06
6024812296,6024781816,5.05
6024781816,6307566073,3.18
6307566073,6307566072,3.23
6307566072,6024782094,5.05
6024782094,6024782093,71.91
4623649161,6159133305,6.57
6159133305,4623649161,6.57
6159133305,4623649160,14.79
4623649160,6159133305,14.79
4623649160,5324432285,7.33
5324432285,4623649160,7.33
5324432285,4623649159,8.62
4623649159,5324432285,8.62
4623649159,4623649158,22.81
4623649158,4623649159,22.81
4621152078,6159133309,19.98
6159133309,4621152078,19.98
2379587295,2379587065,68.85
2379587065,2379587295,68.85
2379587065,10977904626,42.68
10977904626,2379587065,42.68
10977904626,10977904627,11.44
10977904627,10977904626,11.44
10977904627,10977904628,38.96
10977904628,10977904627,38.96
10977904628,10977904629,24.87
10977904629,10977904628,24.87
1843039343,6442256744,5.54
6442256744,1843039343,5.54
4653389025,4653389014,21.58
4653389014,4653389025,21.58
6178380291,6178380293,5.01
6178380293,6178380291,5.01
6178380293,2608876435,15.44
2608876435,6178380293,15.44
2608876435,2608876441,3.58
2608876441,2608876435,3.58
2608876441,6178380289,2.06
6178380289,2608876441,2.06
6178380289,6178380290,1.79
6178380290,6178380289,1.79
6178380290,2608876442,6.56
2608876442,6178380290,6.56
6178380311,6178380312,5.18
6178380312,6178380311,5.18
6178380312,6178380313,3.07
6178380313,6178380312,3.07
6178380313,6178380314,3.25
6178380314,6178380313,3.25
6178380314,6178380315,3.40
6178380315,6178380314,3.40
6178380315,6178380316,3.07
6178380316,6178380315,3.07
1844598931,6938359618,22.74
6938359618,11985182591,21.86
11985182591,6178479191,7.93
6178479191,6938359617,31.60
6938359617,2608876433,3.63
6178380338,6178380337,4.64
6178380337,6178380338,4.64
6178380337,6178380336,4.33
6178380336,6178380337,4.33
6178380336,6178380335,3.67
6178380335,6178380336,3.67
6178380335,6178380334,2.79
6178380334,6178380335,2.79
6178380334,6178380333,2.24
6178380333,6178380334,2.24
6178380333,6178380332,2.17
6178380332,6178380333,2.17
6178380332,6178380331,2.46
6178380331,6178380332,2.46
4370965307,6886477078,4.70
6886477078,2400544807,26.73
2400544807,6178380353,5.83
6178380353,1851805070,47.22
6178380377,6178380376,12.83
6178380376,6178380377,12.83
4653384384,4653384383,13.01
4653384383,4653384384,13.01
4653384386,4653384385,20.25
4653384385,4653384386,20.25
6178478638,6178478635,11.93
6178478635,6178478638,11.93
6178478635,2418944807,19.94
2418944807,6178478635,19.94
2418944807,11117937456,11.97
11117937456,2418944807,11.97
11117937456,4653148269,6.84
4653148269,11117937456,6.84
4653148269,4652898400,12.46
4652898400,4653148269,12.46
5899335478,5899335477,9.61
5899335477,5899335478,9.61
5899335477,5899335476,6.52
5899335476,5899335477,6.52
4547967325,5336036724,14.69
5336036724,4547967325,14.69
5336036724,5336036725,4.75
5336036725,5336036724,4.75
5336036725,4547967331,6.69
4547967331,5336036725,6.69
4653389034,6938359612,11.42
6938359612,4653389034,11.42
6938359612,4653389030,16.00
4653389030,6938359612,16.00
4653389052,10991126385,7.58
10991126385,4653389052,7.58
10991126385,4653389054,8.33
4653389054,10991126385,8.33
4653389054,4653389055,16.19
4653389055,4653389054,16.19
1844585944,4547969127,17.52
4547969127,4547969126,14.56
6178479183,4653389016,24.64
4653389016,6178479183,24.64
6178479192,6178479193,37.10
6178479193,6178479192,37.10
5887776773,10577260995,5.76
10577260995,5887776773,5.76
10577260995,6178745134,2.71
6178745134,10577260995,2.71
6178745134,10577260996,3.96
10577260996,6178745134,3.96
10577260996,6949961497,6.13
6949961497,10577260996,6.13
6949961497,6302658579,5.73
6302658579,6949961497,5.73
6178745124,10577260992,4.61
10577260992,10577260993,2.56
10577260993,10577260994,3.72
10577260994,6178745111,5.38
6178745111,6949961498,3.16
6949961498,2488151219,9.70
5887776773,10577270854,3.68
10577270854,5887776773,3.68
10577270854,10577270853,2.82
10577270853,10577270854,2.82
10577270853,6178745124,3.47
6178745124,10577270853,3.47
6178745124,10577260991,2.01
10577260991,6178745124,2.01
10577260991,10577260990,2.02
10577260990,10577260991,2.02
10577260990,4659049060,1.56
4659049060,10577260990,1.56
6178745126,6178745127,3.35
6178745127,6949961499,2.72
6949961499,6178745128,2.67
6178745128,10577284694,4.37
10577284694,5887776773,4.04
6236718710,6236718711,2.63
6236718711,6236718710,2.63
6238462942,6238462943,29.76
6238462943,6238462942,29.76
1851759904,4553151344,4.36
4553151344,1851759904,4.36
4553151344,10991139368,2.69
10991139368,4553151344,2.69
10991139368,4655273847,27.82
4655273847,10991139368,27.82
4655273847,1946518284,32.44
1946518284,4655273847,32.44
1946518284,1946518729,20.70
1946518729,1946518284,20.70
1946518729,2750321414,10.47
2750321414,1946518729,10.47
1851759925,10991139337,5.45
10991139337,4553151338,0.38
4553151338,4553150243,41.12
4553150243,10991139404,3.35
10991139404,4553151339,6.47
4553151339,10991139392,12.26
10991139392,1851759917,11.50
1851759917,10991149407,6.28
10991149407,4553151340,22.93
4553151340,1851759904,47.87
6238463127,6238463128,32.73
6238463128,6238463127,32.73
4549559890,6238463126,3.11
6238463126,4549559890,3.11
6238463126,6238463127,4.24
6238463127,6238463126,4.24
2379587032,2379587363,10.59
2379587363,2379587032,10.59
5911205384,6241445161,3.62
6241445161,5911205384,3.62
6241445161,6307602812,21.97
6307602812,6241445161,21.97
6307602812,6241445155,2.31
6241445155,6307602812,2.31
6241445155,10162768389,1.28
10162768389,6241445155,1.28
10162768389,10162768392,1.37
10162768392,10162768389,1.37
10162768392,10162768390,1.36
10162768390,10162768392,1.36
10162768390,10162768391,1.53
10162768391,10162768390,1.53
10162768391,6241445154,1.64
6241445154,10162768391,1.64
6241445154,6879759323,2.20
6879759323,6241445154,2.20
6879759323,6241445147,22.22
6241445147,6879759323,22.22
6241445147,5911205384,3.16
5911205384,6241445147,3.16
6241445175,10983294948,29.55
10983294948,6241445175,29.55
10983294948,6241445174,3.94
6241445174,10983294948,3.94
6241445182,4578288231,4.70
4578288231,6241445182,4.70
6241445183,6241445182,15.28
6241445182,6241445183,15.28
6241445184,6241445183,10.32
6241445183,6241445184,10.32
2173401290,6274653340,6.86
4551140748,6949961492,4.67
6949961492,4551140748,4.67
6949961492,4555708981,21.34
4555708981,6949961492,21.34
6274653366,6274653365,1.56
6274653365,6274653366,1.56
6274653365,4551140746,10.15
4551140746,6274653365,10.15
4551140746,6274653363,7.84
6274653363,4551140746,7.84
6274653363,6274653346,28.53
6274653346,6274653345,40.90
6274653345,11216197781,2.52
11216197781,11216197780,3.43
11216197780,11216197779,2.31
11216197779,6274653343,36.59
6274653343,6274653341,9.27
6274653341,6274653340,21.72
6274653340,6482926530,48.33
6482926530,6274653339,12.26
6274653349,6274653348,6.20
6274653348,6274653347,6.42
6274653347,4551140749,10.13
6274653351,6274653350,3.03
6274653350,6274653351,3.03
6274653350,4551140747,11.68
4551140747,6274653350,11.68
4551140747,6274653339,6.57
6274653339,4551140747,6.57
6274653339,6274653349,3.63
6274653349,6274653339,3.63
2619566928,4547969109,10.89
4547969109,6882114094,20.23
6882114094,5295456414,19.19
6274653382,6274653381,10.42
6274653381,6274653380,18.12
6274653380,6274653379,7.47
6274653379,6274653378,4.27
6274653378,6274653377,1.24
6274653377,6274653376,2.27
6274653376,6274653375,1.44
6274653375,6274653374,2.59
6274653374,6274653373,16.85
6274653373,6274653372,13.73
6274653372,6274653371,5.76
6274653371,6274653370,5.21
6274653370,6274653369,4.41
6274653369,6274653633,2.30
6274653599,6274653598,1.85
6274653598,6274653599,1.85
6274653598,6274653597,2.01
6274653597,6274653598,2.01
6274653597,2932707225,2.29
2932707225,6274653597,2.29
2932707225,6274653595,3.01
6274653595,2932707225,3.01
6274653595,4547969109,8.99
4547969109,6274653595,8.99
4547969109,6274653586,10.92
6274653586,4547969109,10.92
6274653586,6274653591,1.36
6274653591,6274653586,1.36
6274653591,5893077043,2.65
5893077043,6274653591,2.65
6274653610,6274653609,4.18
6274653609,6274653610,4.18
6274653609,6274653368,5.15
6274653368,6274653609,5.15
6274653368,1840275614,9.13
1840275614,6274653368,9.13
1840275614,6274653604,11.29
6274653604,1840275614,11.29
6274653604,6274653382,2.07
6274653382,6274653604,2.07
1840275668,6274653618,16.96
6274653618,6274653617,6.79
6274653617,6274653616,5.10
6274653616,6274653615,5.46
6274653615,6274653614,2.93
6274653614,6274653613,4.29
6274653613,6274653612,3.11
6274653612,6274653611,4.48
6274653611,6274653621,9.90
1840275642,5893133541,10.00
5893133541,4655515774,61.60
6274653625,6274653624,4.35
6274653624,6274653625,4.35
6274653624,6274653623,5.75
6274653623,6274653624,5.75
6274653623,6274653622,7.73
6274653622,6274653623,7.73
6274653622,6274653749,1.71
6274653749,6274653622,1.71
6274653731,6274653630,2.19
6274653630,6274653731,2.19
6274653630,6274653614,1.08
6274653614,6274653630,1.08
6274653614,6274653629,0.67
6274653629,6274653614,0.67
6274653629,6274653628,2.35
6274653628,6274653629,2.35
6274653628,6274653625,0.96
6274653625,6274653628,0.96
6274653625,6274653627,1.46
6274653627,6274653625,1.46
6274653627,4547969112,5.95
4547969112,6274653627,5.95
4547969112,2556931359,5.19
2556931359,4547969112,5.19
2556931359,6274653633,1.10
6274653633,2556931359,1.10
6274653653,4551140753,8.01
4551140753,6274653653,8.01
4551140753,6274653702,9.17
6274653702,4551140753,9.17
6274653702,6274653703,2.23
6274653703,6274653702,2.23
6274653703,6274653704,6.91
6274653704,6274653703,6.91
6274653704,6274653705,7.35
6274653705,6274653704,7.35
6274653705,6274653706,8.56
6274653706,6274653705,8.56
6274653706,2941446080,5.19
2941446080,6274653706,5.19
2941446080,6274653707,4.88
6274653707,2941446080,4.88
6274653707,6274653708,2.10
6274653708,6274653707,2.10
6274653708,5893133541,9.10
5893133541,6274653708,9.10
5893133541,6274653651,8.20
6274653651,5893133541,8.20
6949961517,6274653659,7.25
6274653659,6274653660,7.77
6274653660,6274653661,11.04
6274653661,6274653662,9.71
6274653662,6274653663,6.15
6274653663,6274653664,6.41
6274653664,6274653665,5.40
6274653665,6274653671,2.54
6274653671,6274653666,2.08
6274653666,6274653667,2.00
6274653667,6274653668,2.99
4551140759,6274653672,10.09
6274653672,4551140759,10.09
6274653672,6274653671,1.94
6274653671,6274653672,1.94
4555708981,6274653675,13.01
6274653675,6274653676,5.80
6274653676,6274653677,5.75
6274653677,6274653678,4.27
6274653678,6274653679,5.13
6274653679,6274653680,3.20
6274653680,6274653681,4.85
6274653681,6274653682,3.81
6274653682,6274653683,4.80
6274653683,6274653684,4.57
6274653684,6274653685,4.04
6274653685,6274653686,4.98
6274653686,6274653687,22.04
6274653687,6274653688,5.95
6274653688,6274653689,8.44
6274653689,6274653690,8.31
6274653690,6274653691,17.59
6274653691,6274653692,4.11
6274653692,6274653693,5.58
6274653693,6274653694,16.59
6274653694,6274653695,4.05
6274653695,6274653696,8.59
6274653696,6274653697,18.25
6274653697,6274653698,15.16
6274653698,6274653699,15.83
6274653699,6274653700,5.42
6274653700,6274653701,6.52
6274653701,6274653702,2.27
6274653736,6274653751,9.86
6274653751,6274653750,3.71
6274653750,6274653749,3.74
6274653749,6274653748,2.50
6274653748,6274653747,2.59
6274653747,6274653746,4.88
6274653746,6274653745,3.92
6274653745,6274653744,5.36
6274653744,6274653743,21.44
6274653743,6274653742,12.65
6274653742,6274653741,4.48
6274653741,6274653740,2.29
6274653740,6274653739,3.94
6274653739,6274653738,3.12
6274653738,6274653737,2.48
6274653737,6274653610,1.56
2418944842,10069948194,7.85
10069948194,2418944842,7.85
10069948194,2445896970,3.08
2445896970,10069948194,3.08
2445896970,10069948195,2.51
10069948195,2445896970,2.51
10069948195,10968380045,90.89
10968380045,10069948195,90.89
10968380045,6407026334,4.59
6407026334,10968380045,4.59
6407026334,2445896971,11.60
2445896971,6407026334,11.60
6278068908,6278068909,21.17
6278068909,6278068908,21.17
6278068909,6278068910,8.59
6278068910,6278068909,8.59
6278068910,6278068907,34.83
6278068907,6278068910,34.83
2418944842,6278068911,30.71
6278068911,2418944842,30.71
6278068911,6278068910,23.44
6278068910,6278068911,23.44
6278068913,10069948189,3.77
10069948189,6278068913,3.77
10069948189,6315664534,3.66
6315664534,10069948189,3.66
6315664534,10010935826,12.64
10010935826,6315664534,12.64
10010935826,429650398,44.83
429650398,10010935826,44.83
11117835883,1458030848,4.85
1458030848,11117835883,4.85
1458030848,6285928890,5.91
6285928890,1458030848,5.91
6285928890,4546765760,6.39
4546765760,6285928890,6.39
4546765760,11117835884,3.83
11117835884,4546765760,3.83
6274653368,4547969108,8.83
4547969108,6274653368,8.83
4547969108,6274653601,6.10
6274653601,4547969108,6.10
6274653601,4546765758,5.97
4546765758,6274653601,5.97
4546765758,6274653599,5.65
6274653599,4546765758,5.65
6288191048,6315664515,2.69
6315664515,6288191048,2.69
6315664515,6315664449,2.16
6315664449,6315664515,2.16
6315664449,6315664448,3.89
6315664448,6315664449,3.89
6315664448,6315664446,4.60
6315664446,6315664448,4.60
6315664446,10966454165,33.25
10966454165,6315664446,33.25
10966454165,6315664445,9.12
6315664445,10966454165,9.12
6288191051,4545057822,7.71
4545057822,6288191051,7.71
4545057822,4545057823,9.72
4545057823,4545057822,9.72
4545057823,11119832244,5.37
11119832244,4545057823,5.37
11119832244,6288191050,3.80
6288191050,11119832244,3.80
6288191053,4545057825,6.80
4545057825,6288191053,6.80
4545057825,4545060661,9.94
4545060661,4545057825,9.94
4545060661,6315664538,6.86
6315664538,4545060661,6.86
6288400348,4545057684,2.74
4545057684,15494016,6.38
6288400347,6288400348,33.02
4545060029,6288400349,4.16
6288400349,4545060029,4.16
6288400350,4545057683,6.40
4545057683,6288400350,6.40
4545057683,6288400351,9.73
6288400351,4545057683,9.73
6288400349,4548140912,84.15
4548140912,6288400349,84.15
4548140912,4548140898,74.34
4548140898,4548140912,74.34
4548140898,6288400373,59.39
6288400373,4548140898,59.39
6288400373,6288400367,35.45
6288400367,6288400373,35.45
6288400367,6288400372,6.47
6288400372,6288400367,6.47
6288400372,6288400366,10.83
6288400366,6288400372,10.83
6288400366,1840197920,44.17
1840197920,6288400366,44.17
1840197920,6288400364,44.48
6288400364,1840197920,44.48
6288400364,11163951135,43.69
11163951135,6288400364,43.69
11163951135,11928661950,18.99
11928661950,11163951135,18.99
11928661950,6288400354,6.17
6288400354,11928661950,6.17
6288400354,6288499155,5.10
6288499155,6288400354,5.10
6288499155,6288400363,3.42
6288400363,6288499155,3.42
6288400363,6288400362,6.54
6288400362,6288400363,6.54
6288400362,11172833994,64.77
11172833994,6288400362,64.77
11172833994,6288400361,22.00
6288400361,11172833994,22.00
6288400361,11177666578,59.46
11177666578,6288400361,59.46
11177666578,11177666563,28.05
11177666563,11177666578,28.05
11177666563,6288400360,27.91
6288400360,11177666563,27.91
6288400360,11177666538,29.88
11177666538,6288400360,29.88
11177666538,12068877841,9.88
12068877841,11177666538,9.88
12068877841,10137524404,7.82
10137524404,12068877841,7.82
10137524404,6288400359,26.55
6288400359,10137524404,26.55
4545057852,2556931406,6.38
2556931406,2379587382,12.44
2379587382,5348854225,5.49
5348854225,4549557567,47.03
1843574675,6864507243,5.31
6864507243,1843574675,5.31
6864507243,4659447131,25.79
4659447131,6864507243,25.79
4659447131,1862059442,18.88
1862059442,4659447131,18.88
1862059442,4658918974,84.62
4658918974,1862059442,84.62
4658918974,4658918987,20.75
4658918987,4658918974,20.75
4658918987,10906723060,12.60
10906723060,4658918987,12.60
10906723060,3227109538,56.00
3227109538,10906723060,56.00
3227109538,13013431805,28.09
13013431805,3227109538,28.09
13013431805,6883585606,2.02
6883585606,13013431805,2.02
6883585606,4551484180,1.53
4551484180,6883585606,1.53
4551484180,15460746,15.16
15460746,4551484180,15.16
6297570365,6297570375,6.88
6297570375,6297570365,6.88
6297570375,6297570374,73.17
6297570374,6297570375,73.17
6297570374,4658918326,70.12
4658918326,6297570374,70.12
4658918326,11384694901,42.22
11384694901,4658918326,42.22
11384694901,6297570373,22.25
6297570373,11384694901,22.25
6297570373,11384713253,35.47
11384713253,6297570373,35.47
11384713253,11074197001,27.97
11074197001,11384713253,27.97
11074197001,6297570372,69.34
6297570372,11074197001,69.34
6297570372,6297570371,28.65
6297570371,6297570372,28.65
6297570371,6297570370,49.39
6297570370,6297570371,49.39
6297570370,6297570369,15.47
6297570369,6297570370,15.47
6297570369,4659447126,69.29
4659447126,6297570369,69.29
4659447126,6297570367,89.07
6297570367,4659447126,89.07
6297570367,6297570366,25.46
6297570366,6297570367,25.46
6297570366,6883585601,4.12
6883585601,6297570366,4.12
6883585601,6883585606,3.37
6883585606,6883585601,3.37
6300933243,283579192,6.95
283579192,6300933243,6.95
283579192,10147171686,5.41
10147171686,283579192,5.41
6300933245,6300933244,20.04
6300933244,6300933245,20.04
6300933247,283578977,4.82
283578977,6300933247,4.82
283578977,6300933246,7.11
6300933246,283578977,7.11
2987973061,6949961522,18.37
6949961522,2987973060,13.50
2987973060,2987973058,11.89
2987973058,12997341995,7.00
12997341995,4623649490,1.70
4623649490,258185897,8.13
6302620326,6394989094,5.71
6394989094,6302620326,5.71
6394989094,2488148263,14.04
2488148263,6394989094,14.04
6302620327,6302620326,7.13
6302620326,6302620327,7.13
11182219607,2756564607,29.78
2756564607,11182219607,29.78
2756564607,2756564608,16.84
2756564608,2756564607,16.84
6302658569,6302658570,16.68
6302658570,6302658569,16.68
6302658570,12623762361,13.12
12623762361,6302658570,13.12
12623762361,5887776772,2.40
5887776772,12623762361,2.40
5887776772,4659049057,13.92
4659049057,5887776772,13.92
4659049057,5887776773,48.90
5887776773,4659049057,48.90
6394988983,12623762357,10.58
12623762357,6394988983,10.58
12623762357,12623762356,1.83
12623762356,12623762357,1.83
12623762356,6394988982,21.27
6394988982,12623762356,21.27
5887776771,6302658572,6.35
6302658572,5887776771,6.35
6302658572,9983550861,19.78
9983550861,6302658572,19.78
9983550861,6302658573,10.27
6302658573,9983550861,10.27
6159437322,6302658576,12.88
6302658576,6159437322,12.88
6302658576,6302658577,7.42
6302658577,6302658576,7.42
6302658577,6302658578,5.00
6302658578,6302658577,5.00
6302658578,6302658579,5.46
6302658579,6302658578,5.46
6307566691,6307566690,5.25
6307566690,6307566691,5.25
6307566693,6307566692,4.76
6307566692,6307566693,4.76
6307558170,6307558169,7.83
6307558169,6307558170,7.83
6307558169,6307558168,7.43
6307558168,6307558169,7.43
6307558168,6307566691,2.21
6307566691,6307558168,2.21
6307566691,6307558167,5.61
6307558167,6307566691,5.61
6307558167,6307558170,7.44
6307558170,6307558167,7.44
6307558171,10909673427,1.49
10909673427,6307558171,1.49
10909673427,10909673423,1.41
10909673423,10909673427,1.41
10909673423,6307558173,3.35
6307558173,10909673423,3.35
6307558173,6307558172,2.90
6307558172,6307558173,2.90
6307558172,6307558171,3.35
6307558171,6307558172,3.35
6307566910,6307566064,7.63
6307566064,6887347898,201.36
6887347898,6024782129,21.66
6024782129,6307566898,37.12
6307566898,6887297070,12.34
6887297070,6308695454,5.82
6308695454,6887347888,11.47
6887347888,6887297079,6.81
6887297079,12190001166,161.74
12190001166,6887353110,7.08
6887353110,6307566068,4.88
6307566068,6887353105,251.64
6887353105,6887353103,23.18
6887353103,6887353099,20.73
6887353099,6307566895,29.67
6307566895,6024782123,17.96
6024782123,6024781884,156.25
6024781884,6024782120,112.13
6024782120,6307566071,11.67
6307566070,6024782144,12.73
6024782144,6024782099,111.59
6024782099,6024782142,137.48
6024782142,6307566069,24.38
6307566069,6307566894,12.32
6307566894,6887353098,29.69
6887353098,6887353102,20.80
6887353102,12190001167,266.11
12190001167,6307566067,9.42
6307566067,6887353109,4.80
6887353109,6887297078,168.42
6887297078,6887347887,6.75
6887347887,6308695455,11.36
6308695455,6887297071,5.99
6887297071,6307566899,12.38
6307566899,6024782136,37.05
6024782136,6307566063,222.76
6307566063,6307566062,7.70
6307566071,12985458627,5.21
12985458627,6887353094,2.62
6887353094,12190001171,47.23
12190001171,6887353095,3.73
6887353095,4932022616,9.71
4932022921,6887353096,9.74
6887353096,12985458628,47.68
12985458628,6887353093,2.95
6887353093,6307566070,7.54
6024782093,6307566075,5.39
6307566075,6024782092,5.49
6024782092,6024782091,33.33
6024782088,6024782087,32.85
6024782087,6307566078,4.91
6307566078,6024782086,5.86
6307602816,6307602815,9.50
6307602815,6307602816,9.50
6307602815,6307602814,8.76
6307602814,6307602815,8.76
6307602814,6307602813,9.40
6307602813,6307602814,9.40
6307602813,4551484164,12.06
4551484164,6307602813,12.06
4551484164,6307602812,3.55
6307602812,4551484164,3.55
6307602812,6307602811,3.26
6307602811,6307602812,3.26
6307602811,6879759323,3.36
6879759323,6307602811,3.36
6879759323,4551484168,4.05
4551484168,6879759323,4.05
4551484168,6879759324,8.86
6879759324,4551484168,8.86
6879759324,1840275613,9.11
1840275613,6879759324,9.11
1840275613,4551484167,8.78
4551484167,1840275613,8.78
4551484167,6879759325,9.78
6879759325,4551484167,9.78
6307656060,12190001170,30.21
12190001170,4551484167,3.71
4551484167,4932022921,10.30
6307602821,6307602820,4.32
6307602820,6307602821,4.32
6307602820,6946154870,4.93
6946154870,6307602820,4.93
6946154870,6946154871,11.92
6946154871,6946154870,11.92
6946154871,6307602819,27.47
6307602819,6946154871,27.47
6307602819,6307602818,7.69
6307602818,6307602819,7.69
6307602818,10909673430,5.88
10909673430,6307602818,5.88
10909673430,6307602817,36.01
6307602817,10909673430,36.01
6307602817,6879759326,6.22
6879759326,6307602817,6.22
6879759326,6307602816,5.67
6307602816,6879759326,5.67
6307580788,6307580789,71.34
6307580789,6307580788,71.34
6307580789,6307580790,3.16
6307580790,6307580789,3.16
6307580790,6307602823,2.06
6307602823,6307580790,2.06
6307602823,6307602822,1.92
6307602822,6307602823,1.92
6307602822,6307602821,1.72
6307602821,6307602822,1.72
4658918819,4658918812,16.05
4658918812,4658918819,16.05
4658918812,6952505106,9.96
6952505106,4658918812,9.96
6952505106,6952505105,4.08
6952505105,6952505106,4.08
6952505105,6864718447,7.39
6864718447,6952505105,7.39
6864718447,4658918813,5.89
4658918813,6864718447,5.89
1843574831,11074196990,51.04
11074196990,1843574831,51.04
11074196990,5885154434,3.26
5885154434,11074196990,3.26
5885154434,5885154433,5.37
5885154433,5885154434,5.37
5885154433,5885154432,5.13
5885154432,5885154433,5.13
5885154432,5885154431,2.82
5885154431,5885154432,2.82
5885154431,5885154430,2.66
5885154430,5885154431,2.66
5885154430,5885154429,1.33
5885154429,5885154430,1.33
5885154429,5885154428,1.72
5885154428,5885154429,1.72
5885154428,5885154427,2.46
5885154427,5885154428,2.46
5885154427,1843574751,2.74
1843574751,5885154427,2.74
6315664503,429650399,7.08
429650399,6315664503,7.08
6315664516,429650399,3.39
429650399,6315664516,3.39
11119832240,12993787834,29.25
12993787834,10966454163,0.89
10966454163,4545057904,8.63
6288191051,3871017209,13.46
3871017209,6288191051,13.46
3871017209,6315664510,5.57
6315664510,3871017209,5.57
6315664510,6882183617,3.71
6882183617,6315664510,3.71
6288191053,7938281355,20.33
7938281355,6288191053,20.33
7938281355,6952821581,33.66
6952821581,7938281355,33.66
6952821581,11182023929,17.04
11182023929,6952821581,17.04
11182023929,4548140920,92.91
4548140920,11182023929,92.91
4548140920,4545057838,96.88
4545057838,4548140920,96.88
4545057838,6288191047,8.29
6288191047,4545057838,8.29
6288191047,6946764700,48.09
6946764700,6288191047,48.09
6946764700,11194787198,53.44
11194787198,6946764700,53.44
11194787198,11746118466,60.33
11746118466,11194787198,60.33
11746118466,6879830091,2.43
6879830091,11746118466,2.43
6879830091,6315664505,6.33
6315664505,6879830091,6.33
6315664505,3871017208,3.52
3871017208,6315664505,3.52
6315664512,6315664511,38.45
6315664511,6315664512,38.45
6315664511,11742887352,155.61
11742887352,6315664511,155.61
11742887352,6288191051,3.22
6288191051,11742887352,3.22
33359057,6315664535,8.56
6315664535,33359057,8.56
6315664535,6315664534,53.31
6315664534,6315664535,53.31
6315664534,6315664533,7.47
6315664533,6315664534,7.47
6315664533,6315664532,4.61
6315664532,6315664533,4.61
6315664532,6315664531,5.66
6315664531,6315664532,5.66
6315664531,6315664530,7.47
6315664530,6315664531,7.47
6315664530,6315664529,3.52
6315664529,6315664530,3.52
6315664529,6315664528,37.89
6315664528,6315664529,37.89
6315664528,6315664527,1.81
6315664527,6315664528,1.81
6315664527,6315664526,2.33
6315664526,6315664527,2.33
6315664526,6315664525,1.72
6315664525,6315664526,1.72
6315664525,6315664524,2.26
6315664524,6315664525,2.26
6315664524,6315664523,2.76
6315664523,6315664524,2.76
6315664523,6315664522,2.88
6315664522,6315664523,2.88
6315664522,6315664521,1.92
6315664521,6315664522,1.92
6315664521,6315664520,1.95
6315664520,6315664521,1.95
6315664520,6315664519,2.08
6315664519,6315664520,2.08
6315664519,6315664518,2.82
6315664518,6315664519,2.82
6315664518,6315664517,4.35
6315664517,6315664518,4.35
6315664517,6315664516,6.69
6315664516,6315664517,6.69
4191940997,11212632563,16.52
11212632563,9010734956,25.89
9010734956,4547969120,8.42
4547969120,4539916527,9.20
6315664434,11106093747,13.01
11106093747,6315664434,13.01
15492234,11140050390,55.55
11140050390,15492234,55.55
11140050390,4548140918,18.80
4548140918,11140050390,18.80
4548140918,4545060029,85.93
4545060029,4548140918,85.93
4545060029,15494016,9.78
15494016,4545060029,9.78
6315664504,6813634682,1.82
6813634682,6315664504,1.82
6813634682,6367897038,4.47
6367897038,6813634682,4.47
6367897038,6813634681,6.72
6813634681,6367897038,6.72
6813634681,6813674985,1.35
6813674985,6813634681,1.35
4642346186,6315664511,5.33
6315664511,4642346186,5.33
6315664511,4545057892,7.85
4545057892,6315664511,7.85
4545057892,4545060644,8.74
4545060644,4545057892,8.74
4545060644,11119832247,5.24
11119832247,4545060644,5.24
11119832247,6288191048,2.84
6288191048,11119832247,2.84
6315664512,4545060370,8.61
4545060370,6315664512,8.61
4545060370,6315664453,6.79
6315664453,4545060370,6.79
6315664453,6315664452,7.51
6315664452,6315664453,7.51
6315664452,6315664451,7.79
6315664451,6315664452,7.79
6274653651,6871084183,9.95
6871084183,6274653652,16.00
6274653652,6274653653,6.93
6274653633,6274653634,2.29
6274653634,6274653635,13.26
6274653635,6274653636,36.84
6274653636,6274653637,14.06
6274653637,6274653638,7.50
6274653638,6274653639,7.05
6274653639,6274653640,4.85
6274653640,6274653641,5.78
6274653641,6274653642,6.21
6274653642,6274653643,5.57
6274653643,6274653644,7.09
6274653644,6274653645,7.31
6274653645,6274653646,6.53
6274653646,6274653647,5.22
6274653647,6274653648,5.45
6274653648,6274653649,6.89
6274653649,6274653650,30.82
6274653650,6274653651,29.72
6274653731,6274653732,2.24
6274653732,6274653731,2.24
6274653732,6274653733,2.83
6274653733,6274653732,2.83
6274653733,6274653734,2.54
6274653734,6274653733,2.54
6274653734,6274653735,2.57
6274653735,6274653734,2.57
6274653735,10906083592,5.09
10906083592,6274653735,5.09
10906083592,10906083593,38.06
10906083593,10906083592,38.06
10906083593,10906083594,34.51
10906083594,10906083593,34.51
10906083594,9974620278,1.81
9974620278,10906083594,1.81
9974620278,10977939710,3.04
10977939710,9974620278,3.04
10977939710,10977939709,2.58
10977939709,10977939710,2.58
10977939709,10977939711,2.58
10977939711,10977939709,2.58
10977939711,10977939708,2.19
10977939708,10977939711,2.19
10977939708,10977939712,3.45
10977939712,10977939708,3.45
10977939712,10977939730,2.71
10977939730,10977939712,2.71
10977939730,10906435007,3.14
10906435007,10977939730,3.14
10906435007,10906083597,24.39
10906083597,10906435007,24.39
10906083597,10906083598,58.28
10906083598,10906083597,58.28
10906083598,10906083599,60.63
10906083599,10906083598,60.63
10906083599,10906083600,106.66
10906083600,10906083599,106.66
10906083600,10906083601,139.59
10906083601,10906083600,139.59
10906083601,11181986412,79.68
11181986412,10906083601,79.68
11181986412,10906083602,47.52
10906083602,11181986412,47.52
10906083602,10906083603,159.93
10906083603,10906083602,159.93
10906083603,10906083604,50.79
10906083604,10906083603,50.79
10906083604,10981727685,6.83
10981727685,10906083604,6.83
10981727685,10906435005,83.69
10906435005,10981727685,83.69
10906435005,9704988482,29.42
9704988482,10906435005,29.42
9704988482,9704988483,42.00
9704988483,9704988482,42.00
9704988483,9704988484,11.02
9704988484,9704988483,11.02
9704988484,9704988486,5.27
9704988486,9704988484,5.27
9704988486,9704988485,4.10
9704988485,9704988486,4.10
9704988485,10905047530,5.97
10905047530,9704988485,5.97
4659336177,13006951412,33.86
13006951412,4659336177,33.86
13006951412,4551140749,1.45
4551140749,13006951412,1.45
6315664553,6315664554,32.54
6315664554,6315664553,32.54
6315664554,6315664555,2.72
6315664555,6315664554,2.72
6315664555,6315664556,2.52
6315664556,6315664555,2.52
6315664556,6315664557,1.68
6315664557,6315664556,1.68
6315664557,6315664558,1.27
6315664558,6315664557,1.27
4658918809,11544713668,12.98
11544713668,4658918809,12.98
11544713668,4658918808,2.41
4658918808,11544713668,2.41
4658918810,11544713667,4.83
11544713667,4658918810,4.83
11544713667,4658918809,23.04
4658918809,11544713667,23.04
2444941339,6317342407,4.32
6317342407,2444941339,4.32
6317342407,6317342406,5.44
6317342406,6317342407,5.44
6317342406,6317342405,3.91
6317342405,6317342406,3.91
6317342414,6317342410,33.80
6317342410,6317342414,33.80
1862059450,6864718459,31.07
6864718459,1862059450,31.07
6864718459,4658918990,31.14
4658918990,6864718459,31.14
4658918990,4466871531,23.91
4466871531,4658918990,23.91
4466871531,12988657799,11.49
12988657799,4466871531,11.49
12988657799,4551484185,2.23
4551484185,12988657799,2.23
4551484185,1843574857,4.54
1843574857,4551484185,4.54
1862059442,6297570370,4.27
6297570370,1862059442,4.27
6297570370,6864507241,2.76
6864507241,6297570370,2.76
6864507241,4658918971,2.24
4658918971,6864507241,2.24
4658918971,4658918970,15.37
4658918970,4658918971,15.37
4658918970,4658918972,11.09
4658918972,4658918970,11.09
4658918972,4658918966,20.13
4658918966,4658918972,20.13
4658918966,3227109535,9.47
3227109535,4658918966,9.47
3227109535,4658918963,26.52
4658918963,3227109535,26.52
4658918963,4658918956,13.44
4658918956,4658918963,13.44
4658918956,11074199252,13.11
11074199252,4658918956,13.11
11074199252,11074199238,13.04
11074199238,11074199252,13.04
11074199238,11074199247,13.63
11074199247,11074199238,13.63
11074199247,1862059444,43.62
1862059444,11074199247,43.62
1862059444,4658919018,15.56
4658919018,1862059444,15.56
4658919018,6981894144,10.41
6981894144,4658919018,10.41
6981894144,2444959753,11.62
2444959753,6981894144,11.62
2444959753,6981894145,10.74
6981894145,2444959753,10.74
6981894145,2444959757,10.67
2444959757,6981894145,10.67
2444959757,11074199233,7.66
11074199233,2444959757,7.66
1843574674,6879759308,9.05
6879759308,6317624549,6.14
6317624549,12985459156,75.94
12985459156,6317624544,2.57
6317624544,4535748139,10.31
4535748139,6879759315,8.90
6879759315,5297403658,21.60
5297403658,4668094704,46.40
4668094704,6317624542,53.53
6317624542,6317624543,50.13
6317624543,5297403656,106.97
5297403656,6317624538,94.86
6317624540,5297635247,43.34
5297635247,12985437800,32.57
12985437800,6317624548,2.66
6317624548,4655549893,15.66
6317624551,1843574674,13.42
2276695579,12985474001,100.79
12985474001,6317624551,1.83
1867590712,1840275637,13.27
4932022616,1867590712,8.92
1840275637,1840275613,9.68
1840275613,1842446717,28.26
11738059469,4659181135,17.46
4659181135,11738059469,17.46
4659181135,11738059470,3.58
11738059470,4659181135,3.58
11738059470,6319917770,4.79
6319917770,11738059470,4.79
6319917770,6319917768,3.42
6319917768,6319917770,3.42
6319917768,6319917767,3.06
6319917767,6319917768,3.06
6319917767,6319917769,2.92
6319917769,6319917767,2.92
6319917769,4659181399,10.29
4659181399,6319917769,10.29
4659181399,6419712513,7.43
6419712513,4659181399,7.43
6419712513,4659181395,14.19
4659181395,6419712513,14.19
4659179480,4659179476,24.09
4659179476,4659179480,24.09
6319929566,6319929565,4.95
6319929565,6319929566,4.95
6319929565,6319929564,20.76
6319929564,6319929565,20.76
2446133132,4659653900,4.43
4659653900,6394989092,23.12
6319991624,6319991625,3.46
6319991627,6319991626,3.57
6319991621,6319991616,21.53
6319991616,6319991621,21.53
6319991625,6319991619,22.33
6319991619,6319991621,2.75
6319991621,6319991622,3.06
6319991622,6319991627,21.61
6326523240,6326523244,19.44
6326523244,6326523240,19.44
6326534411,6419706167,13.15
6419706167,6326534411,13.15
6952833309,6326534411,8.45
6326534411,6952833309,8.45
6326523243,6326523241,22.60
6326523241,6326523243,22.60
10942940911,6326523245,28.93
6326523245,10942940911,28.93
6326523245,6326523243,27.38
6326523243,6326523245,27.38
6326523243,6326523240,3.75
6326523240,6326523243,3.75
6326523270,10942940912,38.76
10942940912,6326523270,38.76
10942940912,6326523254,26.27
6326523254,10942940912,26.27
6952833305,11742876178,5.84
11742876178,6952833305,5.84
11742876178,6952833304,7.24
6952833304,11742876178,7.24
6326523268,6326523267,14.90
6326523267,6326523268,14.90
6326523267,6419706173,20.95
6419706173,6326523267,20.95
6419706173,6326523265,13.83
6326523265,6419706173,13.83
6326523244,6419706169,24.38
6419706169,6326523244,24.38
6419706169,6326523270,4.80
6326523270,6419706169,4.80
6326523270,6326523238,11.00
6326523238,6326523270,11.00
6326523238,11742873883,9.05
11742873883,6326523238,9.05
11742873883,6326523268,3.46
6326523268,11742873883,3.46
6326523268,6326558732,38.58
6326558732,6326523268,38.58
6326554724,6326554720,1.81
6326554720,6326554724,1.81
6326554720,6326554726,3.83
6326554726,6326554720,3.83
6326554723,6326554721,18.60
6326554721,6326554723,18.60
6326554721,6326523266,25.13
6326523266,6326554721,25.13
6326554725,6326554726,1.95
6326554726,6326554725,1.95
6326554723,6326554725,5.02
6326554725,6326554723,5.02
6326554725,6326554727,1.92
6326554727,6326554725,1.92
6326554727,6326554728,3.60
6326554728,6326554727,3.60
6326554728,6326554724,1.96
6326554724,6326554728,1.96
6326554724,6326554715,1.78
6326554715,6326554724,1.78
6326554715,6952833307,8.61
6952833307,6326554715,8.61
6952833307,6326554735,5.39
6326554735,6952833307,5.39
6326554735,6326554714,5.67
6326554714,6326554735,5.67
6326554733,6326554731,6.05
6326554731,6326554733,6.05
6326554731,6952833308,5.46
6952833308,6326554731,5.46
6952833308,6326554723,7.93
6326554723,6952833308,7.93
6326558732,6326523269,5.90
6326523269,6326558732,5.90
6327773246,5295845231,52.13
5295459710,2173401290,70.28
15461054,5245772048,17.62
2450375253,6333089886,15.62
6333089886,4659335662,21.76
4659335662,6333089887,19.90
6333089887,2450375255,10.07
2450376655,6333089681,9.97
6333089681,4659335661,18.20
4659335661,2450376653,38.79
1841668991,1841669000,32.70
12073291748,6810257172,57.06
6810257172,12073291748,57.06
6810257172,5330787343,10.48
5330787343,6810257172,10.48
5330787343,6810257174,57.62
6810257174,5330787343,57.62
6810257174,2619884815,45.15
2619884815,6810257174,45.15
2619884815,5893077195,11.35
5893077195,2619884815,11.35
1843039377,1843039378,7.88
5297635244,1867590658,109.44
11196774758,5893133735,22.35
5893133735,11196774758,22.35
5893077195,6341110802,26.85
6341110802,5893077195,26.85
6341110802,11196774758,19.58
11196774758,6341110802,19.58
6338090230,5624248024,34.75
5624248024,6338090230,34.75
1843574928,6338090231,8.64
6338090231,1843574928,8.64
559762604,11575022127,14.78
11575022127,5304648930,38.25
5304648931,12997245873,22.93
12997245873,4545057681,2.88
4545057681,2445909793,10.36
5304615092,2987973033,9.75
2987973033,4549559889,13.57
258185897,2987973054,10.30
2987973054,11197428477,14.59
11197428477,2450375255,35.69
2450375255,5304615093,18.10
5304615094,4659336102,35.44
4659336102,4659336104,32.43
4659336104,10312303955,20.81
10312303955,6818406288,64.82
6818406288,2690967188,18.68
2690967188,2690960323,64.22
2690960323,2987973061,63.75
6737201767,6367897037,3.35
6367897037,6737201767,3.35
6367897037,6367897033,10.32
6367897033,6367897037,10.32
6368049812,6368049809,6.85
6368049809,6368049812,6.85
6368049809,6368049808,11.07
6368049808,6368049809,11.07
6368049808,6368049810,7.53
6368049810,6368049808,7.53
6368049810,6368049814,76.83
6368049814,6368049810,76.83
6368049814,11091964516,81.19
11091964516,6368049814,81.19
11091964516,6981864136,5.65
6981864136,11091964516,5.65
6981864136,6981864137,7.89
6981864137,6981864136,7.89
6373577730,6373577729,10.08
6373577729,6373577730,10.08
6373577729,6373577728,13.13
6373577728,6373577729,13.13
6373577728,6373577727,10.91
6373577727,6373577728,10.91
6373577727,6373577726,7.89
6373577726,6373577727,7.89
1851757925,1851757927,60.44
4659049191,2408756875,58.50
2408756875,4659049191,58.50
1859401287,4659049204,4.20
4659049204,1859401287,4.20
4659049204,11669731647,18.84
11669731647,4659049204,18.84
11669731647,1859401289,27.80
1859401289,11669731647,27.80
1842467299,4659049054,21.04
4659049054,1842467299,21.04
4659049054,4659049008,15.32
4659049008,4659049054,15.32
4659049008,1876396776,43.41
1876396776,4659049008,43.41
1876396776,6373598066,5.97
6373598066,1876396776,5.97
6373598066,4659048993,88.62
4659048993,6373598066,88.62
4659048993,1876396780,30.51
1876396780,4659048993,30.51
1876396780,6886903677,9.59
6886903677,1876396780,9.59
6886903677,11361058303,42.91
11361058303,6886903677,42.91
11361058303,11361058310,18.23
11361058310,11361058303,18.23
11361058310,1859401284,15.30
1859401284,11361058310,15.30
1859401284,11361058307,43.85
11361058307,1859401284,43.85
11361058307,5291859727,46.97
5291859727,11361058307,46.97
5291859727,11438973560,4.05
11438973560,5291859727,4.05
11438973560,1851757928,4.24
1851757928,11438973560,4.24
1851757928,4659041781,7.10
4659041781,1851757928,7.10
4659041781,5291441152,5.84
5291441152,4659041781,5.84
5291441152,6817952740,32.86
6817952740,5291441152,32.86
6817952740,4659041785,8.27
4659041785,6817952740,8.27
4659041785,2408756270,19.43
2408756270,4659041785,19.43
2408756270,6886573006,4.04
6886573006,2408756270,4.04
6886573006,4659041788,39.17
4659041788,6886573006,39.17
4659041788,4659048183,23.36
4659048183,4659041788,23.36
4659048183,1859401429,26.13
1859401429,4659048183,26.13
1859401429,11438959499,21.72
11438959499,1859401429,21.72
11438959499,4659041779,8.01
4659041779,11438959499,8.01
4659041779,4659048176,19.02
4659048176,4659041779,19.02
4659048176,4659041775,25.35
4659041775,4659048176,25.35
4659041775,4659048166,1.66
4659048166,4659041775,1.66
4659048166,4659041773,23.34
4659041773,4659048166,23.34
4659041773,2425467137,29.25
2425467137,4659041773,29.25
2425467137,6950062531,11.08
6950062531,2425467137,11.08
6950062531,4659041769,27.11
4659041769,6950062531,27.11
4659041769,5291859729,16.22
5291859729,4659041769,16.22
5291859729,11081997369,8.87
11081997369,5291859729,8.87
11081997369,5291441150,22.64
5291441150,11081997369,22.64
5291441150,6838731755,2.64
6838731755,5291441150,2.64
6373598394,4659336210,3.76
4659336210,6373598394,3.76
4652898607,1863305535,24.72
6392270218,4659181467,5.87
4659181467,6392270218,5.87
6394988982,6302658571,9.61
6302658571,6394988982,9.61
6302658570,6394988983,5.30
6394988983,6302658570,5.30
6394989091,5629388890,10.26
5629388890,6394989091,10.26
10282607501,6952505097,23.92
6952505097,10282607501,23.92
6952505097,6302620327,6.27
6302620327,6952505097,6.27
6394989092,11738023790,22.70
11738023790,2446133127,11.16
2446133127,4477128998,30.15
4477128998,2446133123,27.08
6394989314,6394989313,8.18
6394989313,6394989314,8.18
6394989313,6394989312,11.24
6394989312,6394989313,11.24
6394989312,6394989311,5.20
6394989311,6394989312,5.20
6394989311,6394989310,10.20
6394989310,6394989311,10.20
4659181467,6394989410,13.88
6394989410,4659181467,13.88
6392270218,6394989413,18.42
6394989413,6392270218,18.42
10079520420,6399725545,3.08
6399725545,10079520420,3.08
6399725545,10079520421,1.36
10079520421,6399725545,1.36
10079520421,6442256743,19.85
6442256743,10079520421,19.85
6442256743,6399725546,7.61
6399725546,6442256743,7.61
6407026332,6871215376,3.37
6871215376,6407026332,3.37
6871215376,6737201766,66.38
6737201766,6871215376,66.38
6737201766,6407026335,33.81
6407026335,6737201766,33.81
6407026335,6407026334,36.78
6407026334,6407026335,36.78
6407026334,11649779168,48.40
11649779168,6407026334,48.40
11649779168,4547969119,5.04
4547969119,11649779168,5.04
4642346184,4547969119,8.48
4547969119,4642346184,8.48
6419674079,6419674078,6.49
6419674078,6419674079,6.49
6419674078,5920267459,5.26
5920267459,6419674078,5.26
10124813384,6419688768,6.98
6419688768,10124813384,6.98
6419688768,6419688767,3.78
6419688767,6419688768,3.78
6419688767,6419688766,6.27
6419688766,6419688767,6.27
6419688766,6419688765,3.48
6419688765,6419688766,3.48
6419688765,6419688764,16.12
6419688764,6419688765,16.12
6419688764,6419688763,8.59
6419688763,6419688764,8.59
6419688763,6419688762,6.02
6419688762,6419688763,6.02
6419688762,6419688761,9.23
6419688761,6419688762,9.23
6419688761,6419688760,10.97
6419688760,6419688761,10.97
6419688760,6419688759,11.66
6419688759,6419688760,11.66
6419688759,6419688758,13.06
6419688758,6419688759,13.06
6419688758,6419688757,9.28
6419688757,6419688758,9.28
6419688757,8926615294,8.06
8926615294,6419688757,8.06
8926615294,6419688756,6.59
6419688756,8926615294,6.59
6419688756,6419688755,5.58
6419688755,6419688756,5.58
6419688755,6419688754,6.79
6419688754,6419688755,6.79
6326523254,6419706165,8.38
6419706165,6326523254,8.38
6419706165,6419706164,8.13
6419706164,6419706165,8.13
6419706164,6419706163,6.42
6419706163,6419706164,6.42
6419706163,6419706162,15.78
6419706162,6419706163,15.78
6419706162,6419706161,8.54
6419706161,6419706162,8.54
6419706161,6419706160,7.65
6419706160,6419706161,7.65
6419706160,11742873886,13.06
11742873886,6419706160,13.06
4659181392,6419712509,4.68
6419712515,4659179480,1.71
6442424406,6895985809,15.70
6442424396,11627434833,6.13
11627434833,6442424396,6.13
11627434833,6442424407,22.21
6442424407,11627434833,22.21
6442424407,12302119381,10.74
12302119381,6442424407,10.74
12302119381,12302119382,17.35
12302119382,12302119381,17.35
6442424395,6442424406,6.63
1854100165,6817938931,4.29
6817938931,4621152087,2.02
4621152087,5245772083,12.58
5245772083,5245772084,12.54
5245772084,4623649138,10.53
4623649138,4623649125,38.55
4623649125,5245778389,26.90
5245778389,5300873837,3.97
5300873837,5245778388,3.61
5245778388,5245778393,2.63
5245778393,1854100157,3.55
1851757921,4659335676,12.31
4659335676,1851757921,12.31
4659335676,1851757922,11.87
1851757922,4659335676,11.87
1851757922,6373577726,37.28
6373577726,1851757922,37.28
6373577726,6373598391,8.73
6373598391,6373577726,8.73
6373598391,1851757923,13.21
1851757923,6373598391,13.21
1851757923,1851758297,8.53
1851758297,1851757923,8.53
6482926533,6482926534,10.99
6482926534,6482926533,10.99
6482926536,6482926533,5.45
6482926533,6482926536,5.45
6482926534,10977990023,33.59
10977990023,6482926534,33.59
10977990023,6274653725,3.60
6274653725,10977990023,3.60
4655549030,10091821883,14.20
10091821883,4655549030,14.20
10091821883,6482926537,2.24
6482926537,10091821883,2.24
6482926537,10091821882,2.35
10091821882,6482926537,2.35
10091821882,4655515763,4.71
4655515763,10091821882,4.71
6482931075,6482931077,1.67
6482931077,6482931075,1.67
6482931076,6482931075,18.07
6482931075,6482931076,18.07
6482931078,11216544116,6.69
11216544116,6482931078,6.69
11216544116,9741380254,26.63
9741380254,11216544116,26.63
9741380254,6482931076,7.55
6482931076,9741380254,7.55
11118514095,11117957150,4.25
11117957150,11118514095,4.25
11117957150,4549559828,9.51
4549559828,11117957150,9.51
1851759901,4553151358,5.03
4553151358,4553151367,8.95
4553151367,1876323102,28.68
1876323102,6938555162,80.84
6938555162,1851759291,16.82
1840275637,4932022921,8.93
4623642886,4623642888,20.60
4623642888,4623642886,20.60
4623642888,4623642887,9.65
4623642887,4623642888,9.65
4623649394,4623649393,33.83
4623649393,4623649394,33.83
4623649393,4623649392,21.29
4623649392,4623649393,21.29
4623642882,4623642881,5.60
4623642881,4623642882,5.60
4623642881,4623642880,4.98
4623642880,4623642881,4.98
4623642880,4623642879,12.63
4623642879,4623642880,12.63
4623649135,4623649134,42.37
4623649134,4623649135,42.37
2450376653,2450376652,19.60
2450376652,6333089682,6.01
6333089682,11197428446,10.72
11197428446,2450375253,11.83
4623649316,4623649315,12.70
4623649315,4623649316,12.70
2618516945,2446133132,28.30
6394989265,4659181453,4.87
4659181453,11738023775,5.25
11738023775,5928916525,22.29
4658918812,4658918808,23.08
4658918808,4658918812,23.08
4658918808,4658918811,19.32
4658918811,4658918808,19.32
4658918955,11264444412,19.89
11264444412,4658918955,19.89
11264444412,11264444416,1.51
11264444416,11264444412,1.51
11264444416,11074196971,7.71
11074196971,11264444416,7.71
11074196971,4658918960,10.38
4658918960,11074196971,10.38
4658918960,6695723932,23.62
6695723932,4658918960,23.62
6317342401,6317342400,6.70
6317342400,6317342401,6.70
6317342400,4658918786,20.61
4658918786,6317342400,20.61
4658918963,6952505114,12.00
6952505114,4658918963,12.00
6952505114,4658918962,6.27
4658918962,6952505114,6.27
4658918962,6952505113,6.88
6952505113,4658918962,6.88
6952505113,4658918961,6.59
4658918961,6952505113,6.59
4658918961,6952505112,5.69
6952505112,4658918961,5.69
6952505112,4658918960,19.07
4658918960,6952505112,19.07
6317342409,3227142875,37.19
3227142875,6317342409,37.19
2444941335,4658918374,13.71
4658918374,2444941335,13.71
4658918374,6317342410,11.44
6317342410,4658918374,11.44
6317342410,2444941337,39.26
2444941337,6317342410,39.26
2444941337,11264444784,16.40
11264444784,2444941337,16.40
11264444784,2444941339,21.80
2444941339,11264444784,21.80
4658917550,4658917549,11.06
4658917549,4658917550,11.06
4658917549,6883712856,15.24
6883712856,4658917549,15.24
6883712856,11544713631,2.83
11544713631,6883712856,2.83
11544713631,4658917537,12.64
4658917537,11544713631,12.64
4658917537,4658917548,19.14
4658917548,4658917537,19.14
4658917548,4658917546,8.05
4658917546,4658917548,8.05
6482926530,6482926531,32.26
6482926531,6482926530,32.26
6482926531,6482926532,9.45
6482926532,6482926531,9.45
6482926532,4659336182,14.70
4659336182,6482926532,14.70
4659049033,12386844154,47.88
12386844154,4659049033,47.88
12386844154,11439164280,1.36
11439164280,12386844154,1.36
11439164280,11439164279,4.72
11439164279,11439164280,4.72
6808014126,6872120925,4.31
6872120925,6808014126,4.31
4659181183,11738009263,37.81
11738009263,4659181183,37.81
11738009263,4659181182,8.72
4659181182,11738009263,8.72
4659181182,11081948887,3.19
11081948887,4659181182,3.19
11081948887,4659181181,55.04
4659181181,11081948887,55.04
4659181181,4659181179,1.50
4659181179,4659181181,1.50
4659181442,11738023776,21.61
11738023776,4659181442,21.61
11738023776,4659181183,23.93
4659181183,11738023776,23.93
4659179473,4659179472,16.52
4659179472,4659179473,16.52
1843575150,1843574751,48.67
1843574751,5624473293,3.59
5624473293,1843574896,4.27
1843574896,5624473294,2.58
5624473294,5624473295,11.16
5624473295,5624473296,5.57
5624473296,4551484173,14.08
4551484173,5624473298,2.36
5624473298,5624473299,3.70
5624473299,1843574814,3.19
1843574814,1843575058,12.44
1843575058,4658918323,6.37
4658918323,1843575037,3.86
1843575037,1843574937,10.86
1843574937,1843575136,21.54
1843575136,5624325381,8.08
5624325381,5624325380,8.30
5624325380,1843574867,16.25
1843574867,1843574765,11.43
1843574765,5624223882,4.06
5624223882,1843574754,2.62
1843574754,5624366421,3.77
5624366421,4658918324,4.30
4658918324,5884527305,2.79
5884527305,4658918325,2.92
4658918325,5884527306,9.73
5884527306,5624366422,9.05
5624366422,1843574786,18.98
1843574786,7439940898,12.88
7439940898,6864718440,9.69
6864718440,2443572083,6.44
1843575149,6297570373,3.35
6297570373,5624473242,1.14
5624473242,1843574695,7.99
1843574695,5624473241,3.75
5624473241,5624473240,5.60
5624473240,5624473239,9.72
5624473239,1843575182,5.47
1843575182,1843574946,14.46
1843574946,5624473238,6.59
5624473238,1843575070,3.11
1843574780,11074196993,30.45
11074196993,4659447129,2.14
4659447129,6297570371,3.94
6297570371,1843574675,2.40
1876396759,11386295697,9.14
11386295697,1876396759,9.14
11386295697,6531425559,17.83
6531425559,11386295697,17.83
6531425559,4659336140,32.26
4659336140,6531425559,32.26
4659336140,1876396735,8.70
1876396735,4659336140,8.70
1876396735,1876396733,5.40
1876396733,1876396735,5.40
4659334478,11182219592,4.19
11182219592,4659334478,4.19
11182219592,4659334474,21.27
4659334474,11182219592,21.27
4659335660,1876389440,7.07
1876389440,11173126821,10.37
11173126821,12989310899,51.12
12989310899,11976484270,1.22
11976484270,6442479110,1.76
6442479110,1876389436,7.52
6946165143,11341241548,22.44
11341241548,6946165143,22.44
11341241548,1946518249,4.66
1946518249,11341241548,4.66
10977902394,10091821879,13.51
10091821879,10977902394,13.51
10091821879,4655515744,0.93
4655515744,10091821879,0.93
4655515744,10091821878,1.08
10091821878,4655515744,1.08
10091821878,4655515743,7.86
4655515743,10091821878,7.86
4655515743,1946518302,5.45
1946518302,4655515743,5.45
1843575076,1843575054,24.48
1843575054,1843575076,24.48
1843575054,11115217852,8.44
11115217852,1843575054,8.44
11115217852,11115167784,8.04
11115167784,11115217852,8.04
11115167784,1843574947,4.77
1843574947,11115167784,4.77
4658919141,6882646812,29.45
6882646812,4658919141,29.45
6882646812,4658919140,5.84
4658919140,6882646812,5.84
1843574716,11341923775,8.21
11341923775,1843574716,8.21
11341923775,4097417837,14.58
4097417837,11341923775,14.58
4097417837,4658919126,17.37
4658919126,4097417837,17.37
1946518488,10977936471,6.53
10977936471,1946518488,6.53
10977936471,1946518777,10.67
1946518777,10977936471,10.67
1946518777,6946165152,16.83
6946165152,1946518777,16.83
6946165152,6946165151,12.49
6946165151,6946165152,12.49
2444944953,3227142878,17.59
3227142878,2444944953,17.59
3227142878,4658918066,26.75
4658918066,3227142878,26.75
4658918066,2444944955,4.27
2444944955,4658918066,4.27
2444944955,11544733945,16.14
11544733945,2444944955,16.14
11544733945,2444944956,3.39
2444944956,11544733945,3.39
2444944956,5714168718,16.63
5714168718,2444944956,16.63
5714168718,2444944957,16.62
2444944957,5714168718,16.62
2444944957,2444944960,36.77
2444944960,2444944957,36.77
4658918030,6841430909,2.38
6841430909,4658918030,2.38
6841430909,6981894148,17.36
6981894148,6841430909,17.36
6981894148,4658918029,4.48
4658918029,6981894148,4.48
4658918029,6981894149,4.08
6981894149,4658918029,4.08
6981894149,11557922383,4.32
11557922383,6981894149,4.32
11557922383,4658918018,24.88
4658918018,11557922383,24.88
3227142902,3227142903,36.29
3227142903,3227142902,36.29
3227142903,11742876175,40.52
11742876175,3227142903,40.52
11742876175,3227142897,71.96
3227142897,11742876175,71.96
1843039375,6373576355,32.11
6373576355,1843039375,32.11
6373576355,1851380858,3.81
1851380858,6373576355,3.81
1859404945,1859404949,45.19
1859404949,1859404945,45.19
1859404949,1855835439,17.78
1855835439,1859404949,17.78
3227142899,3227142900,7.17
3227142900,3227142899,7.17
3227142900,3227142901,12.27
3227142901,3227142900,12.27
3227142901,1859404949,13.44
1859404949,3227142901,13.44
1847297584,1847297866,68.37
4655759616,4655759615,65.07
4655759615,4655759616,65.07
3325958615,10981747417,18.26
10981747417,3325958623,6.23
3325958624,4655548374,24.11
4655548374,3325958617,45.32
4578288226,6946165175,9.54
6946165175,4578288226,9.54
6946165175,4578288224,18.31
4578288224,6946165175,18.31
4578288224,4578288223,14.62
4578288223,4578288224,14.62
4578288223,4578288222,17.71
4578288222,4578288223,17.71
4668094237,4668094235,25.01
4668094235,4668094237,25.01
4668094706,4668094702,40.35
4668094702,4668094706,40.35
4668094702,4668094703,17.81
4668094703,4668094702,17.81
4668094706,4668094700,25.22
4668094700,4668094706,25.22
4668094700,4668094705,19.25
4668094705,4668094700,19.25
1847297720,4655550724,33.03
4655550724,1847297720,33.03
4655550724,6946165116,11.69
6946165116,4655550724,11.69
6946165116,4655550723,18.71
4655550723,6946165116,18.71
4655549711,4655549705,36.29
4655549705,4655549711,36.29
4655549705,4655549894,2.97
4655549894,4655549705,2.97
4655549894,12985437799,16.16
12985437799,4655549894,16.16
12985437799,6317624546,1.30
6317624546,12985437799,1.30
6317624546,4655549893,5.24
4655549893,6317624546,5.24
4655549032,1946518403,25.87
1946518403,4655549032,25.87
1946518403,10960664802,21.82
10960664802,1946518403,21.82
10960664802,1946518543,60.15
3623163187,3623163182,17.46
3623163182,3623163187,17.46
3623163182,10981786504,13.80
10981786504,3623163182,13.80
10981786504,11928626352,1.92
11928626352,10981786504,1.92
11928626352,3623163181,45.59
3623163181,11928626352,45.59
4658919138,4658919129,24.51
4658919129,4658919138,24.51
4658919129,4658919137,10.19
4658919137,4658919129,10.19
4655515770,10079489204,1.83
10079489204,4655515770,1.83
10079489204,4655515769,8.85
4655515769,10079489204,8.85
4655515769,4655515768,7.87
4655515768,4655515769,7.87
6703974526,10563659582,20.85
10563659582,6703974525,19.14
3992584224,3992584215,11.45
3992584215,3992584224,11.45
6946165155,10977936470,51.65
10977936470,6946165155,51.65
10977936470,6946165143,28.21
6946165143,10977936470,28.21
6703974528,4655547880,7.64
4655547880,4655547881,20.51
4553151193,4553151192,37.44
4553151192,4553151193,37.44
4539913257,4539913256,17.32
4539913256,4539913257,17.32
4539913256,4539913255,32.34
4539913255,4539913256,32.34
3063639528,3063639527,24.02
3063639527,3063639528,24.02
2608876442,2608876443,8.18
2608876443,2608876442,8.18
2608876443,11081997306,12.00
11081997306,2608876443,12.00
11081997306,4653389036,30.90
4653389036,11081997306,30.90
4653389036,6178377584,65.77
6178377584,4653389036,65.77
6178377584,4653389070,16.47
4653389070,6178377584,16.47
4652898410,11117937429,2.04
11117937429,4652898410,2.04
11117937429,4652898406,39.81
4652898406,11117937429,39.81
4652898311,4652898319,4.59
4652898319,4652898311,4.59
4652898319,6938359623,10.73
6938359623,4652898319,10.73
6938359623,11117945057,22.06
11117945057,6938359623,22.06
11117945057,4652898318,20.32
4652898318,11117945057,20.32
1859404947,1859404945,20.40
1859404945,1859404947,20.40
3687645842,6373612285,54.44
6373612285,3687645842,54.44
6373612285,6373612283,5.63
6373612283,6373612285,5.63
6373612283,6373612282,7.49
6373612282,6373612283,7.49
6373612282,6373612274,4.14
6373612274,6373612282,4.14
6373612274,6373612281,4.13
6373612281,6373612274,4.13
4659049045,4659049052,7.22
4659049052,4659049045,7.22
4659049052,4659049051,31.24
4659049051,4659049052,31.24
4659049051,4659049050,40.12
4659049050,4659049051,40.12
4659049050,4659049049,2.72
4659049049,4659049050,2.72
4659049049,4659049048,3.30
4659049048,4659049049,3.30
4659049048,4659049046,20.95
4659049046,4659049048,20.95
4659049046,6373598075,3.19
6373598075,4659049046,3.19
6373598075,6373598074,1.77
6373598074,6373598075,1.77
6373598074,6373598073,1.95
6373598073,6373598074,1.95
6373598073,6373598072,2.65
6373598072,6373598073,2.65
6373598072,6373598071,7.42
6373598071,6373598072,7.42
6373598071,6373598070,4.51
6373598070,6373598071,4.51
6373598070,6373598069,1.98
6373598069,6373598070,1.98
6373598069,6373598068,2.45
6373598068,6373598069,2.45
6373598068,6373598067,3.33
6373598067,6373598068,3.33
6373598067,6373598066,6.71
6373598066,6373598067,6.71
1851757539,6952833321,20.34
6952833321,1851757538,7.20
1851757538,1851757536,18.46
1851757536,6952833320,5.12
6952833320,4659049200,32.74
4659049200,1851757535,37.44
3787420097,11137280373,21.69
11137280373,3787420098,3.63
3787420098,6394989508,8.49
6394989508,6821138389,28.44
6821138389,3787420099,5.50
4659181160,4659181165,16.22
4659181165,4659181160,16.22
2450375237,2450374645,13.56
2450374645,2450374646,22.36
2450374646,2450374647,16.01
2450374647,11196822109,18.27
11196822109,2450374647,18.27
11196822109,2450374648,4.65
2450374648,11196822109,4.65
2450374648,2450374649,23.75
2450374649,2450374648,23.75
4658919011,1862059448,11.87
1862059448,4658919011,11.87
1862059448,4658918995,13.61
4658918995,1862059448,13.61
4658918995,1862059450,6.62
1862059450,4658918995,6.62
1854103750,5295338644,11.17
5295338644,1854103750,11.17
5295338644,5295338643,6.45
5295338643,5295338644,6.45
5295338643,5295310295,4.40
5295310295,5295338643,4.40
5295310295,5295310293,3.78
5295310293,5295310295,3.78
5295310293,1854103756,2.70
1854103756,5295310293,2.70
2379587408,5246400329,15.00
5246400329,4621151558,15.40
4621151558,5295338642,7.39
5295338642,7888216891,2.62
7888216891,5246400330,2.18
5246400330,5246400331,5.42
5246400331,1854103750,7.98
4623649134,5300942816,5.18
5300942816,5245771964,5.34
5245771964,5300942817,5.94
5300942817,2443515019,5.66
2443515019,5300942820,22.88
5300942820,5300942819,1.87
5300942819,4621152397,1.66
4621152397,5300944421,1.57
5300944421,4623649139,1.97
4623649139,5300944424,1.46
5300944424,2443515012,1.27
2443515012,5300944425,1.31
5300944425,5300944427,1.48
5300944427,5300944426,1.29
5300944426,4621152396,1.55
4621152396,5300944428,1.70
5300944428,5300944429,1.64
5300944429,5300944430,3.94
5300944430,6817938932,18.95
6817938932,2443515008,3.15
4655550725,1847297622,37.60
1847297622,4655550185,8.08
4655550185,1847297582,13.97
1847297582,11341136675,12.55
11341136675,1847297919,33.77
1847297919,1847297792,26.44
1847297792,4655550187,21.35
4655550187,1847297698,12.24
1847297698,4655550690,25.23
4655550690,1847297610,12.71
1847297610,4655550692,26.10
4655550692,1847297653,12.39
1847297653,1847297748,24.91
1847297748,1847297746,5.24
661110990,11092542682,4.33
11092542682,11108318342,4.60
11108318342,11092575311,12.07
11092575311,2450859376,18.37
2450859376,11092542685,10.30
11092542685,4652898506,10.76
4652898506,11108284959,10.76
11108284959,6938359629,31.36
6938359629,4652898080,25.27
4652898080,1863305500,6.13
1863305500,1863305502,34.30
1863305502,11108284963,4.30
11108284963,1863536983,21.93
4655547939,6771538363,12.14
6771538363,4655547939,12.14
4653389056,6775719971,31.20
6775719971,4653389056,31.20
6800112280,2618516938,13.12
4965917376,6800112281,11.48
4965917378,11360992113,17.10
11360992113,11386381374,3.70
11386381374,4965917376,5.29
5217867679,5217867670,14.83
5217867670,5217867679,14.83
6800142787,5217867679,10.68
5217867679,6800142787,10.68
6800142785,6800112284,11.77
6800112284,6800142785,11.77
6800252307,11360972259,4.25
11360972259,6800252307,4.25
11360972259,6800252306,12.12
6800252306,11360972259,12.12
6800252306,6800252305,14.89
6800252305,6800252306,14.89
6800252305,11360972261,17.55
11360972261,6800252305,17.55
11360972261,11360972262,6.58
11360972262,11360972261,6.58
11438996567,4551141021,4.06
4551141021,11438996567,4.06
4551141021,4551141000,7.87
4551141000,4551141021,7.87
6735521164,13062598986,17.76
13062598986,4551141000,2.71
4551141000,1843039378,7.70
1843039379,1843039377,22.60
1843039377,4551141021,7.70
4551141021,6952833311,14.24
6952833311,5304559588,18.36
5893077195,5541483062,8.14
5541483062,5893077195,8.14
5541483062,6810257170,41.18
6810257170,5541483062,41.18
6810257172,6810257171,17.44
6810257171,6810257172,17.44
6810257174,6810257173,23.07
6810257173,6810257174,23.07
6810257173,11379630864,26.02
11379630864,6810257173,26.02
6274653340,6821195738,4.50
6821195738,11186799436,15.97
11186799436,6399725546,20.66
6399725546,4192377877,4.40
4192377877,2173401288,8.70
2173401288,11732732790,8.98
11732732790,4659049390,2.40
4659049390,2173401289,23.23
6813572486,4549557572,179.86
4549557572,6813572486,179.86
4549557572,6532144607,246.85
6532144607,4549557572,246.85
6532144607,6288499380,232.13
6288499380,6532144607,232.13
6813554984,6532144622,8.80
6532144622,6813554984,8.80
6532144622,6238462944,10.01
6238462944,6532144622,10.01
6238462941,2987972721,9.37
2987972721,6238462941,9.37
2987972721,6813572493,9.48
6813572493,2987972721,9.48
6813572489,6813572488,1.49
6813572488,6813572489,1.49
6813572488,6813554984,1.49
6813554984,6813572488,1.49
6813554984,6813554979,0.84
6813554979,6813554984,0.84
6813554979,6813554980,0.81
6813554980,6813554979,0.81
6813554980,6813572485,1.37
6813572485,6813554980,1.37
6813572485,6813572486,1.40
6813572486,6813572485,1.40
6238463128,6238463129,3.38
6238463129,6238463128,3.38
6238463129,4549557587,2.83
4549557587,6238463129,2.83
6813634648,4545057660,9.49
4545057660,6813634648,9.49
4545057660,4549557587,6.63
4549557587,4545057660,6.63
6813634649,6288191051,4.79
6288191051,6813634649,4.79
6813634652,6367897032,4.23
6367897032,6813634652,4.23
6367897032,10972351024,7.59
10972351024,6367897032,7.59
10972351024,6813634653,3.62
6813634653,10972351024,3.62
6813634653,6288191050,2.63
6288191050,6813634653,2.63
6813634659,6315664538,4.93
6315664538,6813634659,4.93
6813634662,6813634661,5.96
6813634661,6813634662,5.96
6813634661,6813634659,10.57
6813634659,6813634661,10.57
6813634664,11216544121,4.10
11216544121,6813634664,4.10
11216544121,4545057678,6.25
4545057678,11216544121,6.25
4545057678,6813634669,9.91
6813634669,4545057678,9.91
6315664510,6813634674,4.51
6813634674,6315664510,4.51
6813634674,6813634664,157.54
6813634664,6813634674,157.54
2932707076,4545057679,7.62
4545057679,2932707076,7.62
4545057679,6813634669,5.72
6813634669,4545057679,5.72
6813634669,11216544119,1.71
11216544119,6813634669,1.71
4642346183,4545057677,10.30
4545057677,4642346183,10.30
4545057677,6813634666,6.17
6813634666,4545057677,6.17
4642346183,4545057681,11.66
4545057681,4642346183,11.66
4545057681,6813634664,5.10
6813634664,4545057681,5.10
6813634666,2932707301,1.72
2932707301,6813634666,1.72
2932707301,2932706458,1.86
2932706458,2932707301,1.86
2932706458,2932707076,2.29
2932707076,2932706458,2.29
6288191053,6813674987,3.34
6813674987,6288191053,3.34
11197721654,11197721655,21.17
11197721655,11197721654,21.17
11197721655,6813634684,53.45
6813634684,11197721655,53.45
6813634684,6813674985,1.47
6813674985,6813634684,1.47
6813674985,6813674986,1.47
6813674986,6813674985,1.47
6813674986,6813674987,1.33
6813674987,6813674986,1.33
6813674987,6813634672,20.33
6813634672,6813674987,20.33
6813634672,10879729349,33.59
10879729349,6813634672,33.59
6813634669,6813635650,331.95
6813635650,6813634669,331.95
6813634674,6813634671,4.77
6813634671,6813634674,4.77
6813634671,4642346188,9.32
4642346188,6813634671,9.32
6288400352,4545057686,9.68
4545057686,6288400352,9.68
4545057686,6288400353,6.48
6288400353,4545057686,6.48
6288400351,4545060029,7.32
4545060029,6288400351,7.32
4545060029,6288400352,12.46
6288400352,4545060029,12.46
6288400353,11216544124,3.83
11216544124,6288400353,3.83
11216544124,4545057684,8.61
4545057684,11216544124,8.61
4545057684,6288400350,7.14
6288400350,4545057684,7.14
6238462941,6238462942,2.00
6238462942,6238462941,2.00
6813572490,6813572489,29.28
6813572489,6813572490,29.28
6813572493,6813572490,2.13
6813572490,6813572493,2.13
6813635650,3659234137,5.89
3659234137,6813635650,5.89
3659234137,6813635649,9.58
6813635649,3659234137,9.58
6238462943,6238462944,2.46
6238462944,6238462943,2.46
4549222958,4549222959,236.58
4549222959,4549222958,236.58
4549222959,1867590657,248.06
1867590657,4549222959,248.06
1867590657,4549557570,13.31
4549557570,1867590657,13.31
4549557570,11575022126,163.58
11575022126,4549557570,163.58
11572570447,11572570446,33.00
11572570446,11572570447,33.00
11572570446,4546507338,38.34
4546507338,11572570446,38.34
4546507338,11572570445,41.95
11572570445,4546507338,41.95
11572570445,4546507336,55.73
4546507336,11572570445,55.73
4546507336,11572570444,37.01
11572570444,4546507336,37.01
11572570444,11572570443,28.62
11572570443,11572570444,28.62
11572570443,4546507341,34.67
4546507341,11572570443,34.67
4546507341,4546507334,75.49
4546507334,4546507341,75.49
4546507334,4546507333,48.99
4546507333,4546507334,48.99
4546507333,6813635653,32.17
6813635653,4546507333,32.17
6813635653,6813635652,3.42
6813635652,6813635653,3.42
6813635652,6813635656,4.50
6813635656,6813635652,4.50
6813635660,4546507345,7.07
4546507345,6813635660,7.07
4546507345,6813635656,8.77
6813635656,4546507345,8.77
6813572486,4546507347,6.35
4546507347,6813572486,6.35
4546507347,6813635662,6.38
6813635662,4546507347,6.38
6813635662,6813635661,1.40
6813635661,6813635662,1.40
6813635661,6813635660,4.02
6813635660,6813635661,4.02
6813635660,6813635659,1.70
6813635659,6813635660,1.70
6813635659,6813635658,1.66
6813635658,6813635659,1.66
6813635658,6813635651,50.35
6813635651,6813635658,50.35
6813635651,11572570452,53.02
11572570452,6813635651,53.02
11572570452,4546507340,56.85
4546507340,11572570452,56.85
4546507340,4546507335,73.71
4546507335,4546507340,73.71
4546507335,11572570453,98.59
11572570453,4546507335,98.59
11572570453,4546507337,36.64
4546507337,11572570453,36.64
4546507337,11572570454,17.48
11572570454,4546507337,17.48
11572570454,11572570455,21.44
11572570455,11572570454,21.44
11572570455,11572570456,16.16
11572570456,11572570455,16.16
11572570456,6288499143,5.33
6288499143,11572570456,5.33
4549559471,4549559469,11.63
4549559469,4549559471,11.63
4549559469,11173014299,4.91
11173014299,4549559469,4.91
2379587197,2379586930,44.97
2379586930,2379587197,44.97
1850614846,11787992979,7.76
11787992979,1850614846,7.76
11787992979,6817885194,32.96
6817885194,11787992979,32.96
1843039378,4551140732,22.79
5419902188,6818302542,26.32
6818302542,5419902188,26.32
6818406286,6818406287,4.96
6818406287,6818406286,4.96
6818406287,6818406285,16.44
6818406285,6818406287,16.44
6818406287,11183547129,7.38
11183547129,6818406287,7.38
11183547129,11196859481,1.90
11196859481,11183547129,1.90
11196859481,6818406288,6.32
6818406288,11196859481,6.32
4621152075,5295393779,3.35
5295393779,1854103762,2.72
1854103762,1854103768,18.55
1854103768,1854103780,9.47
1854103780,5295393766,7.09
5295393766,2443521302,3.44
2443521302,5295393762,9.08
5295393762,5295393763,7.72
5295393763,12072440769,16.68
12072440769,5300870346,19.40
5300870346,5300870345,5.23
5300870345,1854103786,3.86
12473464729,6312733650,10.54
6312733650,12473464729,10.54
6312733650,6312733646,7.33
6312733646,6312733650,7.33
6312733646,1842467355,33.58
1842467355,6312733646,33.58
1842467355,1842467351,4.82
1842467351,1842467355,4.82
1842467351,2446133123,12.12
2446133123,1842467351,12.12
4659336170,3787420108,19.40
3787420108,4659336170,19.40
1564400942,6821122983,19.56
6821122983,1564400942,19.56
559763769,4549559469,14.16
4549559469,6185054975,54.30
6185054975,2379587363,33.79
6848018952,9694975349,6.42
9694975349,6848018952,6.42
9694975349,9694975347,1.97
9694975347,9694975349,1.97
9694975347,705089561,9.88
705089561,9694975347,9.88
6864376005,4551191458,13.28
4551191458,6864376005,13.28
6864376005,4637478379,10.36
4637478379,6864376005,10.36
4637478379,1879022636,6.58
1879022636,4637478379,6.58
11976476255,4642110505,2.45
4642110505,11976476255,2.45
4642110505,6864376005,3.00
6864376005,4642110505,3.00
6864410479,6946764693,4.22
6946764693,6946764694,53.26
6946764694,4545060661,17.42
4545060661,4545057863,10.68
2173401290,13006951413,54.50
13006951413,4551140747,3.00
13013404297,4551484177,4.85
4551484177,13013404297,4.85
4551484177,4551484181,7.47
4551484181,4551484177,7.47
13013404299,4551484179,7.64
4551484179,13013404299,7.64
4551484179,4551484178,8.80
4551484178,4551484179,8.80
6864629429,4548016634,49.65
4548016634,4548016635,4.32
4548016635,559762633,8.82
6864718459,6864718458,26.07
6864718458,6864718459,26.07
11558041331,4551141102,4.16
4551141102,11558041331,4.16
4551141102,4551141103,8.20
4551141103,4551141102,8.20
4551141103,11558041329,5.21
11558041329,4551141103,5.21
6864869313,6864869314,27.54
6864869314,6864869313,27.54
6288191050,11976409608,13.26
11976409608,6288191050,13.26
11976409608,10968380028,23.35
10968380028,11976409608,23.35
10968380028,10966454157,29.11
10966454157,10968380028,29.11
10966454157,10968380032,35.93
10968380032,10966454157,35.93
10968380032,10968380026,6.93
10968380026,10968380032,6.93
10968380026,2445916136,4.03
2445916136,10968380026,4.03
2445916136,6315664536,32.37
6315664536,2445916136,32.37
6315664536,6288191048,13.47
6288191048,6315664536,13.47
6288191048,10966454164,38.54
10966454164,6288191048,38.54
10966454164,33359057,8.75
33359057,10966454164,8.75
6813634651,6813634656,27.48
6813634656,6813634651,27.48
6813634652,6813634655,1.17
6813634655,6813634652,1.17
6813634655,6813634650,2.11
6813634650,6813634655,2.11
6813634650,6813634651,2.26
6813634651,6813634650,2.26
6297570365,4551140748,4.41
4551140748,6297570365,4.41
4551140748,6871084181,4.05
6871084181,4551140748,4.05
6871084181,6871084178,7.27
6871084178,6871084181,7.27
6871084178,6871084177,2.64
6871084177,6871084178,2.64
6871084177,6871084180,1.99
6871084180,6871084177,1.99
6871084180,6871084176,2.35
6871084176,6871084180,2.35
6871084176,6871084179,10.35
6871084179,6871084176,10.35
6871084179,6274653676,3.24
6274653676,6871084179,3.24
4551140749,6317863340,8.07
6317863340,4551140749,8.07
6317863340,6297570365,8.60
6297570365,6317863340,8.60
1840275642,6871084183,8.13
6871084183,6871084184,1.32
6871084184,11983530348,3.69
11983530348,6871084182,12.15
6274653668,4642110498,5.03
4642110498,6274653670,6.22
6274653670,6274653352,0.85
6274653352,6274653353,4.23
6274653353,6274653355,8.16
6274653355,6274653356,4.28
6274653356,6274653357,2.99
6274653357,6274653367,5.45
6274653367,6274653351,10.51
6274653351,6274653359,29.98
6274653359,6274653360,20.64
6274653360,6274653361,35.81
6274653361,6274653362,44.37
6274653362,6274653366,62.29
6274653586,6274653585,14.32
6274653585,6274653384,5.26
6274653384,6274653382,10.55
5893133732,1842446651,13.05
1842446651,5893133732,13.05
1842446651,6871089985,6.79
6871089985,1842446651,6.79
6871089985,6871084182,62.75
6871084182,6871089985,62.75
6872030805,10991179708,5.51
10991179708,6872030805,5.51
10991179708,6872030804,26.86
6872030804,10991179708,26.86
6872030804,6959218969,22.59
6959218969,6872030804,22.59
6959218969,6959218968,9.90
6959218968,6959218969,9.90
6959218968,6959218967,8.03
6959218967,6959218968,8.03
6959218967,6959218966,8.15
6959218966,6959218967,8.15
4546765762,6872030808,6.14
6872030808,4546765762,6.14
6872030808,4546765763,5.44
4546765763,6872030808,5.44
6872030813,6872030812,5.98
6872030812,6872030813,5.98
6872030812,6872030811,5.43
6872030811,6872030812,5.43
4546765754,6872030818,6.09
6872030818,4546765754,6.09
6872030818,4546765755,6.01
4546765755,6872030818,6.01
6872030820,6872030819,9.00
6872030819,6872030820,9.00
6872030822,6872030821,5.13
6872030821,6872030822,5.13
6872030821,6872030820,11.01
6872030820,6872030821,11.01
6872030824,6872030823,6.02
6872030823,6872030824,6.02
6872030823,1840275619,6.23
1840275619,6872030823,6.23
1851757535,2435862992,5.12
2435862992,4659181149,33.80
4659181149,6872120924,33.26
6872120924,1859401289,5.73
1859401289,1843039366,5.28
1843039366,6872120921,50.87
6872120924,6872120923,18.34
6872120923,6872120924,18.34
3787420100,3787420097,9.56
3787420097,3787420100,9.56
6872155920,12181128119,6.77
12181128119,6872155920,6.77
12181128119,2750321424,22.24
2750321424,12181128119,22.24
3063639526,10091821870,2.42
10091821870,10091821869,26.06
10091821869,3063639522,2.26
6872194807,6872194806,4.12
6872194806,6872194807,4.12
6872194808,6872194807,7.22
6872194807,6872194808,7.22
6872194810,6872194809,8.17
6872194809,6872194810,8.17
6872194809,6872194808,2.25
6872194808,6872194809,2.25
6872194816,6872194815,37.57
6872194815,6872194816,37.57
6879532041,6879532040,61.02
6879532040,6879532041,61.02
11201005887,6317624544,5.43
6317624544,11201005887,5.43
6317624544,6317624540,8.21
6317624540,6317624544,8.21
6317624540,11201005886,4.47
11201005886,6317624540,4.47
6879759329,6879759307,3.55
6879759307,6879759329,3.55
6879759313,6879759312,2.47
6879759312,6879759307,3.63
6879759307,6879759309,3.84
6879759309,6879759308,2.94
11201005885,6879759316,4.33
6879759316,11201005885,4.33
6879759316,6879759315,8.11
6879759315,6879759316,8.11
6879759315,11201005884,5.50
11201005884,6879759315,5.50
2941446403,1842446712,5.37
1842446712,2941446403,5.37
1842446712,6307602813,4.36
6307602813,1842446712,4.36
6307602811,5911205384,22.07
5911205384,6307602811,22.07
11341203372,6879759328,6.63
6879759328,11341203372,6.63
6879759328,6879759327,8.17
6879759327,6879759328,8.17
6879759327,11341203371,4.87
11341203371,6879759327,4.87
11341142865,6317624550,5.15
6317624550,11341142865,5.15
6317624550,6317624551,8.43
6317624551,6317624550,8.43
6317624551,11341142864,4.69
11341142864,6317624551,4.69
11341142866,6317624549,4.36
6317624549,11341142866,4.36
6317624549,6317624548,8.28
6317624548,6317624549,8.28
6317624548,11341142863,5.20
11341142863,6317624548,5.20
11201005893,6317624542,5.88
6317624542,11201005893,5.88
6317624542,6879759330,7.97
6879759330,6317624542,7.97
6879759330,11201005898,4.60
11201005898,6879759330,4.60
4659180760,6879830556,24.44
6879830556,4659180760,24.44
6879967515,6879967514,27.85
6879967514,6879967515,27.85
6879967517,6879967516,18.52
6879967516,6879967517,18.52
6813634679,6813634678,28.20
6813634678,6813634679,28.20
6288400350,6315664504,160.19
6315664504,6288400350,160.19
6315664504,6813634680,1.85
6813634680,6315664504,1.85
6813634680,6813634679,4.66
6813634679,6813634680,4.66
6737201766,6946512284,14.68
6946512284,6737201766,14.68
6946512284,6946512283,13.88
6946512283,6946512284,13.88
6946512283,6946512282,9.35
6946512282,6946512283,9.35
6946512282,6946512281,10.61
6946512281,6946512282,10.61
6946512281,6946512280,14.73
6946512280,6946512281,14.73
6946512280,2418944845,2.96
2418944845,6946512280,2.96
2418944845,6946512279,4.66
6946512279,2418944845,4.66
6946512279,6946512278,4.45
6946512278,6946512279,4.45
6946512278,6278068908,5.64
6278068908,6946512278,5.64
6882114095,12044002367,3.16
12044002367,6882114095,3.16
12044002367,6882114093,6.39
6882114093,12044002367,6.39
6882114093,6882114094,8.40
6882114094,6882114093,8.40
6882183613,4545057855,5.17
4545057855,6882183613,5.17
4545057855,6882183612,8.42
6882183612,4545057855,8.42
6882183612,4549559470,5.30
4549559470,6882183612,5.30
4549559470,2619994583,9.02
2619994583,4549559470,9.02
2619994583,11360932092,5.52
11360932092,2619994583,5.52
6882183615,12479451963,6.88
12479451963,6882183615,6.88
12479451963,11173011345,6.33
11173011345,12479451963,6.33
11173011345,6882183614,23.01
6882183614,11173011345,23.01
6882183617,6882183616,28.04
6882183616,6882183617,28.04
6882183616,6813674988,5.41
6813674988,6882183616,5.41
6813674988,4545060376,6.64
4545060376,6813674988,6.64
4545060376,6288191053,10.60
6288191053,4545060376,10.60
6300933246,6300933245,5.28
6300933245,6300933246,5.28
6300933244,6300933243,8.30
6300933243,6300933244,8.30
4551484157,6882646808,7.79
6882646808,4551484157,7.79
6882646808,4551484158,7.87
4551484158,6882646808,7.87
4551484159,6882646807,7.44
6882646807,4551484159,7.44
6882646807,4551484156,6.42
4551484156,6882646807,6.42
6882923939,11092548679,2.05
11092548679,6882923939,2.05
11092548679,6882923938,17.04
6882923938,11092548679,17.04
6882933139,6882933140,22.65
6882933140,6882933139,22.65
6882933140,4655548589,19.05
4655548589,6882933140,19.05
6893335780,6893335779,10.72
6893335779,6893335780,10.72
6893335779,6882933140,1.50
6882933140,6893335779,1.50
6882933143,6893335780,10.28
6893335780,6882933143,10.28
6882933145,6882933144,33.19
6882933144,6882933145,33.19
6882933147,6882933146,29.82
6882933146,6882933147,29.82
6883198027,11076203754,4.44
11076203754,6883198027,4.44
11076203754,6883198026,28.19
6883198026,11076203754,28.19
6883198029,11627434834,7.05
11627434834,6883198029,7.05
11627434834,6883198028,26.28
6883198028,11627434834,26.28
6883198032,11341732616,13.82
11341732616,6883198032,13.82
11341241552,6883585604,4.75
6883585604,11341241552,4.75
6883585604,6883585603,8.13
6883585603,6883585604,8.13
6883585603,6883585602,7.59
6883585602,6883585603,7.59
6883585602,11341241551,7.18
11341241551,6883585602,7.18
6883615024,6883615023,6.30
6883615023,6883615024,6.30
6883615025,11123994308,1.72
11123994308,6883615025,1.72
11123994308,6883615024,7.28
6883615024,11123994308,7.28
6883615026,6883615025,6.40
6883615025,6883615026,6.40
6886418744,1840275612,23.05
11751888066,4545057852,5.80
4545057852,11751888066,5.80
4545057852,4545057853,10.73
4545057853,4545057852,10.73
4545057853,11751888061,4.90
11751888061,4545057853,4.90
4642110504,4551191458,26.32
4551191458,4642110504,26.32
4551191458,4646142418,11.40
4646142418,4551191458,11.40
15492311,10972355274,25.57
10972355274,6949961523,4.03
6949961523,4545057661,23.08
4545057661,15492718,24.59
6886849577,11074199256,6.34
11074199256,6886849577,6.34
11074199256,6886849576,4.29
6886849576,11074199256,4.29
11074199255,11074199260,4.55
11074199260,11074199255,4.55
11074199260,6886849578,6.86
6886849578,11074199260,6.86
6886849578,6886849577,11.64
6886849577,6886849578,11.64
6872120925,9061695700,15.37
9061695700,6872120925,15.37
9061695700,4659181157,3.00
4659181157,9061695700,3.00
4659181174,6808014126,3.56
6808014126,4659181174,3.56
6887353094,6887353093,12.11
6887353093,6887353094,12.11
6419688754,6890777425,8.26
6890777425,6419688754,8.26
6890777425,10002812709,26.02
10002812709,6890777425,26.02
10002812709,9063205319,69.22
9063205319,10002812709,69.22
9063205319,10972351019,4.36
10972351019,9063205319,4.36
10972351019,10124843128,7.81
10124843128,10972351019,7.81
15460746,494155690,8.94
494155690,15460746,8.94
4652187198,4652187199,20.14
4652187199,4652187198,20.14
4652187195,4652187200,21.67
4652187200,4652187195,21.67
6938359622,6938359621,49.35
6938359621,6938359622,49.35
6938359621,11117851265,13.53
11117851265,6938359621,13.53
11117851265,11117851266,3.97
11117851266,11117851265,3.97
11117851266,4652898324,3.65
4652898324,11117851266,3.65
4652898414,4652898053,14.01
4652898053,4652898414,14.01
4652898053,4652898052,7.17
4652898052,4652898053,7.17
6938359630,11106093767,22.60
11106093767,6938359630,22.60
11106093767,6938359629,6.40
6938359629,11106093767,6.40
4652898590,4652898589,52.06
4652898589,4652898590,52.06
2418944809,6938359664,10.09
6938359664,2418944809,10.09
6938555103,4655548621,19.69
4655548621,6938555103,19.69
6872155932,11072138294,9.00
11072138294,6872155932,9.00
11072138294,6938555161,1.67
6938555161,11072138294,1.67
6938555161,10199917017,25.29
10199917017,6938555161,25.29
10199917017,6938555162,4.65
6938555162,10199917017,4.65
6872155931,10199871314,1.52
10199871314,6872155931,1.52
10199871314,6938555161,10.36
6938555161,10199871314,10.36
6938555161,10199871309,21.45
10199871309,6938555161,21.45
10199871309,6872155927,6.53
6872155927,10199871309,6.53
4592868885,6946154872,23.47
6946154872,4592868885,23.47
6946154872,6959218895,10.29
6959218895,6946154872,10.29
6959218895,2276695581,12.63
2276695581,6959218895,12.63
4655549708,11341846490,7.51
11341846490,4655549708,7.51
11341846490,12084095337,20.33
12084095337,11341846490,20.33
12084095337,6946165106,12.51
6946165106,12084095337,12.51
6946165106,4551141120,22.86
4551141120,6946165106,22.86
6946165116,11341136682,23.40
11341136682,6946165116,23.40
4655547956,7185443010,12.90
7185443010,4655547956,12.90
7185443010,4655547952,11.81
4655547952,7185443010,11.81
6946165133,10079489208,41.13
10079489208,6946165133,41.13
10079489208,6946165132,0.96
6946165132,10079489208,0.96
6946165132,10079489209,1.03
10079489209,6946165132,1.03
10079489209,6946165131,7.97
6946165131,10079489209,7.97
4655549074,4655549073,30.80
4655549073,4655549074,30.80
1842439705,10563659573,36.00
10563659573,1842439705,36.00
10563659573,10563659575,17.42
10563659575,10563659573,17.42
1946518535,11754183327,15.77
11754183327,1946518535,15.77
11754183327,4551484155,11.18
4551484155,11754183327,11.18
4551484155,11341241547,36.23
11341241547,4551484155,36.23
11341241547,1946518400,5.29
1946518400,11341241547,5.29
6946165154,11341241550,3.53
11341241550,6946165153,3.31
6946165153,4655515759,13.14
6946165174,6959218943,14.86
6959218943,6946165174,14.86
6959218943,6946165173,6.30
6946165173,6959218943,6.30
6946165173,10983294947,7.11
10983294947,6946165173,7.11
10983294947,6946165172,5.57
6946165172,10983294947,5.57
4592868171,6946535795,17.81
6946535795,4592868171,17.81
6946535795,6959195360,52.01
6959195360,6946535795,52.01
6959195360,4592868170,5.82
4592868170,6959195360,5.82
4592868170,4592868171,50.81
4592868171,4592868170,50.81
10909398602,6946535797,3.88
6946535797,10909398602,3.88
6946535797,6946535796,21.65
6946535796,6946535797,21.65
11386364965,6800142785,15.22
6800142785,11386364965,15.22
6981864104,6981864105,17.55
6981864105,6981864104,17.55
6981864105,6949711650,9.22
6949711650,6981864105,9.22
6949711650,11196822075,15.17
11196822075,6949711650,15.17
11196822075,6949711649,3.75
6949711649,11196822075,3.75
6949711652,11769809220,18.89
11769809220,6949711652,18.89
11769809220,11769809218,2.38
11769809218,11769809220,2.38
6949711654,4623649177,10.28
4623649177,6949711654,10.28
6949711653,6949711654,8.28
6949711654,6949711653,8.28
4623649392,6949711653,2.26
6949711653,4623649392,2.26
2443530791,5861378137,4.46
5861378137,2443530791,4.46
5861378137,2443530792,8.28
2443530792,5861378137,8.28
2443530792,8926759750,3.28
8926759750,2443530792,3.28
8926759750,8926759748,3.70
8926759748,8926759750,3.70
8926759748,8926759749,8.52
8926759749,8926759748,8.52
8926759749,2443530794,11.95
2443530794,8926759749,11.95
2443530794,2379587029,10.76
2379587029,2443530794,10.76
6949920686,4623649124,14.31
4623649124,6949920686,14.31
1854103780,6949920686,7.31
6949920686,1854103780,7.31
4621152069,4621152068,9.10
4621152068,4621152069,9.10
4621152068,12072323846,11.24
12072323846,4621152068,11.24
12072323846,4621152067,4.38
4621152067,12072323846,4.38
2443517288,6817938933,3.55
6817938933,2443517288,3.55
6817938933,5245772078,2.46
5245772078,6817938933,2.46
5245772078,5245772080,2.17
5245772080,5245772078,2.17
5245772080,5245772079,2.36
5245772079,5245772080,2.36
5245772079,1854100165,2.17
1854100165,5245772079,2.17
4637479986,5893133733,13.10
5893133733,4637479986,13.10
5893133733,6949961515,9.39
6949961515,5893133733,9.39
2445896996,2619884815,5.24
2619884815,2445896996,5.24
4637479964,4637479323,6.35
4637479323,4637479964,6.35
6949961517,11235168663,1.89
11235168663,6949961517,1.89
11235168663,5893133679,22.80
5893133679,11235168663,22.80
6981864088,6981864089,11.89
6981864089,6981864088,11.89
6981864089,5893074064,36.17
5893074064,6981864089,36.17
5893074064,3992584215,3.78
3992584215,5893074064,3.78
6949961519,15484733,14.84
15484733,6949961519,14.84
2618516928,11186773868,22.63
11186773868,2618516928,22.63
11186773868,6333089680,5.34
6333089680,11186773868,5.34
6950062545,6950062544,12.58
6950062544,6950062545,12.58
6950062544,6950062543,16.66
6950062543,6950062544,16.66
6950062543,6950062542,17.63
6950062542,6950062543,17.63
6950062542,6950062541,26.72
6950062541,6950062542,26.72
6950062541,6950062540,10.47
6950062540,6950062541,10.47
6950062540,6950062539,22.97
6950062539,6950062540,22.97
6950062539,6950062545,18.30
6950062545,6950062539,18.30
4659336112,4659336111,3.44
4659336111,4659336112,3.44
4659336111,4659336110,2.82
4659336110,4659336111,2.82
4659336110,4659336109,3.38
4659336109,4659336110,3.38
4659336109,4659336105,27.50
4659336105,4659336109,27.50
6950062555,6950062554,36.14
6950062554,6950062555,36.14
11544719470,6883712859,10.06
6883712859,11544719470,10.06
4658918777,4658918776,29.06
4658918776,4658918777,29.06
5349962047,4658919006,10.59
4658919006,5349962047,10.59
4658919006,4658919008,5.84
4658919008,4658919006,5.84
1862059444,4658919023,13.26
4658919023,1862059444,13.26
4658919023,1862059445,13.70
1862059445,4658919023,13.70
4658918978,4658918976,29.03
4658918976,4658918978,29.03
4658918976,11074199265,16.14
11074199265,4658918976,16.14
6952505125,6952505124,18.13
6952505124,6952505125,18.13
6952505104,4658918819,4.06
4658918819,6952505104,4.06
6952821583,6952505104,10.60
6952505104,6952821583,10.60
11544733899,11544733904,6.56
11544733904,11544733899,6.56
11544733904,11544733901,18.62
11544733901,11544733904,18.62
3227142880,11557858153,6.59
11557858153,3227142880,6.59
11557858153,3227142881,13.95
3227142881,11557858153,13.95
4551141022,11438898252,5.24
11438898252,4551141022,5.24
11438898252,3615162200,37.15
3615162200,11438898252,37.15
6952833306,6419706169,6.39
6419706169,6952833306,6.39
6952833304,6952833306,15.46
6952833306,6952833304,15.46
6952833308,6952833307,12.89
6952833307,6952833308,12.89
4659180759,11742873896,19.76
11742873896,4659180759,19.76
11742873896,6952833310,14.97
6952833310,11742873896,14.97
4659181446,4659181445,22.45
4659181445,4659181446,22.45
3687645842,11438898251,15.06
11438898251,3687645842,15.06
11438898251,6952833311,3.81
6952833311,11438898251,3.81
1859403472,4659653896,6.70
4659653896,1859403472,6.70
11382574206,6952833314,45.65
6952833314,11382574206,45.65
6952833355,9983550865,23.91
9983550865,6952833355,23.91
9983550865,6302658573,12.90
6302658573,9983550865,12.90
6946165131,11341875856,13.06
11341875856,6946165131,13.06
11341875856,11341241546,40.81
11341241546,11341875856,40.81
6959195363,10909468008,27.79
10909468008,6959195363,27.79
10909468008,6959195373,5.90
6959195373,10909468008,5.90
6959195378,6959195377,3.52
6959195377,6959195378,3.52
6959195377,6959195376,7.80
6959195376,6959195377,7.80
6959195383,10905557175,11.05
10905557175,6959195383,11.05
10905557175,10907409707,1.56
10907409707,10905557175,1.56
10907409707,6959195382,13.75
6959195382,10907409707,13.75
2276695580,6946165094,64.88
6946165094,2276695580,64.88
6946165094,4592884115,24.53
4592884115,6946165094,24.53
6959218896,2276695581,24.86
2276695581,6959218896,24.86
4655550491,4655550188,20.55
4655550188,4655550491,20.55
6959218901,11265513056,8.74
11265513056,6959218901,8.74
11265513056,6959218900,29.25
6959218900,11265513056,29.25
6959218900,7185443025,3.21
7185443025,6959218900,3.21
7185443025,7185443026,2.86
7185443026,7185443025,2.86
7185443026,7185443027,8.06
7185443027,7185443026,8.06
7185443027,7185443031,5.28
7185443031,7185443027,5.28
7185443031,4655547956,6.40
4655547956,7185443031,6.40
6959218909,6959218908,26.42
6959218908,6959218909,26.42
6959218917,6959218916,28.75
6959218916,6959218917,28.75
6959218916,3896558893,5.72
3896558893,6959218916,5.72
3896558893,6959218915,8.73
6959218915,3896558893,8.73
6959218915,6959218914,13.16
6959218914,6959218915,13.16
6959218919,6959218918,45.04
6959218918,6959218919,45.04
4551141122,4655759602,29.61
4655759602,4551141122,29.61
4578288244,4578288243,20.32
4578288243,4578288244,20.32
4553151192,7540496394,17.38
7540496394,4553151192,17.38
7540496394,6274653751,7.14
6274653751,7540496394,7.14
6959218953,9107963806,5.59
9107963806,6959218953,5.59
9107963806,10981727689,37.85
10981727689,9107963806,37.85
4653389034,4653389033,14.30
4653389033,4653389034,14.30
4653431024,10991161715,1.83
10991161715,4653431024,1.83
10991161715,6959218962,7.14
6959218962,10991161715,7.14
6959218962,10069948198,32.19
10069948198,6959218962,32.19
10069948198,6959218965,1.29
6959218965,10069948198,1.29
6959218965,10069948199,1.12
10069948199,6959218965,1.12
10069948199,10069948200,12.78
10069948200,10069948199,12.78
10069948200,6959218964,1.09
6959218964,10069948200,1.09
6959218964,10069948201,1.11
10069948201,6959218964,1.11
10069948201,10069948202,28.96
10069948202,10069948201,28.96
10069948202,6959218963,2.02
6959218963,10069948202,2.02
6959218963,10069948203,2.11
10069948203,6959218963,2.11
10069948203,6959218962,13.35
6959218962,10069948203,13.35
3377281690,3377280037,34.43
3377280037,3377281690,34.43
6981824984,6981824983,20.05
6981824983,6981824984,20.05
6981824983,6981824982,19.76
6981824982,6981824983,19.76
5541483062,6981864090,128.04
6981864090,5541483062,128.04
6981864092,6981864090,132.49
6981864090,6981864092,132.49
6981864090,6988049248,20.33
6988049248,6981864090,20.33
6988049248,5893074240,1.89
5893074240,6988049248,1.89
1842446651,6981864093,44.60
6981864093,1842446651,44.60
6274653633,11983530340,21.68
11983530340,6274653633,21.68
11983530340,10977902400,24.34
10977902400,11983530340,24.34
10977902400,10079520422,11.80
10079520422,10977902400,11.80
10079520422,6981864094,2.11
6981864094,10079520422,2.11
6981864094,10079520423,2.04
10079520423,6981864094,2.04
10079520423,2619527362,43.07
2619527362,10079520423,43.07
2619527362,6981864093,78.45
6981864093,2619527362,78.45
6981864093,6981864092,41.37
6981864092,6981864093,41.37
6981864092,6981864088,31.84
6981864088,6981864092,31.84
6981864095,4621152017,20.01
4621152017,6981864095,20.01
6981864101,6981864102,13.11
6981864102,6981864101,13.11
4621152327,6981864101,5.90
6981864101,4621152327,5.90
2379587230,5295338316,3.51
5295338316,5295338315,3.61
5295338315,5295338313,18.83
5295338313,4621150873,4.76
4621150873,5295338312,4.57
5295338312,1850614841,4.60
1850614841,5295338311,4.38
5295338311,1850614843,12.34
1850614843,5295338238,14.40
5295338238,2379587050,10.17
2379587050,5295338240,10.45
5295338240,5295338239,5.18
5295338239,2379587127,4.98
2379587127,6817885191,6.46
6817885191,2379587118,8.97
2379587118,6817885190,6.67
6817885190,5295338237,6.15
5295338237,3849095943,12.60
3849095943,6817885192,11.01
6817885192,6817885193,7.24
6817885193,1850614846,6.26
1850614846,2379587166,29.27
2379587166,1850614849,18.54
1850614849,5295338235,3.66
5295338235,4621151747,3.20
4621151747,1850614860,3.37
1850614860,5295338233,3.40
5295338233,5295338234,3.65
5295338234,5295338232,8.18
5295338232,4621151796,2.78
4621151796,5295338229,3.62
5295338229,1850614857,3.49
1850614857,5295338227,4.09
5295338227,5295338228,4.32
5295338228,6454711954,20.94
6454711954,5297437852,20.27
5297437852,1850614862,3.28
1850614862,5297437851,2.55
5297437851,2425362134,2.31
2425362134,5297437860,2.04
5297437860,5297437861,1.70
5297437861,5297437858,2.12
5297437858,5297437859,2.54
5297437859,5297437857,13.35
5297437857,5297437863,6.10
5297437863,5297437862,6.12
5297437862,3184343527,6.04
3184343527,3184343525,5.97
3184343525,12103386207,26.73
12103386207,5297437866,17.13
5297437866,5297437865,4.91
5297437865,1850614840,4.16
1850614840,5297437868,4.33
5297437868,5297437870,3.17
5297437870,12072424426,4.88
12072424426,1850614832,3.79
1850614832,5297437869,2.89
5297437869,5297437874,2.88
5297437874,5297437873,2.97
5297437873,1850614830,2.71
1850614830,9332690888,2.06
9332690888,5297437875,1.09
5297437875,5297437876,3.07
5297437876,3184343523,13.90
6981864109,6981864108,29.38
6981864108,6981864109,29.38
6981864108,5297437697,10.32
5297437697,6981864108,10.32
4623649392,4623642879,4.94
4623642879,4623649392,4.94
4659181250,4659181242,51.63
4659181242,4659181250,51.63
4659181242,4659181249,23.39
4659181249,4659181242,23.39
4659181176,11738023778,20.17
11738023778,4659181176,20.17
11738023778,5349911780,4.04
5349911780,11738023778,4.04
5349911780,6394989267,5.03
6394989267,5349911780,5.03
6394989267,6394989266,8.82
6394989266,6394989267,8.82
11544733902,11544733900,33.40
11544733900,11544733902,33.40
2450377228,11173126785,3.92
11173126785,2450377228,3.92
11173126785,11173126788,11.75
11173126788,11173126785,11.75
11173126788,4659334438,14.96
4659334438,11173126788,14.96
6981894162,6981894161,14.44
6981894161,6981894162,14.44
6981894163,6981894162,7.18
6981894162,6981894163,7.18
2443568516,2443568517,13.37
2443568517,2443568516,13.37
2443568517,6185054846,13.40
6185054846,2443568517,13.40
6185054846,4659334457,19.27
4659334457,6185054846,19.27
4112392075,2443568516,15.28
2443568516,4112392075,15.28
4628694199,4628694201,38.91
4628694201,11793837791,8.54
11793837791,2443511272,21.90
2443511272,5323958553,4.16
5323958553,5323958552,2.21
5323958552,2443515008,2.68
5297635246,6946165130,46.18
6946165130,4551484159,94.01
4551484159,1842439709,17.98
4655547985,4655547982,23.78
4655547982,4655547983,9.36
4655547983,1842446672,22.49
1842446659,6883758407,7.24
6883758407,6938555104,6.46
6938555104,4551141124,8.02
4551141124,12088007407,16.97
12088007407,4655547978,9.93
4655547978,4655547976,8.35
4655547976,11384609733,37.56
11384609733,4551141123,16.68
4551141123,4655547985,7.65
1843028674,10563659564,33.68
10563659564,1843028674,33.68
10563659564,1946518760,31.67
1946518760,10563659564,31.67
1946518760,1842439705,23.87
1842439705,1946518760,23.87
1842439705,4655549069,3.55
4655549069,1842439705,3.55
4655549069,6882933147,25.77
6882933147,4655549069,25.77
6882933147,11649786348,19.04
11649786348,6882933147,19.04
11649786348,1842439706,7.50
1842439706,11649786348,7.50
1842439699,10906083600,2.66
10906083600,1842439699,2.66
10906083600,4655259314,3.67
4655259314,10906083600,3.67
4655259314,10560351918,17.78
10560351918,4655259314,17.78
10560351918,1842439700,16.65
1842439700,10560351918,16.65
1842439700,6882933143,13.04
6882933143,1842439700,13.04
6882933143,4551484145,5.29
4551484145,6882933143,5.29
4551484145,1842439701,17.16
1842439701,4551484145,17.16
1842439701,4551484143,8.01
4551484143,1842439701,8.01
4551484143,1842449692,8.59
1842449692,4551484143,8.59
1843028677,10991121583,10.09
10991121583,3325958623,18.72
3325958623,10983294945,3.41
10983294945,10983294944,30.99
10983294944,4655760126,56.64
4655760126,1842446659,9.61
6882779600,6959218952,30.25
6959218952,4578288287,4.60
4578288287,1842474328,100.07
5884556706,7439940968,10.74
7439940968,5884556706,10.74
7439940968,7439940967,10.58
7439940967,7439940968,10.58
7439940967,11384713191,10.52
11384713191,7439940967,10.52
6274653621,1842449677,31.96
1842449677,6274653621,31.96
4642356918,7871697584,8.43
7871697584,4642356918,8.43
7871697584,7871709085,4.28
7871709085,7871697584,4.28
7871709085,10171441589,7.60
10171441589,7871709085,7.60
10171441589,10171441588,7.62
10171441588,10171441589,7.62
10171441588,7871709087,9.64
7871709087,10171441588,9.64
7871709087,7871709088,8.65
7871709088,7871709087,8.65
7871709088,7871709089,10.37
7871709089,7871709088,10.37
7871709089,10171441587,4.53
10171441587,7871709089,4.53
10171441587,7871709090,4.41
7871709090,10171441587,4.41
7871709090,7871709091,4.35
7871709091,7871709090,4.35
7871709091,7871709092,12.09
7871709092,7871709091,12.09
7871709092,7871709093,6.48
7871709093,7871709092,6.48
7871709093,7871679463,5.20
7871679463,7871709093,5.20
7871679463,8122024320,4.99
8122024320,7871679463,4.99
8122024320,7871679464,6.24
7871679464,8122024320,6.24
7871679464,7871709095,4.35
7871709095,7871679464,4.35
7871709095,7871709096,10.14
7871709096,7871709095,10.14
7871709096,4391192649,23.00
4391192649,7871709096,23.00
9977877224,7871709098,5.42
7871709098,9977877224,5.42
7871709098,7871709099,6.84
7871709099,7871709098,6.84
7871709099,7871709155,4.64
7871709155,7871709099,4.64
7871709155,7871709100,4.87
7871709100,7871709155,4.87
7871709100,7871709095,10.79
7871709095,7871709100,10.79
7871709091,7871709102,10.23
7871709102,7871709091,10.23
7871709102,7871709103,10.82
7871709103,7871709102,10.82
7871709103,7871709104,7.54
7871709104,7871709103,7.54
7871709104,7871709108,8.28
7871709108,7871709104,8.28
7871709108,7871709105,4.81
7871709105,7871709108,4.81
7871709105,10171441586,6.13
10171441586,7871709105,6.13
10171441586,7871709106,5.46
7871709106,10171441586,5.46
7871709106,7871709107,8.20
7871709107,7871709106,8.20
7871709107,4642356924,9.85
4642356924,7871709107,9.85
11793832171,11793832169,4.58
11793832169,11793832171,4.58
4621152046,7887883236,15.09
7887883236,4621152046,15.09
7887883236,7887883237,17.46
7887883237,7887883236,17.46
7887883237,7887883238,16.88
7887883238,7887883237,16.88
7888216891,7888216892,65.00
7888216892,7888216891,65.00
7888216892,4637044870,7.92
4637044870,7888216892,7.92
4637044870,12072393843,12.43
12072393843,4637044870,12.43
12072393843,12072393844,6.00
12072393844,12072393843,6.00
7888216893,12072393840,28.15
12072393840,7888216893,28.15
10186036373,7937862198,6.22
7937862198,10186036373,6.22
7937862198,7937862203,9.72
7937862203,7937862198,9.72
7937862203,7937862204,9.41
7937862204,7937862203,9.41
7937862204,7937862205,9.30
7937862205,7937862204,9.30
7937862205,10186036379,16.29
10186036379,7937862205,16.29
10186036375,7937862206,5.14
7937862206,10186036375,5.14
7937862206,7937862207,9.58
7937862207,7937862206,9.58
7937862207,7937862208,9.20
7937862208,7937862207,9.20
7937862208,7937770943,20.38
7937770943,7937862208,20.38
10186036377,7937862213,4.41
7937862213,10186036377,4.41
7937862213,7937862214,9.30
7937862214,7937862213,9.30
7937862214,7937770945,24.57
7937770945,7937862214,24.57
10186036372,7937770982,8.97
7937770982,10186036372,8.97
7937770982,7937770956,9.67
7937770956,7937770982,9.67
7937770956,7937770954,9.27
7937770954,7937770956,9.27
7937770954,7937862193,9.46
7937862193,7937770954,9.46
7937862193,7937862190,9.99
7937862190,7937862193,9.99
7937862190,7937770952,8.57
7937770952,7937862190,8.57
7937770952,10186036381,6.99
10186036381,7937770952,6.99
10186036383,7937862209,9.03
7937862209,10186036383,9.03
7937862209,7937862210,9.17
7937862210,7937862209,9.17
7937862210,7937862196,9.66
7937862196,7937862210,9.66
7937862196,7937862211,9.75
7937862211,7937862196,9.75
7937862211,7937862212,9.40
7937862212,7937862211,9.40
7937862212,7937770950,8.23
7937770950,7937862212,8.23
7937770950,10186036380,6.25
10186036380,7937770950,6.25
2618516877,7937862214,13.64
7937862214,2618516877,13.64
7937862214,7937862208,9.92
7937862208,7937862214,9.92
7937862208,7937862205,9.51
7937862205,7937862208,9.51
7937862205,7937862202,9.46
7937862202,7937862205,9.46
7937862202,7937770950,8.99
7937770950,7937862202,8.99
10186036376,7937862213,3.92
7937862213,10186036376,3.92
7937862213,7937862207,9.63
7937862207,7937862213,9.63
7937862207,7937862204,9.75
7937862204,7937862207,9.75
7937862204,7937862201,9.30
7937862201,7937862204,9.30
7937862201,7937862212,9.46
7937862212,7937862201,9.46
7937862212,7937770952,10.16
7937770952,7937862212,10.16
10186036371,7937862199,6.42
7937862199,10186036371,6.42
7937862199,7937862210,9.58
7937862210,7937862199,9.58
7937862210,7937770954,9.95
7937770954,7937862210,9.95
10186036370,7937862209,7.48
7937862209,10186036370,7.48
7937862209,7937770956,10.00
7937770956,7937862209,10.00
7937770957,7937862220,9.66
7937862220,7937770957,9.66
7937862220,7937770983,10.51
7937770983,7937862220,10.51
7937770983,7937770958,9.35
7937770958,7937770983,9.35
7937770958,7937770960,9.39
7937770960,7937770958,9.39
7937770960,7937862195,9.26
7937862195,7937770960,9.26
7937862195,7937862215,9.54
7937862215,7937862195,9.54
7937862215,10186036382,8.78
10186036382,7937862215,8.78
7937770958,10977904636,10.35
10977904636,7937770958,10.35
10977904636,7937770959,8.09
7937770959,10977904636,8.09
7937770960,10977904637,7.72
10977904637,7937770960,7.72
10977904637,7937770961,8.66
7937770961,10977904637,8.66
10186036384,7937770982,8.70
7937770982,10186036384,8.70
7937770983,10977904635,11.47
10977904635,7937770983,11.47
10977904635,7937770984,7.51
7937770984,10977904635,7.51
7937862190,7937862211,9.80
7937862211,7937862190,9.80
7937862211,7937862200,9.74
7937862200,7937862211,9.74
7937862200,7937862203,9.15
7937862203,7937862200,9.15
7937862203,7937862206,9.79
7937862206,7937862203,9.79
7937862206,10186036374,4.90
10186036374,7937862206,4.90
7937862192,7937862198,5.63
7937862198,7937862192,5.63
7937862198,7937862197,9.24
7937862197,7937862198,9.24
7937862197,7937862196,9.65
7937862196,7937862197,9.65
7937862196,7937862193,9.52
7937862193,7937862196,9.52
7937862193,7937862195,11.51
7937862195,7937862193,11.51
7937770960,7937770954,11.74
7937770954,7937770960,11.74
7937770958,7937770956,11.84
7937770956,7937770958,11.84
7937770983,7937770982,11.86
7937770982,7937770983,11.86
7937862195,10977904638,4.40
10977904638,7937862195,4.40
10977904638,1248716423,7.98
1248716423,10977904638,7.98
7937862190,7937862215,9.83
7937862215,7937862190,9.83
7937862220,10977904634,11.74
10977904634,7937862220,11.74
10977904634,7937862221,7.74
7937862221,10977904634,7.74
7938281354,6813634672,22.41
6813634672,7938281354,22.41
6813634672,7938281355,3.43
7938281355,6813634672,3.43
4647391950,7991776246,23.54
7991776246,4647391950,23.54
8032344145,12076080304,4.01
12076080304,8032344145,4.01
12076080304,8032344146,11.00
8032344146,12076080304,11.00
8032344146,8032344147,9.90
8032344147,8032344146,9.90
8032344147,8032344148,10.60
8032344148,8032344147,10.60
2987973061,11196859478,7.20
11196859478,2987973061,7.20
11196859478,8100857697,20.68
8100857697,11196859478,20.68
8122024320,7871709129,9.17
7871709129,8122024320,9.17
8122024321,7871709152,15.65
7871709152,8122024321,15.65
4658919291,8129210207,16.25
8129210207,4658919291,16.25
8134359698,8234683399,62.62
8234683399,8134359698,62.62
8234683399,8134359699,6.49
8134359699,8234683399,6.49
6988049249,8234683400,62.41
8234683400,6988049249,62.41
8234683400,8134359700,5.76
8134359700,8234683400,5.76
8234683400,8234683399,27.28
8234683399,8234683400,27.28
8234683399,8234683398,43.41
8234683398,8234683399,43.41
4553151363,10981735385,68.36
10981735385,4553151363,68.36
10981735385,10981735387,7.40
10981735387,10981735385,7.40
10981735387,8297303761,84.03
8297303761,10981735387,84.03
8297303761,8297303763,50.91
8297303763,8297303761,50.91
8297303763,10981727686,6.85
10981727686,8297303763,6.85
10981727686,10981727700,20.11
10981727700,10981727686,20.11
10981727700,10981727702,27.69
10981727702,10981727700,27.69
10981727702,8297303762,32.10
8297303762,10981727702,32.10
2618516885,11360932110,5.45
11360932110,2618516885,5.45
11360932110,6300933247,2.93
6300933247,11360932110,2.93
4621152039,8926628761,6.16
8926628761,4621152039,6.16
8926628761,8926628762,14.27
8926628762,8926628761,14.27
8926628762,8926628760,14.44
8926628760,8926628762,14.44
12072323836,12072323837,16.32
12072323837,12072323836,16.32
12072323837,8926759744,3.11
8926759744,12072323837,3.11
8926759744,8926759745,6.70
8926759745,8926759744,6.70
8926759745,8926759746,6.93
8926759746,8926759745,6.93
8926759746,8926759747,10.82
8926759747,8926759746,10.82
8926759747,2443530791,5.39
2443530791,8926759747,5.39
6394989266,9061715924,6.88
9061715924,6394989266,6.88
11120897117,11045424449,14.18
11045424449,11120897117,14.18
11120897118,11120897124,19.38
11120897124,11120897118,19.38
4405548638,9138969331,26.02
9138969331,4405548638,26.02
9146849916,6315664553,1.75
6315664553,9146849916,1.75
6810257172,9146865817,4.68
9146865817,6810257172,4.68
6949961517,4555708980,9.31
4555708980,6949961517,9.31
6274653653,6274653654,3.99
6274653654,6274653655,33.47
6274653655,5893138924,20.80
5893138924,6274653656,2.75
6274653656,6274653657,22.85
6274653657,6274653658,35.19
6274653658,6949961517,13.35
9146865818,6288191055,4.92
6288191055,9146865818,4.92
2619568630,9146865819,3.24
9146865819,2619568630,3.24
12072323830,12072323832,3.71
12072323832,12072323830,3.71
12072323832,9148502273,17.56
9148502273,12072323832,17.56
11793832176,9149775042,37.23
9149775042,11793832176,37.23
9149775042,4621152079,22.92
4621152079,9149775042,22.92
910005956,10909521020,10.51
10909521020,910005956,10.51
10909521020,4592868885,2.55
4592868885,10909521020,2.55
4592868885,910005957,20.47
910005957,4592868885,20.47
910005957,910005961,47.26
910005961,910005957,47.26
910005961,910005963,66.74
910005963,910005961,66.74
3849095937,12084016840,9.59
12084016840,3849095937,9.59
12084016840,3849095938,9.21
3849095938,12084016840,9.21
4658919133,9536060457,5.25
9536060457,4658919133,5.25
9536060457,9536060461,11.56
9536060461,9536060457,11.56
9536060461,9536060459,18.11
9536060459,9536060461,18.11
9536060459,9536060458,11.34
9536060458,9536060459,11.34
9536060459,11341241545,20.04
11341241545,9536060459,20.04
11341241545,9536060460,6.02
9536060460,11341241545,6.02
9536060461,11341241544,19.27
11341241544,9536060461,19.27
11341241544,9536060462,6.27
9536060462,11341241544,6.27
5624473243,9544032238,38.76
9544032238,5624473243,38.76
9544032238,1843574778,42.42
1843574778,9544032238,42.42
4623649172,11196859464,16.99
11196859464,4623649172,16.99
9702318669,12112327346,6.00
12112327346,9702318669,6.00
12112327346,9702318670,4.64
9702318670,12112327346,4.64
9702318671,6882183612,17.91
6882183612,9702318671,17.91
9702318670,9702318671,7.44
9702318671,9702318670,7.44
9702318670,2619928968,3.23
2619928968,2619928966,5.75
2619928966,258346750,5.88
4621152339,4545057851,10.20
4545057851,4545057853,6.76
2987972731,4545057854,18.51
4545060657,6368049809,93.84
6368049809,4545060657,93.84
6368049809,6315664540,46.79
6315664540,6368049809,46.79
6315664540,6946764690,41.49
6946764690,6315664540,41.49
6946764690,6946764691,14.64
6946764691,6946764690,14.64
6946764691,6946764692,46.44
6946764692,6946764691,46.44
6946764692,11742887353,7.87
11742887353,6946764692,7.87
11742887353,6315664538,9.83
6315664538,11742887353,9.83
6315664538,6315664537,10.62
6315664537,6315664538,10.62
6315664537,6315664513,5.94
6315664513,6315664537,5.94
6315664513,6864869313,6.69
6864869313,6315664513,6.69
9741380247,9741380248,27.25
9741380248,9741380247,27.25
9741380249,9741380250,16.66
9741380250,9741380249,16.66
9741380250,11216544115,4.94
11216544115,9741380250,4.94
11216544115,9741380251,6.26
9741380251,11216544115,6.26
9741380252,9741380253,6.44
9741380253,9741380252,6.44
9741380254,9741380253,23.15
9741380253,9741380254,23.15
9741380252,9741380248,4.01
9741380248,9741380252,4.01
9741380256,9741380257,18.07
9741380257,9741380256,18.07
9741380257,9741380258,6.16
9741380258,9741380257,6.16
4652898315,9741380258,6.71
9741380258,4652898315,6.71
9741380258,9741380259,5.72
9741380259,9741380258,5.72
9741380259,9741380260,3.48
9741380260,9741380259,3.48
9741380260,9741380261,5.31
9741380261,9741380260,5.31
9741380261,9741380262,5.26
9741380262,9741380261,5.26
9741380262,9741380263,7.35
9741380263,9741380262,7.35
9741380263,9741380264,11.90
9741380264,9741380263,11.90
9741380264,9741380254,10.52
9741380254,9741380264,10.52
9741380256,9741380269,1.53
9741380269,9741380256,1.53
9741380249,9741380248,6.30
9741380248,9741380249,6.30
9970863700,9970863699,54.03
9970863699,9970863700,54.03
9992527851,9992527850,19.98
9992527850,9992527851,19.98
9992527850,10977939713,6.82
10977939713,9992527850,6.82
10977939713,10977939714,59.94
10977939714,10977939713,59.94
10977939714,10977939715,60.76
10977939715,10977939714,60.76
10977939715,11386157571,8.61
11386157571,10977939715,8.61
11386157571,4655259314,97.85
4655259314,11386157571,97.85
4655259314,10977918903,44.97
10977918903,4655259314,44.97
10977918903,10977939705,14.45
10977939705,10977918903,14.45
10977939705,4553151257,80.60
4553151257,10977939705,80.60
7871709091,9977877223,4.20
9977877223,7871709091,4.20
9977877223,9977877224,1.75
9977877224,9977877223,1.75
9983550862,9983550861,43.46
9983550861,9983550862,43.46
9983550863,9983550864,12.29
9983550864,9983550863,12.29
9983550864,9983550862,3.55
9983550862,9983550864,3.55
9983550860,9983550863,5.52
9983550863,9983550860,5.52
1843574998,11115167798,12.18
11115167798,1843574998,12.18
11115167798,1843574981,1.68
1843574981,11115167798,1.68
1843574981,4658919290,9.77
4658919290,1843574981,9.77
9986547502,1843574998,20.14
1843574998,9986547502,20.14
5884690290,10010937272,9.04
10010937272,5884690290,9.04
10010937272,10010935825,17.89
10010935825,10010937272,17.89
10010935825,10010937271,5.17
10010937271,10010935825,5.17
10010937271,10991149420,13.33
10991149420,10010937271,13.33
10991149420,10010935826,19.49
10010935826,10991149420,19.49
2450376653,10060663613,12.86
10060663613,2450376653,12.86
10137552620,11968125233,29.96
11968125233,10137552620,29.96
10147171684,6300933242,1.18
6300933242,10147171684,1.18
10147162210,10147171684,12.74
10147171684,10147162210,12.74
10147171686,10147162210,4.79
10147162210,10147171686,4.79
4647391945,10167383859,30.25
10167383859,4647391945,30.25
2418944834,10170312429,5.40
10170312429,2418944834,5.40
10170312429,10170312447,3.55
10170312447,10170312429,3.55
10170312447,10170312430,3.72
10170312430,10170312447,3.72
10170312430,10170312431,4.38
10170312431,10170312430,4.38
10170312431,10170312432,4.26
10170312432,10170312431,4.26
10170312432,10170312433,2.80
10170312433,10170312432,2.80
10170312433,10170312682,1.88
10170312682,10170312433,1.88
10170312682,10170312434,1.58
10170312434,10170312682,1.58
10170312434,10170312435,3.60
10170312435,10170312434,3.60
10170312435,10170312436,3.22
10170312436,10170312435,3.22
10170312436,10170312437,4.40
10170312437,10170312436,4.40
10170312437,10170312438,3.51
10170312438,10170312437,3.51
10170312436,10170312439,2.11
10170312439,10170312436,2.11
10170312439,10170312440,1.05
10170312440,10170312439,1.05
10170312440,10170312441,13.28
10170312441,10170312440,13.28
10170312447,10170312448,2.61
10170312448,10170312447,2.61
10170312448,10170312449,2.30
10170312449,10170312448,2.30
10170312449,10170312450,2.28
10170312450,10170312449,2.28
10170312450,10170312451,2.65
10170312451,10170312450,2.65
10170312451,10170312452,2.90
10170312452,10170312451,2.90
10170312452,10170312453,1.87
10170312453,10170312452,1.87
10170312453,10170312454,1.52
10170312454,10170312453,1.52
10170312497,10170312498,34.27
10170312498,10170312497,34.27
11273199083,10170312499,9.48
10170312499,11273199083,9.48
11273199081,10170312497,10.37
10170312497,11273199081,10.37
6315664446,10171525774,6.80
10171525774,6315664446,6.80
10171525774,10171525775,2.52
10171525775,10171525774,2.52
10171525775,10171525776,2.57
10171525776,10171525775,2.57
10171525776,10171525777,2.28
10171525777,10171525776,2.28
10171525777,10171525778,2.62
10171525778,10171525777,2.62
10171525778,10171525779,2.69
10171525779,10171525778,2.69
10171525779,10171525780,3.66
10171525780,10171525779,3.66
10171525780,10171525781,3.41
10171525781,10171525780,3.41
10171525781,10171525782,5.72
10171525782,10171525781,5.72
6315664514,10181403765,7.04
10181403765,6315664514,7.04
10181403765,10181403764,9.72
10181403764,10181403765,9.72
10181403764,6315664510,6.16
6315664510,10181403764,6.16
6864869314,11746118465,1.76
11746118465,6864869314,1.76
11746118465,6315664514,1.87
6315664514,11746118465,1.87
6813634655,6315664514,4.06
6315664514,6813634655,4.06
10183218119,11106011901,7.48
11106011901,10183218119,7.48
11106011901,10183218121,18.51
10183218121,11106011901,18.51
10183218121,10183218120,11.85
10183218120,10183218121,11.85
10199871308,10202041271,3.97
10202041271,10199871308,3.97
10202041271,10199917017,5.51
10199917017,10202041271,5.51
10199917017,10199871309,33.52
10199871309,10199917017,33.52
10199871309,10199871310,20.37
10199871310,10199871309,20.37
10199871310,6938555161,1.53
6938555161,10199871310,1.53
6938555161,10199871314,10.36
10199871314,6938555161,10.36
10199871314,10981792041,3.80
10981792041,10199871314,3.80
10981792041,10199871315,5.00
10199871315,10981792041,5.00
10199871315,11072138297,21.56
11072138297,10199871315,21.56
11072138297,10199871316,2.54
10199871316,11072138297,2.54
10199871316,10199871308,1.55
10199871308,10199871316,1.55
4551191458,11182219610,5.32
11182219610,4551191458,5.32
11182219610,10282607501,5.27
10282607501,11182219610,5.27
4659336110,10312303961,7.81
10312303961,4659336110,7.81
10312303961,10312303960,8.32
10312303960,10312303961,8.32
10312303960,11361015982,3.52
11361015982,10312303960,3.52
11361015982,10312303959,7.96
10312303959,11361015982,7.96
10312303959,10312303958,11.62
10312303958,10312303959,11.62
10312303958,10312303957,7.18
10312303957,10312303958,7.18
10560351918,10560351919,1.98
10560351919,10560351918,1.98
10560351919,4655548388,10.78
4655548388,10560351919,10.78
5624473266,10563596692,7.27
10563596692,5624473266,7.27
4655759594,10563627333,5.65
10563627333,11341846518,5.55
11341846518,11341846519,10.00
11341846519,11341846520,7.63
11341846520,11341846521,4.62
11341846521,11335691040,6.19
10563627334,10563627335,11.43
10563627335,10563627334,11.43
10563627335,10563627336,3.83
10563627336,10563627335,3.83
10563627336,10563627337,2.73
10563627337,10563627336,2.73
10563659554,1843028674,9.61
10563659555,10563659554,8.53
10563659564,10563659565,31.09
10563659565,10563659564,31.09
10563659565,11341732618,13.00
11341732618,10563659565,13.00
10563659568,10563659569,5.22
10563659569,10563659568,5.22
10563659569,10563659570,16.25
10563659570,10563659569,16.25
10563659569,10563659571,27.31
10563659571,10563659569,27.31
10563659571,10563659572,29.15
10563659572,10563659571,29.15
10563659575,2618516941,2.21
2618516941,10563659575,2.21
6703974525,10563659580,31.61
10563659580,10563659581,19.75
10563659581,10563659582,33.76
6703974525,10563659583,11.52
10563659583,10563659584,15.64
10563659584,10563659585,4.77
10598565509,10598565510,25.19
10598565510,10598565509,25.19
10598565510,10598565511,18.97
10598565511,10598565510,18.97
4655548620,4655548611,10.26
4655548611,4655548620,10.26
4655548611,11386157572,27.90
11386157572,4655548611,27.90
11386157572,4655548617,8.40
4655548617,11386157572,8.40
4655548617,4655548616,3.25
4655548616,4655548617,3.25
7540496394,12582818008,50.33
12582818008,7540496394,50.33
12582818008,10981786502,7.33
10981786502,12582818008,7.33
10981786502,10981786503,18.69
10981786503,10981786502,18.69
10981786503,10981786493,11.34
10981786493,10981786503,11.34
10981786493,10981786491,107.14
10981786491,10981786493,107.14
10981786491,10863416126,34.61
10863416126,10981786491,34.61
10863416126,6700648760,12.65
6700648760,10863416126,12.65
6700648760,11201033441,49.29
11201033441,6700648760,49.29
11201033441,4655259313,45.34
4655259313,11201033441,45.34
10865607404,10865647605,11.54
10865647605,10865607404,11.54
10865647605,10977939714,3.59
10977939714,10865647605,3.59
6703974528,10865607404,1.97
10865607404,6703974528,1.97
4655548622,11667270322,29.44
11667270322,4655548622,29.44
11667270322,4655548609,6.97
4655548609,11667270322,6.97
4655548609,11667270320,6.35
11667270320,4655548609,6.35
11667270320,4655548621,18.98
4655548621,11667270320,18.98
1843562287,10895946899,23.36
10895946899,1843562287,23.36
10895946899,10895946900,19.23
10895946900,10895946899,19.23
10895946900,10895946901,14.43
10895946901,10895946900,14.43
10895946901,10895946902,18.68
10895946902,10895946901,18.68
10895946902,10895946903,16.77
10895946903,10895946902,16.77
10895946903,1843562323,7.49
1843562323,10895946903,7.49
1843562323,10895946904,16.88
10895946904,1843562323,16.88
10895946904,10895963105,25.54
10895963105,10895946904,25.54
10895963105,10895963106,20.55
10895963106,10895963105,20.55
10895963106,4549559898,18.16
4549559898,10895963106,18.16
10895951553,1843562278,19.45
1843562278,10895951553,19.45
4549559898,6946764701,47.11
6946764701,4549559898,47.11
6946764701,1843562381,64.21
1843562381,6946764701,64.21
1843562381,1843562273,52.16
1843562273,1843562381,52.16
11189565328,6274653719,8.33
6274653719,6274653720,2.89
6274653720,6274653721,4.91
6274653721,6274653722,8.54
6274653722,6274653723,11.94
6274653723,6274653724,3.89
6274653724,6274653725,7.08
6274653725,6274653726,7.76
6274653726,6274653727,5.58
6274653727,6274653728,15.40
6274653728,6274653729,48.08
6274653729,6274653730,3.49
6274653730,6274653731,2.97
1847323412,11006733419,4.74
11006733419,1847323412,4.74
11006733419,11120897133,35.08
11120897133,11006733419,35.08
6307602821,10909521012,78.39
10909521012,6307602821,78.39
10909521012,6024782085,3.70
6024782085,10909521012,3.70
10909521015,10909521016,1.43
10909521016,10909521015,1.43
10909521016,10909521017,2.66
10909521017,10909521016,2.66
10909521017,10909521018,1.39
10909521018,10909521017,1.39
10909521018,10909521019,4.86
10909521019,10909521018,4.86
10909521015,6946154870,4.49
6946154870,10909521015,4.49
10909521019,10909521020,2.44
10909521020,10909521019,2.44
6946165094,11120858785,6.57
11120858785,6946165094,6.57
10909578426,10909578427,19.87
10909578427,10909578426,19.87
4592884114,12338075366,4.26
12338075366,4592884114,4.26
10909578427,12338075369,2.69
12338075369,10909578427,2.69
12338075369,10909578429,5.25
10909578429,12338075369,5.25
10909578429,10909578430,13.77
10909578430,10909578429,13.77
10909578431,10909673419,15.37
10909673419,10909578431,15.37
10909673419,10909673420,5.24
10909673420,10909673419,5.24
10909673420,10909673421,9.76
10909673421,10909673420,9.76
10909673427,6307566693,2.26
6307566693,10909673427,2.26
6307566693,10909673428,1.53
10909673428,6307566693,1.53
10909673428,10909673429,2.90
10909673429,10909673428,2.90
10909673429,10909673430,8.96
10909673430,10909673429,8.96
4932022616,6307602815,12.69
6307602815,10909673431,27.16
10909673433,10909673434,24.27
10909673434,10909673433,24.27
4592868869,2276695581,48.10
2276695581,4592868869,48.10
6946165094,4592868876,61.20
4592868876,6946165094,61.20
4592868876,12338075385,23.20
12338075385,4592868876,23.20
6419706167,6326523254,6.78
6326523254,6419706167,6.78
6326523254,6419706168,7.00
6419706168,6326523254,7.00
6419706168,10942940911,7.39
10942940911,6419706168,7.39
4659180762,10942940913,10.97
10942940913,4659180762,10.97
10942940913,10942940914,16.21
10942940914,10942940913,16.21
10942965939,11264186679,16.34
11264186679,10942965939,16.34
11264186679,11264186680,26.87
11264186680,11264186679,26.87
11264186680,11264186678,11.85
11264186678,11264186680,11.85
11264186678,10942965946,20.22
10942965946,11264186678,20.22
10942965946,1855835439,45.47
1855835439,10942965946,45.47
10942965946,10942965953,22.86
10942965953,10942965946,22.86
1879011903,10942965964,8.74
10942965964,1879011903,8.74
10942965964,10942965962,19.16
10942965962,10942965964,19.16
10942965963,10942965964,23.75
10942965964,10942965963,23.75
3227142907,11264186503,8.26
11264186503,3227142907,8.26
11264186503,3227142908,15.15
3227142908,11264186503,15.15
3227142908,11264186502,20.73
11264186502,3227142908,20.73
11264186502,11264186501,5.88
11264186501,11264186502,5.88
11264186501,4659180756,18.81
4659180756,11264186501,18.81
4659181236,10944071793,5.61
10944071793,4659181236,5.61
10960664803,10960664801,9.21
10960664801,10960664803,9.21
10960664801,10960664802,12.10
10960664802,10960664801,12.10
10966484075,10966484076,2.94
10966484076,10966484075,2.94
10966484077,10966484078,3.17
10966484078,10966484077,3.17
10966484078,10966484079,6.24
10966484079,10966484078,6.24
10966484076,10966495911,2.83
10966495911,10966484076,2.83
10966495911,10966484077,5.39
10966484077,10966495911,5.39
10895946898,10966484075,5.02
10966484075,10895946898,5.02
10966484080,10966484081,40.37
10966484081,10966484080,40.37
10966484082,10966484083,45.08
10966484083,10966484082,45.08
4647391790,10966484084,46.51
10966484084,4647391790,46.51
10966484085,10966484086,39.13
10966484086,10966484085,39.13
10966484087,10966484088,47.10
10966484088,10966484087,47.10
10966484089,10966484090,53.99
10966484090,10966484089,53.99
11672374398,10966484086,1.25
10966484086,11672374398,1.25
10966484086,11672374399,1.54
11672374399,10966484086,1.54
11672374399,11672374400,1.56
11672374400,11672374399,1.56
11672374400,10966484084,1.55
10966484084,11672374400,1.55
10966484084,10966484088,1.27
10966484088,10966484084,1.27
10966484088,10966484090,1.51
10966484090,10966484088,1.51
10966484090,11672374401,0.86
11672374401,10966484090,0.86
11672374401,10966484095,0.86
10966484095,11672374401,0.86
10966484095,11672374402,0.79
11672374402,10966484095,0.79
11672374402,10966484096,0.81
10966484096,11672374402,0.81
10966484096,11672374403,1.52
11672374403,10966484096,1.52
11672374403,10966484097,1.52
10966484097,11672374403,1.52
10966484097,10966484098,1.35
10966484098,10966484097,1.35
10966484098,11672374404,1.35
11672374404,10966484098,1.35
11672374404,11672374405,1.35
11672374405,11672374404,1.35
11672374405,10966484099,1.35
10966484099,11672374405,1.35
10966484099,11672374406,1.17
11672374406,10966484099,1.17
11672374406,10966484100,1.17
10966484100,11672374406,1.17
10966484100,10966484101,1.47
10966484101,10966484100,1.47
10966484101,10966484083,1.48
10966484083,10966484101,1.48
10966484083,10966484081,1.52
10966484081,10966484083,1.52
10966484081,11672374398,1.25
11672374398,10966484081,1.25
10966484100,10966484102,36.07
10966484102,10966484100,36.07
10966484099,10966484103,32.66
10966484103,10966484099,32.66
10966484095,10966484104,37.73
10966484104,10966484095,37.73
10966484096,10966495905,28.44
10966495905,10966484096,28.44
10966484097,10966495907,23.22
10966495907,10966484097,23.22
10966484085,10966495910,7.61
10966495910,10966484085,7.61
10966495910,10966495911,19.14
10966495911,10966495910,19.14
10966495911,10966495912,26.78
10966495912,10966495911,26.78
10966495912,4647391790,7.04
4647391790,10966495912,7.04
10966484087,10966495913,11.20
10966495913,10966484087,11.20
10966484089,10966495914,5.24
10966495914,10966484089,5.24
10966484080,10895963111,15.24
10895963111,10966484080,15.24
10966484082,10966495915,8.88
10966495915,10966484082,8.88
10969274285,10968380030,2.74
10968380030,10969274285,2.74
10968380030,10966454157,23.47
10966454157,10968380030,23.47
4391192649,6315664512,5.23
6315664512,4391192649,5.23
6315664512,10966454162,7.89
10966454162,6315664512,7.89
10966454162,10966454163,7.88
10966454163,10966454162,7.88
10966454163,11119832248,5.46
11119832248,10966454163,5.46
11119832248,10966454164,2.70
10966454164,11119832248,2.70
10966454164,10966454165,11.47
10966454165,10966454164,11.47
5924017726,5924017731,10.34
5924017731,5924017726,10.34
10968380027,11119832245,5.45
11119832245,10968380027,5.45
11119832245,10968380028,3.47
10968380028,11119832245,3.47
10968380028,10968380029,23.57
10968380029,10968380028,23.57
10968380029,10968380030,29.18
10968380030,10968380029,29.18
10968380030,10968380031,35.86
10968380031,10968380030,35.86
10968380031,10968380032,23.36
10968380032,10968380031,23.36
10968380032,11119832246,2.98
11119832246,10968380032,2.98
11119832246,10968380033,5.42
10968380033,11119832246,5.42
10968380031,10966454159,9.64
10966454159,10968380031,9.64
10966454159,10968380036,40.84
10968380036,10966454159,40.84
10968380037,10968380024,1.88
10968380024,10968380037,1.88
10968380024,5924017731,13.00
5924017731,10968380024,13.00
4642335147,10968380039,4.82
10968380039,4642335147,4.82
10968380039,10968380040,4.65
10968380040,10968380039,4.65
10968380040,10968380041,5.53
10968380041,10968380040,5.53
10968380041,10968380042,5.32
10968380042,10968380041,5.32
10968380042,2418944842,7.38
2418944842,10968380042,7.38
10968380039,10968380043,4.19
10968380043,10968380039,4.19
10968380043,10968380044,5.45
10968380044,10968380043,5.45
10968380044,10968380042,4.99
10968380042,10968380044,4.99
4653389058,4653389057,12.81
4653389057,4653389058,12.81
4653389057,4653389056,19.43
4653389056,4653389057,19.43
10968426143,10968426144,14.69
10968426144,10968426143,14.69
10968426144,10968426145,19.04
10968426145,10968426144,19.04
10968426145,10968426146,15.14
10968426146,10968426145,15.14
10968426146,4653389058,19.55
4653389058,10968426146,19.55
10968426147,10968426148,19.08
10968426148,10968426147,19.08
10968426152,10968426153,6.50
10968426153,10968426152,6.50
10968426153,10968426154,11.08
10968426154,10968426153,11.08
10968426153,10968426155,6.13
10968426155,10968426153,6.13
10968380098,10968380099,10.57
10968380099,10968380098,10.57
10968380099,10968380100,3.07
10968380100,10968380099,3.07
10968380098,10968380101,7.26
10968380101,10968380098,7.26
4655259313,11201033443,31.53
11201033443,4655259313,31.53
11201033443,11201033440,28.26
11201033440,11201033443,28.26
11201033440,4553151259,78.78
4553151259,11201033440,78.78
4553151259,12184793469,54.67
12184793469,4553151259,54.67
12184793469,4553151360,73.36
4553151360,12184793469,73.36
4553151360,10968380101,76.36
10968380101,4553151360,76.36
10968380101,6158966964,26.24
6158966964,10968380101,26.24
6158966964,10981727689,5.66
10981727689,6158966964,5.66
10981727689,6158966969,41.07
6158966969,10981727689,41.07
10969274285,10969274290,3.48
10969274290,10969274285,3.48
10969274290,10969274291,3.06
10969274291,10969274290,3.06
6872030815,11117835877,5.06
11117835877,6872030815,5.06
11117835877,10968426152,2.28
10968426152,11117835877,2.28
10972351013,4550017449,9.42
4550017449,10972351013,9.42
10972355274,10972351020,6.51
10972351020,10972355274,6.51
10972351020,10972355275,2.08
10972355275,10972351020,2.08
10972355275,10977848194,5.62
10977848194,10972355275,5.62
10977848194,10972355276,20.30
10972355276,10977848194,20.30
4549559471,11137304620,6.55
11137304620,4549559471,6.55
11137304620,10972351014,1.79
10972351014,11137304620,1.79
10972351014,10972351015,7.07
10972351015,10972351014,7.07
10972351015,6813634648,16.25
6813634648,10972351015,16.25
6813634648,10977904621,23.55
10977904621,6813634648,23.55
10977904621,10972351016,8.22
10972351016,10977904621,8.22
10972351016,10972351017,24.48
10972351017,10972351016,24.48
10972351017,10977848203,13.30
10977848203,10972351017,13.30
10977848203,10972351018,43.58
10972351018,10977848203,43.58
10972351018,10972351019,52.10
10972351019,10972351018,52.10
10972351019,10972351020,30.42
10972351020,10972351019,30.42
10972351020,10972351021,29.78
10972351021,10972351020,29.78
10972351021,4549559900,21.59
4549559900,10972351021,21.59
4549559900,10972351031,69.04
10972351031,4549559900,69.04
10972351031,10972351022,5.72
10972351022,10972351031,5.72
10972351022,10972351023,62.90
10972351023,10972351022,62.90
10972351023,11976409611,3.23
11976409611,10972351023,3.23
11976409611,10972351024,60.12
10972351024,11976409611,60.12
10972351021,10972351025,3.95
10972351025,10972351021,3.95
10972351025,10972351026,19.22
10972351026,10972351025,19.22
10972351013,10972351027,7.74
10972351027,10972351013,7.74
10972351027,10972351025,15.87
10972351025,10972351027,15.87
10972351014,12352008770,42.61
12352008770,10972351014,42.61
12352008770,10972351028,12.39
10972351028,12352008770,12.39
10972351028,12352008741,19.15
12352008741,10972351028,19.15
12352008741,12352008742,7.44
12352008742,12352008741,7.44
12352008742,6238463190,12.91
6238463190,12352008742,12.91
10972351029,10972351030,20.42
10972351030,10972351029,20.42
10972351030,10972351031,7.81
10972351031,10972351030,7.81
10972351031,10972351032,7.07
10972351032,10972351031,7.07
5046750026,10977848198,11.04
10977848198,5046750026,11.04
10977848198,10977848199,5.49
10977848199,10977848198,5.49
6981864086,10977848200,6.24
10977848200,6981864086,6.24
10977848203,10977848204,2.37
10977848204,10977848203,2.37
10977848204,10977904605,21.40
10977904605,10977848204,21.40
10977904605,6981864087,19.66
6981864087,10977904605,19.66
5046750025,10972351018,9.27
10972351018,5046750025,9.27
10972351018,10977848197,3.98
10977848197,10972351018,3.98
12352008724,10977904621,1.93
10977904621,12352008724,1.93
10977904621,10977904620,8.73
10977904620,10977904621,8.73
10977904627,10977904630,25.45
10977904630,10977904627,25.45
10977904633,10977904634,16.94
10977904634,10977904633,16.94
10977904634,10977904635,10.78
10977904635,10977904634,10.78
10977904635,10977904636,9.46
10977904636,10977904635,9.46
10977904636,10977904637,9.46
10977904637,10977904636,9.46
10977904637,10977904638,10.37
10977904638,10977904637,10.37
6879981608,10977923723,17.96
10977923723,6879981608,17.96
10977923723,10977923724,1.93
10977923724,10977923723,1.93
10977923724,10977923726,3.18
10977923726,10977923724,3.18
10977923726,10977923725,2.89
10977923725,10977923726,2.89
10977923728,10977923729,11.00
10977923729,10977923728,11.00
10977923729,10977923731,21.00
10977923731,10977923729,21.00
10977923731,10977923730,29.47
10977923730,10977923731,29.47
10977923734,10977923735,13.75
10977923735,10977923734,13.75
10977923735,10977923736,18.76
10977923736,10977923735,18.76
10977923733,10977923734,12.64
10977923734,10977923733,12.64
10977923737,10977923738,12.51
10977923738,10977923737,12.51
10977923738,10977923739,35.45
10977923739,10977923738,35.45
10977923745,10977923746,4.08
10977923746,10977923745,4.08
10977923746,10977923747,29.56
10977923747,10977923746,29.56
10977923749,10977923751,6.87
10977923751,10977923749,6.87
10977923751,10977923750,13.95
10977923750,10977923751,13.95
10977918902,10977918903,16.69
10977918903,10977918902,16.69
10977918904,10977939705,16.27
10977939705,10977918904,16.27
10977936452,10977936453,14.45
10977936453,10977936452,14.45
10977936452,10977936454,2.19
10977936454,10977936452,2.19
10977936454,6703974530,4.28
6703974530,10977936454,4.28
10977936455,9992527859,4.35
9992527859,10977936455,4.35
9992527859,9992527851,5.89
9992527851,9992527859,5.89
10977936455,10977936456,27.37
10977936456,10977936455,27.37
10977936456,10977936457,7.59
10977936457,10977936456,7.59
10977936457,10977936459,27.62
10977936459,10977936457,27.62
10977936459,10977936458,15.53
10977936458,10977936459,15.53
10977936458,10977974702,4.92
10977974702,10977936458,4.92
10977974702,10977974703,2.71
10977974703,10977974702,2.71
10977974703,6274653731,3.11
6274653731,10977974703,3.11
10977936453,10977936459,5.20
10977936459,10977936453,5.20
1946518403,11649786324,0.95
11649786324,1946518403,0.95
11649786324,4655549033,39.08
4655549033,11649786324,39.08
6895985809,4655549033,3.07
10977936461,10977936462,21.01
10977936462,10977936461,21.01
10977936462,10977936463,1.47
10977936463,10977936462,1.47
10977936461,4655515770,8.61
4655515770,10977936461,8.61
10977936464,10977936466,11.07
10977936466,10977936464,11.07
10977936466,10977936465,2.29
10977936465,10977936466,2.29
10977936465,10977936467,20.99
10977936467,10977936465,20.99
10977936469,10977936470,8.69
10977936470,10977936469,8.69
6946165143,1946518423,11.75
10563659575,10977902394,23.78
10977902394,10563659575,23.78
10977902395,10977902396,11.03
10977902396,10977902395,11.03
10977902398,10977902399,4.43
10977902399,10977902398,4.43
10977902399,11981411629,1.19
11981411629,10977902399,1.19
9704795296,2619527362,3.72
2619527362,9704795296,3.72
10977902398,10977902400,11.87
10977902400,10977902398,11.87
4553151363,11181986413,47.57
11181986413,4553151363,47.57
11181986413,4553151257,79.39
4553151257,11181986413,79.39
10977974703,10977990021,36.54
10977990021,10977974703,36.54
10977990021,10977990022,34.29
10977990022,10977990021,34.29
10977990022,10977990023,10.01
10977990023,10977990022,10.01
10977990023,10977990024,20.71
10977990024,10977990023,20.71
10977990024,10981745739,2.69
10981745739,10977990024,2.69
10981745739,10977990025,14.71
10977990025,10981745739,14.71
10977990025,10977990026,11.17
10977990026,10977990025,11.17
10977990026,10977990027,12.92
10977990027,10977990026,12.92
10977990027,6274653620,14.79
6274653620,10977990027,14.79
6274653620,6274653707,61.59
6274653707,6274653620,61.59
6236718711,5893077222,18.97
5893077222,6236718711,18.97
4578288239,10981727704,20.76
10981727704,4578288239,20.76
10981727704,10981742105,7.54
10981742105,10981727704,7.54
10981742105,4578288227,5.16
4578288227,10981742105,5.16
10981727704,10981735382,5.10
10981735382,10981727704,5.10
10981742105,10981735383,4.72
10981735383,10981742105,4.72
10981735383,10981735384,9.08
10981735384,10981735383,9.08
10981735384,10981735385,3.46
10981735385,10981735384,3.46
10981735382,10981735386,9.09
10981735386,10981735382,9.09
10981735386,10981735387,3.39
10981735387,10981735386,3.39
10981735388,4655548375,42.09
4655548375,10981735388,42.09
10981735389,10981735388,7.33
10981735388,10981735389,7.33
10981735388,10981735391,22.08
10981735391,10981735388,22.08
10981735391,10981735390,6.68
10981735390,10981735391,6.68
10981747415,10981747416,5.18
10981747416,10981747415,5.18
10981747418,10981747419,4.19
10981747419,10981747418,4.19
10981747419,10981747420,8.27
10981747420,10981747419,8.27
10981747420,10981747421,7.64
10981747421,10981747420,7.64
10981745727,10981745728,11.04
10981745728,10981745727,11.04
10981745727,10981745729,15.32
10981745729,10981745727,15.32
6274653620,10981745730,23.19
10981745730,6274653620,23.19
10981745730,10981745736,23.51
10981745736,10981745730,23.51
10981745736,10981745731,5.31
10981745731,10981745736,5.31
10981745731,10981745732,41.02
10981745732,10981745731,41.02
10981745736,10981745737,12.41
10981745737,10981745736,12.41
10981745737,10981745738,4.53
10981745738,10981745737,4.53
10981745738,10981745739,3.27
10981745739,10981745738,3.27
10981745731,10981745728,2.92
10981745728,10981745731,2.92
10981786491,10981786492,22.24
10981786492,10981786491,22.24
10981786492,3623165396,18.90
3623165396,10981786492,18.90
10981786493,10981786494,17.56
10981786494,10981786493,17.56
10981786495,10981786503,7.53
10981786503,10981786495,7.53
10981786503,10981786496,1.72
10981786496,10981786503,1.72
10981786496,10981786497,14.06
10981786497,10981786496,14.06
10981786494,4655259323,11.40
4655259323,10981786494,11.40
10981786504,10981792005,11.24
10981792005,10981786504,11.24
1851759285,4553150269,5.80
4553150269,1851759285,5.80
4553150269,1851759286,6.57
1851759286,4553150269,6.57
1851759286,10981792012,16.50
10981792012,1851759286,16.50
10981792012,11928626356,44.60
11928626356,10981792012,44.60
11928626356,3623163181,13.52
3623163181,11928626356,13.52
10981792009,10981792010,36.37
10981792010,10981792009,36.37
10981792010,10981792011,23.80
10981792011,10981792010,23.80
10981792011,10981792012,26.36
10981792012,10981792011,26.36
10981792011,10981792018,2.10
10981792018,10981792011,2.10
10981792018,10091821881,2.11
10091821881,10981792018,2.11
10981792021,10981792022,10.51
10981792022,10981792021,10.51
10981792021,10981792023,11.85
10981792023,10981792021,11.85
10981792023,10981792024,14.40
10981792024,10981792023,14.40
10981792022,10981792031,3.76
10981792031,10981792022,3.76
10981792032,10981792033,16.51
10981792033,10981792032,16.51
10983294943,10983294944,18.26
10983294944,10983294943,18.26
10983294945,10983294946,4.00
10983294946,10983294945,4.00
10991139338,10991139339,10.15
10991139339,10991139338,10.15
12181128124,10991139364,33.31
10991139364,12181128124,33.31
1946518904,10991139369,12.70
10991139369,1946518904,12.70
10991139369,10991179716,20.67
10991179716,10991139369,20.67
10991179716,10991139370,5.13
10991139370,10991179716,5.13
10991139389,10991139390,3.56
10991139390,10991139389,3.56
10991139392,10991139393,10.38
10991139393,10991139392,10.38
10991139393,10991139394,5.82
10991139394,10991139393,5.82
10991139394,10991139395,11.05
10991139395,10991139394,11.05
10991149407,10991149408,18.24
10991149408,10991149407,18.24
10991121588,10991121587,13.09
10991121587,10991121588,13.09
10991121587,10991121586,3.05
10991121586,10991121587,3.05
10991121586,10991121581,4.81
10991121581,10991121586,4.81
10991121581,1843028677,3.37
1843028677,10991121581,3.37
10991121584,10991121582,22.68
10991121582,10991121584,22.68
10991121582,10991121583,3.56
10991121583,10991121582,3.56
10983294946,12751860897,9.50
12751860897,10983294946,9.50
10991149419,10991149420,1.30
10991149420,10991149419,1.30
10991126384,10991126385,5.25
10991126385,10991126384,5.25
4653389051,4653389009,19.82
4653389009,4653389051,19.82
4653389010,2608876433,13.65
2608876433,4653389010,13.65
10991126389,10991126390,25.89
10991126390,10991126389,25.89
10991126390,10991126391,2.19
10991126391,10991126390,2.19
10991126391,10991126392,5.79
10991126392,10991126391,5.79
10991126389,10991126393,1.85
10991126393,10991126389,1.85
6178479192,10991126394,14.51
10991126394,6178479192,14.51
10991126393,10991126395,12.70
10991126395,10991126393,12.70
10991126395,6178479192,2.92
6178479192,10991126395,2.92
10991126402,10991126403,23.39
10991126403,10991126402,23.39
4653389025,10991161513,13.22
10991161513,4653389025,13.22
10991161513,10991161514,8.56
10991161514,10991161513,8.56
10991157985,10991157986,29.67
10991157986,10991157985,29.67
10991157983,10991157985,23.57
10991157985,10991157983,23.57
10991157986,10991157984,18.89
10991157984,10991157986,18.89
10991157984,10991157987,18.45
10991157987,10991157984,18.45
10991157987,10991157988,8.09
10991157988,10991157987,8.09
10991157988,10991158000,9.07
10991158000,10991157988,9.07
10991158000,10991157989,6.44
10991157989,10991158000,6.44
10991157989,10991157990,3.40
10991157990,10991157989,3.40
10991157991,10991157992,17.79
10991157992,10991157991,17.79
10991157992,10991157993,3.00
10991157993,10991157992,3.00
10991157993,10991157990,5.71
10991157990,10991157993,5.71
10991157990,10991157994,35.34
10991157994,10991157990,35.34
10991157991,10991157995,7.67
10991157995,10991157991,7.67
10991158001,10991158002,7.61
10991158002,10991158001,7.61
1458030829,11117835881,5.05
11117835881,1458030829,5.05
11117835881,10991179707,49.07
10991179707,11117835881,49.07
1458030799,10991179709,5.84
10991179709,1458030799,5.84
10991179709,4546765759,5.93
4546765759,10991179709,5.93
4546765759,10991179712,5.20
10991179712,4546765759,5.20
10991179710,10991179711,3.52
10991179711,10991179710,3.52
5336036732,11086024901,33.30
11086024901,5336036732,33.30
11086024901,10991179716,16.96
10991179716,11086024901,16.96
10991179716,11076210360,40.15
11076210360,10991179716,40.15
11076210360,4553151346,53.56
4553151346,11076210360,53.56
4553151346,12582818036,35.67
12582818036,4553151346,35.67
12582818036,12582818035,11.06
12582818035,12582818036,11.06
12582818035,4553151347,22.07
4553151347,12582818035,22.07
4553151347,11117835884,25.97
11117835884,4553151347,25.97
11117835884,4553151358,13.99
4553151358,11117835884,13.99
4553151358,10991179717,27.94
10991179717,4553151358,27.94
10991179717,10991179718,17.61
10991179718,10991179717,17.61
10991179718,10991179712,20.15
10991179712,10991179718,20.15
10991179712,10991179713,2.74
10991179713,10991179712,2.74
10991179713,10991179719,36.38
10991179719,10991179713,36.38
10991179719,4553151355,34.65
4553151355,10991179719,34.65
4553151355,4553151354,37.80
4553151354,4553151355,37.80
4553151354,11928626346,94.30
11928626346,4553151354,94.30
11928626346,10991179720,36.68
10991179720,11928626346,36.68
10991179720,5899335442,56.67
5899335442,10991179720,56.67
10991179713,10991179711,3.95
10991179711,10991179713,3.95
6959218966,10991139158,18.41
10991139158,6959218966,18.41
10991139158,10991139159,18.09
10991139159,10991139158,18.09
10991139160,10991139161,8.58
10991139161,10991139160,8.58
10991139161,10991139162,8.83
10991139162,10991139161,8.83
10991139162,6959218966,23.88
6959218966,10991139162,23.88
11002461930,4405548638,27.99
4405548638,11002461930,27.99
4668094198,4668094193,10.30
4668094193,4668094198,10.30
4668094193,6959195381,2.28
6959195381,4668094193,2.28
6959195381,4535748141,2.53
4535748141,6959195381,2.53
4535748141,4668094199,15.72
4668094199,4535748141,15.72
4668094199,11006666503,10.10
11006666503,4668094199,10.10
4668094196,11006733408,4.90
11006733408,4668094196,4.90
11006733408,11006666504,4.42
11006666504,11006733408,4.42
11006666504,11006733405,22.07
11006733405,11006666504,22.07
11006733405,11006733406,1.81
11006733406,11006733405,1.81
11006733406,9063224219,10.85
9063224219,11006733406,10.85
11006733408,11006733409,8.17
11006733409,11006733408,8.17
11006733409,11006733410,13.18
11006733410,11006733409,13.18
11006733410,11006733411,11.23
11006733411,11006733410,11.23
4668094199,6959195379,5.20
6959195379,4668094199,5.20
6959195379,6959195378,3.52
6959195378,6959195379,3.52
6959195378,11065965769,6.41
11065965769,6959195378,6.41
11065965769,11065965770,6.23
11065965770,11065965769,6.23
11065965770,11065965771,7.63
11065965771,11065965770,7.63
11065965771,11065965772,4.18
11065965772,11065965771,4.18
11065965773,6959195367,4.49
6959195367,11065965773,4.49
11065965770,11065965773,3.78
11065965773,11065965770,3.78
11065965774,11065965776,13.88
11065965776,11065965774,13.88
11065965776,11065965775,6.10
11065965775,11065965776,6.10
6959195375,6959195363,18.99
6959195363,6959195375,18.99
11065965778,11065965779,57.20
11065965779,11065965778,57.20
11065965779,11065965780,19.07
11065965780,11065965779,19.07
11065965778,11065965781,18.42
11065965781,11065965778,18.42
11065965781,11065965782,9.88
11065965782,11065965781,9.88
11065965780,11065965783,7.20
11065965783,11065965780,7.20
6185054984,11173014293,4.57
11173014293,6185054984,4.57
11173014293,11182223526,10.98
11182223526,11173014293,10.98
11072138293,11072138297,3.58
11072138297,11072138293,3.58
11072138297,10202041271,3.53
10202041271,11072138297,3.53
10202041271,6938555162,3.51
6938555162,10202041271,3.51
11072167868,11072167869,8.04
11072167869,11072167868,8.04
1851805071,6178380486,5.19
6178380486,1851805071,5.19
6178380486,6178380485,24.16
6178380485,6178380486,24.16
6178380485,6178380384,15.71
6178380384,6178380485,15.71
6178380384,6178380383,2.66
6178380383,6178380384,2.66
6178380383,6178380382,3.68
6178380382,6178380383,3.68
6178380382,6178380381,3.81
6178380381,6178380382,3.81
6178380381,6178380380,2.04
6178380380,6178380381,2.04
6178380380,6178380379,2.83
6178380379,6178380380,2.83
6178380379,11072167871,8.37
11072167871,6178380379,8.37
11072167871,6178380378,24.05
6178380378,11072167871,24.05
6178380378,4653387760,13.64
4653387760,6178380378,13.64
4653387760,4653387759,13.35
4653387759,4653387760,13.35
4653387759,6938359607,5.94
6938359607,4653387759,5.94
11072167873,11072167874,38.84
11072167874,11072167873,38.84
11072167874,11093246931,2.45
11093246931,11072167874,2.45
11093246931,11093246932,10.11
11093246932,11093246931,10.11
11093246932,11093246936,5.56
11093246936,11093246932,5.56
2450381815,4653388708,20.68
4653388708,2450381815,20.68
4653388708,6178380350,10.16
6178380350,4653388708,10.16
6178380350,4653388707,5.87
4653388707,6178380350,5.87
6178380362,6178380357,24.71
6178380357,6178380362,24.71
2400544807,4653388699,14.51
4653388699,2400544807,14.51
4653388699,6178380372,1.42
6178380372,4653388699,1.42
6178380372,6938359620,1.45
6938359620,6178380372,1.45
6938359620,4653388697,3.11
4653388697,6938359620,3.11
4653388697,6178380374,1.60
6178380374,4653388697,1.60
6178380374,6178380373,1.79
6178380373,6178380374,1.79
6178380373,11072167884,14.96
11072167884,6178380373,14.96
11072167884,6882923938,10.49
6882923938,11072167884,10.49
6882923938,4653388695,17.66
4653388695,6178380368,3.42
6178380368,4653388695,3.42
11072167879,11072167883,3.08
11072167883,11072167879,3.08
11072167883,11072167880,1.87
11072167880,11072167883,1.87
11072167880,11072167881,2.92
11072167881,11072167880,2.92
11072167881,11072167882,4.42
11072167882,11072167881,4.42
11072167879,11072167884,1.32
11072167884,11072167879,1.32
11072167882,11092548696,7.16
11092548696,11072167882,7.16
11092548696,11072167885,4.41
11072167885,11092548696,4.41
11074199233,4658919015,7.87
4658919015,11074199233,7.87
11074199234,4658919015,5.93
4658919015,11074199234,5.93
4658918955,11074199237,8.47
11074199237,4658918955,8.47
11074199237,11074199238,19.27
11074199238,11074199237,19.27
11074199246,11074199247,5.56
11074199247,11074199246,5.56
11074199248,11074199249,14.32
11074199249,11074199248,14.32
11074199249,11074199250,14.34
11074199250,11074199249,14.34
11074199250,11074199251,1.88
11074199251,11074199250,1.88
11074199251,11074199252,3.24
11074199252,11074199251,3.24
3227109531,11074199253,9.71
11074199253,3227109531,9.71
11074199253,11074199254,5.09
11074199254,11074199253,5.09
13013404300,13013404298,4.06
13013404298,13013404300,4.06
13013404298,13013404297,1.91
13013404297,13013404298,1.91
13013404297,11074199259,59.41
11074199259,13013404297,59.41
11074199259,11074199260,3.23
11074199260,11074199259,3.23
11074199260,11074199256,19.07
11074199256,11074199260,19.07
11074199256,11074199257,45.90
11074199257,11074199256,45.90
11074199257,11074199258,55.79
11074199258,11074199257,55.79
11074199258,11558041331,25.57
11558041331,11074199258,25.57
11558041331,4551484185,13.85
4551484185,11558041331,13.85
11074199254,11074199259,4.15
11074199259,11074199254,4.15
11074199234,11074199257,2.98
11074199257,11074199234,2.98
4658918978,11074199264,10.48
11074199264,4658918978,10.48
11074199265,11074199267,4.61
11074199267,11074199265,4.61
11074199267,11074199266,19.07
11074199266,11074199267,19.07
11074199272,11074199273,6.87
11074199273,11074199272,6.87
4658918787,11074196978,5.62
11074196978,4658918787,5.62
11074196978,4658918783,17.65
4658918783,11074196978,17.65
4658918783,4658918786,7.47
4658918786,4658918783,7.47
11074196971,11074196972,1.94
11074196972,11074196971,1.94
11074196972,11074196973,19.84
11074196973,11074196972,19.84
11074196973,11074196977,5.89
11074196977,11074196973,5.89
11074196977,11074196982,4.91
11074196982,11074196977,4.91
11074196979,11074196980,15.42
11074196980,11074196979,15.42
11074196980,11074196981,17.61
11074196981,11074196980,17.61
11074196981,11074196982,15.42
11074196982,11074196981,15.42
11074196982,11074196979,17.61
11074196979,11074196982,17.61
11074196981,6317342400,9.46
6317342400,11074196981,9.46
4658918783,11074196983,18.45
11074196983,4658918783,18.45
11074196990,11074196991,19.45
11074196991,11074196990,19.45
5624473289,5884981843,7.12
5884981843,5624473289,7.12
11074196998,11074196999,15.91
11074196999,11074196998,15.91
11074196999,11074197000,10.14
11074197000,11074196999,10.14
11074197000,11074197001,2.77
11074197001,11074197000,2.77
4658919294,11074219718,2.03
11074219718,4658919294,2.03
11074219718,11074219719,20.52
11074219719,11074219718,20.52
11074219721,11074219720,3.70
11074219720,11074219721,3.70
11074219720,4658919294,1.71
4658919294,11074219720,1.71
4655758422,6883758406,2.47
6883758406,4655758422,2.47
6883758406,4655758418,3.09
4655758418,6883758406,3.09
4655758418,11074219727,9.41
11074219727,4655758418,9.41
11074219727,11074219758,30.53
11074219758,11074219727,30.53
11074219758,11074219726,19.79
11074219726,11074219758,19.79
11074219726,4655758421,3.40
4655758421,11074219726,3.40
4655758420,11074219729,9.35
11074219729,4655758420,9.35
11074219729,11074219730,25.94
11074219730,11074219729,25.94
11074219730,11074219731,36.70
11074219731,11074219730,36.70
11074219756,11074219757,4.60
11074219757,11074219756,4.60
11074219757,11074219758,10.15
11074219758,11074219757,10.15
4653387771,11076088617,13.04
11076088617,4653387771,13.04
11076203725,11076203726,5.71
11076203726,11076203725,5.71
4653387770,11076203730,33.14
11076203730,4653387770,33.14
6883198026,11076203734,21.43
11076203734,6883198026,21.43
6883198026,11076203735,15.54
11076203735,6883198026,15.54
4653387764,11076203736,12.67
11076203736,4653387764,12.67
11076203736,4653387763,10.77
4653387763,11076203736,10.77
11076203742,11076203743,7.22
11076203743,11076203742,7.22
11076203743,11076203744,3.54
11076203744,11076203743,3.54
11076203744,11076203745,20.63
11076203745,11076203744,20.63
11076203745,11076203746,22.49
11076203746,11076203745,22.49
11076203746,11076203747,2.64
11076203747,11076203746,2.64
11076203747,11076203748,3.25
11076203748,11076203747,3.25
11076203748,11076203749,3.11
11076203749,11076203748,3.11
11076203751,11076203752,5.45
11076203752,11076203751,5.45
11072148901,11076203753,21.23
11076203753,11072148901,21.23
11076203753,5336036737,51.35
5336036737,11076203753,51.35
5336036737,5336036735,82.26
5336036735,5336036737,82.26
5336036735,11076203754,29.84
11076203754,5336036735,29.84
11076203754,5336036727,30.37
5336036727,11076203754,30.37
5336036727,11123954055,46.84
11123954055,5336036727,46.84
11123954055,4553151252,20.99
4553151252,11123954055,20.99
4553151252,11076203756,10.85
11076203756,4553151252,10.85
11076203756,11076210338,34.29
11076210338,11076203756,34.29
11076210338,11076203755,40.97
11076203755,11076210338,40.97
11076203755,4546486642,83.72
4546486642,11076203755,83.72
4546486642,11627401361,22.00
11627401361,4546486642,22.00
11627401361,11117835883,7.83
11117835883,11627401361,7.83
11117835883,11117835882,10.69
11117835882,11117835883,10.69
11117835882,11117835881,14.92
11117835881,11117835882,14.92
11117835881,11117835880,8.19
11117835880,11117835881,8.19
11117835880,11117835879,24.81
11117835879,11117835880,24.81
11117835879,11117835878,12.18
11117835878,11117835879,12.18
11117835878,10991179708,8.49
10991179708,11117835878,8.49
10991179708,4553151348,43.65
4553151348,10991179708,43.65
4553151348,11117835877,56.09
11117835877,4553151348,56.09
11117835877,5336036723,36.30
5336036723,11117835877,36.30
5336036723,10968426143,66.88
10968426143,5336036723,66.88
10968426143,5336036725,36.20
5336036725,10968426143,36.20
5336036725,11117835875,53.64
11117835875,5336036725,53.64
11117835875,6274653599,15.94
6274653599,11117835875,15.94
11076203752,11076203756,5.57
11076203756,11076203752,5.57
11076210336,11076210337,22.95
11076210337,11076210336,22.95
11076210337,11076210338,5.64
11076210338,11076210337,5.64
11076210338,11076210339,5.09
11076210339,11076210338,5.09
11076210355,11076210356,13.46
11076210356,11076210355,13.46
11076210357,11076210355,13.21
11076210355,11076210357,13.21
11076210355,11076210358,1.12
11076210358,11076210355,1.12
11076210358,11076210359,5.11
11076210359,11076210358,5.11
11076210359,11076210360,4.74
11076210360,11076210359,4.74
11076210360,11076210361,3.98
11076210361,11076210360,3.98
4658918982,11081910566,3.90
11081910566,4658918982,3.90
11081910566,4658918981,28.03
4658918981,11081910566,28.03
11081910567,11081910568,33.76
11081910568,11081910567,33.76
11081910569,11081910568,7.84
11081910568,11081910569,7.84
11081910568,11081910570,14.31
11081910570,11081910568,14.31
11081910570,11081910571,3.75
11081910571,11081910570,3.75
11081910571,11081910572,17.09
11081910572,11081910571,17.09
11081910567,11081910573,10.80
11081910573,11081910567,10.80
11081910569,11081910574,8.96
11081910574,11081910569,8.96
11081910575,11081910577,21.53
11081910577,11081910575,21.53
11081910577,11081910576,6.89
11081910576,11081910577,6.89
11081948879,11081948881,2.13
11081948881,11081948879,2.13
11081948881,11081948880,10.79
11081948880,11081948881,10.79
11081948886,11081948887,10.22
11081948887,11081948886,10.22
11081975905,11081975906,3.40
11081975906,11081975905,3.40
11081975906,11081975907,15.44
11081975907,11081975906,15.44
11081975905,11081975908,5.75
11081975908,11081975905,5.75
11081975907,11439164284,3.55
11439164284,11081975907,3.55
11439164284,11439164283,22.72
11439164283,11439164284,22.72
4658918356,11081975912,16.88
11081975912,4658918356,16.88
11081975912,11081975913,1.93
11081975913,11081975912,1.93
11081975913,11081975914,3.34
11081975914,11081975913,3.34
1843574933,11081975915,5.95
11081975915,1843574933,5.95
11081975915,11081975916,6.11
11081975916,11081975915,6.11
11081975916,11081975917,13.31
11081975917,11081975916,13.31
11081975917,4658918356,6.01
4658918356,11081975917,6.01
4658918368,4658918369,7.83
4658918369,4658918368,7.83
4658918369,6887006684,2.96
6887006684,4658918369,2.96
6887006684,5624247490,2.97
5624247490,6887006684,2.97
5624247490,5624247487,2.96
5624247487,5624247490,2.96
5624304691,11081975918,6.40
11081975918,5624304691,6.40
11081975919,11081975920,5.41
11081975920,11081975919,5.41
11081975920,11081975921,3.12
11081975921,11081975920,3.12
11081975921,11081975922,8.03
11081975922,11081975921,8.03
11081975922,11081975923,7.84
11081975923,11081975922,7.84
11081975923,11081975924,9.02
11081975924,11081975923,9.02
11081975924,11081975925,11.10
11081975925,11081975924,11.10
11081975925,5624247487,5.22
5624247487,11081975925,5.22
4653389071,6178380287,3.12
6178380287,4653389071,3.12
6178380287,4653389072,2.63
4653389072,6178380287,2.63
4653389072,6178380286,2.11
6178380286,4653389072,2.11
6178380286,4653389073,1.99
4653389073,6178380286,1.99
4653389073,4653389074,5.28
4653389074,4653389073,5.28
4653389037,11081996596,5.29
11081996596,4653389037,5.29
11081996596,11081996597,12.19
11081996597,11081996596,12.19
11081996597,2608876445,12.35
2608876445,11081996597,12.35
11081996598,11081996599,20.56
11081996599,11081996598,20.56
11081996600,11081996601,7.15
11081996601,11081996600,7.15
11081997306,11081997307,25.44
11081997307,11081997306,25.44
11081997307,11081997308,12.39
11081997308,11081997307,12.39
11081997308,11081997309,6.45
11081997309,11081997308,6.45
5336036732,5336036729,47.72
5336036729,5336036732,47.72
5336036729,11084424530,69.35
11084424530,5336036729,69.35
11084424530,11084424531,2.04
11084424531,11084424530,2.04
11084424531,12497087166,12.99
12497087166,11084424531,12.99
12497087166,4553150938,43.26
4553150938,12497087166,43.26
4553150938,11123940535,22.92
11123940535,4553150938,22.92
11123940535,11908354619,98.20
11908354619,11123940535,98.20
11908354619,11123940532,10.12
11123940532,11908354619,10.12
11123940532,4553150935,63.75
4553150935,11123940532,63.75
4553150935,11123940533,69.24
11123940533,4553150935,69.24
11123940533,11123940534,11.55
11123940534,11123940533,11.55
11123940534,6285928897,6.68
6285928897,11123940534,6.68
11084626605,11084626618,3.12
11084626618,11084626605,3.12
11084626618,11084626606,21.52
11084626606,11084626618,21.52
11084626606,11084626607,2.77
11084626607,11084626606,2.77
11084626614,11084626615,23.38
11084626615,11084626614,23.38
11084626615,11084626616,12.72
11084626616,11084626615,12.72
11084626616,11084626617,23.31
11084626617,11084626616,23.31
11084626606,11084626619,17.58
11084626619,11084626606,17.58
11084626619,11084626620,18.19
11084626620,11084626619,18.19
11084626620,11084626621,23.42
11084626621,11084626620,23.42
11084626621,11084626616,10.53
11084626616,11084626621,10.53
11086024901,11086024902,20.38
11086024902,11086024901,20.38
11092575307,11092575308,13.56
11092575308,11092575307,13.56
11092575310,11092575311,42.60
11092575311,11092575310,42.60
11092542662,11092542663,8.92
11092542663,11092542662,8.92
11092542664,11092542665,44.00
11092542665,11092542664,44.00
4549222953,11092542674,6.43
11092542674,4549222953,6.43
11092542674,11092542680,13.55
11092542680,11092542674,13.55
11092542681,11092542682,7.85
11092542682,11092542681,7.85
4652898069,4652898068,31.51
4652898068,4652898069,31.51
11092542683,11092542684,8.13
11092542684,11092542683,8.13
11092542684,11108284958,1.47
11108284958,11092542684,1.47
11108284958,11092542685,6.82
11092542685,11108284958,6.82
11092542683,4652898070,15.78
4652898070,11092542683,15.78
11092542688,4652898070,6.09
4652898070,11092542688,6.09
4652898070,4652898069,4.51
4652898069,4652898070,4.51
11108279969,11092542688,20.11
11092542688,11108279969,20.11
5188359725,4652898071,5.84
4652898071,5188359725,5.84
11092542691,11092542692,18.61
11092542692,11092542691,18.61
11092542692,11092542693,3.37
11092542693,11092542692,3.37
11092542691,4652898068,25.09
4652898068,11092542691,25.09
11092542694,11092542695,8.12
11092542695,11092542694,8.12
11092542695,11092542696,3.46
11092542696,11092542695,3.46
11092542696,4652898068,13.64
4652898068,11092542696,13.64
4652898070,11092542697,3.06
11092542697,4652898070,3.06
11092542697,11092542698,4.24
11092542698,11092542697,4.24
11092542698,11092542700,5.63
11092542700,11092542698,5.63
11092542700,11092542699,6.41
11092542699,11092542700,6.41
11092598705,11092598706,5.68
11092598706,11092598705,5.68
11092598705,11092598707,14.04
11092598707,11092598705,14.04
11092598706,4652898069,23.97
4652898069,11092598706,23.97
2608865187,11092548677,2.89
11092548677,2608865187,2.89
11092548681,11092548695,25.94
11092548695,11092548681,25.94
11092548695,11092548682,5.12
11092548682,11092548695,5.12
11092548683,11092548684,15.40
11092548684,11092548683,15.40
11092548684,11092548685,5.85
11092548685,11092548684,5.85
11092548685,11092548686,6.73
11092548686,11092548685,6.73
11092548686,11092548689,6.47
11092548689,11092548686,6.47
11092548689,11092548687,7.20
11092548687,11092548689,7.20
11092548687,11092548688,11.15
11092548688,11092548687,11.15
11092548694,4546507354,22.25
4546507354,11092548694,22.25
4546507354,4653148306,29.10
4653148306,4546507354,29.10
4653148306,11092548688,37.56
11092548688,4653148306,37.56
11092548688,11092548695,15.16
11092548695,11092548688,15.16
11092548695,11092548696,97.60
11092548696,11092548695,97.60
11092548697,11092548698,9.90
11092548698,11092548697,9.90
11092548703,11092548704,19.73
11092548704,11092548703,19.73
11092548704,11092631605,2.22
11092631605,11092548704,2.22
11092631605,11092631606,3.30
11092631606,11092631605,3.30
11092631606,11092631607,6.70
11092631607,11092631606,6.70
11092548703,11092631608,6.06
11092631608,11092548703,6.06
11092631610,4653388732,13.70
4653388732,11092631610,13.70
4653388732,11092631609,8.50
11092631609,4653388732,8.50
11092631613,11092631614,9.54
11092631614,11092631613,9.54
4653388735,11092631615,6.62
11092631615,4653388735,6.62
4653388735,4653388734,24.57
4653388734,4653388735,24.57
11093246661,11093246662,6.66
11093246662,11093246661,6.66
11093246663,11093246664,7.44
11093246664,11093246663,7.44
4653388729,11093246665,26.38
11093246665,4653388729,26.38
11093246665,11093246671,16.38
11093246671,11093246665,16.38
11093246671,11093246666,5.35
11093246666,11093246671,5.35
11093246666,11093246664,2.53
11093246664,11093246666,2.53
6178380339,11093246667,2.92
11093246667,6178380339,2.92
11093246667,11093246668,15.10
11093246668,11093246667,15.10
11093246668,11093246672,8.13
11093246672,11093246668,8.13
11093246669,11093246670,5.95
11093246670,11093246669,5.95
11093246670,11093246671,4.54
11093246671,11093246670,4.54
11093246672,11093246669,1.72
11093246669,11093246672,1.72
6258768680,11093246926,7.89
11093246926,6258768680,7.89
11093246926,11093246927,5.30
11093246927,11093246926,5.30
11093246936,11093246933,17.01
11093246933,11093246936,17.01
11093246933,11093246934,13.03
11093246934,11093246933,13.03
11093246934,11093246935,10.26
11093246935,11093246934,10.26
11093246937,11093246938,11.47
11093246938,11093246937,11.47
11093246939,11093246940,21.55
11093246940,11093246939,21.55
6288499384,11106011898,6.05
11106011898,6288499384,6.05
11106011898,11106011897,4.48
11106011897,11106011898,4.48
11106011897,11106011899,4.96
11106011899,11106011897,4.96
11106011899,4652332057,58.07
4652332057,11106011899,58.07
4652332057,11106063642,4.33
11106063642,4652332057,4.33
11106063642,11106063641,18.26
11106063641,11106063642,18.26
11106063641,12068898174,21.46
12068898174,11106063641,21.46
12068898174,12068898172,48.66
12068898172,12068898174,48.66
12068898172,11106011900,59.38
11106011900,12068898172,59.38
11106011900,12068888258,3.56
12068888258,11106011900,3.56
12068888258,4652332055,78.67
4652332055,12068888258,78.67
4652332055,4652332054,91.44
4652332054,4652332055,91.44
4652332054,10183218117,33.00
10183218117,4652332054,33.00
10183218117,11106011901,18.66
11106011901,10183218117,18.66
11106011901,4549222964,21.71
4549222964,11106011901,21.71
4549222964,4652187235,7.58
4652187235,4549222964,7.58
4652187235,4546288139,92.22
4546288139,4652187235,92.22
4546288139,6813635662,80.17
6813635662,4546288139,80.17
11106084033,11106084034,28.76
11106084034,11106084033,28.76
11106084063,11106084064,16.82
11106084064,11106084063,16.82
11106084064,4653148045,13.28
4653148045,11106084064,13.28
11106084065,11106084066,14.16
11106084066,11106084065,14.16
11106084067,4539916155,6.67
4539916155,11106084067,6.67
4539916155,11106084068,26.15
11106084068,4539916155,26.15
11106084069,1863305528,8.04
1863305528,11106084069,8.04
4653388699,11106093737,3.04
11106093737,4653388699,3.04
11106093737,11106093738,2.07
11106093738,11106093737,2.07
11106093738,11106093739,4.56
11106093739,11106093738,4.56
11106093748,2608865157,1.86
2608865157,11106093748,1.86
11106093747,11106093748,0.91
11106093748,11106093747,0.91
11106093779,11106093782,2.96
11106093782,11106093779,2.96
11106093782,4652898504,12.03
4652898504,11106093782,12.03
11106093780,11106093781,15.00
11106093781,11106093780,15.00
11106093781,11106093782,3.31
11106093782,11106093781,3.31
11074196979,11074196978,2.11
11074196978,11074196979,2.11
11108284954,11108284955,2.36
11108284955,11108284954,2.36
11092542694,11108284955,1.53
11108284955,11092542694,1.53
11108284956,11108284957,2.13
11108284957,11108284956,2.13
11108284957,11108284955,34.13
11108284955,11108284957,34.13
11108284956,11108284958,2.14
11108284958,11108284956,2.14
11108284959,11108284960,8.52
11108284960,11108284959,8.52
11108284963,11108284964,19.91
11108284964,11108284963,19.91
11108284964,4652898074,7.32
4652898074,11108284964,7.32
11108284967,11108284968,12.37
11108284968,11108284967,12.37
4652898079,11108284986,5.03
11108284986,4652898079,5.03
11108284986,11108279933,8.27
11108279933,11108284986,8.27
11108279933,4652898076,14.30
4652898076,11108279933,14.30
4652898072,11108284987,15.07
11108284987,4652898072,15.07
4549222956,4549222967,10.78
4549222967,4549222956,10.78
4549222967,11108279928,22.63
11108279928,4549222967,22.63
11108279928,11108279930,31.55
11108279930,11108279928,31.55
11108279930,11108279954,36.23
11108279954,11108279930,36.23
11108279954,11108279951,19.79
11108279951,11108279954,19.79
11108279951,11168381464,7.48
11168381464,11108279951,7.48
11168381464,11108279942,32.42
11108279942,11168381464,32.42
11108279942,11108279924,53.04
11108279924,11108279942,53.04
11108279924,6300933234,45.74
6300933234,11108279924,45.74
6300933234,11108279925,58.77
11108279925,6300933234,58.77
11108279925,11108279926,25.39
11108279926,11108279925,25.39
11108279926,11108279927,4.41
11108279927,11108279926,4.41
11092542693,11108279928,7.97
11108279928,11092542693,7.97
11092598707,11108279929,2.97
11108279929,11092598707,2.97
11108279929,11108279930,8.89
11108279930,11108279929,8.89
11108279931,11108279932,3.54
11108279932,11108279931,3.54
11108279932,11108279933,4.36
11108279933,11108279932,4.36
11108279931,11108279934,7.36
11108279934,11108279931,7.36
11108279934,11108279935,2.45
11108279935,11108279934,2.45
11108279935,11108279936,10.90
11108279936,11108279935,10.90
11108279934,11108279937,2.90
11108279937,11108279934,2.90
11108279937,11108279938,10.93
11108279938,11108279937,10.93
11108279936,11108279939,1.47
11108279939,11108279936,1.47
11108279939,11108279941,2.84
11108279941,11108279939,2.84
11108279941,11108279940,2.40
11108279940,11108279941,2.40
11108279940,11108279938,1.42
11108279938,11108279940,1.42
11108279941,11108279942,10.31
11108279942,11108279941,10.31
11108279943,11108279944,3.60
11108279944,11108279943,3.60
11108279945,11108279946,3.65
11108279946,11108279945,3.65
11108279943,11108279947,5.92
11108279947,11108279943,5.92
11108279945,11108279948,6.04
11108279948,11108279945,6.04
11108279944,11108279949,32.29
11108279949,11108279944,32.29
11108279949,11108279950,2.55
11108279950,11108279949,2.55
11108279950,11108279951,9.56
11108279951,11108279950,9.56
11108279952,11108279953,2.69
11108279953,11108279952,2.69
11108279953,11108279954,9.60
11108279954,11108279953,9.60
11108279946,11108279955,16.89
11108279955,11108279946,16.89
11108279955,11108279956,7.75
11108279956,11108279955,7.75
11108279956,11108279952,15.51
11108279952,11108279956,15.51
4652898071,11108284985,1.95
11108284985,4652898071,1.95
11108284985,11108279961,12.34
11108279961,11108284985,12.34
11108279961,11108279962,4.93
11108279962,11108279961,4.93
11108279962,11108279947,7.07
11108279947,11108279962,7.07
11108279947,11108279948,11.34
11108279948,11108279947,11.34
11108279948,11108279970,7.92
11108279970,11108279948,7.92
11108279970,11108279969,6.32
11108279969,11108279970,6.32
11108284954,11108318342,6.33
11108318342,11108284954,6.33
4637479957,4637479985,1.44
4637479985,4637479957,1.44
4637479985,10182983032,41.34
10182983032,4637479985,41.34
10182983032,2619527371,6.56
2619527371,10182983032,6.56
2619527371,4637479960,4.79
4637479960,2619527371,4.79
2619527370,6274653361,2.39
6274653361,2619527370,2.39
6274653361,11115166766,29.52
11115166766,6274653361,29.52
11115128903,11115235808,8.77
11115235808,11115128903,8.77
11115235808,11115128904,8.21
11115128904,11115235808,8.21
11115128904,11115217805,3.67
11115217805,11115128904,3.67
11115217805,10079489213,7.26
10079489213,11115217805,7.26
6938557386,11115217814,18.61
11115217814,6938557386,18.61
11115217814,11115217815,3.12
11115217815,11115217814,3.12
11115217815,11115217816,5.95
11115217816,11115217815,5.95
11115217816,11115217817,7.01
11115217817,11115217816,7.01
11115217817,11115217818,4.80
11115217818,11115217817,4.80
11115217818,11115217827,14.91
11115217827,11115217818,14.91
11115217827,11115217825,4.92
11115217825,11115217827,4.92
11115217825,11115217819,14.13
11115217819,11115217825,14.13
11115217819,11115217820,14.80
11115217820,11115217819,14.80
11115217820,11115217821,5.92
11115217821,11115217820,5.92
11115217821,11115217822,2.29
11115217822,11115217821,2.29
4658919302,11115217821,2.52
11115217821,4658919302,2.52
11115217822,11115217823,8.66
11115217823,11115217822,8.66
11115217823,11115217824,2.00
11115217824,11115217823,2.00
11115217824,4658919122,5.17
4658919122,11115217824,5.17
11115217827,11115217828,12.09
11115217828,11115217827,12.09
4658919300,11115217829,2.00
11115217829,4658919300,2.00
8129210207,1843575076,2.72
1843575076,8129210207,2.72
11115217852,11115217853,7.96
11115217853,11115217852,7.96
1843574947,11115217854,13.79
11115217854,1843574947,13.79
11115217854,11115217855,14.68
11115217855,11115217854,14.68
11115167784,11115167785,19.95
11115167785,11115167784,19.95
11115167785,11115167799,6.53
11115167799,11115167785,6.53
11115167799,11115167786,1.79
11115167786,11115167799,1.79
11115167786,11115217853,12.09
11115217853,11115167786,12.09
11115167799,11115167788,3.20
11115167788,11115167799,3.20
11115167804,11202111590,1.32
11202111590,11115167804,1.32
11202111590,11115235805,2.72
11115235805,11202111590,2.72
11115235805,11115235806,5.33
11115235806,11115235805,5.33
6879759324,11115235813,69.01
11115235813,6879759324,69.01
11115235813,11115235807,69.09
11115235807,11115235813,69.09
11115235807,11115235806,39.76
11115235806,11115235807,39.76
11115235806,11115235808,103.07
11115235808,11115235806,103.07
11115235808,1843574900,19.69
1843574900,11115235808,19.69
1843574900,11341241551,134.84
11341241551,1843574900,134.84
11341241551,11341241543,3.20
11341241543,11341241551,3.20
11341241543,11341241544,84.10
11341241544,11341241543,84.10
11341241544,11341241545,17.59
11341241545,11341241544,17.59
11341241545,6274653703,73.22
6274653703,11341241545,73.22
11115235817,11115235816,5.28
11115235816,11115235817,5.28
11115235816,11115235815,1.79
11115235815,11115235816,1.79
11115235815,11115235809,1.88
11115235809,11115235815,1.88
11115235809,11115259891,2.86
11115259891,11115235809,2.86
11115259891,11115235810,14.20
11115235810,11115259891,14.20
11115235810,11115235811,15.79
11115235811,11115235810,15.79
11115235811,11115235813,2.70
11115235813,11115235811,2.70
11115235813,5306537852,8.96
5306537852,11115235813,8.96
4658918980,11115259886,4.65
11115259886,4658918980,4.65
11115259886,11115259887,7.32
11115259887,11115259886,7.32
11115259890,11115259888,1.43
11115259888,11115259890,1.43
11115259888,11115259889,6.92
11115259889,11115259888,6.92
11115259887,11115259890,1.13
11115259890,11115259887,1.13
11115259889,11115259891,2.75
11115259891,11115259889,2.75
11115259892,11115259893,6.45
11115259893,11115259892,6.45
11115259893,11115259896,2.40
11115259896,11115259893,2.40
11115259896,11115259894,8.34
11115259894,11115259896,8.34
11115259894,11115259895,3.68
11115259895,11115259894,3.68
11115259895,11074219730,7.38
11074219730,11115259895,7.38
11115259897,4551141116,12.76
4551141116,11115259897,12.76
4551141118,11115259901,18.21
11115259901,4551141118,18.21
11115259901,4551141117,12.74
4551141117,11115259901,12.74
11115279306,11341203370,23.21
11341203370,11115279306,23.21
11115259900,11115279306,11.45
11115279306,11115259900,11.45
11115180861,11115180862,5.70
11115180862,11115180861,5.70
4658919296,4659447128,2.31
4659447128,4658919296,2.31
4659447128,4658919292,10.57
4658919292,4659447128,10.57
4658919292,11115180863,3.97
11115180863,4658919292,3.97
11117749091,11117749092,3.52
11117749092,11117749091,3.52
11117835838,11117835839,5.04
11117835839,11117835838,5.04
11117835838,11117835867,8.04
11117835867,11117835838,8.04
11117835867,11117835850,13.04
11117835850,11117835867,13.04
11117835850,11117835840,3.09
11117835840,11117835850,3.09
11117835840,11117835865,2.41
11117835865,11117835840,2.41
11117835865,11117835841,4.07
11117835841,11117835865,4.07
11117835841,11117835848,7.85
11117835848,11117835841,7.85
11117835848,11117835842,3.62
11117835842,11117835848,3.62
11117835842,11117835843,4.17
11117835843,11117835842,4.17
11117835840,11117835851,0.75
11117835851,11117835840,0.75
11117835864,11117835865,7.32
11117835865,11117835864,7.32
11117835866,11117835867,5.90
11117835867,11117835866,5.90
10091821860,11117835872,2.67
11117835872,10091821860,2.67
11117835872,11117835873,6.09
11117835873,11117835872,6.09
11117835873,11117835874,4.41
11117835874,11117835873,4.41
11117835874,11117835875,8.88
11117835875,11117835874,8.88
11117835885,11117835886,11.54
11117835886,11117835885,11.54
11117835886,11117835887,9.65
11117835887,11117835886,9.65
11117835885,11117835888,2.46
11117835888,11117835885,2.46
11117835888,10091821858,5.03
10091821858,11117835888,5.03
11117851254,11117851255,8.39
11117851255,11117851254,8.39
11117851268,11117851269,5.27
11117851269,11117851268,5.27
11117851269,11117851265,5.77
11117851265,11117851269,5.77
4652898322,4652898321,4.43
4652898321,4652898322,4.43
4652898321,4652898320,3.87
4652898320,4652898321,3.87
4652898320,4652898319,22.92
4652898319,4652898320,22.92
6879759325,6887353096,10.24
6887353096,6879759325,10.24
6887353096,6887353095,12.14
6887353095,6887353096,12.14
6887353095,6307602816,12.77
6307602816,6887353095,12.77
2418944808,11117937425,22.88
11117937425,2418944808,22.88
11117937425,11117937449,2.07
11117937449,11117937425,2.07
11117937427,11117937428,2.96
11117937428,11117937427,2.96
11117937428,11117937432,15.62
11117937432,11117937428,15.62
11117937432,11117937429,3.19
11117937429,11117937432,3.19
11117937433,11117937434,4.20
11117937434,11117937433,4.20
11117937433,11117937435,16.50
11117937435,11117937433,16.50
11117937440,11117937441,5.14
11117937441,11117937440,5.14
11117937441,11117937434,9.62
11117937434,11117937441,9.62
11117937441,11117937447,21.52
11117937447,11117937441,21.52
11117937442,11117937440,2.59
11117937440,11117937442,2.59
11117937434,11117937448,90.31
11117937448,11117937434,90.31
11117851257,11117937442,3.14
11117937442,11117851257,3.14
11117937442,4652898403,7.33
4652898403,11117937442,7.33
11117937452,11117937453,3.97
11117937453,11117937452,3.97
6258768670,6178478639,15.44
6178478639,6258768670,15.44
4652898401,11117937454,6.11
11117937454,4652898401,6.11
11117937455,11117937456,3.93
11117937456,11117937455,3.93
6178478638,11117937470,17.85
11117937470,6178478638,17.85
11117937470,11117937471,13.05
11117937471,11117937470,13.05
11117937471,2418944806,20.79
2418944806,11117937471,20.79
11117937472,11117945024,7.53
11117945024,11117937472,7.53
11117945024,11117937473,14.82
11117937473,11117945024,14.82
11117937476,11117945025,7.53
11117945025,11117937476,7.53
11117945025,11117937477,26.10
11117937477,11117945025,26.10
11117937478,2418944806,20.98
2418944806,11117937478,20.98
11117937477,11117937478,12.60
11117937478,11117937477,12.60
11117945020,11117945021,3.97
11117945021,11117945020,3.97
11117945021,11117945022,6.65
11117945022,11117945021,6.65
11117945023,4652898054,23.37
4652898054,11117945023,23.37
4652898054,4546486640,64.34
4546486640,4652898054,64.34
4546486640,11117945022,14.83
11117945022,4546486640,14.83
11117945022,4546486639,27.40
4546486639,11117945022,27.40
4546486639,11117945024,4.88
11117945024,4546486639,4.88
11117945024,11117945025,4.88
11117945025,11117945024,4.88
11117945025,11117945026,59.16
11117945026,11117945025,59.16
11117945026,4546507351,8.11
4546507351,11117945026,8.11
4546507351,11575022133,4.89
11575022133,4546507351,4.89
11216544114,6178380292,51.33
6178380292,11216544114,51.33
6178380292,11649784879,35.61
11649784879,6178380292,35.61
11649784879,11117945050,23.10
11117945050,11649784879,23.10
11117945050,11117945045,64.00
11117945045,11117945050,64.00
11117945045,11117945038,62.51
11117945038,11117945045,62.51
11117945038,11117945039,15.51
11117945039,11117945038,15.51
11117945039,4652898413,37.53
4652898413,11117945039,37.53
4652898413,11117945023,52.19
11117945023,4652898413,52.19
11117945023,4546486641,6.61
4546486641,11117945023,6.61
4652898406,4652898409,3.41
4652898409,4652898406,3.41
4652898409,4652898408,6.45
4652898408,4652898409,6.45
4652898408,4652898407,15.73
4652898407,4652898408,15.73
11117945036,11117945037,15.35
11117945037,11117945036,15.35
4652898407,11117945037,8.56
11117945037,4652898407,8.56
11117945037,11117945038,21.15
11117945038,11117945037,21.15
11117945039,11117945036,21.42
11117945036,11117945039,21.42
11117945036,11117945040,12.63
11117945040,11117945036,12.63
4652898312,11117945044,6.90
11117945044,4652898312,6.90
11117945044,11117945045,22.94
11117945045,11117945044,22.94
11117945057,11117945058,3.70
11117945058,11117945057,3.70
11117945058,11117945059,7.07
11117945059,11117945058,7.07
11117945059,11117945060,11.56
11117945060,11117945059,11.56
11117945061,11117945062,11.07
11117945062,11117945061,11.07
6288400352,11117957150,60.87
11117957150,6288400352,60.87
11117957150,11118514102,61.57
11118514102,11117957150,61.57
11118514102,4548140917,46.28
4548140917,11118514102,46.28
4548140917,11117957180,61.80
11117957180,4548140917,61.80
11117957180,11117968893,39.75
11117968893,11117957180,39.75
11117968893,11572570743,33.59
11572570743,11117968893,33.59
11572570743,11572570449,26.71
11572570449,11572570743,26.71
11572570449,6813635656,4.58
6813635656,11572570449,4.58
3377281690,3377281691,28.19
3377281691,3377281690,28.19
11117957168,11117957169,7.27
11117957169,11117957168,7.27
11117957170,11117957171,10.20
11117957171,11117957170,10.20
11117957171,11117957174,1.00
11117957174,11117957171,1.00
11117957174,11117957172,8.43
11117957172,11117957174,8.43
11117957172,11117957173,11.32
11117957173,11117957172,11.32
3377280037,11117957177,4.83
11117957177,3377280037,4.83
11117957177,11117957178,12.68
11117957178,11117957177,12.68
11117957178,11117957179,1.70
11117957179,11117957178,1.70
11117957179,11117957180,4.37
11117957180,11117957179,4.37
11117968889,11117968890,4.44
11117968890,11117968889,4.44
11117968889,11117968891,12.67
11117968891,11117968889,12.67
11117968891,11117968892,1.51
11117968892,11117968891,1.51
11117968892,11117968893,4.86
11117968893,11117968892,4.86
11118514097,11118514098,5.28
11118514098,11118514097,5.28
11118514098,11118514095,7.73
11118514095,11118514098,7.73
6498475618,11118514097,3.26
11118514097,6498475618,3.26
11118514099,11118514100,3.67
11118514100,11118514099,3.67
11118514100,11118514104,5.87
11118514104,11118514100,5.87
11118514104,11118514101,7.41
11118514101,11118514104,7.41
11118514101,11118514102,4.89
11118514102,11118514101,4.89
11118514102,11118514103,8.59
11118514103,11118514102,8.59
6981864088,6810257171,76.70
6810257171,6981864088,76.70
4545057902,10966454162,8.64
10966454162,11119832239,29.79
6315664514,4545057663,5.53
4545057663,6315664514,5.53
4545057663,11119832241,5.36
11119832241,4545057663,5.36
11119832241,11119832244,8.35
11119832244,11119832241,8.35
11119832244,11976409607,13.27
11976409607,11119832244,13.27
11976409607,11119832245,23.33
11119832245,11976409607,23.33
11119832245,11119832246,65.05
11119832246,11119832245,65.05
11119832246,11948666948,51.12
11948666948,11119832246,51.12
11948666948,11119832247,5.73
11119832247,11948666948,5.73
11119832247,11119832248,38.54
11119832248,11119832247,38.54
11119832248,33359057,9.13
33359057,11119832248,9.13
4545057666,11119832243,10.20
11119832242,4545057667,10.66
11120858765,10909578431,10.01
10909578431,11120858765,10.01
10909578430,11120858765,1.90
11120858765,10909578430,1.90
11120858766,11120858772,14.16
11120858772,11120858766,14.16
11120858768,11120858769,1.55
11120858769,11120858768,1.55
11120858769,11120858767,8.82
11120858767,11120858769,8.82
11120858770,11120858771,14.28
11120858771,11120858770,14.28
11120858773,11120858772,5.19
11120858772,11120858773,5.19
11120858772,11120858778,2.35
11120858778,11120858772,2.35
11120858778,11120858767,2.35
11120858767,11120858778,2.35
11120858767,11120858771,9.71
11120858771,11120858767,9.71
11120858773,11120858774,14.64
11120858774,11120858773,14.64
11120858774,11120858775,14.30
11120858775,11120858774,14.30
11120858770,11120858776,9.98
11120858776,11120858770,9.98
10909578429,11120858777,29.49
11120858777,10909578429,29.49
11120858777,11120858778,7.19
11120858778,11120858777,7.19
11120858779,11120858780,5.72
11120858780,11120858779,5.72
11120858780,11120858781,5.80
11120858781,11120858780,5.80
11120858781,11120858783,2.58
11120858783,11120858781,2.58
11120858783,11120858767,7.44
11120858767,11120858783,7.44
12338075382,10909578431,3.43
10909578431,12338075382,3.43
10909578431,11120858782,18.39
11120858782,10909578431,18.39
11120858782,11120858783,9.01
11120858783,11120858782,9.01
11120858784,10909578426,4.63
10909578426,11120858784,4.63
11120858785,11120858784,1.43
11120858784,11120858785,1.43
11120858786,11120858787,2.37
11120858787,11120858786,2.37
11120858787,11120858788,9.60
11120858788,11120858787,9.60
11120858788,11120858789,4.83
11120858789,11120858788,4.83
6879759329,11341142864,13.67
11341142864,6879759329,13.67
11341142864,6879759306,102.53
6879759306,11341142864,102.53
6879759306,11341203372,2.95
11341203372,6879759306,2.95
11341203372,10909673421,59.48
10909673421,11341203372,59.48
10909673421,12338075378,36.72
12338075378,10909673421,36.72
12338075378,11120858791,26.42
11120858791,12338075378,26.42
11120858791,11341875854,9.58
11341875854,11120858791,9.58
11341875854,11341875855,4.45
11341875855,11341875854,4.45
11341875855,2941477795,29.89
2941477795,11341875855,29.89
11120858791,11120858789,6.00
11120858789,11120858791,6.00
11065965782,11120897119,17.13
11120897119,11065965782,17.13
11120897124,11120897117,3.35
11120897117,11120897124,3.35
11120897132,10909468005,7.39
10909468005,11120897132,7.39
11120897133,11120897132,3.33
11120897132,11120897133,3.33
11120897135,11120897137,23.38
11120897137,11120897135,23.38
11120897137,11120897136,9.40
11120897136,11120897137,9.40
11120891379,11120891380,2.06
11120891380,11120891379,2.06
11120891380,11120891383,23.31
11120891383,11120891380,23.31
11120891383,11120891381,6.67
11120891381,11120891383,6.67
11120891388,11120891390,14.95
11120891390,11120891388,14.95
11120891390,11120891389,5.01
11120891389,11120891390,5.01
11123954053,11123954055,5.37
11123954055,11123954053,5.37
11123954055,11123954054,4.92
11123954054,11123954055,4.92
11123954053,11123954056,11.79
11123954056,11123954053,11.79
6498475618,4647977651,43.00
4647977651,6498475618,43.00
4647977651,4647977650,31.80
4647977650,4647977651,31.80
4647977649,11123909900,6.57
11123909900,4647977649,6.57
11123909900,11123909901,13.05
11123909901,11123909900,13.05
11118514099,11123994309,4.57
11123994309,11118514099,4.57
11123994309,11123994311,7.39
11123994311,11123994309,7.39
11123994311,11123994310,8.91
11123994310,11123994311,8.91
11124974022,11124974023,28.95
11124974023,11124974022,28.95
4659336170,4659336171,8.85
4659336171,6952505098,3.76
6952505098,4659336172,3.43
4659336172,4659336173,4.01
4659336173,4659336169,11.74
6952505098,11137280361,3.33
11137280361,6952505098,3.33
11137280361,11137280360,14.46
11137280360,11137280361,14.46
11137280370,11137280371,7.94
11137280371,11137280370,7.94
11137280372,11137280373,2.89
11137280373,11137280372,2.89
11137280374,11137280375,1.02
11137280375,11137280374,1.02
11137280375,11137280376,0.90
11137280376,11137280375,0.90
11137280376,11137280377,0.68
11137280377,11137280376,0.68
11137280377,11137280378,0.95
11137280378,11137280377,0.95
11137280378,11137280379,0.94
11137280379,11137280378,0.94
11137280379,11137280380,0.95
11137280380,11137280379,0.95
11137280374,11137280381,18.18
11137280381,11137280374,18.18
11137280381,11137280382,0.93
11137280382,11137280381,0.93
11137280382,11137280383,2.68
11137280383,11137280382,2.68
4659336182,11137280385,4.01
11137280385,4659336182,4.01
11137280385,6399725543,4.89
6399725543,11137280385,4.89
6399725543,6399725544,8.22
6399725544,6399725543,8.22
6399725544,10079520420,7.68
10079520420,6399725544,7.68
10079520420,11137280386,3.84
11137280386,10079520420,3.84
11137304620,11137304621,57.88
11137304621,11137304620,57.88
11137304621,11137304622,36.16
11137304622,11137304621,36.16
11137304622,11137304623,10.53
11137304623,11137304622,10.53
11137304623,11137304624,9.03
11137304624,11137304623,9.03
11137304624,11137304625,16.89
11137304625,11137304624,16.89
11137304625,11137304626,15.83
11137304626,11137304625,15.83
11137304626,11137304627,17.62
11137304627,11137304626,17.62
11137304627,11137304628,8.79
11137304628,11137304627,8.79
11137304628,11137304629,8.82
11137304629,11137304628,8.82
11137304629,11137304630,21.88
11137304630,11137304629,21.88
11137304630,11137304631,11.86
11137304631,11137304630,11.86
11137304631,11137304632,5.65
11137304632,11137304631,5.65
11137304632,6333089680,4.66
6333089680,11137304632,4.66
6333089680,11186773857,7.31
11186773857,6333089680,7.31
11186773857,11186773858,43.00
11186773858,11186773857,43.00
11186773858,11186773873,15.26
11186773873,11186773858,15.26
11186773873,11186773859,10.00
11186773859,11186773873,10.00
11186773859,11186773860,13.52
11186773860,11186773859,13.52
11186773860,11186773861,11.26
11186773861,11186773860,11.26
11186773861,11976476256,6.98
11976476256,11186773861,6.98
11976476256,11976476250,6.70
11976476250,11976476256,6.70
11976476250,11976476251,20.47
11976476251,11976476250,20.47
11976476251,11976476252,29.95
11976476252,11976476251,29.95
11976476252,11976476253,25.47
11976476253,11976476252,25.47
11976476253,11976476254,5.34
11976476254,11976476253,5.34
11976476254,11976476255,7.11
11976476255,11976476254,7.11
1867590676,1876389436,13.41
1876389436,1867590676,13.41
1876389436,6333089680,8.35
6333089680,1876389436,8.35
11137304636,11137304637,8.41
11137304637,11137304636,8.41
11137304637,13004788920,5.71
13004788920,11137304637,5.71
13004788920,11137304638,0.90
11137304638,13004788920,0.90
11137304638,11186773861,4.60
11186773861,11137304638,4.60
11186773861,3623163180,4.32
3623163180,11186773861,4.32
11140003886,11140003887,44.57
11140003887,11140003886,44.57
11140003887,4652898596,6.31
4652898596,11140003887,6.31
11140003886,11140003888,5.41
11140003888,11140003886,5.41
11140003888,11140003889,4.11
11140003889,11140003888,4.11
11140003890,11140003892,0.60
11140003892,11140003890,0.60
11140003892,11140003891,8.70
11140003891,11140003892,8.70
11140003901,11140003902,4.17
11140003902,11140003901,4.17
4652898596,11140010908,7.14
11140010908,4652898596,7.14
4602825002,11140050390,12.44
11140050390,4602825002,12.44
11156586568,11156586569,14.95
11156586569,11156586568,14.95
4553151235,11156586567,6.79
11156586567,4553151235,6.79
11156586570,11156586568,2.99
11156586568,11156586570,2.99
11156586569,6238463123,14.55
6238463123,11156586569,14.55
11156586567,11156586570,2.40
11156586570,11156586567,2.40
4553151238,6938555158,23.65
6938555158,4553151238,23.65
6938555159,4940888433,4.46
4940888433,6938555159,4.46
4940888433,4167653600,10.07
4167653600,4940888433,10.07
4167653600,6238463118,11.95
6238463118,4167653600,11.95
4553151237,4940888431,7.74
4940888431,4553151237,7.74
4940888431,11156586575,5.18
11156586575,4940888431,5.18
11156586575,11156586573,6.11
11156586573,11156586575,6.11
11156586573,11156586574,10.21
11156586574,11156586573,10.21
11168381463,11168381464,12.05
11168381464,11168381463,12.05
11168381464,11168381465,9.38
11168381465,11168381464,9.38
11173011346,11173011347,24.48
11173011347,11173011346,24.48
11173011347,12479451964,3.57
12479451964,11173011347,3.57
12479451964,11173011348,6.94
11173011348,12479451964,6.94
11173011354,11173011355,71.31
11173011355,11173011354,71.31
11173011367,11173011368,2.79
11173011368,11173011367,2.79
11173011368,11173011369,7.46
11173011369,11173011368,7.46
11173011369,5297437907,7.99
5297437907,11173011369,7.99
11173014289,11173014290,13.50
11173014290,11173014289,13.50
11173014290,6185055006,14.47
6185055006,11173014290,14.47
11360932148,11360932147,6.83
11360932147,11360932148,6.83
11360932147,11196859494,4.59
11196859494,11360932147,4.59
11196859494,11196859493,4.87
11196859493,11196859494,4.87
11196859493,11360932136,14.49
11360932136,11196859493,14.49
11360932136,11196859492,12.56
11196859492,11360932136,12.56
11196859492,11196859491,47.92
11196859491,11196859492,47.92
11196859491,11196859490,14.34
11196859490,11196859491,14.34
11196859490,11196859489,30.98
11196859489,11196859490,30.98
11196859489,11196859488,4.86
11196859488,11196859489,4.86
11196859488,11196859487,48.14
11196859487,11196859488,48.14
11196859487,11196859486,50.91
11196859486,11196859487,50.91
11196859486,11196859485,20.65
11196859485,11196859486,20.65
11196859485,11361058273,9.89
11361058273,11196859485,9.89
11361058273,11196859484,34.03
11196859484,11361058273,34.03
11196859484,11196859483,32.35
11196859483,11196859484,32.35
11196859483,11196859482,21.06
11196859482,11196859483,21.06
11196859482,11196859481,64.67
11196859481,11196859482,64.67
11196859481,11196859480,18.78
11196859480,11196859481,18.78
11196859480,11196859479,63.61
11196859479,11196859480,63.61
11196859479,11196859478,64.49
11196859478,11196859479,64.49
11196859478,11196859477,35.61
11196859477,11196859478,35.61
11196859477,11360932123,13.66
11360932123,11196859477,13.66
11360932123,2987973059,9.63
2987973059,11360932123,9.63
2987973059,11196859476,8.72
11196859476,2987973059,8.72
11196859476,11196859475,21.71
11196859475,11196859476,21.71
11196859475,6333089887,35.29
6333089887,11196859475,35.29
6333089887,6333089681,48.09
6333089681,6333089887,48.09
6333089681,11182230945,29.60
11182230945,6333089681,29.60
11182230945,11182230947,28.56
11182230947,11182230945,28.56
11182230947,11182230949,17.03
11182230949,11182230947,17.03
11182230949,11182230948,8.65
11182230948,11182230949,8.65
11182230948,6300933247,9.27
6300933247,11182230948,9.27
6300933247,11173014294,34.84
11173014294,6300933247,34.84
11173014294,11069866478,54.80
11069866478,11173014294,54.80
11069866478,11889922771,22.57
11889922771,11069866478,22.57
11889922771,11173014295,5.32
11173014295,11889922771,5.32
11173014295,11173014296,8.84
11173014296,11173014295,8.84
11173014296,11173014297,2.91
11173014297,11173014296,2.91
11173014297,11173014298,2.52
11173014298,11173014297,2.52
11173014298,11173014299,3.75
11173014299,11173014298,3.75
2450377228,11173126779,9.49
11173126779,2450377228,9.49
11173126779,11173126780,12.57
11173126780,11173126779,12.57
11173126780,11173126782,22.19
11173126782,11173126780,22.19
11173126782,11173126781,9.77
11173126781,11173126782,9.77
11173126782,4659334438,19.23
4659334438,11173126782,19.23
4659334438,11173126783,7.85
11173126783,4659334438,7.85
11173126785,11173126786,7.75
11173126786,11173126785,7.75
11173126786,11173126787,8.29
11173126787,11173126786,8.29
11173126788,11173126789,4.77
11173126789,11173126788,4.77
2450377227,2450377228,18.05
2450377228,2450377227,18.05
11173126799,11173126800,25.65
11173126800,11173126799,25.65
11173126800,10060663615,3.25
10060663615,11173126800,3.25
11173126801,11173126802,4.44
11173126802,11173126801,4.44
11173126802,11173126799,6.46
11173126799,11173126802,6.46
11173126810,11173126808,13.79
11173126808,11173126810,13.79
11173126809,11173126808,8.32
11173126808,11173126809,8.32
11173126807,11173126810,3.30
11173126810,11173126807,3.30
11173126818,11173126819,3.91
11173126819,11173126818,3.91
11173126819,11173126820,17.83
11173126820,11173126819,17.83
11173126820,11173126822,18.94
11173126822,11173126820,18.94
11173126822,11173126821,14.04
11173126821,11173126822,14.04
11137304636,11173126828,1.31
11173126828,11137304636,1.31
11173126828,12582804981,6.28
12582804981,11173126828,6.28
12582804981,11173126825,3.63
11173126825,12582804981,3.63
11173126825,11173126826,9.69
11173126826,11173126825,9.69
11173126828,11173126829,4.99
11173126829,11173126828,4.99
11173126829,11173126830,16.57
11173126830,11173126829,16.57
11173126830,11173126831,14.71
11173126831,11173126830,14.71
11173126831,11173126832,10.82
11173126832,11173126831,10.82
6981864085,6981824984,32.61
6981824984,6981864085,32.61
11173184080,11173184081,11.27
11173184081,11173184080,11.27
11181986411,11181986412,3.86
11181986412,11181986411,3.86
11181986412,11181986413,4.34
11181986413,11181986412,4.34
11181986413,11181986420,3.97
11181986420,11181986413,3.97
11181986420,11181986414,3.36
11181986414,11181986420,3.36
11181986414,11181986415,16.07
11181986415,11181986414,16.07
11182023913,11182023918,3.49
11182023918,11182023913,3.49
11182023918,11182023914,39.66
11182023914,11182023918,39.66
11182023914,11182023915,22.93
11182023915,11182023914,22.93
11182023915,11182023917,39.63
11182023917,11182023915,39.63
11182023917,11182023916,3.69
11182023916,11182023917,3.69
11182023922,11182023932,7.33
11182023932,11182023922,7.33
11182023932,11182023923,14.70
11182023923,11182023932,14.70
11182023929,11182023930,28.85
11182023930,11182023929,28.85
11182023930,11182023931,11.16
11182023931,11182023930,11.16
11182023931,11182023923,19.08
11182023923,11182023931,19.08
11182074040,11182074041,11.62
11182074041,11182074040,11.62
11182102712,11182102713,11.74
11182102713,11182102712,11.74
11182102713,11182102714,6.13
11182102714,11182102713,6.13
11182102714,11182102715,2.43
11182102715,11182102714,2.43
11182102715,11182102716,3.12
11182102716,11182102715,3.12
11182102720,11182102721,5.16
11182102721,11182102720,5.16
11182102722,11182102723,26.53
11182102723,11182102722,26.53
11182102724,11182102725,6.91
11182102725,11182102724,6.91
11182102725,11182102726,8.12
11182102726,11182102725,8.12
11182102727,11182102732,2.79
11182102732,11182102727,2.79
11182102732,11182102728,5.35
11182102728,11182102732,5.35
11182102728,11182102729,9.67
11182102729,11182102728,9.67
11182164136,11182168337,19.08
11182168337,11182164136,19.08
11182168338,11182168339,9.95
11182168339,11182168338,9.95
11182168340,11182168341,4.37
11182168341,11182168340,4.37
11182168341,11182168342,27.40
11182168342,11182168341,27.40
11182168342,4637582265,9.28
4637582265,11182168342,9.28
6864499358,11182168360,14.01
11182168360,6864499358,14.01
11182168360,11182168361,22.91
11182168361,11182168360,22.91
11182223520,11182223521,2.71
11182223521,11182223520,2.71
11182223521,11182223522,12.46
11182223522,11182223521,12.46
11182223522,11182223523,11.98
11182223523,11182223522,11.98
11069866479,11182223525,12.47
11182223525,11069866479,12.47
11182223525,11069866478,3.39
11069866478,11182223525,3.39
11182223528,11069866479,5.00
11069866479,11182223528,5.00
11182223527,11182223528,14.00
11182223528,11182223527,14.00
11182223526,11182223527,5.05
11182223527,11182223526,5.05
11182230937,11182223534,9.26
11182223534,11182230937,9.26
11182223534,11182223535,19.11
11182223535,11182223534,19.11
11182223531,11182223532,10.23
11182223532,11182223531,10.23
11182223532,11182223533,17.25
11182223533,11182223532,17.25
11182223533,11182230937,10.79
11182230937,11182223533,10.79
11182223535,11182223536,24.68
11182223536,11182223535,24.68
11182230938,11182230939,3.65
11182230939,11182230938,3.65
11182230939,11182223534,5.33
11182223534,11182230939,5.33
11182230938,10060663611,3.26
10060663611,11182230938,3.26
10060663612,6981894166,20.68
6981894166,10060663612,20.68
11182230943,11182230944,5.24
11182230944,11182230943,5.24
11182230946,11182230945,10.76
11182230945,11182230946,10.76
11182230944,11182230946,5.34
11182230946,11182230944,5.34
11182219603,2488150638,27.14
2488150638,11182219603,27.14
6178745124,12339853787,8.99
12339853787,6178745124,8.99
12339853787,12339853786,6.35
12339853786,12339853787,6.35
12339853786,12339853785,4.70
12339853785,12339853786,4.70
12339853785,12339853784,5.06
12339853784,12339853785,5.06
12339853784,12339853783,5.78
12339853783,12339853784,5.78
12339853783,11182219604,7.01
11182219604,12339853783,7.01
11182219604,11182219605,7.89
11182219605,11182219604,7.89
11182219605,11182219606,29.25
11182219606,11182219605,29.25
11182219606,11182219607,18.04
11182219607,11182219606,18.04
11182219607,11182219603,22.53
11182219603,11182219607,22.53
11182219603,11182219608,62.93
11182219608,11182219603,62.93
11182219608,11182219609,65.43
11182219609,11182219608,65.43
11182219609,11182219610,19.77
11182219610,11182219609,19.77
2488150638,11182219612,21.79
11182219612,2488150638,21.79
11182219613,11182219614,1.85
11182219614,11182219613,1.85
11182219614,11182219615,3.17
11182219615,11182219614,3.17
11182219615,11182219616,12.42
11182219616,11182219615,12.42
11182219616,11182219617,2.74
11182219617,11182219616,2.74
11182241226,11182241227,8.93
11182241227,11182241226,8.93
11182241227,11182241228,10.44
11182241228,11182241227,10.44
10002812709,11186700073,42.44
11186700073,10002812709,42.44
12112327346,11751888065,10.04
11751888065,12112327346,10.04
11751888065,11751888064,41.84
11751888064,11751888065,41.84
11751888064,11751888066,20.22
11751888066,11751888064,20.22
11751888066,4548016633,7.06
4548016633,11751888066,7.06
4548016633,11751888063,44.68
11751888063,4548016633,44.68
11751888063,4548016636,22.26
4548016636,11751888063,22.26
4548016636,11186733259,28.86
11186733259,4548016636,28.86
11186733259,11186733258,11.23
11186733258,11186733259,11.23
11186733258,11186733257,15.96
11186733257,11186733258,15.96
11186733257,4548016642,13.25
4548016642,11186733257,13.25
4548016642,11751888044,75.07
11751888044,4548016642,75.07
11751888044,4549925600,10.14
4549925600,11751888044,10.14
4549925600,11975224821,5.90
11975224821,4549925600,5.90
11186773868,11186773869,65.47
11186773869,11186773868,65.47
11186773869,11186773870,6.32
11186773870,11186773869,6.32
11186773870,11186773871,6.46
11186773871,11186773870,6.46
11186773871,11186773872,16.05
11186773872,11186773871,16.05
11186773872,13004788918,36.75
13004788918,11186773872,36.75
13004788918,5920267458,13.38
5920267458,13004788918,13.38
11186773869,6333089679,4.82
6333089679,11186773869,4.82
6333089679,11186773873,4.44
11186773873,6333089679,4.44
11186773873,11186773874,4.96
11186773874,11186773873,4.96
4659049180,4659049177,10.79
4659049177,4659049180,10.79
11182219612,11186799415,4.67
11186799415,11182219612,4.67
11186799415,11186799416,11.71
11186799416,11186799415,11.71
11186799428,6185054769,23.09
6185054769,11186799428,23.09
6185054769,11186799429,8.39
11186799429,6185054769,8.39
11186799436,11186829637,39.55
11186829637,11186799436,39.55
11186829644,11186829650,7.60
11186829650,11186829644,7.60
11186829653,11186829652,5.78
11186829652,11186829653,5.78
11186829651,11186829653,1.99
11186829653,11186829651,1.99
5295456414,15493703,38.26
6274653708,6274653709,27.66
6274653709,6274653710,21.00
6274653710,6274653711,7.14
6274653711,6274653712,5.80
6274653712,6274653713,4.69
6274653713,6274653714,6.05
6274653714,6274653715,5.41
6274653715,6274653716,8.04
6274653716,6274653717,2.91
6274653717,11189565328,2.85
11189542922,11194743961,18.54
11194743961,2445896971,67.70
2445896971,9010734954,38.20
9010734954,11649784869,10.23
11649784869,4539916527,4.91
4555708980,5297403661,43.16
11194680692,6278068911,4.37
6278068911,11194680692,4.37
8649146020,11194680693,17.04
11194680693,8649146020,17.04
6946512280,11194680695,23.04
11194680695,6946512280,23.04
11194680695,11194680701,23.76
11194680701,11194680695,23.76
11194680701,11194680694,14.68
11194680694,11194680701,14.68
8649146020,11194680695,5.16
11194680695,8649146020,5.16
12610152597,11194680697,3.33
11194680697,12610152597,3.33
11194680697,11194680698,7.60
11194680698,11194680697,7.60
6367897031,11194743947,4.61
11194743947,6367897031,4.61
11194743959,11194743948,22.07
11194743948,11194743959,22.07
11194743948,11194743949,13.55
11194743949,11194743948,13.55
11194743949,11194743950,22.26
11194743950,11194743949,22.26
6407026335,11194743957,2.03
11194743957,6407026335,2.03
11194743957,11194743950,2.73
11194743950,11194743957,2.73
11194743950,11194743956,2.81
11194743956,11194743950,2.81
11194743956,11194743958,6.85
11194743958,11194743956,6.85
11194743958,11194743959,4.24
11194743959,11194743958,4.24
11194743959,11194743947,2.22
11194743947,11194743959,2.22
11194743960,11194743962,18.19
11194743962,11194743960,18.19
11194743962,11649784874,4.56
11649784874,11194743962,4.56
11649784874,11194743961,7.49
11194743961,11649784874,7.49
11194743966,11194743967,48.84
11194743967,11194743966,48.84
11194743967,6278068908,3.64
6278068908,11194743967,3.64
4573039189,11194900494,19.95
11194900494,4573039189,19.95
11194900494,11194900495,7.45
11194900495,11194900494,7.45
11196858421,11196858422,91.25
11196858422,11196858421,91.25
11196858422,6300933243,74.53
6300933243,11196858422,74.53
6300933243,11360932115,179.60
11360932115,6300933243,179.60
11360932115,11196858423,4.44
11196858423,11360932115,4.44
11196858423,11196858424,6.52
11196858424,11196858423,6.52
11196858424,11196858425,7.87
11196858425,11196858424,7.87
11196858425,11196858426,56.46
11196858426,11196858425,56.46
11196858426,11196858427,69.24
11196858427,11196858426,69.24
11196858427,11196858428,104.88
11196858428,11196858427,104.88
11196858428,11643232362,113.79
11643232362,11196858428,113.79
11643232362,11196858429,8.89
11196858429,11643232362,8.89
11196858429,11196859449,79.48
11196859449,11196858429,79.48
11196859449,11196859450,90.30
11196859450,11196859449,90.30
11196859450,11196859451,49.51
11196859451,11196859450,49.51
11196858430,11196858431,73.38
11196858431,11196858430,73.38
11196858431,11196858432,54.54
11196858432,11196858431,54.54
11196858432,11196858433,76.80
11196858433,11196858432,76.80
11196858433,11196858434,24.52
11196858434,11196858433,24.52
11196858434,11196858435,87.90
11196858435,11196858434,87.90
11196858435,11196858436,67.65
11196858436,11196858435,67.65
11196858436,11196859437,61.83
11196859437,11196858436,61.83
11196859437,11196859438,66.07
11196859438,11196859437,66.07
11196859438,11196859439,26.64
11196859439,11196859438,26.64
11196859439,11196859440,21.36
11196859440,11196859439,21.36
11196859440,11196859441,18.64
11196859441,11196859440,18.64
11196859441,11196859442,14.00
11196859442,11196859441,14.00
11196859442,4623649491,6.13
4623649491,11196859442,6.13
4623649491,11360932122,7.21
11360932122,4623649491,7.21
11360932122,12111720388,6.44
12111720388,11360932122,6.44
12111720388,11196859443,4.27
11196859443,12111720388,4.27
11196859443,11196859444,72.05
11196859444,11196859443,72.05
11196859444,11196859445,63.19
11196859445,11196859444,63.19
11196859445,6300933246,44.82
6300933246,11196859445,44.82
6300933246,11196859446,57.85
11196859446,6300933246,57.85
11196859446,12108120149,78.44
12108120149,11196859446,78.44
12108120149,11360932095,1.84
11360932095,12108120149,1.84
11360932095,11196859447,3.98
11196859447,11360932095,3.98
11196859447,11196859448,7.94
11196859448,11196859447,7.94
11196859453,11196859452,6.92
11196859452,11196859453,6.92
11196859452,11564998821,6.18
11564998821,11196859452,6.18
11564998821,11196859455,52.17
11196859455,11564998821,52.17
11196859455,11196859456,23.13
11196859456,11196859455,23.13
11196859456,11196859457,116.37
11196859457,11196859456,116.37
11196859457,11360992080,28.04
11360992080,11196859457,28.04
11360992080,11196859458,55.00
11196859458,11360992080,55.00
11196859458,11360972266,64.55
11360972266,11196859458,64.55
11360972266,11360972264,58.85
11360972264,11360972266,58.85
11360972264,11196859459,24.37
11196859459,11360972264,24.37
11196859459,4551140776,76.29
4551140776,11196859459,76.29
4551140776,11196859460,21.05
11196859460,4551140776,21.05
11196859460,11196859461,23.85
11196859461,11196859460,23.85
11196859461,11196859462,13.19
11196859462,11196859461,13.19
11196859462,11196859463,14.45
11196859463,11196859462,14.45
11196859463,11360932116,5.99
11360932116,11196859463,5.99
11360932116,11196859464,52.86
11196859464,11360932116,52.86
11196859464,11196859465,57.72
11196859465,11196859464,57.72
11196859465,10147171686,69.34
10147171686,11196859465,69.34
10147171686,11196859466,77.78
11196859466,10147171686,77.78
11196859466,11196859467,60.60
11196859467,11196859466,60.60
11196859467,11360932091,33.30
11360932091,11196859467,33.30
11360932091,11196859468,5.68
11196859468,11360932091,5.68
11196859468,11196859469,8.32
11196859469,11196859468,8.32
11196859469,11360932092,23.74
11360932092,11196859469,23.74
11360932092,5324007214,20.94
5324007214,11360932092,20.94
5324007214,11751888062,56.13
11751888062,5324007214,56.13
11751888062,11751888061,24.44
11751888061,11751888062,24.44
11751888061,4549557569,17.68
4549557569,11751888061,17.68
4549557569,11751888060,28.77
11751888060,4549557569,28.77
11751888060,11751888059,32.42
11751888059,11751888060,32.42
11751888059,11751888058,16.88
11751888058,11751888059,16.88
11751888058,11751888057,9.22
11751888057,11751888058,9.22
11751888057,11751888056,13.32
11751888056,11751888057,13.32
11751888056,5896601845,13.52
5896601845,11751888056,13.52
5896601845,11751888055,75.63
11751888055,5896601845,75.63
11751888055,11751888045,22.61
11751888045,11751888055,22.61
11751888045,11751888054,7.95
11751888054,11751888045,7.95
11751888054,12077064748,4.42
12077064748,11751888054,4.42
12077064748,12077064749,30.42
12077064749,12077064748,30.42
12077064749,11751888046,10.48
11751888046,12077064749,10.48
11751888046,4548016629,47.27
4548016629,11751888046,47.27
4548016629,11751888047,71.84
11751888047,4548016629,71.84
11751888047,11751888048,55.51
11751888048,11751888047,55.51
11751888048,11751888049,18.12
11751888049,11751888048,18.12
11751888049,11751888050,9.38
11751888050,11751888049,9.38
11751888050,11751888051,13.30
11751888051,11751888050,13.30
11751888051,11751888052,26.98
11751888052,11751888051,26.98
11751888052,11751888053,15.64
11751888053,11751888052,15.64
11751888053,3834839659,24.68
3834839659,11751888053,24.68
4659335662,11196822083,3.47
11196822083,4659335662,3.47
11196822083,11196822084,20.39
11196822084,11196822083,20.39
8111333761,11196822085,12.88
11196822085,8111333761,12.88
6333089885,11196822087,13.25
11196822087,6333089885,13.25
11196822087,11196822088,10.27
11196822088,11196822087,10.27
11196822088,11196822089,8.38
11196822089,11196822088,8.38
11196822089,11196822090,3.30
11196822090,11196822089,3.30
11196822090,11196822091,16.90
11196822091,11196822090,16.90
11196822092,11196822093,11.48
11196822093,11196822092,11.48
11196822094,11196822095,3.68
11196822095,11196822094,3.68
11196822095,11196822096,8.86
11196822096,11196822095,8.86
11196822096,11196822097,7.62
11196822097,11196822096,7.62
11196822098,11196822097,34.49
11196822097,11196822098,34.49
11196822094,11196822099,15.53
11196822099,11196822094,15.53
11196822099,11196822100,7.86
11196822100,11196822099,7.86
11196822101,11196822102,15.07
11196822102,11196822101,15.07
11196822102,11196822103,6.02
11196822103,11196822102,6.02
11196822097,11196822101,8.83
11196822101,11196822097,8.83
2443568516,2751711249,13.70
2751711249,2443568516,13.70
2751711249,6950062563,15.57
6950062563,2751711249,15.57
2751711255,2751711258,6.31
2751711258,2751711255,6.31
2751711258,6950062562,7.50
6950062562,2751711258,7.50
11196822110,2450374648,3.73
2450374648,11196822110,3.73
11196822111,11196822112,19.16
11196822112,11196822111,19.16
11196822112,6950062562,2.86
6950062562,11196822112,2.86
11196822110,11196822111,3.78
11196822111,11196822110,3.78
11197428443,11197428444,13.42
11197428444,11197428443,13.42
11197428445,11197428447,3.18
11197428447,11197428445,3.18
11197428447,11197428446,2.48
11197428446,11197428447,2.48
11197428448,11197428449,28.42
11197428449,11197428448,28.42
11197428466,11197428467,0.94
11197428467,11197428466,0.94
11197428467,11197428468,9.13
11197428468,11197428467,9.13
11197428473,11197428474,5.11
11197428474,11197428473,5.11
11197428480,11197428479,19.44
11197428479,11197428480,19.44
11197428479,11197428476,25.47
11197428476,11197428479,25.47
11197428476,11197428478,12.83
11197428478,11197428476,12.83
11197428478,11196859475,4.74
11196859475,11197428478,4.74
11196859475,11197428477,10.84
11197428477,11196859475,10.84
6879759307,11341142866,11.48
11341142866,6879759307,11.48
11341142866,11201005887,78.50
11201005887,11341142866,78.50
11201005887,6317624539,10.32
6317624539,11201005887,10.32
6317624539,11201005884,8.82
11201005884,6317624539,8.82
11201005884,11201005888,68.08
11201005888,11201005884,68.08
11201005888,11201005893,53.43
11201005893,11201005888,53.43
11201005893,11201005889,62.99
11201005889,11201005893,62.99
11201005889,11201005890,38.50
11201005890,11201005889,38.50
11201005890,11201005891,33.38
11201005891,11201005890,33.38
11201005891,11201005892,49.62
11201005892,11201005891,49.62
11201005886,11201005885,19.36
11201005885,11201005886,19.36
11201005885,4655550694,38.61
4655550694,11201005885,38.61
4655550694,4655550695,37.60
4655550695,4655550694,37.60
4655550695,11201005898,45.35
11201005898,4655550695,45.35
11201005898,4655550696,23.01
4655550696,11201005898,23.01
4655550696,11201005894,26.39
11201005894,4655550696,26.39
11201005894,4655550698,33.64
4655550698,11201005894,33.64
4655550698,4655550699,38.52
4655550699,4655550698,38.52
4655550699,10991121585,37.85
10991121585,4655550699,37.85
10991121585,4655550701,36.87
4655550701,10991121585,36.87
4655550701,11201005896,67.73
11201005896,4655550701,67.73
11201005896,11201005897,18.36
11201005897,11201005896,18.36
11201005897,11341203375,3.10
11341203375,11201005897,3.10
11341203375,11341203373,12.62
11341203373,11341203375,12.62
11341203373,4551141109,7.00
4551141109,11341203373,7.00
11201033440,10981747425,2.51
10981747425,11201033440,2.51
10863416126,4553151356,5.43
4553151356,10863416126,5.43
11201033442,11201033447,7.18
11201033447,11201033442,7.18
11201033447,11201033443,2.65
11201033443,11201033447,2.65
11201033443,11201033444,7.01
11201033444,11201033443,7.01
11202111590,11202111591,4.93
11202111591,11202111590,4.93
11202111591,11202111592,2.18
11202111592,11202111591,2.18
11202111592,11202111593,14.25
11202111593,11202111592,14.25
6813634666,11216544115,45.02
11216544115,6813634666,45.02
11216544115,11216544116,36.85
11216544116,11216544115,36.85
11216544116,11216544118,114.39
11216544118,11216544116,114.39
11216544118,11216544114,5.93
11216544114,11216544118,5.93
11216544117,4545057674,11.52
4545057674,11216544117,11.52
4545057674,11216544118,8.70
11216544118,4545057674,8.70
11216544120,11216544121,1.97
11216544121,11216544120,1.97
6288400350,11216544122,2.71
11216544122,6288400350,2.71
11216544123,11216544124,2.69
11216544124,11216544123,2.69
10282607501,6274653363,16.12
6274653363,10282607501,16.12
11265540027,11265540028,6.85
11265540028,11265540027,6.85
11265540028,11265540029,6.03
11265540029,11265540028,6.03
11265540029,11265540030,4.59
11265540030,11265540029,4.59
11265540030,11265540031,27.73
11265540031,11265540030,27.73
4655550729,11265540040,17.52
11265540040,4655550729,17.52
11265540040,11265540042,12.58
11265540042,11265540040,12.58
11265540042,11265540041,11.81
11265540041,11265540042,11.81
11265540044,11265540045,2.12
11265540045,11265540044,2.12
11265540045,11265540046,1.72
11265540046,11265540045,1.72
11265540046,11265540047,2.95
11265540047,11265540046,2.95
11265540047,11265540048,3.14
11265540048,11265540047,3.14
11265540048,11265540049,2.52
11265540049,11265540048,2.52
11265540049,11265540050,2.98
11265540050,11265540049,2.98
11265540050,11265540051,3.66
11265540051,11265540050,3.66
11265540051,11265540052,4.88
11265540052,11265540051,4.88
11265540052,11265540053,12.75
11265540053,11265540052,12.75
1847297824,7185443014,5.57
7185443014,1847297824,5.57
7185443014,7185443013,3.62
7185443013,7185443014,3.62
7185443013,7185443012,4.47
7185443012,7185443013,4.47
7185443012,1847297691,3.17
1847297691,7185443012,3.17
1847297691,4655550186,4.78
4655550186,1847297691,4.78
4655550188,11265540054,19.57
11265540054,4655550188,19.57
11265540054,4655550689,4.26
4655550689,11265540054,4.26
11265540054,11265540055,3.40
11265540055,11265540054,3.40
11265540055,11265540056,17.19
11265540056,11265540055,17.19
11265540056,11265540057,3.92
11265540057,11265540056,3.92
7185443030,11265572575,6.38
11265572575,7185443030,6.38
11265572575,11265572576,5.09
11265572576,11265572575,5.09
11265572576,11265572577,13.97
11265572577,11265572576,13.97
11265572578,11265572579,7.46
11265572579,11265572578,7.46
11265572579,6959218901,28.30
6959218901,11265572579,28.30
11265513056,11265513057,13.48
11265513057,11265513056,13.48
11265513057,11265513058,3.16
11265513058,11265513057,3.16
4655550709,11265513059,3.95
11265513059,4655550709,3.95
11265513059,4655760114,24.10
4655760114,11265513059,24.10
4642356924,11273199081,4.61
11273199081,4642356924,4.61
10170312498,11273199082,3.97
11273199082,10170312498,3.97
11273199082,11273199083,2.53
11273199083,11273199082,2.53
11330032752,11330032753,10.26
11330032753,11330032752,10.26
11335686982,11335686981,42.31
11335686981,11335686982,42.31
11335686981,11335686980,16.34
11335686980,11335686981,16.34
11341846511,11341846513,5.97
11341846513,11341846511,5.97
11341846513,11341846512,4.78
11341846512,11341846513,4.78
11341846512,11335691040,7.34
11335691040,11341846512,7.34
11201005886,11341089062,33.83
11341089062,11201005886,33.83
11341089062,11341089064,9.51
11341089064,11341089062,9.51
11341089064,11341142863,35.28
11341142863,11341089064,35.28
11341142863,6317624546,15.93
6317624546,11341142863,15.93
6317624546,11341142865,12.45
11341142865,6317624546,12.45
11341142865,11341846498,44.85
11341846498,11341142865,44.85
11341846498,11341846509,57.84
11341846509,11341846498,57.84
11341846509,11341203371,2.86
11341203371,11341846509,2.86
11341203371,11341875853,22.13
11341875853,11341203371,22.13
11341875853,4551141107,79.96
4551141107,11341875853,79.96
4551141107,11341142861,63.27
11341142861,4551141107,63.27
11341142861,2941446076,5.52
2941446076,11341142861,5.52
2941446076,11341142862,4.35
11341142862,2941446076,4.35
11341142862,2941446403,15.38
2941446403,11341142862,15.38
2941446403,2941446070,10.54
2941446070,2941446403,10.54
2941446070,4551141126,12.26
4551141126,2941446070,12.26
11341089061,11341089062,18.49
11341089062,11341089061,18.49
11341089063,11341089064,18.31
11341089064,11341089063,18.31
11341089067,4655550720,13.63
4655550720,11341089067,13.63
4655550720,4655550722,10.71
4655550722,4655550720,10.71
4655550725,4655550723,9.72
4655550723,4655550725,9.72
4655550723,4655550720,14.19
4655550720,4655550723,14.19
4655550184,1847297596,15.17
1847297596,4655550184,15.17
1847297596,11341123496,4.70
11341123496,1847297596,4.70
1847297596,11341123497,18.80
11341123497,1847297596,18.80
11341136673,11341136674,4.42
11341136674,11341136673,4.42
11341136674,11341136675,4.37
11341136675,11341136674,4.37
11341136682,11341136683,3.53
11341136683,11341136682,3.53
11341136683,11341136684,13.02
11341136684,11341136683,13.02
11341136684,4655549084,3.49
4655549084,11341136684,3.49
4655550724,11341136694,11.28
11341136694,4655550724,11.28
4655550724,11341136695,8.11
11341136695,4655550724,8.11
11341136694,11341136697,5.71
11341136697,11341136694,5.71
11341136697,11341136698,15.28
11341136698,11341136697,15.28
11341136698,11341136696,5.03
11341136696,11341136698,5.03
11341136702,11341136703,5.43
11341136703,11341136702,5.43
11341136704,11341136705,27.88
11341136705,11341136704,27.88
11341136705,11341136706,24.13
11341136706,11341136705,24.13
4655549700,11341136705,28.00
11341136705,4655549700,28.00
4655547984,11341136716,13.87
11341136716,4655547984,13.87
4655547984,11341136717,11.95
11341136717,4655547984,11.95
4655547979,11341136718,5.58
11341136718,4655547979,5.58
11341136719,11341136720,21.88
11341136720,11341136719,21.88
11341136720,11341136721,8.41
11341136721,11341136720,8.41
11341136721,11341136722,6.58
11341136722,11341136721,6.58
11341241546,4551484174,113.00
4551484174,11341241546,113.00
4551484174,11341241547,87.93
11341241547,4551484174,87.93
11341241547,11341241552,42.96
11341241552,11341241547,42.96
11341241552,11341241548,6.91
11341241548,11341241552,6.91
11341241548,11341241549,7.33
11341241549,11341241548,7.33
11341241549,11341241550,74.45
11341241550,11341241549,74.45
11341241550,2941446080,89.79
2941446080,11341241550,89.79
6274653703,11341251485,74.02
11341251485,6274653703,74.02
11341251485,5893133543,51.04
5893133543,11341251485,51.04
5893133543,11341251486,44.57
11341251486,5893133543,44.57
11341251486,11341251487,19.95
11341251487,11341251486,19.95
11341251487,6871084179,20.36
6871084179,11341251487,20.36
11341732608,11341732609,31.17
11341732609,11341732608,31.17
11341732609,11341732610,4.85
11341732610,11341732609,4.85
11341732610,11341732611,11.06
11341732611,11341732610,11.06
11341732611,11341732612,10.58
11341732612,11341732611,10.58
11341732616,6883198031,10.55
6883198031,11341732616,10.55
11341732618,10563659567,9.77
10563659567,11341732618,9.77
11341835519,10563659566,25.57
10563659566,11341835519,25.57
11341835520,11341835519,2.78
11341835519,11341835520,2.78
10563659565,11341835520,3.91
11341835520,10563659565,3.91
4655549066,11341835544,11.86
11341835544,4655549066,11.86
4655549061,4655549060,20.45
4655549060,4655549061,20.45
1842439706,11341835555,50.88
11341835555,1842439706,50.88
11341835555,4655549047,6.61
4655549047,11341835555,6.61
11341835563,11341835564,3.15
11341835564,11341835563,3.15
11341835565,11341835566,5.50
11341835566,11341835565,5.50
11341835567,11341835568,19.27
11341835568,11341835567,19.27
11341835566,11341835567,14.53
11341835567,11341835566,14.53
11341837669,11341837670,15.47
11341837670,11341837669,15.47
11341837670,11341837671,17.35
11341837671,11341837670,17.35
11341837671,11341837672,3.79
11341837672,11341837671,3.79
11341837673,11341837674,7.03
11341837674,11341837673,7.03
11341837672,11341837673,4.67
11341837673,11341837672,4.67
11341837669,11341837677,8.24
11341837677,11341837669,8.24
4655549703,4655549702,9.69
4655549702,4655549703,9.69
4655549702,4655549701,5.42
4655549701,4655549702,5.42
4655549701,4655549700,7.64
4655549700,4655549701,7.64
4655549700,11341136703,8.14
11341136703,4655549700,8.14
11341136703,6959218902,14.78
6959218902,11341136703,14.78
6959218902,4655549698,4.42
4655549698,6959218902,4.42
4655549698,4655549695,14.96
4655549695,4655549698,14.96
4655549695,4655549694,4.43
4655549694,4655549695,4.43
4655549694,4655549085,13.45
4655549085,4655549694,13.45
4655549085,4655549693,8.83
4655549693,4655549085,8.83
4655549693,4655549692,6.43
4655549692,4655549693,6.43
4655549692,4655549691,5.33
4655549691,4655549692,5.33
4655549691,5920586127,4.47
5920586127,4655549691,4.47
5920586127,5920586128,2.53
5920586128,5920586127,2.53
5920586128,6946165110,2.96
6946165110,5920586128,2.96
4655549715,7185445701,23.98
7185445701,4655549715,23.98
7185445701,4655549714,4.67
4655549714,7185445701,4.67
4655549714,6946165114,3.50
6946165114,4655549714,3.50
6946165114,4655549711,5.82
4655549711,6946165114,5.82
4655549719,11341846492,4.78
11341846492,4655549719,4.78
11341846492,11341846493,10.86
11341846493,11341846492,10.86
11341846494,11341846493,31.45
11341846493,11341846494,31.45
11341846493,11341846495,12.60
11341846495,11341846493,12.60
11341846495,4655549695,17.83
4655549695,11341846495,17.83
4655549704,11341846500,6.36
11341846500,4655549704,6.36
11341846500,11341846496,0.88
11341846496,11341846500,0.88
11341846496,11341846497,17.63
11341846497,11341846496,17.63
11341846497,11341846498,3.12
11341846498,11341846497,3.12
11341846499,11341846500,2.68
11341846500,11341846499,2.68
11341846501,11341846502,13.82
11341846502,11341846501,13.82
11341846503,11341846508,17.49
11341846508,11341846503,17.49
11341846508,11341846504,2.74
11341846504,11341846508,2.74
11341846504,11341846505,9.04
11341846505,11341846504,9.04
11341846505,11341846506,6.83
11341846506,11341846505,6.83
11341846506,11341846507,11.26
11341846507,11341846506,11.26
6959218909,11341846508,8.58
11341846508,6959218909,8.58
11341846507,11341846509,6.41
11341846509,11341846507,6.41
11341846503,11341846510,8.31
11341846510,11341846503,8.31
11341846510,11341846511,3.22
11341846511,11341846510,3.22
11341846514,11341846515,15.84
11341846515,11341846514,15.84
4655759593,11341846516,28.94
11341846516,4655759593,28.94
11341846516,11341846517,14.27
11341846517,11341846516,14.27
11335691040,11341846514,6.26
11341846514,11335691040,6.26
11341846514,11335691039,11.51
11335691039,11341846514,11.51
11341846501,11341846504,7.89
11341846504,11341846501,7.89
4655758788,11341875851,13.52
11341875851,4655758788,13.52
11341875851,11341875852,25.24
11341875852,11341875851,25.24
11341875852,11341875853,4.56
11341875853,11341875852,4.56
4551141126,11341142867,9.89
11341142867,4551141126,9.89
11341142867,11341142868,26.13
11341142868,11341142867,26.13
11341142868,11341203369,3.09
11341203369,11341142868,3.09
11341203369,11987333584,42.13
11987333584,11341203369,42.13
11341203370,11341875857,30.47
11341875857,11341203370,30.47
11341875857,11341241546,39.07
11341241546,11341875857,39.07
11115279313,11341875857,10.24
11341875857,11115279313,10.24
1863293007,11341837674,20.72
11341837674,6946165139,23.50
6946165139,6946165138,24.14
6946165138,4655549076,20.54
4655549076,4655549071,7.75
4655549071,6946165133,4.11
6946165133,4655549071,4.11
6946165133,4655549075,8.73
4655549075,6946165133,8.73
4655549075,11341875864,5.60
11341875864,4655549075,5.60
11341875864,6946165134,3.19
6946165134,11341875864,3.19
6946165134,6946165135,7.58
6946165135,6946165134,7.58
11341875863,11341875864,18.92
11341875864,11341875863,18.92
11341875865,11341875866,6.72
11341875866,11341875865,6.72
11341875867,11341875868,13.94
11341875868,11341875867,13.94
1843574827,11341241543,7.13
11341241543,1843574726,24.07
1843574726,1843574771,5.08
1843574716,11341923778,6.60
11341923778,1843574716,6.60
11341923778,11341923779,8.70
11341923779,11341923778,8.70
11341923779,11341923780,10.04
11341923780,11341923779,10.04
9397859242,11341948702,144.29
11341948702,9397859242,144.29
11341948702,11349400016,29.98
11349400016,11341948702,29.98
11349400016,6997486924,5.05
6997486924,11349400016,5.05
6997486924,6990796016,108.22
6990796016,6997486924,108.22
6990796016,11341948696,151.61
11341948696,6990796016,151.61
11341948696,11341948697,15.30
11341948697,11341948696,15.30
11341948697,11342006049,17.43
11342006049,11341948697,17.43
11342006049,11342006048,20.93
11342006048,11342006049,20.93
11342006048,11341948698,22.71
11341948698,11342006048,22.71
11341948698,11341948699,17.22
11341948699,11341948698,17.22
11341948699,11341948700,60.65
11341948700,11341948699,60.65
11341948700,11341948701,246.79
11341948701,11341948700,246.79
11342054587,11342054588,9.76
11342054588,11342054587,9.76
11342054587,11342054592,3.20
11342054592,11342054587,3.20
11342054592,11342054589,17.28
11342054589,11342054592,17.28
11342054590,11342054600,13.41
11342054600,11342054590,13.41
11342054600,11342054591,16.97
11342054591,11342054600,16.97
11342054592,11342054593,5.99
11342054593,11342054592,5.99
11342054593,11342054601,3.58
11342054601,11342054593,3.58
11342054601,11342054600,3.54
11342054600,11342054601,3.54
11342054601,11342054602,18.13
11342054602,11342054601,18.13
11342054602,11342054603,5.37
11342054603,11342054602,5.37
11342054603,11342054604,23.32
11342054604,11342054603,23.32
11342054604,11342054605,3.01
11342054605,11342054604,3.01
11360932089,11360932090,33.68
11360932090,11360932089,33.68
11360932090,11196859447,6.75
11196859447,11360932090,6.75
11196858421,11360932088,4.65
11360932088,11196858421,4.65
11360932088,11360932089,2.39
11360932089,11360932088,2.39
11196858421,4545057854,7.71
4545057854,11196858421,7.71
4545057854,11360932091,7.63
11360932091,4545057854,7.63
11173014297,2987973040,7.52
2987973040,11173014297,7.52
2987973040,11196859447,8.30
11196859447,2987973040,8.30
11360932115,258185256,7.95
258185256,11360932115,7.95
258185256,11360932116,5.17
11360932116,258185256,5.17
11360932117,11360932118,23.07
11360932118,11360932117,23.07
11360932119,11360932120,23.33
11360932120,11360932119,23.33
11360932118,11196858423,5.82
11196858423,11360932118,5.82
11196858425,11360932121,2.87
11360932121,11196858425,2.87
11360932121,11360932120,3.87
11360932120,11360932121,3.87
11360932117,11360932122,4.69
11360932122,11360932117,4.69
11360932119,11196859442,4.51
11196859442,11360932119,4.51
11196859442,4623649490,6.02
4623649490,11196859442,6.02
4623649490,11360932123,11.62
11360932123,4623649490,11.62
4623649495,4623649494,24.49
4623649494,4623649495,24.49
11360972252,11360972253,4.25
11360972253,11360972252,4.25
11360972253,4623439301,16.80
4623439301,11360972253,16.80
11360972252,1947769568,35.85
1947769568,11360972252,35.85
11360972255,1947769403,33.28
1947769403,11360972255,33.28
1947769403,11360972263,10.28
11360972263,1947769403,10.28
11360972263,11360972264,7.67
11360972264,11360972263,7.67
11360972268,11360972266,5.28
11360972266,11360972268,5.28
11360972266,11360972267,6.90
11360972267,11360972266,6.90
4623439295,1947769271,64.60
1947769271,4623439295,64.60
10312303957,10312303956,10.85
10312303956,10312303957,10.85
10312303956,11196859482,14.80
11196859482,10312303956,14.80
4659336115,4659336112,15.86
4659336112,4659336115,15.86
6879532041,11360904223,2.72
11360904223,6879532041,2.72
11360904223,11360904224,3.28
11360904224,11360904223,3.28
11361058273,11361058274,37.16
11361058274,11361058273,37.16
1851757922,11361058274,4.86
11361058274,1851757922,4.86
11361058274,11361058275,30.70
11361058275,11361058274,30.70
11361058275,11361058276,4.16
11361058276,11361058275,4.16
11361058276,4659336101,5.91
4659336101,11361058276,5.91
4659336105,11361058277,16.51
11361058277,4659336105,16.51
11361058277,11361058278,10.05
11361058278,11361058277,10.05
11361058279,6373577730,7.61
6373577730,11361058279,7.61
4659336105,11361058279,3.62
11361058279,4659336105,3.62
11361058284,11361058285,22.80
11361058285,11361058284,22.80
11361058285,11361058286,8.98
11361058286,11361058285,8.98
11361058286,11361058287,8.41
11361058287,11361058286,8.41
11361058283,11361058284,14.30
11361058284,11361058283,14.30
4659048809,6950062556,15.54
6950062556,4659048809,15.54
4659048807,4659048808,5.62
4659048808,4659048807,5.62
4659048808,4659048804,19.66
4659048804,4659048808,19.66
11361058302,11361058317,14.14
11361058317,11361058302,14.14
11361058317,11361058303,23.29
11361058303,11361058317,23.29
11361058304,11361058305,17.33
11361058305,11361058304,17.33
11361058305,11361058306,10.70
11361058306,11361058305,10.70
11361058306,11361058307,10.97
11361058307,11361058306,10.97
11361058308,11361058309,11.86
11361058309,11361058308,11.86
11361058309,11361058310,6.67
11361058310,11361058309,6.67
11361058308,11361058311,3.89
11361058311,11361058308,3.89
4659048805,11361058316,9.00
11361058316,4659048805,9.00
11361058316,11361058317,5.16
11361058317,11361058316,5.16
11361058311,4659048805,4.79
4659048805,11361058311,4.79
11360972265,4623439295,4.80
4623439295,11360972265,4.80
1947769271,11360972268,5.17
11360972268,1947769271,5.17
4623649498,11360992094,4.26
11360992094,4623649498,4.26
11379629783,11379629784,14.98
11379629784,11379629783,14.98
11379629784,11379629785,12.83
11379629785,11379629784,12.83
11379650381,11379650382,23.95
11379650382,11379650381,23.95
11379650383,11379650384,28.75
11379650384,11379650383,28.75
11379650385,11379650386,22.22
11379650386,11379650385,22.22
11379650386,11379650387,10.57
11379650387,11379650386,10.57
11379650387,11379650384,11.30
11379650384,11379650387,11.30
11379650384,11379650388,8.30
11379650388,11379650384,8.30
11379650388,11418618573,36.80
11418618573,11379650388,36.80
11418618573,11379650382,4.27
11379650382,11418618573,4.27
11379650382,11418618574,8.15
11418618574,11379650382,8.15
11418618574,6178479181,12.55
6178479181,11418618574,12.55
11382509223,11382509224,32.95
11382509224,11382509223,32.95
11382509224,11382509225,5.52
11382509225,11382509224,5.52
4655549045,6946165140,19.72
6946165140,4655549045,19.72
6946165140,1946518760,6.52
1946518760,6946165140,6.52
11382566527,11382566526,36.95
11382566526,11382566527,36.95
6373612296,11742873888,2.52
11742873888,6373612296,2.52
11742873888,11382566527,4.69
11382566527,11742873888,4.69
4659181235,11382574201,14.82
11382574201,4659181235,14.82
11382574201,3614793349,9.09
3614793349,11382574201,9.09
4659181244,4659181243,8.68
4659181243,4659181244,8.68
4659181243,11382574205,15.20
11382574205,4659181243,15.20
4659181245,11382574206,3.04
11382574206,4659181245,3.04
11384609711,11384609712,24.98
11384609712,11384609711,24.98
11384609715,11384609716,24.29
11384609716,11384609715,24.29
11384609717,11384609719,5.89
11384609719,11384609717,5.89
9970863699,11384609717,15.16
11384609717,9970863699,15.16
11384609717,11384609718,16.96
11384609718,11384609717,16.96
11384609718,10563627336,5.11
10563627336,11384609718,5.11
4655547944,4655547943,26.82
4655547943,4655547944,26.82
4655547943,11384609725,8.82
11384609725,4655547943,8.82
11384609726,4655549078,35.87
4655549078,11384609726,35.87
11384609727,11384609728,18.04
11384609728,11384609727,18.04
4655547981,11384609729,4.36
11384609729,4655547981,4.36
11384609729,11384609730,3.73
11384609730,11384609729,3.73
11384609731,11384609732,18.15
11384609732,11384609731,18.15
11384609733,11384609734,30.53
11384609734,11384609733,30.53
11384630261,11384630262,6.96
11384630262,11384630261,6.96
11384630267,11384640269,35.01
11384640269,11384630267,35.01
11384640269,11384630268,6.84
11384630268,11384640269,6.84
11384674167,11384674168,12.70
11384674168,11384674167,12.70
5624248024,11384694881,9.74
11384694881,5624248024,9.74
1843574912,5624428892,31.58
5624428892,1843574912,31.58
11384694886,11384694887,2.33
11384694887,11384694886,2.33
11384694887,11384694888,10.38
11384694888,11384694887,10.38
11384694888,11384694889,13.38
11384694889,11384694888,13.38
11384694889,11384694890,13.44
11384694890,11384694889,13.44
1843575145,11384694892,9.83
11384694892,1843575145,9.83
4658918351,11384694897,6.00
11384694897,4658918351,6.00
11384694898,11384694899,20.00
11384694899,11384694898,20.00
11384694899,11384694902,7.92
11384694902,11384694899,7.92
11384694902,11384694900,17.00
11384694900,11384694902,17.00
4511981759,11384694901,3.19
11384694901,4511981759,3.19
11384694901,11384694898,6.57
11384694898,11384694901,6.57
11384694903,1843575039,9.78
1843575039,11384694903,9.78
11384713196,11384713199,2.15
11384713199,11384713196,2.15
11384713199,11384713197,4.36
11384713197,11384713199,4.36
11384713197,11384713198,5.75
11384713198,11384713197,5.75
11384713204,11384713205,6.98
11384713205,11384713204,6.98
11384713206,11384713207,19.19
11384713207,11384713206,19.19
11384713207,11384713208,32.23
11384713208,11384713207,32.23
11384713208,11384713209,19.58
11384713209,11384713208,19.58
1843574902,11384713206,4.05
11384713206,1843574902,4.05
11384713206,5884556706,2.55
5884556706,11384713206,2.55
6394989495,11384713212,7.30
11384713212,6394989495,7.30
11384713212,11384713213,4.44
11384713213,11384713212,4.44
11384713213,11384713214,6.14
11384713214,11384713213,6.14
6394989494,11384713215,4.16
11384713215,6394989494,4.16
11384713215,11384713216,7.37
11384713216,11384713215,7.37
11384713216,11384713217,6.65
11384713217,11384713216,6.65
11384713219,11384713221,11.21
11384713221,11384713219,11.21
11384713221,11384713220,2.03
11384713220,11384713221,2.03
1843574671,11384713232,32.07
11384713232,1843574671,32.07
11384713232,11384713233,3.13
11384713233,11384713232,3.13
5624473273,11384713234,20.14
11384713234,5624473273,20.14
1843574671,11384713235,8.87
11384713235,1843574671,8.87
11384713235,11384713236,8.01
11384713236,11384713235,8.01
11384713236,11384713237,4.32
11384713237,11384713236,4.32
11384713246,11384713247,16.38
11384713247,11384713246,16.38
11384713247,11384713248,9.57
11384713248,11384713247,9.57
11384713248,11384713249,3.94
11384713249,11384713248,3.94
11384713249,11384713250,6.85
11384713250,11384713249,6.85
11384713250,11384713251,11.93
11384713251,11384713250,11.93
11384713251,11384713252,4.47
11384713252,11384713251,4.47
11384713252,11384713253,6.78
11384713253,11384713252,6.78
11384713253,11384713254,2.94
11384713254,11384713253,2.94
11384741483,9544032238,5.60
9544032238,11384741483,5.60
5884984869,11384713248,6.62
11384713248,5884984869,6.62
5884984869,5884981867,13.22
5884981867,5884984869,13.22
5884981867,5624473286,7.26
5624473286,5884981867,7.26
5884984797,5884984879,15.34
5884984879,5884984797,15.34
5884984879,11384713248,5.91
11384713248,5884984879,5.91
1843574946,5884984797,6.49
5884984797,1843574946,6.49
6952505126,11384741490,4.78
11384741490,6952505126,4.78
11384741490,11384741491,9.93
11384741491,11384741490,9.93
11384741491,11384741492,20.81
11384741492,11384741491,20.81
11384741492,11384741493,2.63
11384741493,11384741492,2.63
11385156009,11385156010,4.06
11385156010,11385156009,4.06
11385156010,4659181239,15.56
4659181239,11385156010,15.56
11386157571,11386157572,16.78
11386157572,11386157571,16.78
4659049045,11386228844,8.45
11386228844,4659049045,8.45
11386228844,11386228838,4.24
11386228838,11386228844,4.24
11386228838,11386228839,15.13
11386228839,11386228838,15.13
11386228839,6952833355,9.03
6952833355,11386228839,9.03
6302658573,6159429608,7.80
6159429608,6302658573,7.80
6159429608,11439164288,4.31
11439164288,6159429608,4.31
11439164288,4659049038,3.01
4659049038,11439164288,3.01
11386228842,11386228843,6.13
11386228843,11386228842,6.13
11386228843,6159429608,12.97
6159429608,11386228843,12.97
11386228840,11386228841,5.00
11386228841,11386228840,5.00
11386228841,11386228842,7.66
11386228842,11386228841,7.66
11386228845,11386228846,13.89
11386228846,11386228845,13.89
6952833355,11386228847,5.15
11386228847,6952833355,5.15
11386228847,11386228848,4.10
11386228848,11386228847,4.10
11386228848,11386228849,5.81
11386228849,11386228848,5.81
11386228849,11386228850,4.70
11386228850,11386228849,4.70
6373598069,11386228851,6.43
11386228851,6373598069,6.43
11386228851,11386228852,17.41
11386228852,11386228851,17.41
11386228856,11386228857,2.62
11386228857,11386228856,2.62
11386228861,11386228863,9.08
11386228863,11386228861,9.08
11386228863,11386228862,13.84
11386228862,11386228863,13.84
4551191454,11386275879,19.96
11386275879,4551191454,19.96
11386275880,11386275881,6.59
11386275881,11386275880,6.59
11386275881,11386275882,16.58
11386275882,11386275881,16.58
11386275882,11386275883,6.60
11386275883,11386275882,6.60
11386275883,11386275884,4.92
11386275884,11386275883,4.92
11386275884,11386275889,6.60
11386275889,11386275884,6.60
11386275890,11386275891,14.64
11386275891,11386275890,14.64
11386275893,11386275892,7.31
11386275892,11386275893,7.31
11386275889,11386275893,15.49
11386275893,11386275889,15.49
11386275891,11386275893,6.71
11386275893,11386275891,6.71
11386275890,11386275894,7.95
11386275894,11386275890,7.95
11386275895,11386275896,8.83
11386275896,11386275895,8.83
11386275907,11386275908,5.14
11386275908,11386275907,5.14
11386275908,4551191443,6.30
4551191443,11386275908,6.30
4551191443,12143034844,19.92
12143034844,4551191443,19.92
12143034844,6373598052,8.57
6373598052,12143034844,8.57
6373598052,6373598051,2.70
6373598051,6373598052,2.70
6373598051,6373598050,3.30
6373598050,6373598051,3.30
6373598050,12143034829,2.97
12143034829,6373598050,2.97
12143034829,6373598044,40.96
6373598044,12143034829,40.96
11386275908,11386275909,12.81
11386275909,11386275908,12.81
11386275909,11386275910,20.45
11386275910,11386275909,20.45
11386275910,11386275911,5.51
11386275911,11386275910,5.51
11386275911,11386275912,31.97
11386275912,11386275911,31.97
11386275913,4551191443,10.89
4551191443,11386275913,10.89
4659048677,4659048676,30.40
4659048676,4659048677,30.40
11386295684,4659048671,11.05
4659048671,11386295684,11.05
4659048671,4659048677,37.00
4659048677,4659048671,37.00
11386295686,12143034851,2.17
12143034851,11386295686,2.17
12143034851,11386295687,8.34
11386295687,12143034851,8.34
11386295696,11386295697,5.27
11386295697,11386295696,5.27
11386295699,4659048998,12.09
4659048998,11386295699,12.09
11386295701,11386295702,11.28
11386295702,11386295701,11.28
11386295703,11386295704,7.49
11386295704,11386295703,7.49
11386295704,11386295705,18.13
11386295705,11386295704,18.13
11386295705,11386295706,10.00
11386295706,11386295705,10.00
11386295706,11386295707,4.92
11386295707,11386295706,4.92
11386295707,11386295708,17.22
11386295708,11386295707,17.22
11386295708,11386295709,18.89
11386295709,11386295708,18.89
11386295708,11386295713,2.37
11386295713,11386295708,2.37
11386295713,11386295711,4.59
11386295711,11386295713,4.59
11386295706,11386295712,3.33
11386295712,11386295706,3.33
11386295718,11386295719,12.69
11386295719,11386295718,12.69
11386295719,11386295711,8.67
11386295711,11386295719,8.67
11386295711,11386295720,18.51
11386295720,11386295711,18.51
11386295720,11386295712,4.96
11386295712,11386295720,4.96
11386295719,11386295721,22.03
11386295721,11386295719,22.03
11386296260,9131578793,6.41
9131578793,11386296260,6.41
9131578793,11386296262,19.68
11386296262,9131578793,19.68
11386296262,11386296261,21.01
11386296261,11386296262,21.01
11386296259,11386296262,7.24
11386296262,11386296259,7.24
11386296264,11386296265,8.72
11386296265,11386296264,8.72
11386296267,11386348169,51.40
11386348169,11386296267,51.40
11386348169,11386296268,9.73
11386296268,11386348169,9.73
11386348169,11386348174,17.90
11386348174,11386348169,17.90
11386348174,11386348170,5.48
11386348170,11386348174,5.48
11386348171,11386348170,9.20
11386348170,11386348171,9.20
11386348173,11386348174,1.23
11386348174,11386348173,1.23
11386348174,11386348175,9.35
11386348175,11386348174,9.35
11386348170,11386348176,26.29
11386348176,11386348170,26.29
11386348176,11386348177,32.65
11386348177,11386348176,32.65
11386348178,11386348180,2.81
11386348180,11386348178,2.81
11386348180,11386348179,27.27
11386348179,11386348180,27.27
11386348181,11386348183,19.73
11386348183,11386348181,19.73
11386348183,11386348182,4.44
11386348182,11386348183,4.44
11386348192,11386348193,1.51
11386348193,11386348192,1.51
11386348193,11386348195,15.14
11386348195,11386348193,15.14
11386348195,11386348194,3.37
11386348194,11386348195,3.37
4659336135,11386348196,17.13
11386348196,4659336135,17.13
11386348196,11386348197,14.53
11386348197,11386348196,14.53
11386348197,11386348198,8.92
11386348198,11386348197,8.92
11386348198,4659336132,8.84
4659336132,11386348198,8.84
11386348203,11386348204,21.37
11386348204,11386348203,21.37
11386348204,11386348207,6.57
11386348207,11386348204,6.57
11386348207,11386348208,4.41
11386348208,11386348207,4.41
11386348202,11386348203,4.09
11386348203,11386348202,4.09
6949711648,11386364965,15.06
11386364965,6949711648,15.06
5217867670,6800142785,11.75
6800142785,5217867670,11.75
5217867662,11386364966,13.68
11386364966,5217867662,13.68
11386364966,11386364967,16.09
11386364967,11386364966,16.09
11386364967,11386364968,5.41
11386364968,11386364967,5.41
6300933253,5217867662,9.40
5217867662,6300933253,9.40
1854097946,4623649317,22.16
4623649317,1854097946,22.16
11386381373,11386381374,25.55
11386381374,11386381373,25.55
4623649310,5297437687,5.91
5297437687,4623649310,5.91
5297437687,5297437688,5.87
5297437688,5297437687,5.87
5297437688,5297437705,3.86
5297437705,5297437688,3.86
5297437705,4623649309,3.66
4623649309,5297437705,3.66
4623649309,5297437703,12.00
5297437703,4623649309,12.00
5297437703,5297437697,10.98
5297437697,5297437703,10.98
11386381390,4621152213,32.52
4621152213,11386381390,32.52
11386381385,11386381412,11.52
11386381412,11386381385,11.52
11386381412,11386381413,22.42
11386381413,11386381412,22.42
11386381419,11386381421,4.92
11386381421,11386381419,4.92
11386381421,11386381420,5.73
11386381420,11386381421,5.73
4628693085,11386407705,8.01
11386407705,4628693085,8.01
11397991062,11397991063,18.08
11397991063,11397991062,18.08
11397991063,1843039376,6.43
1843039376,11397991063,6.43
11397991067,11397991066,5.60
11397991066,11397991067,5.60
11397991065,11397991067,5.23
11397991067,11397991065,5.23
4653389059,11418618573,21.07
11418618573,4653389059,21.07
2608876448,11418618576,1.92
11418618576,2608876448,1.92
11418618576,11418618575,28.35
11418618575,11418618576,28.35
11438898242,11438898243,3.55
11438898243,11438898242,3.55
11438898243,11438898244,2.83
11438898244,11438898243,2.83
11438898244,11438898245,3.21
11438898245,11438898244,3.21
11438898245,12519068661,2.77
12519068661,11438898245,2.77
12519068661,11438898246,1.49
11438898246,12519068661,1.49
11438898246,11438898247,22.59
11438898247,11438898246,22.59
11438898247,11438898248,53.06
11438898248,11438898247,53.06
11438898248,6883629797,31.00
6883629797,11438898248,31.00
6883629797,11438898249,69.95
11438898249,6883629797,69.95
11438898249,11438996566,13.90
11438996566,11438898249,13.90
11438996566,11914272917,8.34
11914272917,11438996566,8.34
11914272917,6806485489,13.45
6806485489,11914272917,13.45
6806485489,11438898250,53.21
11438898250,6806485489,53.21
11438898250,11751870467,9.34
11751870467,11438898250,9.34
11751870467,6373612274,35.09
6373612274,11751870467,35.09
6373612274,11438898251,58.29
11438898251,6373612274,58.29
11438898251,11438996567,14.36
11438996567,11438898251,14.36
11438996567,4551140992,7.62
4551140992,11438996567,7.62
4551140992,11438898252,31.69
11438898252,4551140992,31.69
11438898252,11438898253,29.03
11438898253,11438898252,29.03
11438898253,11438898254,20.18
11438898254,11438898253,20.18
11438898254,11751854752,5.60
11751854752,11438898254,5.60
11751854752,11751870444,11.13
11751870444,11751854752,11.13
11751870444,11438898255,14.15
11438898255,11751870444,14.15
11438898255,11438898256,40.34
11438898256,11438898255,40.34
11438898256,11438996565,30.41
11438996565,11438898256,30.41
11438996565,11438898257,17.63
11438898257,11438996565,17.63
11438898257,11438898258,36.48
11438898258,11438898257,36.48
11438898258,11438898259,16.38
11438898259,11438898258,16.38
11438898259,11438898260,12.23
11438898260,11438898259,12.23
11438898260,11438898261,7.26
11438898261,11438898260,7.26
11438898261,11438898262,23.19
11438898262,11438898261,23.19
11438898262,11438898263,43.39
11438898263,11438898262,43.39
11438898263,11751911924,30.59
11751911924,11438898263,30.59
11751911924,11438898264,14.79
11438898264,11751911924,14.79
11438973534,11438973535,12.51
11438973535,11438973534,12.51
11438973536,12100683691,3.95
12100683691,11438973536,3.95
11438973538,11438973539,19.29
11438973539,11438973538,19.29
11438973539,4659179461,4.13
4659179461,11438973539,4.13
6952833313,11438973544,5.92
11438973544,6952833313,5.92
11438973559,4659048789,21.62
4659048789,11438973559,21.62
4659049208,4659049202,10.30
4659049202,4659049208,10.30
2435862985,2435862988,9.95
2435862988,2435862985,9.95
2435862989,11439136768,27.90
11439136768,2435862989,27.90
2435862988,11439136768,2.26
11439136768,2435862988,2.26
11439151069,11439151071,29.92
11439151071,11439151069,29.92
11439151071,11439151070,1.14
11439151070,11439151071,1.14
11439151071,11439151072,7.66
11439151072,11439151071,7.66
11439151072,11439151076,8.23
11439151076,11439151072,8.23
11439151076,11439151073,1.59
11439151073,11439151076,1.59
11439151073,11439151074,1.29
11439151074,11439151073,1.29
11439151074,11439151079,9.06
11439151079,11439151074,9.06
11439151079,11439151075,21.18
11439151075,11439151079,21.18
11439151076,11439151077,1.95
11439151077,11439151076,1.95
11439151077,2435862983,12.28
2435862983,11439151077,12.28
11439151078,11439151079,1.24
11439151079,11439151078,1.24
11439151079,11439151080,8.50
11439151080,11439151079,8.50
11439151080,11439151081,23.29
11439151081,11439151080,23.29
11439151082,11439151083,13.54
11439151083,11439151082,13.54
4659049029,4659049028,12.01
4659049028,4659049029,12.01
4659049028,4659049027,10.86
4659049027,4659049028,10.86
11439151100,4659049030,5.87
4659049030,11439151100,5.87
11439164269,11439164270,43.26
11439164270,11439164269,43.26
11439164280,11439164281,12.21
11439164281,11439164280,12.21
11439164283,11081975909,5.96
11081975909,11439164283,5.96
11439164289,11439164285,9.62
11439164285,11439164289,9.62
11439164285,11439164286,17.73
11439164286,11439164285,17.73
11439164286,11439164287,25.00
11439164287,11439164286,25.00
11439164287,11439164288,9.33
11439164288,11439164287,9.33
11439164284,11439164289,4.80
11439164289,11439164284,4.80
11439164290,11439164291,12.50
11439164291,11439164290,12.50
4659181476,4659181475,8.74
4659181475,4659181476,8.74
4659181475,4659181474,7.05
4659181474,4659181475,7.05
11529008447,11529008449,63.08
11529008449,11529008447,63.08
11529008448,11529008447,10.76
11529008447,11529008448,10.76
4553151246,11076088621,4.49
11076088621,4553151246,4.49
4658918411,4658918410,9.59
4658918410,4658918411,9.59
4658918406,4658918405,11.85
4658918405,4658918406,11.85
4658918404,11264444965,29.78
11264444965,4658918404,29.78
11544648057,11544648058,2.74
11544648058,11544648057,2.74
11544648059,11544648060,14.43
11544648060,11544648059,14.43
11544648061,11544648062,14.61
11544648062,11544648061,14.61
11544648060,11544648063,10.31
11544648063,11544648060,10.31
11544648062,11544648064,10.71
11544648064,11544648062,10.71
11544648061,11544648065,2.43
11544648065,11544648061,2.43
11544648059,11544648066,2.27
11544648066,11544648059,2.27
11544648065,11544648067,12.38
11544648067,11544648065,12.38
11544648066,11544648068,12.68
11544648068,11544648066,12.68
11544648068,11544648067,4.82
11544648067,11544648068,4.82
11544648067,11544696569,19.16
11544696569,11544648067,19.16
11544696569,11544696570,6.26
11544696570,11544696569,6.26
11544696570,3227142883,8.83
3227142883,11544696570,8.83
4658917544,4658917543,5.21
4658917543,4658917544,5.21
4658917543,4658917542,4.38
4658917542,4658917543,4.38
4658917542,4658917541,4.22
4658917541,4658917542,4.22
4658917538,5624341393,2.78
5624341393,4658917538,2.78
5624341393,4658917539,3.54
4658917539,5624341393,3.54
4658917539,4658917540,3.65
4658917540,4658917539,3.65
4658917540,4658917546,5.15
4658917546,4658917540,5.15
11544713631,11544713632,4.59
11544713632,11544713631,4.59
11544713632,11544713633,5.57
11544713633,11544713632,5.57
11544713655,3227142877,2.85
3227142877,11544713655,2.85
11544713656,11544713657,20.02
11544713657,11544713656,20.02
11544713657,11544713658,11.28
11544713658,11544713657,11.28
11544713658,11544713659,21.90
11544713659,11544713658,21.90
11544713660,11544713661,15.92
11544713661,11544713660,15.92
11544719471,11544719474,6.31
11544719474,11544719471,6.31
11544719474,6981894147,9.51
6981894147,11544719474,9.51
4658919009,4658919010,5.71
4658919010,4658919009,5.71
4658919010,4658919011,11.27
4658919011,4658919010,11.27
4658919008,4658919009,6.66
4658919009,4658919008,6.66
11544719470,11544719473,6.16
11544719473,11544719470,6.16
11544719473,11544719471,10.88
11544719471,11544719473,10.88
4658918810,11544719469,1.50
11544719469,4658918810,1.50
11544719469,11544719470,4.19
11544719470,11544719469,4.19
6864718458,11544733899,5.96
11544733899,6864718458,5.96
11544733900,4658918058,3.09
4658918058,11544733900,3.09
11544733901,4658918058,2.71
4658918058,11544733901,2.71
11544733904,11544733905,19.29
11544733905,11544733904,19.29
11544733905,11544733906,6.88
11544733906,11544733905,6.88
11544733906,11544733908,22.25
11544733908,11544733906,22.25
11544733908,11544733907,4.07
11544733907,11544733908,4.07
11544733907,11544733909,15.68
11544733909,11544733907,15.68
11544733909,4658918059,9.32
4658918059,11544733909,9.32
4658918990,11544733910,6.86
11544733910,4658918990,6.86
11544733910,11544733911,13.60
11544733911,11544733910,13.60
11544733912,11544733914,11.38
11544733914,11544733912,11.38
11544733914,11544733913,17.68
11544733913,11544733914,17.68
11544733911,11544733914,1.60
11544733914,11544733911,1.60
11544733941,11544733942,11.16
11544733942,11544733941,11.16
11544733943,2444944956,4.99
2444944956,11544733943,4.99
11544733942,11544733943,2.29
11544733943,11544733942,2.29
11544733944,11544733945,7.05
11544733945,11544733944,7.05
11544733908,11544733941,12.50
11544733941,11544733908,12.50
3227142879,3227142880,7.28
3227142880,3227142879,7.28
11557858156,6981894148,4.75
6981894148,11557858156,4.75
11557858161,11557858162,23.83
11557858162,11557858161,23.83
11557858162,11557858163,31.61
11557858163,11557858162,31.61
11557922383,11557922384,1.76
11557922384,11557922383,1.76
11557922384,11557922385,4.80
11557922385,11557922384,4.80
11557922385,11557922386,2.65
11557922386,11557922385,2.65
11557922386,11557922387,16.35
11557922387,11557922386,16.35
11557922387,11557922388,1.79
11557922388,11557922387,1.79
4658918018,6952833290,22.08
6952833290,4658918018,22.08
11558065645,11558065646,16.16
11558065646,11558065645,16.16
6952833290,11558065645,4.21
11558065645,6952833290,4.21
11558065646,11742911508,2.11
11742911508,11558065646,2.11
11742911508,11558065644,2.33
11558065644,11742911508,2.33
11565724703,11565724704,2.48
11565724704,11565724703,2.48
11565724704,4659336186,19.90
4659336186,11565724704,19.90
3613596520,4659045877,14.70
4659045877,3613596520,14.70
11565724709,11565724710,9.62
11565724710,11565724709,9.62
11565724711,11565724712,29.37
11565724712,11565724711,29.37
11565724712,11565724713,6.47
11565724713,11565724712,6.47
11565724721,11565724722,5.02
11565724722,11565724721,5.02
11565724722,11565724723,15.28
11565724723,11565724722,15.28
11565724723,11565724724,11.57
11565724724,11565724723,11.57
11565724724,11565724725,3.55
11565724725,11565724724,3.55
11565724725,6952833351,2.99
6952833351,11565724725,2.99
11565724726,11565724729,4.24
11565724729,11565724726,4.24
11565724729,11565724727,3.74
11565724727,11565724729,3.74
11565724726,11565724728,11.45
11565724728,11565724726,11.45
11565724728,11565724730,16.18
11565724730,11565724728,16.18
11565724730,11565724731,12.98
11565724731,11565724730,12.98
11565724733,11565724731,3.86
11565724731,11565724733,3.86
11565724731,11565724734,7.33
11565724734,11565724731,7.33
11572570743,11572570742,2.77
11572570742,11572570743,2.77
11572570742,11572570744,5.69
11572570744,11572570742,5.69
11572570744,11572570745,2.66
11572570745,11572570744,2.66
11572570745,11572570746,3.21
11572570746,11572570745,3.21
11572570746,11572570747,3.31
11572570747,11572570746,3.31
11572570747,11572570748,5.76
11572570748,11572570747,5.76
6813554982,11572570450,1.63
11572570450,6813554982,1.63
11572570450,11572570448,5.15
11572570448,11572570450,5.15
11572570448,11575022138,5.82
11575022138,11572570448,5.82
11575022138,11572570449,2.06
11572570449,11575022138,2.06
11575022126,11575022127,5.71
11575022127,11575022126,5.71
11575022127,2932706457,10.15
2932706457,11575022127,10.15
11108279927,6351659927,4.71
6351659927,11108279927,4.71
6351659927,6351659926,48.58
6351659926,6351659927,48.58
6351659926,2932706457,34.34
2932706457,6351659926,34.34
2932706457,11575022131,5.90
11575022131,2932706457,5.90
11575022131,11575022134,1.93
11575022134,11575022131,1.93
11575022134,11575022132,1.69
11575022132,11575022134,1.69
11575022132,11575022133,4.15
11575022133,11575022132,4.15
6813635649,11575022135,5.47
11575022135,6813635649,5.47
11575022135,11117945026,4.49
11117945026,11575022135,4.49
6813635650,6813572492,2.99
6813572492,6813635650,2.99
6813572492,6813572491,1.60
6813572491,6813572492,1.60
6813572491,6238462941,1.45
6238462941,6813572491,1.45
11575022126,6813572497,2.22
6813572497,11575022126,2.22
6813572497,6813572494,2.11
6813572494,6813572497,2.11
6813572494,6813572493,1.60
6813572493,6813572494,1.60
6813635649,11575035698,32.37
11575035698,6813635649,32.37
11575035698,3659234140,46.32
3659234140,11575035698,46.32
3659234140,11575035699,44.22
11575035699,3659234140,44.22
11575035699,3659234143,38.32
3659234143,11575035699,38.32
3659234143,2932707076,170.81
2932707076,3659234143,170.81
11627401359,11627401360,5.85
11627401360,11627401359,5.85
11627401361,11627401362,17.85
11627401362,11627401361,17.85
4655548380,11627434835,9.29
11627434835,4655548380,9.29
11627434835,11627434836,3.17
11627434836,11627434835,3.17
11627434836,11627434837,10.72
11627434837,11627434836,10.72
11627434837,11627434838,2.86
11627434838,11627434837,2.86
11627434838,11627434839,3.04
11627434839,11627434838,3.04
11638953387,11638953386,5.33
11638953386,11638953387,5.33
11638953386,6959218896,3.32
6959218896,11638953386,3.32
4592884115,11638953388,1.50
11638953388,4592884115,1.50
11638953388,11638953387,1.47
11638953387,11638953388,1.47
11638953386,11638953389,5.25
11638953389,11638953386,5.25
11638953389,6946154874,43.20
6946154874,11638953389,43.20
4592884115,11638953391,12.47
11638953391,4592884115,12.47
11643279518,11643279519,5.62
11643279519,11643279518,5.62
11643279518,11643279520,3.90
11643279520,11643279518,3.90
11643279519,11643279521,16.21
11643279521,11643279519,16.21
12077079998,11643279522,2.37
11643279522,12077079998,2.37
11649779168,11649784869,11.59
11649784869,11649779168,11.59
11649784869,11649784870,8.88
11649784870,11649784869,8.88
6178380293,11649784870,57.98
11649784870,6178380293,57.98
11649784870,11649784878,4.31
11649784878,11649784870,4.31
11649784878,11649784871,3.90
11649784871,11649784878,3.90
11649784871,11698837339,8.16
11698837339,11649784871,8.16
11698837339,11649784872,10.25
11649784872,11698837339,10.25
11649784872,11928628072,18.05
11928628072,11649784872,18.05
11928628072,11649784873,12.39
11649784873,11928628072,12.39
11649784873,11928628075,21.80
11928628075,11649784873,21.80
11928628075,11649784874,38.06
11649784874,11928628075,38.06
11649784874,11194680697,27.01
11194680697,11649784874,27.01
11194680697,11649784875,40.35
11649784875,11194680697,40.35
11649784875,11649784876,2.24
11649784876,11649784875,2.24
11649784876,4547969121,4.83
4547969121,11649784876,4.83
4547969121,11649784877,5.59
11649784877,4547969121,5.59
11649784870,4547969120,5.06
4547969120,11649784870,5.06
4547969120,11216544114,5.48
11216544114,4547969120,5.48
11649784879,11117945053,24.65
11117945053,11649784879,24.65
4653389082,11649784883,4.63
11649784883,4653389082,4.63
11649784883,11649784880,2.84
11649784880,11649784883,2.84
11649786322,11649786323,7.20
11649786323,11649786322,7.20
11649786323,11649786324,6.94
11649786324,11649786323,6.94
11649786322,11649786325,15.49
11649786325,11649786322,15.49
11649786325,12096809834,15.97
12096809834,11649786325,15.97
4655549040,11649786328,15.77
11649786328,4655549040,15.77
11649786328,11649786329,4.23
11649786329,11649786328,4.23
11649786329,11649786330,9.74
11649786330,11649786329,9.74
11649786348,11649786344,32.84
11649786344,11649786348,32.84
11649786344,11649786345,3.43
11649786345,11649786344,3.43
11649786345,11649786346,7.18
11649786346,11649786345,7.18
11649786346,11649786347,24.95
11649786347,11649786346,24.95
6959218923,11649786349,7.50
11649786349,6959218923,7.50
11649786350,11649786351,6.62
11649786351,11649786350,6.62
11649786350,11649786352,20.33
11649786352,11649786350,20.33
11649786352,11649786349,1.85
11649786349,11649786352,1.85
11649786349,11649786353,17.22
11649786353,11649786349,17.22
11649786353,11649786354,22.16
11649786354,11649786353,22.16
11649786354,11649786355,5.77
11649786355,11649786354,5.77
11667270319,11667270320,6.38
11667270320,11667270319,6.38
11667270321,11667270322,5.19
11667270322,11667270321,5.19
11669731645,11669731646,8.60
11669731646,11669731645,8.60
11669731646,11669731647,3.74
11669731647,11669731646,3.74
4659049201,11669731645,7.58
11669731645,4659049201,7.58
11669731651,11669731650,4.54
11669731650,11669731651,4.54
11669731650,5219473884,10.59
5219473884,11669731650,10.59
11698837337,11698837338,9.89
11698837338,11698837337,9.89
11698837338,11698837339,2.70
11698837339,11698837338,2.70
11732732787,11732732788,3.87
11732732788,11732732787,3.87
11732732788,11732732789,4.86
11732732789,11732732788,4.86
11732732789,11732732790,4.95
11732732790,11732732789,4.95
11735177046,11735177047,27.18
11735177047,11735177046,27.18
11735177047,11735177048,4.80
11735177048,11735177047,4.80
11735177048,6946165151,7.57
6946165151,11735177048,7.57
6821138386,11738011639,23.43
11738011639,6821138386,23.43
11738011639,11738011640,9.57
11738011640,11738011639,9.57
11738011640,11738011641,6.17
11738011641,11738011640,6.17
11738011641,11738011642,8.66
11738011642,11738011641,8.66
11738011642,11738011643,9.41
11738011643,11738011642,9.41
11738011643,11738011644,8.60
11738011644,11738011643,8.60
11738011644,11738011645,7.65
11738011645,11738011644,7.65
11738011645,11738011646,6.77
11738011646,11738011645,6.77
11738011646,11738011647,10.43
11738011647,11738011646,10.43
11738011647,11738011648,18.03
11738011648,11738011647,18.03
11738011648,11738011649,29.74
11738011649,11738011648,29.74
11738011654,4659181487,33.90
4659181487,11738011654,33.90
6392270209,6392270211,17.15
6392270211,6392270209,17.15
11738011655,4659181488,26.38
4659181488,11738011655,26.38
11738023773,11738023774,3.89
11738023774,11738023773,3.89
11738023774,11738023775,4.69
11738023775,11738023774,4.69
11738023776,5349911780,32.18
5349911780,11738023776,32.18
11738023777,11738023778,5.24
11738023778,11738023777,5.24
6695723931,11738023779,14.58
11738023779,6695723931,14.58
11738023780,11738023781,4.98
11738023781,11738023780,4.98
11738023781,11738023782,9.55
11738023782,11738023781,9.55
11738023783,11738023785,5.77
11738023785,11738023783,5.77
11738023785,11738023784,17.08
11738023784,11738023785,17.08
11738023787,11738023788,4.82
11738023788,11738023787,4.82
11738023788,11738023789,4.26
11738023789,11738023788,4.26
11738023789,11738023790,6.74
11738023790,11738023789,6.74
11738009263,11738009264,42.07
11738009264,11738009263,42.07
11738009264,11738009265,7.03
11738009265,11738009264,7.03
11738009264,11738009266,14.61
11738009266,11738009264,14.61
11738009266,11738009267,4.64
11738009267,11738009266,4.64
6952833321,11738039373,33.46
11738039373,6952833321,33.46
11738039373,11738039374,1.30
11738039374,11738039373,1.30
11738039374,11738039370,1.85
11738039370,11738039374,1.85
11738039370,11738009268,14.47
11738009268,11738039370,14.47
11738039372,11738039373,3.70
11738039373,11738039372,3.70
11738009265,11738039374,7.58
11738039374,11738009265,7.58
6319929567,6319929568,8.84
6319929568,6319929567,8.84
5205307315,11738039388,3.78
11738039388,5205307315,3.78
11738039388,11738039390,2.00
11738039390,11738039388,2.00
11738039390,11738039389,2.81
11738039389,11738039390,2.81
11738039391,4659181182,8.74
4659181182,11738039391,8.74
11738026867,11738026868,21.82
11738026868,11738026867,21.82
11738059482,4477147462,12.34
4477147462,11738059482,12.34
11738059488,6394989264,9.69
6394989264,11738059488,9.69
11738059489,11738059490,14.60
11738059490,11738059489,14.60
11738059490,11738059491,8.40
11738059491,11738059490,8.40
4551140742,11738059489,5.55
11738059489,4551140742,5.55
11738059493,11738059494,26.07
11738059494,11738059493,26.07
11738059494,11738059495,3.67
11738059495,11738059494,3.67
11738059495,11738059496,26.79
11738059496,11738059495,26.79
11738059497,11738059498,13.71
11738059498,11738059497,13.71
11738059495,11738059497,2.95
11738059497,11738059495,2.95
11738059498,11738059499,10.69
11738059499,11738059498,10.69
11738059501,11738059502,4.70
11738059502,11738059501,4.70
11738059503,11738059504,15.66
11738059504,11738059503,15.66
11738059505,11738059506,6.11
11738059506,11738059505,6.11
4659181442,11738059507,7.32
11738059507,4659181442,7.32
11738059507,11738059508,18.35
11738059508,11738059507,18.35
11738059508,2618516945,5.56
2618516945,11738059508,5.56
11738059509,11738059510,34.02
11738059510,11738059509,34.02
11738059510,11738059511,24.23
11738059511,11738059510,24.23
11742772384,11742772385,39.82
11742772385,11742772384,39.82
11742772385,1851757548,37.07
1851757548,11742772385,37.07
11742772386,11742772387,12.37
11742772387,11742772386,12.37
11742772388,6952833316,9.61
6952833316,11742772388,9.61
11742772389,11742772390,3.46
11742772390,11742772389,3.46
11742772390,11742772391,23.58
11742772391,11742772390,23.58
11742772388,11742772389,19.74
11742772389,11742772388,19.74
11742772390,11742772396,1.77
11742772396,11742772390,1.77
11742772396,11742772392,1.90
11742772392,11742772396,1.90
11742772392,11742772393,3.33
11742772393,11742772392,3.33
11742772393,11742772394,4.08
11742772394,11742772393,4.08
11742772394,11742772395,5.43
11742772395,11742772394,5.43
11742772391,11742772397,2.64
11742772397,11742772391,2.64
11742772397,11742772398,2.48
11742772398,11742772397,2.48
11742772398,11742772399,3.82
11742772399,11742772398,3.82
1859403470,11742772401,12.07
11742772401,1859403470,12.07
11742772401,11742772402,2.95
11742772402,11742772401,2.95
11742772403,11742772404,43.89
11742772404,11742772403,43.89
11742772406,11742772405,3.03
11742772405,11742772406,3.03
11742772410,11742772411,16.92
11742772411,11742772410,16.92
11742772411,11742772409,3.00
11742772409,11742772411,3.00
11742772409,1564338301,4.83
1564338301,11742772409,4.83
11742772413,11742772403,2.60
11742772403,11742772413,2.60
11742772403,11742772414,27.62
11742772414,11742772403,27.62
4659180755,11742772419,4.16
11742772419,4659180755,4.16
11742772419,11742772420,4.98
11742772420,11742772419,4.98
11742772420,11742772421,2.58
11742772421,11742772420,2.58
11742772421,11742772422,4.47
11742772422,11742772421,4.47
11742772422,11742772423,15.05
11742772423,11742772422,15.05
11742772404,11742772405,29.83
11742772405,11742772404,29.83
11742772405,11742772412,1.78
11742772412,11742772405,1.78
11742772412,11742772410,2.12
11742772410,11742772412,2.12
6373576359,1564329847,30.87
1564329847,6373576359,30.87
1564329847,6373576360,9.89
6373576360,1564329847,9.89
6373576360,6373576361,6.84
6373576361,6373576360,6.84
6373576361,1851380891,4.87
1851380891,6373576361,4.87
11742876170,1855833966,14.99
1855833966,11742876170,14.99
1564364622,283568185,12.46
283568185,1564364622,12.46
283568185,3227142902,11.29
3227142902,283568185,11.29
11742876175,11742876176,16.62
11742876176,11742876175,16.62
6326523819,11742876177,16.41
11742876177,6326523819,16.41
6326554731,6326554735,12.46
6326554735,6326554731,12.46
6326554735,11742876178,35.03
11742876178,6326554735,35.03
11742876178,4551140734,114.26
4551140734,11742876178,114.26
4551140734,11742876177,13.15
11742876177,4551140734,13.15
11742876177,11742873881,41.56
11742873881,11742876177,41.56
11742873881,11742873880,11.58
11742873880,11742873881,11.58
11742873880,6821223409,32.32
6821223409,11742873880,32.32
6821223409,6841113795,39.72
6841113795,6821223409,39.72
6841113795,6841430910,41.94
6841430910,6841113795,41.94
6841430910,11742876179,85.01
11742876179,6841430910,85.01
11742876179,11742911513,8.66
11742911513,11742876179,8.66
11742911513,6821223404,49.86
6821223404,11742911513,49.86
6821223404,11742876180,16.85
11742876180,6821223404,16.85
11742876180,11742876181,15.99
11742876181,11742876180,15.99
11742876181,6821122981,41.10
6821122981,11742876181,41.10
6821122981,6821122980,53.00
6821122980,6821122981,53.00
6821122980,3910369373,52.02
3910369373,6821122980,52.02
3910369373,11742876182,62.94
11742876182,3910369373,62.94
11742876182,11751911919,45.94
11751911919,11742876182,45.94
11751911919,11558038735,34.82
11558038735,11751911919,34.82
11742873879,11742873880,18.30
11742873880,11742873879,18.30
11742873881,11742873882,18.02
11742873882,11742873881,18.02
11742873886,11742873887,3.81
11742873887,11742873886,3.81
6871817289,11742873887,31.44
11742873887,6871817289,31.44
11742873887,11742873888,9.52
11742873888,11742873887,9.52
1564401204,6326523817,23.94
6326523817,1564401204,23.94
11742873895,11742873896,3.23
11742873896,11742873895,3.23
11742882888,5885533048,9.08
5885533048,11742882888,9.08
6883689472,2444941737,123.74
2444941737,6883689472,123.74
2444941737,6841430909,99.94
6841430909,2444941737,99.94
6841430909,11742911508,56.66
11742911508,6841430909,56.66
11742911508,11742911509,46.57
11742911509,11742911508,46.57
11742911509,11742911510,72.54
11742911510,11742911509,72.54
11742911510,11742911511,43.74
11742911511,11742911510,43.74
11742911511,11742911512,20.78
11742911512,11742911511,20.78
11751844577,11751844578,9.35
11751844578,11751844577,9.35
11751844578,11751844579,3.18
11751844579,11751844578,3.18
11751844577,11751844583,2.58
11751844583,11751844577,2.58
11751844583,11751844580,2.64
11751844580,11751844583,2.64
11751844580,11751844581,18.76
11751844581,11751844580,18.76
11751844583,11751844584,20.18
11751844584,11751844583,20.18
11751844584,11751844585,14.47
11751844585,11751844584,14.47
11751844586,11751844589,2.14
11751844589,11751844586,2.14
11751844589,11751844597,45.56
11751844597,11751844589,45.56
11751844597,11751844592,3.77
11751844592,11751844597,3.77
11751844591,11751844593,2.39
11751844593,11751844591,2.39
11751844593,11751844588,18.86
11751844588,11751844593,18.86
11751844588,11751844587,4.16
11751844587,11751844588,4.16
11751844591,11751844592,5.11
11751844592,11751844591,5.11
11751844593,11751844594,3.27
11751844594,11751844593,3.27
11751844594,11751844595,3.23
11751844595,11751844594,3.23
11751844595,11751844596,2.72
11751844596,11751844595,2.72
11751844596,11751844597,4.07
11751844597,11751844596,4.07
6952833313,4659179461,8.64
4659179461,6952833313,8.64
11751844605,11751844606,33.99
11751844606,11751844605,33.99
4659653896,4659179468,34.48
4659179468,4659653896,34.48
4659179468,1859403468,21.78
1859403468,4659179468,21.78
1859403466,11751844607,18.24
11751844607,1859403466,18.24
11751844607,11751844605,10.45
11751844605,11751844607,10.45
4659181245,4659181250,9.62
4659181250,4659181245,9.62
11751844609,11751844610,9.64
11751844610,11751844609,9.64
11751854698,4659179455,38.66
4659179455,11751854698,38.66
11751854711,11751854712,7.33
11751854712,11751854711,7.33
1851757548,11751854728,6.53
11751854728,1851757548,6.53
11751854728,11751854729,20.04
11751854729,11751854728,20.04
11751854729,11751854730,11.01
11751854730,11751854729,11.01
11751854730,11751854731,10.41
11751854731,11751854730,10.41
11751854732,11751854734,27.37
11751854734,11751854732,27.37
11751854734,11751854733,12.37
11751854733,11751854734,12.37
11751854735,11751854736,26.19
11751854736,11751854735,26.19
11751854737,11751854738,6.17
11751854738,11751854737,6.17
11751854738,11751854739,15.98
11751854739,11751854738,15.98
11751854739,11751854740,20.83
11751854740,11751854739,20.83
4659181228,5202191389,13.69
5202191389,4659181228,13.69
5202191389,4659181227,4.32
4659181227,5202191389,4.32
3615162202,6373612270,5.09
6373612270,3615162202,5.09
6373612270,6373612271,20.80
6373612271,6373612270,20.80
6373612271,1564319711,5.03
1564319711,6373612271,5.03
11751898070,11751898071,19.21
11751898071,11751898070,19.21
11751898072,11751898073,13.99
11751898073,11751898072,13.99
4659041762,4659041761,14.75
4659041761,4659041762,14.75
1946518693,11754183328,10.43
11754183328,1946518693,10.43
11754183328,11754183329,12.10
11754183329,11754183328,12.10
11754183329,11754183330,4.52
11754183330,11754183329,4.52
11754183330,1946518423,29.21
1946518423,11754183330,29.21
4655515742,11754183331,3.63
11754183331,4655515742,3.63
11754183331,11754183332,12.24
11754183332,11754183331,12.24
4621150866,12076080315,8.02
12076080315,4621150866,8.02
12076080315,12076080314,8.08
12076080314,12076080315,8.08
12076080314,11755023022,7.39
11755023022,12076080314,7.39
4623649410,12997323228,4.10
12997323228,4623649410,4.10
12997323228,4623649172,47.85
4623649172,12997323228,47.85
4623649172,11769809181,3.42
11769809181,4623649172,3.42
11769809182,11769809183,9.67
11769809183,11769809182,9.67
11769809183,11769809181,2.02
11769809181,11769809183,2.02
11769809186,11769809187,5.11
11769809187,11769809186,5.11
11769809187,11769809188,6.95
11769809188,11769809187,6.95
11769809188,11769809189,4.15
11769809189,11769809188,4.15
4623642877,11769809190,8.30
11769809190,4623642877,8.30
11769809190,4623649407,30.13
4623649407,11769809190,30.13
6561455310,11769809192,12.65
11769809192,6561455310,12.65
11769809195,11769809194,4.13
11769809194,11769809195,4.13
11769809194,11769809196,18.29
11769809196,11769809194,18.29
11769809206,11769809205,8.65
11769809205,11769809206,8.65
11769809205,11769809204,2.35
11769809204,11769809205,2.35
11769809204,4623649394,3.96
4623649394,11769809204,3.96
11769809208,11769809209,19.48
11769809209,11769809208,19.48
11769809206,11769809207,2.98
11769809207,11769809206,2.98
11769809207,11769809208,5.55
11769809208,11769809207,5.55
4623649395,4623649406,4.51
4623649406,4623649395,4.51
4623649406,4623649405,6.45
4623649405,4623649406,6.45
4623649405,11769809209,8.07
11769809209,4623649405,8.07
11769809209,4623649403,8.67
4623649403,11769809209,8.67
11769809217,11769809219,11.61
11769809219,11769809217,11.61
11769809218,11769809217,1.92
11769809217,11769809218,1.92
11769809219,4623642887,2.25
4623642887,11769809219,2.25
11769809220,11769809222,33.67
11769809222,11769809220,33.67
11769809222,11769809221,26.86
11769809221,11769809222,26.86
11769809222,11769809223,17.73
11769809223,11769809222,17.73
4623649414,11769866128,24.57
11769866128,4623649414,24.57
11769866129,11769866131,9.93
11769866131,11769866129,9.93
11769866131,11769866130,3.60
11769866130,11769866131,3.60
4623642884,11769866135,12.39
11769866135,4623642884,12.39
11769866135,11769866136,7.74
11769866136,11769866135,7.74
11769866136,11769866137,27.34
11769866137,11769866136,27.34
11769866137,11769866138,15.30
11769866138,11769866137,15.30
11769866141,11769866143,22.90
11769866143,11769866141,22.90
11769866143,11769866142,5.16
11769866142,11769866143,5.16
11769866148,11769866149,10.62
11769866149,11769866148,10.62
11769866149,11769866150,8.06
11769866150,11769866149,8.06
11769866150,11769866160,19.56
11769866160,11769866150,19.56
11769866160,11769866151,2.89
11769866151,11769866160,2.89
11769866151,11769866152,7.03
11769866152,11769866151,7.03
11769866152,11769866153,15.71
11769866153,11769866152,15.71
11769866153,11769866154,8.95
11769866154,11769866153,8.95
11769866154,11769866155,5.50
11769866155,11769866154,5.50
11769866156,11769866155,14.01
11769866155,11769866156,14.01
11769866155,11769866157,6.04
11769866157,11769866155,6.04
11769866157,11769866158,17.37
11769866158,11769866157,17.37
11769866158,11769866159,18.67
11769866159,11769866158,18.67
4623649188,4623649187,3.66
4623649187,4623649188,3.66
4623649187,4623649186,3.50
4623649186,4623649187,3.50
4623649186,4623649185,3.68
4623649185,4623649186,3.68
4623649185,6949711645,3.94
6949711645,4623649185,3.94
6949711645,4623649182,4.65
4623649182,6949711645,4.65
11769877869,11769877870,14.57
11769877870,11769877869,14.57
11769877870,11769877871,7.36
11769877871,11769877870,7.36
11769877871,11769877872,5.68
11769877872,11769877871,5.68
11769877872,4623649421,10.74
4623649421,11769877872,10.74
4623649418,11769877873,21.87
11769877873,4623649418,21.87
11769877873,11769877874,5.18
11769877874,11769877873,5.18
4623649312,4623649418,15.72
4623649418,4623649312,15.72
4549222956,11773749323,20.69
11773749323,4549222956,20.69
11773749323,11773749324,39.09
11773749324,11773749323,39.09
11773749324,11773749325,95.86
11773749325,11773749324,95.86
11773749325,2932707038,64.38
2932707038,11773749325,64.38
2932707038,6288505986,3.21
6288505986,2932707038,3.21
11787992980,11787992981,4.92
11787992981,11787992980,4.92
11787992981,11787992983,10.35
11787992983,11787992981,10.35
11787992983,11787992982,10.44
11787992982,11787992983,10.44
4621151775,11787992983,4.16
11787992983,4621151775,4.16
11787969729,11787969730,8.50
11787969730,11787969729,8.50
11787969730,11787969731,4.00
11787969731,11787969730,4.00
11787969731,11787969732,12.38
11787969732,11787969731,12.38
11787969736,11787969737,2.50
11787969737,11787969736,2.50
11787969737,11787969738,9.46
11787969738,11787969737,9.46
5245772078,11787969735,5.82
11787969735,5245772078,5.82
11787969735,11787969736,5.85
11787969736,11787969735,5.85
4652898367,11788040853,23.05
11788040853,4652898367,23.05
11788040853,11788040837,20.41
11788040837,11788040853,20.41
11788040846,11788040847,19.69
11788040847,11788040846,19.69
11788040852,11788040853,9.59
11788040853,11788040852,9.59
11793823967,11793823968,6.06
11793823968,11793823967,6.06
11793823968,5245778385,16.10
5245778385,11793823968,16.10
5295348396,4621152347,4.06
4621152347,5295348396,4.06
2379587277,11793832175,12.63
11793832175,2379587277,12.63
11793832176,11793832179,5.70
11793832179,11793832176,5.70
4628694201,11793832179,5.31
11793832179,4628694201,5.31
11793832179,11793837789,2.76
11793837789,11793832179,2.76
5323991274,11793837791,8.56
11793837791,5323991274,8.56
4628694199,11793837794,6.61
11793837794,4628694199,6.61
4628694204,4623649143,11.51
4623649143,4628694204,11.51
4621152077,4623649148,4.52
4623649148,4621152077,4.52
4623649148,11793837798,6.52
11793837798,4623649148,6.52
11793837799,11793837800,41.21
11793837800,11793837799,41.21
4623649141,11793837810,4.78
11793837810,4623649141,4.78
11793837810,11793837811,8.58
11793837811,11793837810,8.58
11875178480,11875178479,13.87
11875178479,11875178480,13.87
11875178478,11875178480,3.92
11875178480,11875178478,3.92
11889922770,11889922769,7.00
11889922769,11889922770,7.00
11889922770,11889922771,10.15
11889922771,11889922770,10.15
11914190588,11914190589,12.21
11914190589,11914190588,12.21
11914190596,11914190592,2.64
11914190592,11914190596,2.64
11914190592,11914190593,20.95
11914190593,11914190592,20.95
11914190593,11914190595,34.66
11914190595,11914190593,34.66
11914190590,11914190591,18.36
11914190591,11914190590,18.36
11914190591,11914190596,13.98
11914190596,11914190591,13.98
11914190595,11914190594,3.94
11914190594,11914190595,3.94
11914190597,11914190598,20.94
11914190598,11914190597,20.94
11914190598,11914190600,8.46
11914190600,11914190598,8.46
11914190600,11914190599,8.23
11914190599,11914190600,8.23
6367897028,6737201767,11.69
6737201767,6367897028,11.69
11928626345,11928626348,3.58
11928626348,11928626345,3.58
11928626348,11928626346,38.25
11928626346,11928626348,38.25
11928626346,11928626347,4.06
11928626347,11928626346,4.06
11928626353,11928626354,39.28
11928626354,11928626353,39.28
11928626354,11928626355,2.49
11928626355,11928626354,2.49
11928626355,11928626356,4.19
11928626356,11928626355,4.19
11928626352,11928626353,10.00
11928626353,11928626352,10.00
3623163182,11928626367,4.76
11928626367,3623163182,4.76
11928626367,11928626368,9.74
11928626368,11928626367,9.74
11928628070,11928628071,21.56
11928628071,11928628070,21.56
11928628072,11928628073,36.17
11928628073,11928628072,36.17
11928628073,11928628074,33.64
11928628074,11928628073,33.64
11928628075,11928628076,27.90
11928628076,11928628075,27.90
11928628076,11928628074,4.39
11928628074,11928628076,4.39
11928628074,11928628077,3.07
11928628077,11928628074,3.07
11928628077,11928628078,10.71
11928628078,11928628077,10.71
4157841843,11956635426,9.10
11956635426,4157841843,9.10
11956638127,11956638128,14.90
11956638128,11956638127,14.90
11956638128,11956638129,12.25
11956638129,11956638128,12.25
11968125233,10137552621,4.75
10137552621,11968125233,4.75
11968125234,11968125235,4.21
11968125235,11968125234,4.21
11968125235,11968125236,5.90
11968125236,11968125235,5.90
11976409606,11976409607,5.40
11976409607,11976409606,5.40
11976409607,11976409608,3.63
11976409608,11976409607,3.63
11976409608,11976409609,3.26
11976409609,11976409608,3.26
11976409609,11976409610,57.06
11976409610,11976409609,57.06
11976409610,11976409613,16.18
11976409613,11976409610,16.18
11976409613,11976409611,3.59
11976409611,11976409613,3.59
11976409611,11976409612,7.22
11976409612,11976409611,7.22
11976409610,11976409620,23.16
11976409620,11976409610,23.16
11976409620,11976409615,24.90
11976409615,11976409620,24.90
11976409615,11976409616,15.18
11976409616,11976409615,15.18
11976409619,11976409620,3.16
11976409620,11976409619,3.16
11976409625,11976409626,11.03
11976409626,11976409625,11.03
11976409626,11976409627,10.73
11976409627,11976409626,10.73
11976409627,11976409628,3.25
11976409628,11976409627,3.25
11976409628,11976409616,3.40
11976409616,11976409628,3.40
11976409623,11976409631,2.08
11976409631,11976409623,2.08
11976409631,11976409629,5.70
11976409629,11976409631,5.70
11976409629,10968380036,7.41
10968380036,11976409629,7.41
10968380036,11976409630,7.95
11976409630,10968380036,7.95
11976409625,11976409631,7.00
11976409631,11976409625,7.00
10968380037,10977923750,19.83
10977923750,10968380037,19.83
10977923750,11976409634,7.12
11976409634,10977923750,7.12
11976409634,11976409635,8.12
11976409635,11976409634,8.12
11976409635,11976409636,12.27
11976409636,11976409635,12.27
11976476255,11976476257,2.97
11976476257,11976476255,2.97
11976476257,11976476258,5.09
11976476258,11976476257,5.09
11976476258,11976476259,5.42
11976476259,11976476258,5.42
11976476259,11976476260,9.66
11976476260,11976476259,9.66
11976476260,11976476261,26.31
11976476261,11976476260,26.31
11976476261,11976476262,19.14
11976476262,11976476261,19.14
11976476262,11976476263,8.20
11976476263,11976476262,8.20
11976476263,11976476264,6.64
11976476264,11976476263,6.64
11976476264,11976476265,6.15
11976476265,11976476264,6.15
11976476265,11976476266,6.55
11976476266,11976476265,6.55
11976476266,11137304638,4.44
11137304638,11976476266,4.44
11137304638,11976476267,9.82
11976476267,11137304638,9.82
11976476267,11976476268,11.58
11976476268,11976476267,11.58
11976476268,11186773874,13.30
11186773874,11976476268,13.30
11186773874,11137304635,14.68
11137304635,11186773874,14.68
11137304635,11976484269,41.15
11976484269,11137304635,41.15
11976484269,11976484270,16.77
11976484270,11976484269,16.77
11976484270,11976484271,25.24
11976484271,11976484270,25.24
11976484271,11976484272,21.01
11976484272,11976484271,21.01
11976484272,11976484273,16.87
11976484273,11976484272,16.87
11976484273,11976484274,27.76
11976484274,11976484273,27.76
11976484274,11173014289,27.43
11173014289,11976484274,27.43
11173014287,11173014288,17.66
11173014288,11173014287,17.66
11173014288,11182223520,9.01
11182223520,11173014288,9.01
11173014287,11976484282,6.14
11976484282,11173014287,6.14
11976489316,11976489317,22.54
11976489317,11976489316,22.54
11976489318,11976489320,2.16
11976489320,11976489318,2.16
11976489320,11976489319,4.39
11976489319,11976489320,4.39
5893077043,11978403023,10.15
11978403023,5893077043,10.15
11978403023,11978403024,49.19
11978403024,11978403023,49.19
11978403024,11978403025,31.65
11978403025,11978403024,31.65
11978403025,11978403026,41.74
11978403026,11978403025,41.74
11978403026,11978403027,32.06
11978403027,11978403026,32.06
11978403027,6981864090,56.42
6981864090,11978403027,56.42
11983530340,11983530349,3.22
11983530349,11983530340,3.22
11983530349,11983530341,14.76
11983530341,11983530349,14.76
11983530341,11983530342,10.64
11983530342,11983530341,10.64
11983530342,11983530343,15.74
11983530343,11983530342,15.74
11983530343,11987327866,7.18
11987327866,11983530343,7.18
11987327866,11987343071,14.92
11987343071,11987327866,14.92
11987343071,11983530344,15.84
11983530344,11987343071,15.84
11983530344,11983530345,21.26
11983530345,11983530344,21.26
11983530345,11983530346,25.22
11983530346,11983530345,25.22
11983530346,11983530347,13.60
11983530347,11983530346,13.60
11983530347,11983530350,56.13
11983530350,11983530347,56.13
11983530350,11983530348,6.25
11983530348,11983530350,6.25
11983565385,11983565384,2.32
11983565384,11983565385,2.32
11983565384,11983565383,2.17
11983565383,11983565384,2.17
11983565383,11983565379,1.57
11983565379,11983565383,1.57
11983565379,11983565380,1.90
11983565380,11983565379,1.90
11983565380,11983565381,0.71
11983565381,11983565380,0.71
11983565381,11983565382,72.26
11983565382,11983565381,72.26
11983565382,11981411629,29.64
11981411629,11983565382,29.64
11985182590,11985182593,6.65
11985182593,11985182590,6.65
11985182593,11985182591,3.22
11985182591,11985182593,3.22
11985900617,4935906319,29.87
4935907421,11985900620,30.61
4935906318,11985900618,4.59
11985900618,11985900623,2.24
11985900622,11985900619,2.49
11985900619,4935907422,4.31
11987327866,11987327867,9.52
11987327867,11987327866,9.52
11987327867,11987327868,34.53
11987327868,11987327867,34.53
11987327868,11987343069,10.34
11987343069,11987327868,10.34
11987343069,11987343070,3.47
11987343070,11987343069,3.47
11987343070,10977902400,4.41
10977902400,11987343070,4.41
11987333584,11341203370,14.38
11341203370,11987333584,14.38
12072323826,12072323827,5.81
12072323827,12072323826,5.81
12072323827,12072323828,6.06
12072323828,12072323827,6.06
12072323828,12072323829,7.52
12072323829,12072323828,7.52
9148502272,12072323831,6.09
12072323831,9148502272,6.09
12072323831,12072323830,11.74
12072323830,12072323831,11.74
12072323832,12072323833,16.22
12072323833,12072323832,16.22
12072323833,12072323834,5.75
12072323834,12072323833,5.75
12072323834,4621150883,25.25
4621150883,12072323834,25.25
4621150883,12072323835,16.17
12072323835,4621150883,16.17
8926759743,12072323836,4.34
12072323836,8926759743,4.34
2443530786,2443530787,4.83
2443530787,2443530786,4.83
2443530787,5861378138,6.86
5861378138,2443530787,6.86
5861378138,5861378134,4.69
5861378134,5861378138,4.69
5861378134,2443530791,4.79
2443530791,5861378134,4.79
12072323839,12072323840,6.66
12072323840,12072323839,6.66
12072323840,12072323841,13.24
12072323841,12072323840,13.24
4621152059,4621152057,13.52
4621152057,4621152059,13.52
12072393822,1850614847,10.78
1850614847,12072393822,10.78
12072393823,12072393822,2.69
12072393822,12072393823,2.69
12072393824,12072393823,6.41
12072393823,12072393824,6.41
12072393825,12072393824,2.84
12072393824,12072393825,2.84
12072393826,12072393827,7.12
12072393827,12072393826,7.12
5301242010,5295393773,12.40
5295393773,5301242010,12.40
7888216894,7888216895,10.65
7888216895,7888216894,10.65
7888216895,7888216896,18.15
7888216896,7888216895,18.15
12072393841,7888216894,10.06
7888216894,12072393841,10.06
12072393840,12072393841,3.18
12072393841,12072393840,3.18
5295393798,5300890893,3.50
5300890893,5295393798,3.50
5300890893,12072422956,11.07
12072422956,5300890893,11.07
12072422956,12072422957,10.04
12072422957,12072422956,10.04
6981864103,4621152046,47.66
4621152046,6981864103,47.66
6981864103,12072422958,6.15
12072422958,6981864103,6.15
12072422958,12072422959,40.71
12072422959,12072422958,40.71
6981864102,6981864103,2.78
6981864103,6981864102,2.78
12072422961,12072422962,27.35
12072422962,12072422961,27.35
12072440769,12072440773,6.98
12072440773,12072440769,6.98
12072440773,12072440770,1.11
12072440770,12072440773,1.11
12072440770,12072440771,12.19
12072440771,12072440770,12.19
12072440771,12072440772,11.73
12072440772,12072440771,11.73
11956638127,12072475135,1.60
12072475135,11956638127,1.60
12072475135,12072475134,28.22
12072475134,12072475135,28.22
12072475135,12072475136,26.26
12072475136,12072475135,26.26
12072475136,12072475137,28.64
12072475137,12072475136,28.64
4646142414,4637479323,7.28
4637479323,4646142414,7.28
4637479323,12073291748,10.51
12073291748,4637479323,10.51
4628694296,12076080303,22.65
12076080303,4628694296,22.65
4623649109,4623649108,9.42
4623649108,4623649109,9.42
12076080320,12076080321,4.26
12076080321,12076080320,4.26
4621152045,4621152325,11.59
4621152325,4621152045,11.59
4621152324,2379587383,11.37
2379587383,4621152324,11.37
4621152214,12077079998,9.87
12077079998,4621152214,9.87
11643279521,12077079998,0.87
12077079998,11643279521,0.87
4621152214,12084016824,3.72
12084016824,4621152214,3.72
12084016824,4621152213,8.50
4621152213,12084016824,8.50
4621152213,12084016825,31.42
12084016825,4621152213,31.42
12084016826,4628693084,8.08
4628693084,12084016826,8.08
12084016827,4621152203,16.41
4621152203,12084016827,16.41
5295338244,2379587118,39.60
2379587118,5295338244,39.60
12084016833,12084016834,16.35
12084016834,12084016833,16.35
12084016834,4621152195,7.14
4621152195,12084016834,7.14
12084016843,12084016844,5.50
12084016844,12084016843,5.50
12084016844,2379587228,11.66
2379587228,12084016844,11.66
12088007391,12088007405,0.93
12088007405,12088007391,0.93
12088007405,12088007392,2.52
12088007392,12088007405,2.52
12088007392,4578288237,5.32
4578288237,12088007392,5.32
4578288237,12088007397,24.20
12088007397,4578288237,24.20
12088007397,4578288238,5.05
4578288238,12088007397,5.05
12088007392,12088007393,13.20
12088007393,12088007392,13.20
12088007393,12088007394,17.45
12088007394,12088007393,17.45
12088007394,12088007403,22.63
12088007403,12088007394,22.63
12088007403,12088007395,14.71
12088007395,12088007403,14.71
12088007395,12088007396,9.43
12088007396,12088007395,9.43
12088007396,12088007397,45.45
12088007397,12088007396,45.45
4578288224,12088007404,0.73
12088007404,4578288224,0.73
12088007404,12088007403,8.29
12088007403,12088007404,8.29
4655550491,12088007406,7.30
12088007406,4655550491,7.30
12088007406,4655550708,23.63
4655550708,12088007406,23.63
4655547952,4655547955,19.43
12088007410,12088007411,21.24
12088007411,12088007410,21.24
12088007411,1946518543,6.10
1946518543,12088007411,6.10
2488150637,2488149557,9.19
2488149557,2488150637,9.19
2488150637,12090355263,7.30
12090355263,2488150637,7.30
12090355263,12090355261,6.94
12090355261,12090355263,6.94
12090355261,12090355262,13.00
12090355262,12090355261,13.00
12090355261,12090355264,30.22
12090355264,12090355261,30.22
12090355264,6394989094,8.87
6394989094,12090355264,8.87
4655550703,4655550715,4.00
4655550715,4655550703,4.00
4655550715,4655550716,5.20
4655550716,4655550715,5.20
4655550716,6946165122,5.21
6946165122,4655550716,5.21
6946165122,4655550717,4.22
4655550717,6946165122,4.22
4655550717,4655547955,5.32
4655547955,4655550717,5.32
4621152012,12094304581,14.73
12094304581,4621152012,14.73
12094304581,12094304561,14.18
12094304561,12094304581,14.18
12094304561,12094304562,2.15
12094304562,12094304561,2.15
12094304562,12094304563,5.40
12094304563,12094304562,5.40
4621152021,12094304564,6.17
12094304564,4621152021,6.17
12094304564,12094304575,2.85
12094304575,12094304564,2.85
12094304575,12094304565,4.11
12094304565,12094304575,4.11
12094304565,12094304566,7.97
12094304566,12094304565,7.97
12094304566,12094304567,6.59
12094304567,12094304566,6.59
12094304567,12094304568,7.95
12094304568,12094304567,7.95
12094304568,12094304562,7.55
12094304562,12094304568,7.55
12094304577,12094304578,15.37
12094304578,12094304577,15.37
12094304578,12094304588,1.91
12094304588,12094304578,1.91
12094304588,12094304579,2.69
12094304579,12094304588,2.69
12094304576,12094304577,3.65
12094304577,12094304576,3.65
12094304576,12094304580,7.97
12094304580,12094304576,7.97
12094304581,12094304582,26.14
12094304582,12094304581,26.14
12094304596,12094304597,6.12
12094304597,12094304596,6.12
12094304597,12094304598,9.26
12094304598,12094304597,9.26
12095683123,12095683124,9.28
12095683124,12095683123,9.28
12095683124,12095683125,11.13
12095683125,12095683124,11.13
12095683126,12095683127,5.25
12095683127,12095683126,5.25
12096809834,11649786326,4.28
11649786326,12096809834,4.28
12103326591,12103326592,3.57
12103326592,12103326591,3.57
12103326592,12103326593,5.80
12103326593,12103326592,5.80
12103326593,12103326594,10.89
12103326594,12103326593,10.89
4621151773,2379586930,7.86
2379586930,2379587166,27.13
12107092448,12107092454,7.89
12107092454,12107092448,7.89
12107092454,12107092449,46.48
12107092449,12107092454,46.48
12107092449,12107092450,8.00
12107092450,12107092449,8.00
12107092450,6278068909,13.42
6278068909,12107092450,13.42
12107092449,12107092451,5.02
12107092451,12107092449,5.02
12107092451,12107092452,3.66
12107092452,12107092451,3.66
12107092452,12107092453,27.89
12107092453,12107092452,27.89
12143034829,12143034830,17.40
12143034830,12143034829,17.40
12143034830,12143034843,12.87
12143034843,12143034830,12.87
12143034843,12143034831,29.52
12143034831,12143034843,29.52
12143034832,12143034833,28.40
12143034833,12143034832,28.40
12143034830,12143034834,8.81
12143034834,12143034830,8.81
12143034834,12143034835,20.32
12143034835,12143034834,20.32
12143034835,12143034836,14.05
12143034836,12143034835,14.05
12143034836,12143034837,26.35
12143034837,12143034836,26.35
12143034837,12143034838,26.65
12143034838,12143034837,26.65
12143034838,12143034839,14.83
12143034839,12143034838,14.83
12143034837,12143034840,5.13
12143034840,12143034837,5.13
12143034842,12143034841,14.07
12143034841,12143034842,14.07
12143034845,12143034839,3.57
12143034839,12143034845,3.57
12143034838,12143034846,33.16
12143034846,12143034838,33.16
12143034847,12143034849,17.80
12143034849,12143034847,17.80
12143034849,12143034848,15.94
12143034848,12143034849,15.94
12143034852,12143034853,29.78
12143034853,12143034852,29.78
12143034853,12143034854,41.99
12143034854,12143034853,41.99
12143034854,12143034855,19.42
12143034855,12143034854,19.42
12143034857,12143034856,8.63
12143034856,12143034857,8.63
12143034855,12143034857,1.79
12143034857,12143034855,1.79
12143034841,12143034833,2.65
12143034833,12143034841,2.65
12143034833,12143034839,4.92
12143034839,12143034833,4.92
12143034844,12143034843,9.42
12143034843,12143034844,9.42
12143034843,12143034842,2.64
12143034842,12143034843,2.64
6872155920,12181128118,5.76
12181128118,6872155920,5.76
12181128119,12181128120,5.56
12181128120,12181128119,5.56
6872155920,3063639512,15.97
3063639512,6872155920,15.97
3063639512,12181128121,22.89
12181128121,3063639512,22.89
12181128121,12181128122,12.07
12181128122,12181128121,12.07
12181128122,2750321431,4.61
2750321431,12181128122,4.61
12181128123,12181128124,2.77
12181128124,12181128123,2.77
10991139363,12181128124,10.10
12181128124,10991139363,10.10
3063639526,12184793469,17.42
12184793469,3063639526,17.42
11084626615,12184793470,10.60
12184793470,11084626615,10.60
12184793470,12184793471,13.37
12184793471,12184793470,13.37
12184793471,12184793472,2.55
12184793472,12184793471,2.55
12184793472,10199871316,3.56
10199871316,12184793472,3.56
12195626772,12195626773,4.48
12195626773,12195626774,3.33
12195626774,12195626775,2.87
12195626775,12195626776,2.37
12195626776,12195626777,3.22
12195626777,12195626778,4.95
11182223520,11173014289,11.97
11173014289,11182223520,11.97
12302152748,12302152749,18.97
12302152749,12302152748,18.97
12302152747,12302152748,11.56
12302152748,12302152747,11.56
12302152750,12302152751,19.03
12302152751,12302152750,19.03
12302152751,12302152752,11.35
12302152752,12302152751,11.35
12302152754,11529008445,15.88
11529008445,12302152754,15.88
11529008445,12302152755,11.48
12302152755,11529008445,11.48
12338075367,12338075368,8.78
12338075368,12338075367,8.78
12338075368,12338075369,13.94
12338075369,12338075368,13.94
11120858787,12338075370,8.73
12338075370,11120858787,8.73
12338075370,12338075380,26.60
12338075380,12338075370,26.60
12338075380,12338075371,1.36
12338075371,12338075380,1.36
12338075371,12338075384,1.80
12338075384,12338075371,1.80
12338075384,12338075372,30.13
12338075372,12338075384,30.13
12338075372,12338075373,10.26
12338075373,12338075372,10.26
12338075373,12338075374,24.83
12338075374,12338075373,24.83
12338075374,12338075375,10.30
12338075375,12338075374,10.30
12338075375,12338075376,23.85
12338075376,12338075375,23.85
12338075376,12338075377,4.74
12338075377,12338075376,4.74
12338075377,12338075370,7.68
12338075370,12338075377,7.68
12338075367,12338075372,5.86
12338075372,12338075367,5.86
12338075378,12338075379,14.68
12338075379,12338075378,14.68
12338075379,12338075380,14.29
12338075380,12338075379,14.29
12338075382,12338075381,4.47
12338075381,12338075382,4.47
12338075381,12338075383,24.34
12338075383,12338075381,24.34
12338075383,12338075384,2.97
12338075384,12338075383,2.97
11638953391,4592884114,8.55
4592884114,11638953391,8.55
6159437322,12349582650,6.00
12349582650,6159437322,6.00
12349582650,12349582651,5.45
12349582651,12349582650,5.45
12349582651,12349582652,11.38
12349582652,12349582651,11.38
12349582652,12349582653,10.05
12349582653,12349582652,10.05
12349582653,12349582654,6.68
12349582654,12349582653,6.68
12349582654,11182241226,3.95
11182241226,12349582654,3.95
11182241226,11386228861,20.39
11386228861,11182241226,20.39
11386228861,4659049003,26.35
4659049003,11386228861,26.35
12352008720,12352008721,27.41
12352008721,12352008720,27.41
12352008721,12352008722,1.52
12352008722,12352008721,1.52
12352008722,12352008723,3.08
12352008723,12352008722,3.08
10977904619,12352008723,1.45
12352008723,10977904619,1.45
12352008723,12352008724,1.18
12352008724,12352008723,1.18
12352008739,12352008740,7.33
12352008740,12352008739,7.33
12352008740,12352008741,8.42
12352008741,12352008740,8.42
12352008742,12352008743,17.14
12352008743,12352008742,17.14
12352008743,12352008744,12.95
12352008744,12352008743,12.95
12352008744,12352008745,15.86
12352008745,12352008744,15.86
12352008745,12352008746,13.75
12352008746,12352008745,13.75
12352008746,12352008747,10.82
12352008747,12352008746,10.82
12352008747,12352008748,14.78
12352008748,12352008747,14.78
12352008748,12352008749,3.39
12352008749,12352008748,3.39
12352008749,12352008750,11.79
12352008750,12352008749,11.79
12352008746,12352008751,9.61
12352008751,12352008746,9.61
10972351028,12352008780,14.66
12352008780,10972351028,14.66
12352008780,12352008752,7.71
12352008752,12352008780,7.71
12352008754,12352008777,15.60
12352008777,12352008754,15.60
12352008777,12352052218,28.20
12352052218,12352008777,28.20
12352052218,12352008779,23.17
12352008779,12352052218,23.17
12352008779,12352008755,3.05
12352008755,12352008779,3.05
12352008755,12352008756,40.95
12352008756,12352008755,40.95
12352008756,12352008762,24.87
12352008762,12352008756,24.87
12352008762,12352008758,5.16
12352008758,12352008762,5.16
12352008758,12352014514,15.39
12352014514,12352008758,15.39
12352014514,12352008764,5.80
12352008764,12352014514,5.80
12352008764,12352008757,15.28
12352008757,12352008764,15.28
12352008757,12352008773,21.46
12352008773,12352008757,21.46
12352008773,12352008754,21.53
12352008754,12352008773,21.53
12352008752,12352008758,8.74
12352008758,12352008752,8.74
12352008762,12352008763,3.40
12352008763,12352008762,3.40
12352008764,12352008765,3.63
12352008765,12352008764,3.63
12352008770,12352008771,4.20
12352008771,12352008770,4.20
12352008771,12352008772,4.35
12352008772,12352008771,4.35
12352008773,12352008774,2.02
12352008774,12352008773,2.02
12352008751,12352008776,3.48
12352008776,12352008751,3.48
12352008776,12352008775,4.20
12352008775,12352008776,4.20
12352008775,12352008773,6.69
12352008773,12352008775,6.69
12352008750,12352008776,4.63
12352008776,12352008750,4.63
12352008777,12352008778,1.75
12352008778,12352008777,1.75
12352008720,12352008779,7.56
12352008779,12352008720,7.56
12352014514,12352014515,8.63
12352014515,12352014514,8.63
12352052218,12352052219,1.47
12352052219,12352052218,1.47
12352092446,2379587065,6.45
2379587065,12352092446,6.45
10977904630,10977904632,8.82
10977904632,10977904630,8.82
10977904632,10977904631,3.55
10977904631,10977904632,3.55
11439164270,12386844153,2.78
12386844153,11439164270,2.78
12386844153,12386844154,17.42
12386844154,12386844153,17.42
4659049021,12386844159,7.09
12386844159,4659049021,7.09
12386844159,4659048992,22.06
4659048992,12386844159,22.06
4549559898,4545057860,10.39
4545057860,4549559898,10.39
4545057860,12479451961,14.84
12479451961,4545057860,14.84
12479451961,12479451962,39.10
12479451962,12479451961,39.10
12479451962,12479451963,33.08
12479451963,12479451962,33.08
12479451963,12479451964,9.91
12479451964,12479451963,9.91
12479451964,12479451965,28.98
12479451965,12479451964,28.98
12479451965,11173011355,52.05
11173011355,12479451965,52.05
11173011355,12479451966,15.38
12479451966,11173011355,15.38
12479451966,12479451967,23.78
12479451967,12479451966,23.78
12479451967,12479451968,10.60
12479451968,12479451967,10.60
12479451968,12479451969,4.03
12479451969,12479451968,4.03
12479451969,12479451970,3.61
12479451970,12479451969,3.61
12479451970,12112327346,5.88
12112327346,12479451970,5.88
12485104436,11751844598,7.80
11751844598,12485104436,7.80
12485104437,4659041765,4.82
4659041765,12485104437,4.82
4655759619,12497080766,4.00
12497080766,4655759619,4.00
12497105747,12497105748,4.95
12497105748,12497105747,4.95
12497105749,12497105750,3.74
12497105750,12497105749,3.74
12519068686,12519068687,3.89
12519068687,12519068686,3.89
12519068687,12519068688,17.88
12519068688,12519068687,17.88
4592868833,12549958175,23.60
12549958175,4592868833,23.60
12549958175,12549961342,10.97
12549961342,12549958175,10.97
12549961342,6946165086,46.37
6946165086,12549961342,46.37
12549958174,12549958175,5.01
12549958175,12549958174,5.01
12582804970,12582804971,3.03
12582804971,12582804970,3.03
12582804970,12582804972,2.59
12582804972,12582804970,2.59
12582804972,12582804973,8.19
12582804973,12582804972,8.19
12582804973,12582804974,18.80
12582804974,12582804973,18.80
12582804974,12582804975,6.99
12582804975,12582804974,6.99
12582804975,12582804977,10.89
12582804977,12582804975,10.89
12582804977,12582804978,1.75
12582804978,12582804977,1.75
12582804978,12582804979,4.08
12582804979,12582804978,4.08
12582804971,12582804980,4.22
12582804980,12582804971,4.22
12582804980,12582804981,7.64
12582804981,12582804980,7.64
12582818008,12582818009,19.57
12582818009,12582818008,19.57
12582818009,4553151193,11.24
4553151193,12582818009,11.24
12582818013,12582818014,2.34
12582818014,12582818013,2.34
12582818014,12582818015,2.14
12582818015,12582818014,2.14
12582818015,12582818016,12.80
12582818016,12582818015,12.80
12582818017,12582818018,12.32
12582818018,12582818017,12.32
12582818018,12582818019,20.07
12582818019,12582818018,20.07
12582818019,12582818020,8.08
12582818020,12582818019,8.08
12582818020,12582818021,12.03
12582818021,12582818020,12.03
12582818021,12582818023,2.90
12582818023,12582818021,2.90
12582818024,12582818025,12.19
12582818025,12582818024,12.19
12582818025,12582818026,5.57
12582818026,12582818025,5.57
12582818026,12582818028,13.21
12582818028,12582818026,13.21
12582818028,12582818027,10.38
12582818027,12582818028,10.38
12582818027,12582818030,3.51
12582818030,12582818027,3.51
12582818030,12582818031,6.25
12582818031,12582818030,6.25
12582818031,12582818032,11.66
12582818032,12582818031,11.66
12582818028,12582818029,8.45
12582818029,12582818028,8.45
12582818029,8792162356,11.53
8792162356,12582818029,11.53
8792162356,2750325388,3.00
2750325388,8792162356,3.00
12582818026,12582818023,2.82
12582818023,12582818026,2.82
12582818031,12582818035,16.46
12582818035,12582818031,16.46
12582818032,12582818036,16.49
12582818036,12582818032,16.49
12582818036,12582818037,4.46
12582818037,12582818036,4.46
12582885529,12582885530,2.02
12582885530,12582885529,2.02
12582885530,12582885531,8.94
12582885531,12582885530,8.94
4553150255,4553150256,12.60
4553150256,4553150255,12.60
3063639531,3063639529,7.65
3063639529,3063639531,7.65
3063639529,3063639528,9.41
3063639528,3063639529,9.41
11194680696,12610152597,5.42
12610152597,11194680696,5.42
4658919148,12617900261,13.07
12617900261,4658919148,13.07
12617900261,4658919134,1.43
4658919134,12617900261,1.43
12617900263,12617900264,4.78
12617900264,12617900263,4.78
6274653595,12620421639,4.05
12620421639,6274653595,4.05
12620421639,12620421640,26.15
12620421640,12620421639,26.15
12620421640,12620421641,40.60
12620421641,12620421640,40.60
12620421641,11649784877,3.57
11649784877,12620421641,3.57
12623762356,12623762358,11.52
12623762358,12623762356,11.52
12623762359,12623762358,26.61
12623762358,12623762359,26.61
12623762358,12623762360,10.59
12623762360,12623762358,10.59
12623762360,12623762361,5.26
12623762361,12623762360,5.26
12623762359,12623762362,4.90
12623762362,12623762359,4.90
11215357368,12624610446,19.03
12624610446,11215357368,19.03
4658918993,11074199258,3.78
11074199258,4658918993,3.78
11074199258,12847974387,21.32
12847974387,11074199258,21.32
12847974387,12847974386,4.22
12847974386,12847974387,4.22
12847974386,12847974385,10.50
12847974385,12847974386,10.50
6879759313,4592868863,48.72
4592868863,6879759313,48.72
4592868863,6959195383,27.77
6959195383,4592868863,27.77
6959195383,11201093839,19.79
11201093839,6959195383,19.79
11201093839,1843574864,7.26
1843574864,11201093839,7.26
1843574864,11201093838,62.27
11201093838,1843574864,62.27
11201093838,4535745130,5.24
4535745130,11201093838,5.24
4535745130,4592868883,18.91
4592868883,4535745130,18.91
4592868883,11006733418,29.17
11006733418,4592868883,29.17
11006733418,1845774482,13.00
1845774482,11006733418,13.00
1845774482,6946154880,22.03
6946154880,1845774482,22.03
6946154880,4537616305,14.60
4537616305,6946154880,14.60
4537616305,4537612798,11.02
4537612798,4537616305,11.02
4537612798,1847323246,31.63
1847323246,4537612798,31.63
1847323246,4537610844,10.49
4537610844,1847323246,10.49
4537610844,1843574742,10.53
1843574742,4537610844,10.53
1843574742,1847323439,54.00
1847323439,1843574742,54.00
1847323439,11120897114,12.70
11120897114,1847323439,12.70
11120897114,1847323370,8.39
1847323370,11120897114,8.39
1847323370,11336965305,4.58
11336965305,1847323370,4.58
11336965305,11195076814,12.60
11195076814,11336965305,12.60
11195076814,11195076812,9.86
11195076812,11195076814,9.86
11195076812,11336967761,5.24
11336967761,11195076812,5.24
11336967761,1847323139,17.55
1847323139,11336967761,17.55
1847323139,4583911783,27.16
4583911783,1847323139,27.16
4583911783,4584378071,9.33
4584378071,4583911783,9.33
4584378071,4584378072,8.69
4584378072,4584378071,8.69
4584378072,1847323149,15.10
1847323149,4584378072,15.10
1847323149,4584378073,28.00
4584378073,1847323149,28.00
4584378073,6990796034,15.92
6990796034,4584378073,15.92
6990796034,1843574825,15.38
1843574825,6990796034,15.38
1843574825,6990796035,11.85
6990796035,1843574825,11.85
6990796035,4584378075,11.19
4584378075,6990796035,11.19
4584378075,4584378074,8.62
4584378074,4584378075,8.62
4584378074,6990959514,7.76
6990959514,4584378074,7.76
6990959514,1843574733,13.45
1843574733,6990959514,13.45
1843574733,6990796037,4.62
6990796037,1843574733,4.62
6990796037,11201093840,8.20
11201093840,6990796037,8.20
11201093840,11316513193,3.13
11316513193,11201093840,3.13
11316513193,11201093841,6.30
11201093841,11316513193,6.30
11201093841,1847323368,32.02
1847323368,11201093841,32.02
1847323368,4584378076,11.63
4584378076,1847323368,11.63
4584378076,4592868754,12.42
4592868754,4584378076,12.42
4592868754,4584378078,16.54
4584378078,4592868754,16.54
4584378078,4584378077,14.35
4584378077,4584378078,14.35
4584378077,277569124,16.42
277569124,4584378077,16.42
277569124,4584378079,25.49
4584378079,277569124,25.49
4584378079,6990796039,10.01
6990796039,4584378079,10.01
6990796039,1843574790,38.57
1843574790,6990796039,38.57
1843574790,4584378081,11.55
4584378081,1843574790,11.55
4584378081,6990796040,13.31
6990796040,4584378081,13.31
6990796040,12331423816,8.99
12331423816,6990796040,8.99
12331423816,4592868966,37.83
4592868966,12331423816,37.83
4592868966,6990796041,15.35
6990796041,4592868966,15.35
6990796041,4584378080,15.19
4584378080,6990796041,15.19
4584378080,4584378082,9.87
4584378082,4584378080,9.87
4584378082,4584378083,11.62
4584378083,4584378082,11.62
4584378083,6990796004,5.08
6990796004,4584378083,5.08
6990796004,1847323488,3.43
1847323488,6990796004,3.43
1847323488,5318368971,21.23
5318368971,1847323488,21.23
5318368971,5358820977,4.44
5358820977,5318368971,4.44
5358820977,11336930170,6.50
11336930170,5358820977,6.50
11336930170,4584378084,16.57
4584378084,11336930170,16.57
4584378084,4592868973,7.47
4592868973,4584378084,7.47
4592868973,11746280589,45.37
11746280589,4592868973,45.37
11746280589,11746280586,6.45
11746280586,11746280589,6.45
11746280586,4584378086,11.13
4584378086,11746280586,11.13
4584378086,4592868975,23.39
4592868975,4584378086,23.39
1458030822,6882114096,6.21
6882114096,2619566928,6.01
3623163180,1831366449,7.59
5885169841,13004788918,4.86
13004788918,5885169841,4.86
15460830,5885169841,13.92
5885169841,4646126073,36.65
4646126073,4637478382,10.38
4637478382,13162002735,5.74
13162002735,258169545,5.36
13013431801,4551484180,5.95
4551484180,13013431801,5.95
4551484180,13013404300,10.79
13013404300,4551484180,10.79
6879759324,11081910574,27.11
11081910574,6879759324,27.11
11081910574,13013404299,36.72
13013404299,11081910574,36.72
13013404299,4659447124,7.02
4659447124,13013404299,7.02
4659447124,13013431802,15.81
13013431802,4659447124,15.81
13013431802,13013431801,2.67
13013431801,13013431802,2.67
13162002736,13162002737,6.96
13162002737,4551140759,7.63
13162002736,5893087928,9.95
5893087928,13162002736,9.95
5893087928,4555708981,14.25
4555708981,5893087928,14.25
4555708981,6949961526,10.73
6949961526,5893087935,5.54
5893087935,4551140759,8.58
6274653676,6274653674,2.28
6274653674,6274653676,2.28
6274653674,4551140759,8.36
4551140759,6274653674,8.36
