# ROAD NETWORK GRAPH - TIRANA, ALBANIA - NJESIA 7 
# Data Source: OpenStreetMap 
# Graph Type: Directed weighted graph
# Weight Unit: Meters (great-circle distance)
# Coordinate System: WGS84
# Contains: Road network edges with distances
source,target,weight
342239742,6887083368,16.48
6887083368,342239742,16.48
6887083368,6887083369,16.59
6887083369,6887083368,16.59
6887083369,342239744,35.09
342239744,6887083369,35.09
342239744,6887083370,32.53
6887083370,342239744,32.53
6887083370,1840234366,34.84
1840234366,6887083370,34.84
1840234366,1843869656,14.43
1843869656,1840234366,14.43
1843869656,342239750,45.17
342239750,1843869656,45.17
4670757011,1840234610,5.76
1840234610,4670758061,20.02
4670758061,1840234494,10.46
1840234494,1840234704,11.64
1840234704,5336036012,39.53
5336036012,5336036011,4.67
5336036011,1840234388,9.24
342239744,6887030720,38.39
6887030720,6887030719,20.33
6887030719,1840234392,20.54
1840234392,1840234496,36.93
1840234496,1840234310,38.32
1840234310,1840234607,26.56
1840234607,1840234330,46.52
1840234330,1840234368,20.79
1843869703,1843869885,16.31
1843869885,1843869703,16.31
1843869885,4664985039,10.35
4664985039,1843869885,10.35
4664985039,576989614,18.19
576989614,4664985039,18.19
576989614,576989613,22.71
576989613,576989614,22.71
576989613,576989612,58.69
576989612,576989613,58.69
576989621,6236347540,25.39
6236347540,576989621,25.39
6236347540,576989620,20.75
576989620,6236347540,20.75
576989620,576989619,58.17
576989619,576989620,58.17
576989619,4593268898,26.35
4593268898,576989619,26.35
1843884310,5400922720,40.38
5400922720,1843884310,40.38
5400922720,5361337539,10.80
5361337539,5400922720,10.80
5361337539,4671252605,8.72
4671252605,5361337539,8.72
4671252605,6887186613,7.18
6887186613,4671252605,7.18
6887186613,4663284211,8.21
4663284211,6887186613,8.21
1843869665,1843869908,8.36
1843869908,1843869665,8.36
1843869908,6236347530,9.93
6236347530,1843869908,9.93
6236347530,6236347534,13.50
6236347534,6236347530,13.50
6236347534,6236347533,5.54
6236347533,6236347534,5.54
6236347533,6236347532,3.16
6236347532,6236347533,3.16
6236347532,6236347531,2.25
6236347531,6236347532,2.25
6236347531,1843869631,3.45
1843869631,6236347531,3.45
1843869631,1843869730,10.40
1843869730,1843869631,10.40
1843869730,576989627,5.24
576989627,1843869730,5.24
576989627,576989626,14.19
576989626,576989627,14.19
576989626,576989625,7.07
576989625,576989626,7.07
576989625,4671258930,11.15
4671258930,576989625,11.15
4671258930,6236347536,11.91
6236347536,4671258930,11.91
6236347536,1843869722,33.65
1843869722,6236347536,33.65
1843869722,6236358273,12.14
6236358273,1843869722,12.14
6236358273,6236347537,10.68
6236347537,6236358273,10.68
6236347537,6236347529,12.79
6236347529,6236347537,12.79
6236347529,576989634,9.17
576989634,6236347529,9.17
576989629,576989615,67.41
576989615,576989629,67.41
576989615,6918291445,74.10
6918291445,576989615,74.10
6918291445,576989628,10.21
576989628,6918291445,10.21
576989632,4664985072,8.69
4664985072,576989632,8.69
4664985072,4664985071,4.82
4664985071,4664985072,4.82
4664985071,576989631,4.35
576989631,4664985071,4.35
576989631,4664985073,8.07
4664985073,576989631,8.07
4664985073,4664985074,11.82
4664985074,4664985073,11.82
4664985074,4664985075,30.39
4664985075,4664985074,30.39
4664985075,4664985076,54.29
4664985076,4664985075,54.29
4664985076,1843869716,36.13
1843869716,4664985076,36.13
1843869691,576989636,27.27
576989636,1843869691,27.27
576989636,6236347535,15.94
6236347535,576989636,15.94
6236347535,576989625,3.27
576989625,6236347535,3.27
4572948845,577939135,20.14
577939135,4572948845,20.14
577939135,577939138,33.61
577939138,577939135,33.61
577939138,4572948844,66.97
4572948844,577939138,66.97
4572948844,4572948806,78.05
4572948806,4572948844,78.05
4572948806,1843954966,8.40
1843954966,4572948806,8.40
1831373636,6177242794,5.10
6177242794,1831373636,5.10
6177242794,6938359653,48.04
6938359653,6177242794,48.04
6938359653,1843574843,2.41
1843574843,6938359653,2.41
1843574843,4664924492,13.90
4664924492,1843574843,13.90
4664924492,10957819396,18.07
10957819396,4664924492,18.07
10957819396,1843574704,2.40
1843574704,10957819396,2.40
1843574704,2863652394,11.96
2863652394,1843574704,11.96
2863652394,4664924373,71.01
4664924373,2863652394,71.01
4664924373,4664924380,46.60
4664924380,4664924373,46.60
4664924380,1831358944,43.32
1831358944,4664924380,43.32
5023638738,5023638739,21.16
5023638739,5023638738,21.16
5023638739,5023638740,4.38
5023638740,5023638739,4.38
5023638740,5023638741,3.86
5023638741,5023638740,3.86
5023638741,5023638742,5.05
5023638742,5023638741,5.05
5023638742,672442799,5.44
672442799,5023638742,5.44
672442799,672442798,49.42
672442798,672442799,49.42
672442798,6967712843,51.30
6967712843,672442798,51.30
6864471933,10920309917,53.14
10920309917,6887369400,37.51
6887369400,6887369396,50.42
6887369396,10998430103,49.40
10998430103,10998452009,31.25
10998452009,10998452012,24.17
10998452012,10998429417,9.94
10998429417,1484741959,9.36
1484741959,10998429415,14.74
10998429415,5297635250,43.07
5297635250,10998429436,7.46
10998429436,10949902138,56.51
10949902138,10949902141,22.25
10949902141,1843955886,15.86
1843955886,4671260295,34.22
4671260295,5021787593,66.30
5021787593,4671260304,31.89
4671260304,10949902144,56.78
10949902144,12601564518,9.10
12601564518,4671260309,24.43
4671260309,10983313239,37.40
10983313239,6286106785,33.35
6286106785,6179169320,4.97
6179169320,5021787590,2.91
1854567391,4553151006,29.37
4553151006,1854567391,29.37
4553151006,11076088639,17.63
11076088639,4553151006,17.63
11076088639,4553150998,3.60
4553150998,11076088639,3.60
4553150998,6879176428,35.20
6879176428,4553150998,35.20
6879176428,1854567383,17.68
1854567383,6879176428,17.68
1854567383,11076088645,8.29
11076088645,1854567383,8.29
11076088645,1854567379,26.66
1854567379,11076088645,26.66
1854567379,12095659528,8.61
12095659528,1854567379,8.61
12095659528,1946518631,31.12
1946518631,12095659528,31.12
1946518631,11076142523,38.20
11076142523,1946518631,38.20
11076142523,4553150982,31.53
4553150982,11076142523,31.53
4553150982,4553150221,4.44
4553150221,4553150982,4.44
4553150221,4553150933,21.03
4553150933,4553150221,21.03
4553150933,1485007562,5.99
1485007562,4553150933,5.99
1485007562,4553150219,6.92
4553150219,1485007562,6.92
1458030796,4549222950,2.49
4549222950,1458030796,2.49
4549222950,10998389232,4.37
10998389232,4549222950,4.37
10998389232,4664924384,5.09
4664924384,10998389232,5.09
4664924384,1831358952,18.94
1831358952,4664924384,18.94
1831358952,11135848454,7.02
11135848454,1831358952,7.02
11135848454,1843574898,29.33
1843574898,11135848454,29.33
1843574898,11135848447,12.96
11135848447,1843574898,12.96
11135848447,10922895908,20.46
10922895908,11135848447,20.46
10922895908,12173793268,32.15
12173793268,10922895908,32.15
12173793268,1843574806,2.34
1843574806,12173793268,2.34
1843574806,4664924381,9.93
4664924381,1843574806,9.93
4664924381,1843574918,30.36
1843574918,4664924381,30.36
1843574918,1831358944,36.71
1831358944,1843574918,36.71
1831358944,6177328092,10.19
6177328092,1831358944,10.19
6177328092,6177290821,10.56
6177290821,6177328092,10.56
6177290821,6938359656,26.87
6938359656,6177290821,26.87
6938359656,2863652397,9.45
2863652397,6938359656,9.45
2863652397,11072021952,9.82
11072021952,2863652397,9.82
11072021952,6177328093,46.79
6177328093,11072021952,46.79
6177328093,11072010610,84.84
11072010610,6177328093,84.84
11072010610,4549222951,5.59
4549222951,11072010610,5.59
1831358952,6938359647,13.47
6938359647,1831358952,13.47
6938359647,1843574830,17.34
1843574830,6938359647,17.34
1843574830,4664924430,19.58
4664924430,1843574830,19.58
4664924430,10937735303,31.66
10937735303,4664924430,31.66
10937735303,1843575035,20.76
1843575035,10937735303,20.76
1843575035,4664924428,18.27
4664924428,1843575035,18.27
4664924428,6938359638,8.27
6938359638,4664924428,8.27
6938359638,10925292454,50.66
10925292454,6938359638,50.66
10925292454,4664920788,2.87
4664920788,10925292454,2.87
4664920788,6177316967,30.24
6177316967,4664920788,30.24
6177316967,4664924182,26.55
4664924182,6177316967,26.55
4664924182,4664924178,8.46
4664924178,4664924182,8.46
4664924178,10925292450,20.72
10925292450,4664924178,20.72
10925292450,11072104917,1.99
11072104917,10925292450,1.99
11072104917,1831358954,7.61
1831358954,11072104917,7.61
1840234622,10992818967,67.30
10992818967,1840234330,7.18
1840234580,7176341245,6.51
7176341245,1840234609,2.48
1840234609,7176341244,3.38
7176341244,7176341243,25.66
7176341243,1840234402,6.25
1840234402,7176341242,9.18
7176341242,4670757536,5.02
4670757536,4670757533,12.52
4670757533,4670757532,7.21
1840234607,10992818966,67.87
10992818966,1840234570,7.66
1840234404,7176341240,57.08
7176341240,1840234545,6.78
1840234545,11458651353,7.77
11458651353,11458651354,7.87
11458651354,1840234333,10.20
1840234333,7176341241,3.97
7176341241,342241051,4.66
1840234457,10992818964,65.82
10992818964,1840234392,7.54
1840234356,10992818965,68.60
10992818965,1840234310,6.69
1840234580,6887081103,48.53
6887081103,1840234300,50.13
1840234300,1840234622,42.30
1840234622,6887081102,23.19
6887081102,1840234570,22.20
1840234570,1840234356,26.53
1840234356,6886666619,18.84
6886666619,1840234401,19.10
1840234401,6886666620,16.47
6886666620,6887081100,9.83
6887081100,1840234457,10.68
1840234457,6887081099,21.17
6887081099,6886666621,21.46
6886666621,6887081097,11.48
6887081097,6887081098,11.31
6887081098,10922508789,16.00
10922508789,1840234366,6.62
342241050,10992818968,63.55
10992818968,1840234300,5.91
1840234496,10992818963,68.28
10992818963,1840234401,6.23
1840275505,6887081114,17.26
6887081114,1840275505,17.26
6887081114,1840275624,23.29
1840275624,6887081114,23.29
1840275624,6887081117,18.70
6887081117,1840275624,18.70
6887081117,1843869743,10.49
1843869743,6887081117,10.49
1843869743,1840275547,13.83
1840275547,1843869743,13.83
1840275547,1840275448,19.79
1840275448,1840275547,19.79
1840275448,4664985234,32.08
4664985234,1840275448,32.08
4664985234,1840275616,27.01
1840275616,4664985234,27.01
1840275616,1843869795,26.77
1843869795,1840275616,26.77
1843869795,1840275553,34.67
1840275553,1843869795,34.67
1840275553,6886666630,17.16
6886666630,1840275553,17.16
6886666630,6236571550,17.23
6236571550,6886666630,17.23
6236571550,1843869815,4.28
1843869815,6236571550,4.28
1843869815,6887008019,11.10
6887008019,1843869815,11.10
6887008019,6887008018,6.18
6887008018,6887008019,6.18
6887008018,6887008017,2.97
6887008017,6887008018,2.97
6887008017,1840275552,3.04
1840275552,6887008017,3.04
1840275552,1840275594,7.61
1840275594,1840275552,7.61
1840275594,1843869687,36.70
1843869687,1840275594,36.70
1840275715,1840275462,27.24
1840275462,1840275715,27.24
4543857850,1946518231,18.41
1946518231,4543857852,11.18
4543857852,4549142349,9.88
2863648671,5295449526,40.03
5295449526,2450378823,37.52
2863652397,11072021977,36.40
11072021977,11072003670,35.88
11072003670,6177290825,51.42
6177290825,6177290824,4.74
6177290824,4664924405,4.33
4664924405,6177290834,12.18
6177290834,6177290833,3.32
6177290833,6177290832,2.73
6177290832,1843574995,3.78
1843574995,6177290827,3.74
6177290827,6177290828,2.95
6177290828,6177290829,5.48
6177290829,6177290830,18.78
6177290830,6177290831,33.35
6177290831,4664924334,57.95
4664924334,1843574871,49.15
1843574871,4664924432,5.67
4664924432,1843575034,5.57
1843575034,1843574721,34.59
1843575077,10922895985,6.11
10922895985,1843575077,6.11
10922895985,10922895978,27.45
10922895978,10922895985,27.45
10922895978,1843574956,17.59
1843574956,10922895978,17.59
1843574956,10922895913,4.50
10922895913,1843574956,4.50
10922895913,10922895911,5.97
10922895911,10922895913,5.97
10922895911,1843575108,28.55
1843575108,10922895911,28.55
1843575108,10922896002,24.16
10922896002,1843575108,24.16
10922896002,11413449136,37.74
11413449136,10922896002,37.74
11413449136,4664903943,19.67
4664903943,11413449136,19.67
4664903943,1843574680,48.14
1843574680,4664903943,48.14
1843574680,11135848441,11.62
11135848441,1843574680,11.62
11135848441,10922720904,19.33
10922720904,11135848441,19.33
10922720904,10922895905,3.96
10922895905,10922720904,3.96
10922895905,1843574806,5.00
1843574806,10922895905,5.00
1843574918,1843574837,42.79
1843574837,1843574918,42.79
1843574994,4664924427,8.21
4664924427,1843574994,8.21
4664924427,11072079086,5.52
11072079086,4664924427,5.52
11072079086,11072079094,24.33
11072079094,11072079086,24.33
11072079094,6177290843,21.38
6177290843,11072079094,21.38
6177290843,4664924295,17.38
4664924295,6177290843,17.38
4664924295,4664924411,5.89
4664924411,4664924295,5.89
4664924411,11072079104,96.82
11072079104,4664924411,96.82
11072079104,1843575186,3.35
1843575186,11072079104,3.35
1843575186,6177328094,24.48
6177328094,1843575186,24.48
6177328094,6177290844,5.58
6177290844,6177328094,5.58
6177290844,11072104907,4.11
11072104907,6177290844,4.11
11072104907,1843574683,2.66
1843574683,11072104907,2.66
1843574683,1843574810,12.19
1843574810,1843574683,12.19
1843574810,1843574812,7.24
1843574812,1843574810,7.24
1843574812,6177290845,4.70
6177290845,1843574812,4.70
6177290845,1843574833,8.19
1843574833,6177290845,8.19
1843574833,1843575015,17.14
1843575015,1843574833,17.14
1843575015,1843574914,6.28
1843574914,1843575015,6.28
1843574914,11072133850,3.99
11072133850,1843574914,3.99
11072133850,6177290846,3.57
6177290846,11072133850,3.57
6177290846,1843574893,7.37
1843574893,6177290846,7.37
1843574893,1843575061,10.89
1843575061,1843574893,10.89
4664924340,6177290810,14.38
6177290810,4664924340,14.38
6177290810,4664924346,5.50
4664924346,6177290810,5.50
4664924346,4664924343,22.32
4664924343,4664924346,22.32
4664924343,4664924345,5.13
4664924345,4664924343,5.13
4664924345,4664924344,6.96
4664924344,4664924345,6.96
4664924344,1843574721,42.07
1843574721,4664924344,42.07
1843574721,6938359648,4.90
6938359648,1843574721,4.90
6938359648,6938359649,4.55
6938359649,6938359648,4.55
6938359649,6938359650,5.92
6938359650,6938359649,5.92
6938359650,1843574965,6.08
1843574965,6938359650,6.08
1843574965,6938359651,3.27
6938359651,1843574965,3.27
6938359651,6938359652,3.45
6938359652,6938359651,3.45
6938359652,1843574955,8.53
1843574955,6938359652,8.53
1843574955,11135848456,2.21
11135848456,1843574955,2.21
11135848456,1843574898,10.94
1843574898,11135848456,10.94
4664924431,11072021987,46.51
11072021987,1843574830,4.03
1843843761,6883765116,40.88
6883765116,1843843710,5.22
1843843689,4664985264,31.17
4664985264,1843843689,31.17
4664985264,1843843677,24.22
1843843677,4664985264,24.22
1843843677,1843843726,16.45
1843843726,1843843677,16.45
1843843632,1843843592,22.89
1843843592,1843843759,66.77
1843843759,1843843663,32.62
1843843663,10916901715,24.67
10916901715,1843843700,3.56
1843843700,2866619469,36.10
2866619469,4670757082,7.04
4670757082,1854610605,19.69
1854610605,4670757511,26.73
4670757511,11417550350,7.25
11417550350,1854610607,13.34
1854610607,4670757504,38.08
4670757504,4670757064,19.38
4670757064,10922729143,32.17
10922729143,10962468248,23.09
10962468248,1854610613,5.99
1854610613,1854610615,46.64
1854610615,1854567343,34.73
1854567343,11417550336,7.61
11417550336,1854567349,12.73
1854567349,1854567351,13.59
1854567351,6946535689,7.85
6946535689,4670757063,20.33
4670757063,4670757058,38.76
4670757058,1854610623,19.09
1854610623,4670757184,71.64
4670757184,11417452988,39.86
11417452988,6946535688,39.73
6946535688,1854567369,6.00
1843843612,10916901712,49.81
10916901712,4670757516,41.55
4670757516,11421552660,3.70
11421552660,1843843749,8.54
1843843749,11421552668,35.36
11421552668,1840234460,9.86
1843884236,1843843635,9.28
1843843635,1843884236,9.28
1843843635,1843843755,10.16
1843843755,1843843635,10.16
1843843755,4671258954,7.62
4671258954,1843843755,7.62
4671258954,1843843724,9.26
1843843724,4671258954,9.26
1843843724,4671258948,10.72
4671258948,1843843724,10.72
4671258948,10949951785,13.46
10949951785,4671258948,13.46
10949951785,6886666642,3.69
6886666642,10949951785,3.69
6886666642,1843843707,19.42
1843843707,6886666642,19.42
1843843707,6886666643,14.32
6886666643,1843843707,14.32
6886666643,1843843667,15.01
1843843667,6886666643,15.01
1843843667,4670756980,16.74
4670756980,1843843667,16.74
4670756980,1843843669,13.84
1843843669,4670756980,13.84
1843843669,6946535721,17.98
6946535721,1843843669,17.98
6946535721,1843843629,18.34
1843843629,6946535721,18.34
1843843629,4671252649,29.93
4671252649,1843843629,29.93
4671252649,1843843728,29.29
1843843728,4671252649,29.29
1843843728,1843884269,7.95
1843884269,1843843728,7.95
1843884269,6946535722,27.54
6946535722,1843884269,27.54
6946535722,1843843659,27.05
1843843659,6946535722,27.05
1843843659,1843884338,21.20
1843884338,1843843659,21.20
1843884338,6886666644,15.42
6886666644,1843884338,15.42
6886666644,7152450459,16.45
7152450459,6886666644,16.45
7152450459,1843843745,41.34
1843843745,7152450459,41.34
1843843745,1843843587,11.90
1843843587,1843843745,11.90
1843843587,6886805873,4.72
6886805873,1843843587,4.72
6886805873,6236571524,4.47
6236571524,6886805873,4.47
6236571524,6886805870,4.69
6886805870,6236571524,4.69
6886805870,1843843741,4.31
1843843741,6886805870,4.31
1843843741,6886805872,7.09
6886805872,1843843741,7.09
6886805872,1843843772,10.10
1843843772,6886805872,10.10
1843843772,1843843673,20.58
1843843673,1843843772,20.58
1843843681,1843843743,74.99
1843843726,1843843702,3.84
1843843702,1843843726,3.84
1843843702,4664985262,9.31
4664985262,1843843702,9.31
4664985262,4664985261,13.94
4664985261,4664985262,13.94
4664985261,1843843593,11.73
1843843593,4664985261,11.73
1843843593,1843843694,11.41
1843843694,1843843593,11.41
1843843694,1843843683,12.78
1843843683,1843843694,12.78
1843843683,4664985260,12.67
4664985260,1843843683,12.67
4664985260,1843843720,9.28
1843843720,4664985260,9.28
1843843720,10925217509,11.35
10925217509,1843843720,11.35
10925217509,10925217508,11.60
10925217508,10925217509,11.60
10925217508,1843843738,14.38
1843843738,10925217508,14.38
1843843738,1843843643,5.42
1843843643,1843843738,5.42
1843843643,1843843621,9.40
1843843621,1843843643,9.40
1843843621,1843843732,11.34
1843843732,1843843621,11.34
1843843732,1843843705,9.55
1843843705,1843843732,9.55
1843843705,6236487125,6.80
6236487125,1843843705,6.80
6236487125,10925217507,10.83
10925217507,6236487125,10.83
10925217507,4546765782,22.19
4546765782,10925217507,22.19
1843843685,10925283454,12.91
10925283454,1843843685,12.91
10925283454,1843843588,21.74
1843843588,10925283454,21.74
1843843588,1843843752,6.35
1843843752,1843843588,6.35
1843844046,2866619463,26.35
2866619463,1843844044,58.80
1843884271,4664985230,15.19
4664985230,1843884271,15.19
4664985230,6236571560,64.70
6236571560,4664985230,64.70
6236571560,1843869877,65.13
1843869877,6236571560,65.13
1843869877,6887008006,2.81
6887008006,1843869877,2.81
6887008006,6886666635,2.73
6886666635,6887008006,2.73
6886666635,1843869875,5.41
1843869875,6886666635,5.41
1843869607,1843869645,12.88
1843869645,1843869607,12.88
1843869645,1843869747,11.68
1843869747,1843869645,11.68
1843869747,1843869683,49.65
1843869683,1843869747,49.65
1843869683,1843869735,39.36
1843869735,1843869683,39.36
1843869735,4664985239,9.27
4664985239,1843869735,9.27
4664985239,6236571832,2.64
6236571832,4664985239,2.64
6236571832,1843869565,3.32
1843869565,6236571832,3.32
1843869565,1843869573,29.16
1843869573,1843869565,29.16
1843869573,1843869612,20.03
1843869612,1843869573,20.03
1843869612,6886666626,6.84
6886666626,1843869612,6.84
6886666626,1843869614,5.95
1843869614,6886666626,5.95
1843869724,11515076176,28.90
11515076176,1843869724,28.90
11515076176,10916901747,33.15
10916901747,11515076176,33.15
10916901747,10916901731,13.36
10916901731,10916901747,13.36
10916901731,1843869601,20.76
1843869601,10916901731,20.76
1843869601,11515076190,14.73
11515076190,1843869601,14.73
11515076190,1843869689,23.40
1843869689,11515076190,23.40
1843869689,342239742,11.15
342239742,1843869689,11.15
1843869845,1843869718,28.77
1843869718,1843869845,28.77
1843869571,6887008014,6.43
6887008014,1843869571,6.43
6887008014,6887008015,6.45
6887008015,6887008014,6.45
6887008015,1843869837,12.67
1843869837,6887008015,12.67
1843869837,6887008013,14.88
6887008013,1843869837,14.88
6887008013,1843869592,14.79
1843869592,6887008013,14.79
1843869592,6887008012,7.75
6887008012,1843869592,7.75
6887008012,6236571557,7.52
6236571557,6887008012,7.52
6236571557,6887008011,2.70
6887008011,6236571557,2.70
6887008011,6887008016,2.38
6887008016,6887008011,2.38
6887008016,1840275594,5.02
1840275594,6887008016,5.02
1843869756,1843869550,11.22
1843869550,1843869756,11.22
1843869550,1843869580,22.87
1843869580,1843869550,22.87
1843869580,1843884271,18.73
1843884271,1843869580,18.73
1843884271,1843869660,22.07
1843869660,1843884271,22.07
1843869660,1843869605,25.41
1843869605,1843869660,25.41
1843869605,1840275448,28.93
1840275448,1843869605,28.93
1843869847,2866619468,27.40
2866619468,1843869767,27.63
1843869767,6946535673,24.63
6946535673,1843869846,14.00
1843869813,1843869557,19.41
1843869557,1843869813,19.41
1843869557,1843869582,37.60
1843869582,1843869557,37.60
1843869582,1843869705,25.61
1843869705,1843869582,25.61
1843869705,1843869815,7.19
1843869815,1843869705,7.19
1843869624,1843869596,25.77
1843869596,1843869624,25.77
1843869596,6967343928,9.28
6967343928,1843869596,9.28
6967343928,2866619464,6.36
2866619464,6967343928,6.36
2866619464,1843869846,27.63
1843869846,2866619464,27.63
1843869846,1843869552,31.66
1843869552,1843869846,31.66
1843869840,1843869856,59.77
1843869856,1843869840,59.77
1843869926,6236571556,7.23
6236571556,1843869926,7.23
6236571556,6236571555,4.27
6236571555,6236571556,4.27
6236571555,1843869881,4.76
1843869881,6236571555,4.76
1843869881,1843869918,13.38
1843869918,1843869881,13.38
1843869918,6236571554,10.50
6236571554,1843869918,10.50
6236571554,6236571553,4.88
6236571553,6236571554,4.88
6236571553,6886916461,2.08
6886916461,6236571553,2.08
6886916461,1843869802,2.02
1843869802,6886916461,2.02
1843869802,1843869851,16.63
1843869851,1843869802,16.63
1843869851,1843869883,12.86
1843869883,1843869851,12.86
1843869883,1843869795,12.18
1843869795,1843869883,12.18
1843869795,4664985237,30.47
4664985237,1843869795,30.47
4664985237,1843869681,23.21
1843869681,4664985237,23.21
1843869681,1843869662,43.33
1843869662,1843869681,43.33
1843869662,6236571552,2.63
6236571552,1843869662,2.63
6236571552,6886916460,2.17
6886916460,6236571552,2.17
6886916460,1843869696,1.75
1843869696,6886916460,1.75
1843869696,1843869884,2.72
1843869884,1843869696,2.72
1843869884,1843869849,17.65
1843869849,1843869884,17.65
1843869641,11429094629,7.28
11429094629,1843869641,7.28
11429094629,1843869797,12.06
1843869797,11429094629,12.06
1843869797,10992818960,14.83
10992818960,1843869797,14.83
10992818960,1843869867,35.27
1843869867,10992818960,35.27
1843869867,1843869569,22.75
1843869569,1843869867,22.75
1843869569,1843869689,57.95
1843869689,1843869569,57.95
1843869584,6887030716,11.57
6887030716,1843869584,11.57
6887030716,6887030718,11.75
6887030718,6887030716,11.75
6887030718,6887030717,11.08
6887030717,6887030718,11.08
6887030717,1843869910,11.62
1843869910,6887030717,11.62
1843869910,1843869680,19.45
1843869680,1843869910,19.45
1843869680,1843869559,30.25
1843869559,1843869680,30.25
11432924894,1843869833,6.83
1843869833,11432924894,6.83
1843869833,1843869873,8.82
1843869873,1843869833,8.82
1843869873,1843869932,32.23
1843869932,1843869873,32.23
1843869932,11432924877,24.34
11432924877,1843869932,24.34
11432924877,1843869596,9.95
1843869596,11432924877,9.95
1843869843,1843869800,17.94
1843869800,1843869843,17.94
1843869800,1843869628,10.41
1843869628,1843869800,10.41
1843869628,6886752943,8.04
6886752943,1843869628,8.04
6886752943,1843869626,7.59
1843869626,6886752943,7.59
1843869626,1843869737,11.60
1843869737,1843869626,11.60
1843869737,1843869633,13.08
1843869633,1843869737,13.08
1843869633,1843869796,12.57
1843869796,1843869633,12.57
1843869796,1840275594,8.98
1840275594,1843869796,8.98
1843869707,4671258929,6.00
4671258929,1843869707,6.00
4671258929,1843869759,12.40
1843869759,4671258929,12.40
1843869759,1843869629,81.56
1843869629,1843869759,81.56
1843869770,10916901718,6.81
10916901718,4670758092,82.35
4670758092,1843869692,59.28
4663284211,4593252820,29.00
4593252820,4663284211,29.00
1843869767,1843869932,40.98
1840275547,4664985238,8.26
4664985238,1840275547,8.26
4664985238,1843869673,8.80
1843869673,4664985238,8.80
1843869673,1843869807,23.11
1843869807,1843869673,23.11
1843869807,1843869943,33.37
1843869943,1843869807,33.37
1843869943,6886666627,24.98
6886666627,1843869943,24.98
6886666627,1843869776,24.44
1843869776,6886666627,24.44
1843869776,1843869614,23.65
1843869614,1843869776,23.65
1843869614,1843869768,26.41
1843869768,1843869614,26.41
1843869768,6886666625,69.80
6886666625,1843869768,69.80
6886666625,1843869718,67.72
1843869718,6886666625,67.72
1843869718,6886666624,9.88
6886666624,1843869718,9.88
6886666624,1843869567,10.21
1843869567,6886666624,10.21
1843869567,1843869611,4.94
1843869611,1843869567,4.94
1843869611,1843869656,7.08
1843869656,1843869611,7.08
1843843673,1843884299,9.78
1843884299,1843843673,9.78
1843884299,4671258946,13.18
4671258946,1843884299,13.18
4671258946,4671258945,11.97
4671258945,4671258946,11.97
4671258945,1843884394,7.29
1843884394,4671258945,7.29
1843884394,1843884434,4.80
1843884434,1843884394,4.80
1843884434,6946535723,3.97
6946535723,1843884434,3.97
6946535723,3416530531,38.75
3416530531,6946535723,38.75
4671260087,6946535622,27.97
6946535622,4671260087,27.97
6946535622,1843884318,51.99
1843884318,6946535622,51.99
1843884442,6946535618,38.58
6946535618,1843884442,38.58
6946535618,1843884248,8.47
1843884248,6946535618,8.47
1843884248,6946535617,7.04
6946535617,1843884248,7.04
6946535617,6946535616,7.13
6946535616,6946535617,7.13
6946535616,6946535615,7.07
6946535615,6946535616,7.07
6946535615,4671260069,8.35
4671260069,6946535615,8.35
4671260069,1843884268,38.30
1843884268,4671260069,38.30
1843884275,12639608711,8.60
12639608711,1843884275,8.60
12639608711,12639608710,7.85
12639608710,12639608711,7.85
12639608710,12639608709,4.95
12639608709,12639608710,4.95
12639608709,1843884238,8.61
1843884238,12639608709,8.61
1843884238,12505674093,27.67
12505674093,1843884238,27.67
12505674093,1843884231,84.31
1843884231,12505674093,84.31
4671260300,1843884321,40.16
1843884321,4671260300,40.16
1843884321,1843884293,47.15
1843884293,1843884321,47.15
1843884293,10949902142,34.12
10949902142,1843884293,34.12
10949902142,4671260305,4.15
4671260305,10949902142,4.15
4671260305,4671260304,11.92
4671260304,4671260305,11.92
1843884338,1843884261,7.20
1843884261,1843884338,7.20
1843884261,1843884349,41.42
1843884349,1843884261,41.42
1843884349,1843884348,47.61
1843884348,1843884349,47.61
1843884348,6946535696,6.36
6946535696,1843884348,6.36
6946535696,1843884314,10.26
1843884314,6946535696,10.26
1843884314,1843884234,17.80
1843884234,1843884314,17.80
1843884289,1843884262,35.55
1843884262,1843884289,35.55
1843884246,6179169374,9.94
6179169374,1843884246,9.94
6179169374,6179169373,4.58
6179169373,6179169374,4.58
6179169373,6179169372,4.09
6179169372,6179169373,4.09
6179169372,6946535607,4.08
6946535607,6179169372,4.08
6946535607,1843884288,4.38
1843884288,6946535607,4.38
1843884288,6179169371,13.85
6179169371,1843884288,13.85
6179169371,6946535608,5.08
6946535608,6179169371,5.08
6946535608,1843884293,5.04
1843884293,6946535608,5.04
1843884334,1843884416,15.08
1843884416,1843884334,15.08
1843884416,4664985224,4.43
4664985224,1843884416,4.43
4664985224,6886817099,2.76
6886817099,4664985224,2.76
6886817099,4664985225,3.44
4664985225,6886817099,3.44
4664985225,6886817098,14.40
6886817098,4664985225,14.40
6886817098,4664985226,15.81
4664985226,6886817098,15.81
4664985226,1843884414,31.98
1843884414,4664985226,31.98
1843884414,6236571530,18.48
6236571530,1843884414,18.48
6236571530,6886817100,7.55
6886817100,6236571530,7.55
6886817100,6886817101,8.35
6886817101,6886817100,8.35
6886817101,1843884316,16.01
1843884316,6886817101,16.01
1843884316,6236571532,20.56
6236571532,1843884316,20.56
6236571532,1843884355,12.02
1843884355,6236571532,12.02
1843884355,6236571531,8.12
6236571531,1843884355,8.12
6236571531,4664985223,6.87
4664985223,6236571531,6.87
4664985223,1843884401,7.82
1843884401,4664985223,7.82
1843884401,1843884410,26.88
1843884410,1843884401,26.88
1843884236,6886752939,6.68
6886752939,1843884236,6.68
6886752939,4671259688,57.22
4671259688,6886752939,57.22
4671259688,5361337537,67.13
5361337537,4671259688,67.13
5361337537,5400922718,9.72
5400922718,5361337537,9.72
5400922718,1843884291,2.39
1843884291,5400922718,2.39
1843884220,6236571516,13.39
6236571516,1843884220,13.39
6236571516,6946535692,3.29
6946535692,6236571516,3.29
6946535692,6946535693,3.47
6946535693,6946535692,3.47
6946535693,1843884278,5.72
1843884278,6946535693,5.72
1843884278,1843884254,23.71
1843884254,1843884278,23.71
1843884254,6886752937,7.71
6886752937,1843884254,7.71
6886752937,1843884232,7.61
1843884232,6886752937,7.61
1843884232,1843884279,6.33
1843884279,1843884232,6.33
1843884279,1843884269,7.64
1843884269,1843884279,7.64
1843884448,4670756973,6.52
4670756973,4670756972,7.33
4670756972,6887076978,13.19
6887076978,4670756970,17.38
4670756970,4670756969,6.01
4670756969,1843884219,4.95
1843884219,1843884343,15.77
1843884343,4593397137,4.93
4593397137,1843884262,9.53
1843884262,1843884228,72.80
1843884228,10949186638,45.77
1843884450,1843884237,32.77
1843884237,1843884450,32.77
1843884237,6946535611,17.02
6946535611,1843884237,17.02
6946535611,1843884214,31.95
1843884214,6946535611,31.95
1843884280,4670756963,3.61
4670756963,1843884280,3.61
4670756963,4593388361,5.20
4593388361,4670756963,5.20
4593388361,4670756962,3.46
4670756962,4593388361,3.46
4670756962,1843884381,4.53
1843884381,4670756962,4.53
1843884381,1843884444,43.45
1843884444,1843884381,43.45
1843884444,4593388447,14.45
4593388447,1843884444,14.45
1843843673,10879607560,5.20
10879607560,1843843673,5.20
10879607560,1843884366,4.68
1843884366,10879607560,4.68
1843884366,1843884284,12.01
1843884284,1843884366,12.01
1843884284,1843884333,11.05
1843884333,1843884284,11.05
1843884333,1843884272,12.54
1843884272,1843884333,12.54
1843884272,4671258944,9.56
4671258944,1843884272,9.56
4671258944,1843884438,10.78
1843884438,4671258944,10.78
1843884438,1843884253,17.85
1843884253,1843884438,17.85
1843884253,6946535666,14.65
6946535666,1843884253,14.65
6946535666,6886805867,11.65
6886805867,6946535666,11.65
6886805867,6886805866,11.71
6886805866,6886805867,11.71
6886805866,1843884295,12.48
1843884295,6886805866,12.48
1843884295,1843884303,23.34
1843884303,1843884295,23.34
1843884303,6886805865,8.88
6886805865,1843884303,8.88
6886805865,1843884377,8.48
1843884377,6886805865,8.48
1843884377,6236571525,10.81
6236571525,1843884377,10.81
6236571525,1843884300,7.58
1843884300,6236571525,7.58
1843884300,6886666639,4.67
6886666639,1843884300,4.67
6886666639,1843884290,4.66
1843884290,6886666639,4.66
1843884290,1843884217,6.01
1843884217,1843884290,6.01
1843884217,4593289768,2.88
4593289768,1843884217,2.88
4593289768,1917401836,3.74
1917401836,4593289768,3.74
1917401836,1917401837,5.16
1917401837,1917401836,5.16
1917401837,6886817102,3.70
6886817102,1917401837,3.70
6886817102,1917401838,3.81
1917401838,6886817102,3.81
1917401838,6886666637,7.54
6886666637,1917401838,7.54
6886666637,6886666638,7.90
6886666638,6886666637,7.90
6886666638,6887158589,8.80
6887158589,6886666638,8.80
6887158589,1843884231,6.67
1843884231,6887158589,6.67
1843884231,6887158588,5.96
6887158588,1843884231,5.96
6887158588,1917401839,6.02
1917401839,6887158588,6.02
1917401839,1917401840,12.10
1917401840,1917401839,12.10
1917401840,4593289767,19.47
4593289767,1917401840,19.47
4593289767,1917401841,10.98
1917401841,4593289767,10.98
1917401841,6887158587,8.18
6887158587,1917401841,8.18
6887158587,1843869761,26.19
1843869761,6887158587,26.19
1843884327,1843884285,26.18
1843884285,1843884327,26.18
1843884408,1843884218,7.88
1843884218,1843884361,3.26
1843884361,4670756955,3.17
4670756955,4670756950,5.93
4670756950,4670756951,19.11
4670756951,6946535654,9.02
6946535654,6946535655,10.82
6946535655,4670756952,9.97
4670756952,1843884421,56.36
1843884421,6887076977,23.66
6887076977,1843884305,23.59
1843884305,6946535656,15.77
6946535656,1843884233,4.51
1843884233,6946535657,3.53
6946535657,1843884229,3.87
1843884229,1843884225,4.08
1843884225,1843884252,5.22
1843884252,4670756953,25.90
4670756953,1843884266,7.16
1843884266,6892988495,5.84
6892988495,4670756954,4.41
4670756954,1843884448,5.15
1946518372,1843884399,14.78
1843884399,1946518372,14.78
1843884399,1843884317,76.05
1843884317,1843884399,76.05
1843884317,4671259664,11.37
4671259664,1843884317,11.37
4671259664,1843884283,22.47
1843884283,4671259664,22.47
1843884283,1843884221,31.43
1843884221,1843884283,31.43
1843884221,1843884436,42.65
1843884436,1843884221,42.65
1843884436,1843884243,33.19
1843884243,1843884436,33.19
1843884243,4671259670,13.11
4671259670,1843884243,13.11
4671259670,1843884301,10.78
1843884301,4671259670,10.78
1843884301,6967343894,9.87
6967343894,1843884301,9.87
6967343894,1843884412,5.22
1843884412,6967343894,5.22
1843884412,1843884375,24.37
1843884375,1843884412,24.37
1843884302,1843884332,9.35
1843884332,4671259671,30.55
4671259671,4671259673,15.74
4671259673,4671259678,21.77
4671259678,4671259676,30.77
4671259676,6946535661,14.17
6946535661,10949902178,38.92
10949902178,1843884291,6.48
1843884277,1843884340,23.86
1843884340,1843884277,23.86
4671260055,4671260056,5.59
4671260056,4671260055,5.59
4671260056,4671260057,6.88
4671260057,4671260056,6.88
4671260057,1843884373,5.49
1843884373,4671260057,5.49
1843884373,1843884444,22.38
1843884444,1843884373,22.38
1843884215,1843884275,24.27
1843884275,1843884215,24.27
1843884275,1843884364,34.26
1843884364,1843884275,34.26
1843884364,1843884341,28.58
1843884341,1843884364,28.58
1843884341,1843869721,9.63
1843869721,1843884341,9.63
1843955678,1843955621,33.78
1843955621,1843955678,33.78
1843955621,1843955770,32.52
1843955770,1843955621,32.52
1843955770,4606311630,13.34
4606311630,1843955770,13.34
4606311630,1843955715,10.76
1843955715,4606311630,10.76
1843954971,1843955453,35.51
1843955453,1843954971,35.51
1843955453,1843955221,37.01
1843955221,1843955453,37.01
1843955221,1843955468,44.31
1843955468,1843955221,44.31
1843955468,4597857034,8.19
4597857034,1843955468,8.19
4597857034,1843955272,10.14
1843955272,4597857034,10.14
1843955272,1843955003,9.22
1843955003,1843955272,9.22
6179169924,1843955852,4.97
1843955852,6179169924,4.97
1843955852,1843955896,28.53
1843955896,1843955852,28.53
1843955896,1843955881,12.59
1843955881,1843955896,12.59
1843955881,1843955699,20.97
1843955699,1843955881,20.97
1843955699,1843955724,30.03
1843955724,1843955699,30.03
1843955724,1843955572,70.14
1843955572,1843955724,70.14
1843955572,12050247032,27.13
12050247032,1843955572,27.13
12050247032,1843955778,42.20
1843955778,12050247032,42.20
1843955778,1843955131,53.04
1843955131,1843955778,53.04
1843955131,1843955687,8.33
1843955687,1843955131,8.33
1843955687,1843955635,41.34
1843955635,1843955687,41.34
1843955635,1843956009,24.34
1843956009,1843955635,24.34
1843956009,1843955688,21.13
1843955688,1843956009,21.13
1843955688,1843955985,20.33
1843955985,1843955688,20.33
1843955985,1843955843,12.76
1843955843,1843955985,12.76
1843955843,1843955593,18.45
1843955593,1843955843,18.45
1843955593,1843955154,34.68
1843955154,1843955593,34.68
1843955154,1843955058,24.00
1843955058,1843955154,24.00
1879325586,1843955629,5.39
1843955629,1879325586,5.39
1843955629,5519181323,1.10
5519181323,1843955629,1.10
5519181323,5528684067,24.72
5528684067,5519181323,24.72
5528684067,1843955300,37.13
1843955300,5528684067,37.13
1843955300,4681968818,3.91
4681968818,1843955300,3.91
4681968818,4597857019,19.59
4597857019,4681968818,19.59
4597857019,1843954995,32.56
1843954995,4597857019,32.56
1843954995,6946535794,6.90
6946535794,1843954995,6.90
6946535794,5533548552,40.67
5533548552,6946535794,40.67
5533548552,1843955767,38.07
1843955767,5533548552,38.07
1843955767,6892805402,7.15
6892805402,1843955767,7.15
6892805402,1843955756,6.78
1843955756,6892805402,6.78
1843955756,6892805400,18.88
6892805400,1843955756,18.88
6892805400,1843955841,6.84
1843955841,6892805400,6.84
1843955841,6892805401,5.08
6892805401,1843955841,5.08
6892805401,1843955631,5.52
1843955631,6892805401,5.52
1843955631,1843955405,38.81
1843955405,1843955631,38.81
1843955405,6892861233,5.57
6892861233,1843955405,5.57
6892861233,6892861236,5.99
6892861236,6892861233,5.99
6892861236,1843955529,7.91
1843955529,6892861236,7.91
1843955591,1843955001,27.08
1843955001,1843955591,27.08
1843955001,12048145639,14.76
12048145639,1843955001,14.76
12048145639,1843955523,7.75
1843955523,12048145639,7.75
1843955523,1843955154,22.85
1843955154,1843955523,22.85
1843955623,10998429423,4.79
10998429423,1843955623,4.79
10998429423,4671224268,3.71
4671224268,10998429423,3.71
4671224268,10998429424,5.35
10998429424,4671224268,5.35
10998429424,4671224269,2.75
4671224269,10998429424,2.75
4671224269,1843955847,15.24
1843955847,4671224269,15.24
1843955847,1843955935,26.47
1843955935,1843955847,26.47
1843955935,1843955781,30.44
1843955781,1843955935,30.44
1843955633,12077071283,28.42
12077071283,1843955633,28.42
12077071283,1843955888,26.68
1843955888,12077071283,26.68
1843869888,1843955004,5.80
1843955004,1843869888,5.80
1843955004,1843955317,22.10
1843955317,1843955004,22.10
1843955317,1843955282,21.82
1843955282,1843955317,21.82
1843955282,1843955297,16.06
1843955297,1843955282,16.06
1843955297,6918291447,14.71
6918291447,1843955297,14.71
6918291447,1843955211,12.48
1843955211,6918291447,12.48
1843955211,6918291448,7.75
6918291448,1843955211,7.75
6918291448,6918291449,6.11
6918291449,6918291448,6.11
6918291449,1843954979,5.28
1843954979,6918291449,5.28
1843954979,6918291450,5.29
6918291450,1843954979,5.29
6918291450,6918291453,9.40
6918291453,6918291450,9.40
6918291453,1843955354,6.29
1843955354,6918291453,6.29
1843955354,6918291451,7.22
6918291451,1843955354,7.22
6918291451,4664985029,29.28
4664985029,6918291451,29.28
4664985029,1843955819,21.01
1843955819,4664985029,21.01
1843955819,6236336758,16.18
6236336758,1843955819,16.18
6236336758,1843955074,15.37
1843955074,6236336758,15.37
1843955074,1843955341,9.42
1843955341,1843955074,9.42
1843955341,1843955199,6.57
1843955199,1843955341,6.57
1843955199,10796615601,20.36
10796615601,1843955199,20.36
10796615601,10790032313,5.67
10790032313,10796615601,5.67
10790032313,9487715553,9.68
9487715553,10790032313,9.68
1843955822,6236336760,23.08
6236336760,1843955822,23.08
6236336760,6236336759,12.02
6236336759,6236336760,12.02
6236336759,1843955124,12.44
1843955124,6236336759,12.44
1843955124,1843955341,35.15
1843955341,1843955124,35.15
1843955783,1843955707,45.81
1843955707,1843955295,50.32
1843955295,1843955780,38.85
1843955780,1843955447,50.69
1843955447,1843955718,62.26
5519169122,10909417781,7.49
10909417781,5519169122,7.49
10909417781,11156716062,31.38
11156716062,10909417781,31.38
11156716062,5519070429,24.80
5519070429,11156716062,24.80
5519070429,5519105130,2.25
5519105130,5519070429,2.25
5519105130,1843955439,22.77
1843955439,5519105130,22.77
1843955439,4573038465,17.72
4573038465,1843955439,17.72
4573038465,6959195349,0.34
6959195349,4573038465,0.34
6959195349,6959195351,30.37
6959195351,6959195349,30.37
6959195351,1843955858,70.63
1843955858,6959195351,70.63
1843955858,11541727692,2.22
11541727692,1843955858,2.22
11541727692,4597857021,33.35
4597857021,11541727692,33.35
4597857021,6886256587,14.00
6886256587,4597857021,14.00
6886256587,1843955670,13.25
1843955670,6886256587,13.25
1843955670,11981089173,3.22
11981089173,1843955670,3.22
11981089173,6946535779,41.70
6946535779,11981089173,41.70
6946535779,1843955878,11.85
1843955878,6946535779,11.85
1843955878,11006692300,31.36
11006692300,1843955878,31.36
11006692300,1863544233,7.44
1863544233,11006692300,7.44
1863544233,5527425280,4.41
5527425280,1863544233,4.41
5527425280,6886228971,29.01
6886228971,5527425280,29.01
6886228971,11006692301,10.73
11006692301,6886228971,10.73
11006692301,6886228973,10.83
6886228973,11006692301,10.83
6886228973,6886228975,27.05
6886228975,6886228973,27.05
6886228975,1843954966,23.33
1843954966,6886228975,23.33
1843954966,6886228968,14.54
6886228968,1843954966,14.54
6886228968,1843955051,5.97
1843955051,6886228968,5.97
1843955051,9166795405,2.94
9166795405,1843955051,2.94
9166795405,6886228967,2.93
6886228967,9166795405,2.93
6886228967,11006692299,30.99
11006692299,6886228967,30.99
11006692299,4631903642,27.00
4631903642,11006692299,27.00
4631903642,11006692298,20.46
11006692298,4631903642,20.46
11006692298,6892805410,33.10
6892805410,11006692298,33.10
6892805410,4573038825,10.38
4573038825,6892805410,10.38
4573038825,4592868005,26.60
4592868005,4573038825,26.60
4592868005,6892758203,10.85
6892758203,4592868005,10.85
6892758203,1946518316,38.31
1946518316,6892758203,38.31
1946518316,1843955785,56.80
1843955785,1946518316,56.80
1843955785,4592867990,6.24
4592867990,1843955785,6.24
4592867990,6886228966,19.40
6886228966,4592867990,19.40
6886228966,1946518311,38.96
1946518311,6886228966,38.96
1946518311,6893096841,13.66
6893096841,1946518311,13.66
6893096841,5346885401,31.78
5346885401,6893096841,31.78
5346885401,5346936339,8.52
5346936339,5346885401,8.52
5346936339,6886228962,22.18
6886228962,5346936339,22.18
6886228962,6886228965,7.82
6886228965,6886228962,7.82
6886228965,6886228961,7.32
6886228961,6886228965,7.32
6886228961,11635552705,4.89
11635552705,6886228961,4.89
11635552705,1843955274,11.82
1843955274,11635552705,11.82
1843955274,10900673578,11.04
10900673578,1843955274,11.04
10900673578,6988667645,14.37
6988667645,10900673578,14.37
6988667645,11163682214,19.50
11163682214,6988667645,19.50
11163682214,11163682224,6.66
11163682224,11163682214,6.66
10922665712,1843956006,7.00
1843956006,10922665712,7.00
1843956006,1843955802,12.27
1843955802,1843956006,12.27
1843955802,1843955058,39.97
1843955058,1843955802,39.97
1843955546,1843955270,5.06
1843955270,1843955546,5.06
1843955270,4671256582,6.15
4671256582,1843955270,6.15
4671256582,1843955361,5.38
1843955361,4671256582,5.38
1843955361,4671256581,6.37
4671256581,1843955361,6.37
4671256581,1843955935,5.97
1843955935,4671256581,5.97
1843955935,4671259749,3.29
4671259749,1843955935,3.29
4671259749,4671259750,2.52
4671259750,4671259749,2.52
4671259750,4671259751,2.55
4671259751,4671259750,2.55
4671259751,4671259752,15.55
4671259752,4671259751,15.55
4671259752,4671259753,6.01
4671259753,4671259752,6.01
1843956002,4671259824,4.65
4671259824,1843956002,4.65
4671259824,6868204014,5.73
6868204014,4671259824,5.73
6868204014,1843955151,5.15
1843955151,6868204014,5.15
1843955151,4671259825,9.06
4671259825,1843955151,9.06
4671259825,1843955450,10.12
1843955450,4671259825,10.12
1843955450,10998440545,19.83
10998440545,1843955450,19.83
10998440545,6868204016,33.85
6868204016,10998440545,33.85
6868204016,6967343904,3.85
6967343904,6868204016,3.85
6967343904,4671259800,79.96
4671259800,6967343904,79.96
4671259800,4671259826,26.89
4671259826,4671259800,26.89
1843954989,6236336769,103.08
6236336769,1843954989,103.08
6236336769,1843955819,51.21
1843955819,6236336769,51.21
1843955069,10741941830,42.01
10741941830,11429483759,27.18
11429483759,1843955581,3.03
1843955581,10962339872,49.15
10962339872,10962339874,23.84
10962339874,4667780664,24.56
4667780664,6179169382,17.79
6179169382,4606311628,5.23
4606311628,1843955484,10.50
1843955464,6236336756,3.49
6236336756,1843955874,3.64
1843955874,1843955393,13.04
1843955393,1843955538,12.86
1843955538,1843955543,6.43
1843955543,4664984485,4.16
4664984485,1843955291,5.57
1843955291,6236347548,24.57
6236347548,1843955840,28.34
1843955840,1843955069,35.49
1843955069,6179169384,8.98
6179169384,1843955017,13.24
1843955017,6179169885,10.29
6179169885,1843955143,12.91
1843955143,6179169886,8.86
6179169886,3386134041,7.38
3386134041,1843955792,6.34
1843955792,1843955721,37.38
1843955721,6179169905,2.59
6179169905,6179169906,11.32
6179169906,4664984993,3.58
4664984993,4664984992,4.12
4664984992,1843955435,5.53
1843955435,1843955625,16.90
1843955625,6236347547,22.02
6236347547,6236347546,5.15
6236347546,4664984994,3.53
4664984994,1843955456,5.66
1843955456,4664984995,17.18
4664984995,1843955065,17.86
1843955065,6179169926,18.70
6179169926,12620845442,4.02
12620845442,4664984998,3.49
6179169896,6179169897,5.19
6179169897,6179169896,5.19
6179169897,6179169898,2.13
6179169898,6179169897,2.13
6179169898,6179169899,1.88
6179169899,6179169898,1.88
6179169899,6179169900,2.09
6179169900,6179169899,2.09
6179169900,6179169901,6.18
6179169901,6179169900,6.18
6179169901,6179169902,9.92
6179169902,6179169901,9.92
6179169902,6179169903,5.43
6179169903,6179169902,5.43
6179169903,6179169904,3.62
6179169904,6179169903,3.62
6179169904,1843955897,7.35
1843955897,6179169904,7.35
1843955897,1843955792,17.48
1843955792,1843955897,17.48
1843955054,1843955546,16.34
1843955546,1843955054,16.34
1843955546,1843955564,17.00
1843955564,1843955546,17.00
1843955564,4593446619,3.38
4593446619,1843955564,3.38
4593446619,1843955013,3.26
1843955013,4593446619,3.26
1843955013,1843955847,9.36
1843955847,1843955013,9.36
1843955067,1843955140,3.37
1843955140,1843955067,3.37
1843955140,1843955009,3.37
1843955009,1843955140,3.37
1843955009,1843955977,3.37
1843955977,1843955009,3.37
1843955977,1843954998,3.37
1843954998,1843955977,3.37
1843954998,1843955489,3.37
1843955489,1843954998,3.37
1843955489,1843955790,3.37
1843955790,1843955489,3.37
1843955790,1843955737,3.37
1843955737,1843955790,3.37
1843955737,1843955876,3.38
1843955876,1843955737,3.38
1843955876,1843954994,3.37
1843954994,1843955876,3.37
1843954994,1843955357,3.38
1843955357,1843954994,3.38
1843955357,1843955949,3.37
1843955949,1843955357,3.37
1843955949,1843955685,3.37
1843955685,1843955949,3.37
1843955685,1843955729,3.38
1843955729,1843955685,3.38
1843955729,1843955633,3.45
1843955633,1843955729,3.45
1843955633,1843955442,3.21
1843955442,1843955633,3.21
1843955442,1843955615,3.30
1843955615,1843955442,3.30
1843955615,1843955167,3.29
1843955167,1843955615,3.29
1843955167,1843955293,3.29
1843955293,1843955167,3.29
1843955293,4671260291,3.55
4671260291,1843955293,3.55
4671260291,1843955067,3.11
1843955067,4671260291,3.11
6946535755,1847297643,83.47
1847297643,6946535755,83.47
1847297621,11946153163,2.84
11946153163,11946153167,36.08
11946153167,10904889989,16.25
10904889989,10904889991,57.94
10904889991,6582480275,7.74
6582480275,10904889992,64.30
10904889992,6582480276,4.87
6582480276,6938555166,9.58
1847297745,4584299354,67.39
4584299354,6988667634,7.44
6988667634,1847297676,30.94
1847297619,1847297626,10.90
1847297626,1847297747,9.77
1847297747,4597857048,10.04
4597857048,4597857042,10.18
4597857042,6946535762,4.16
6946535762,1847297680,3.56
1847297680,1847297684,3.65
1847297684,4597857047,17.59
4597857047,4597857046,3.23
4597857046,1847297750,2.79
1847297750,4597857045,4.10
4597857045,4597857043,4.70
4597857043,4597857044,9.09
4597857044,6946535791,13.59
6946535791,1847297704,13.99
1847297704,6946535790,14.80
6946535790,6946535789,7.27
6946535789,6946535788,4.71
6946535788,6946535792,5.46
6946535792,6887381158,27.04
6887381158,4597857038,9.57
1847297717,6946535770,59.99
6946535770,1847297717,59.99
6946535770,1847297545,6.32
1847297545,6946535770,6.32
1847297545,1847297839,6.76
1847297839,1847297545,6.76
1847297839,6946535771,10.38
6946535771,1847297839,10.38
6946535771,1847297851,9.51
1847297851,6946535771,9.51
1847297851,1847297782,13.57
1847297782,1847297851,13.57
1847297549,4584301624,8.58
4584301624,1847297549,8.58
4584301624,6864074970,3.84
6864074970,4584301624,3.84
6864074970,9166765165,3.03
9166765165,6864074970,3.03
9166765165,6946535765,60.85
6946535765,9166765165,60.85
6946535765,4584301657,25.06
4584301657,6946535765,25.06
4584301657,6946535769,12.48
6946535769,4584301657,12.48
6946535769,1847297870,16.38
1847297870,6946535769,16.38
1847297870,11643225163,13.77
11643225163,1847297870,13.77
11643225163,11643225164,13.80
11643225164,11643225163,13.80
11643225164,1847297754,1.15
1847297754,11643225164,1.15
1847297754,6946535772,39.71
6946535772,1847297754,39.71
6946535772,1847297703,18.44
1847297703,6946535772,18.44
1847297703,6887295344,10.43
6887295344,1847297703,10.43
6887295344,1847297702,13.50
1847297702,6887295344,13.50
1847297702,1847297782,4.54
1847297782,1847297702,4.54
1847297782,11384768767,25.27
11384768767,1847297782,25.27
11384768767,10906102162,16.36
10906102162,11384768767,16.36
10906102162,1847297585,26.19
1847297585,10906102162,26.19
1847297585,6887210139,4.32
6887210139,1847297585,4.32
6887210139,1847297906,25.49
1847297906,6887210139,25.49
1847297906,1847297557,35.28
1847297557,1847297906,35.28
1847297557,1847297811,27.29
1847297811,1847297557,27.29
1847297811,4584301656,17.52
4584301656,1847297811,17.52
4584301656,4584301655,10.97
4584301655,4584301656,10.97
4584301655,342236323,8.46
342236323,4584301655,8.46
6988667625,1847297916,18.28
1847297916,6988667625,18.28
1847297916,1847297869,14.91
1847297869,1847297916,14.91
1847297869,4584301654,13.23
4584301654,1847297869,13.23
4584301654,1847297722,13.62
1847297722,4584301654,13.62
1847297722,1847297577,13.62
1847297577,1847297722,13.62
1847297577,1847297918,27.29
1847297918,1847297577,27.29
1847297918,1847297640,7.53
1847297640,1847297918,7.53
1847297640,6887210140,3.75
6887210140,1847297640,3.75
6887210140,1847297721,24.65
1847297721,6887210140,24.65
1847297721,1847297627,30.97
1847297627,1847297721,30.97
1847297627,4584301653,13.29
4584301653,1847297627,13.29
4584301653,4584301650,12.04
4584301650,4584301653,12.04
4584301650,1847297555,11.59
1847297555,4584301650,11.59
1847297555,4584301651,9.45
4584301651,1847297555,9.45
4584301651,1847297586,15.26
1847297586,4584301651,15.26
1847297586,1847297815,9.55
1847297815,1847297586,9.55
1847297815,1847297705,12.70
1847297705,1847297815,12.70
1847297705,4584301652,11.96
4584301652,1847297705,11.96
4584301652,1847297761,15.23
1847297761,4584301652,15.23
1847297761,1847297702,16.79
1847297702,1847297761,16.79
4597856996,1847297729,8.78
1847297729,4597856996,8.78
1847297729,4597856997,11.05
4597856997,1847297729,11.05
4597856997,1847297716,7.40
1847297716,4597856997,7.40
1847297716,11384768752,7.25
11384768752,1847297716,7.25
11384768752,1847297694,23.00
1847297694,11384768752,23.00
1847297694,1847297868,35.92
1847297868,1847297694,35.92
1847297575,1847297571,11.35
1847297571,1847297583,6.34
1847297583,1847297624,9.49
1847297624,6988667609,4.40
6988667609,1847297907,4.47
1847297907,1847297578,6.39
1847297578,1847297856,5.65
1847297856,6988667612,9.58
6988667612,1847297774,4.39
1847297774,1847297760,6.15
1847297760,1847297603,6.60
1847297603,10865597132,16.26
10865597132,6988667613,8.53
6988667613,6946535774,17.94
6946535774,6988667614,7.49
6988667614,1847297652,10.42
1847297619,1847297708,21.53
1847297708,1847297619,21.53
1847297708,1847297844,21.85
1847297844,1847297708,21.85
1847297844,4597857073,67.11
4597857073,1847297844,67.11
4597857073,4597857072,3.60
4597857072,4597857073,3.60
4597857072,4597857071,2.97
4597857071,4597857072,2.97
4597857071,4597857070,3.32
4597857070,4597857071,3.32
4597857070,4597857069,2.93
4597857069,4597857070,2.93
4597857069,4597857068,3.63
4597857068,4597857069,3.63
4597857068,4597857067,3.86
4597857067,4597857068,3.86
1847297893,1847297737,36.41
1847297737,1847297893,36.41
1847297737,1847297927,30.63
1847297927,1847297737,30.63
1847297927,1847297728,22.29
1847297728,1847297927,22.29
1847297728,4584299362,4.36
4584299362,1847297728,4.36
4584299362,1847297710,3.21
1847297710,4584299362,3.21
1847297710,4584299361,5.20
4584299361,1847297710,5.20
4584299361,1847297567,12.94
1847297567,4584299361,12.94
1847297567,1847297641,7.58
1847297641,1847297567,7.58
1847297641,1847297745,21.50
1847297745,1847297641,21.50
1847297652,1847297864,10.10
1847297864,1847297650,4.68
1847297650,1847297638,25.83
1847297638,6959195342,8.58
6959195342,6959195341,10.95
6959195341,6959195340,8.00
6959195340,6946535772,7.49
1847297887,1847297608,22.48
1847297608,1847297887,22.48
1847297608,1847297604,17.26
1847297604,1847297608,17.26
1847297604,1847297870,11.34
1847297870,1847297604,11.34
1851793463,6990959502,43.04
6990959502,4573038815,12.01
4573038815,4573038814,3.99
4573038814,1851793475,4.25
1851793475,4573038816,4.38
4573038816,1851793474,3.87
1851793474,6990959505,15.97
6990959505,1851793472,5.29
1851793472,1851793470,20.88
1851793470,4573038817,3.74
4573038817,1851793471,3.14
1851793471,1851793477,32.37
1851793477,4573038818,2.98
4573038818,1851793479,4.00
1851793479,1859979607,16.08
1859979607,11981089169,21.89
11981089169,6991138308,2.81
6991138308,11009484202,15.29
11009484202,1843955878,34.00
6879176426,4549142348,7.45
4549142348,4543857641,6.09
4543857641,4543857633,9.29
4543857633,6887316359,10.25
6887316359,1854567386,9.78
1843843591,11417591290,37.35
11417591290,1854567304,20.69
1854567304,4670757021,33.25
4670757021,4670757018,20.79
4670757018,11413602459,15.46
11413602459,6946535683,12.57
6946535683,1854567310,13.20
1854567310,6946535682,8.76
6946535682,1854567314,26.73
1854567314,11413557239,30.39
11413557239,6878819023,11.39
6878819023,11413557237,1.59
11413557237,4670757048,34.03
4670757048,4670757035,31.33
4670757035,1854567323,9.07
1854567323,4670757046,43.07
4670757046,11413602407,11.50
11413602407,4670757044,26.51
4670757044,11413602397,21.71
11413602397,1854610611,18.94
1854610611,4670757040,14.26
4670757040,1854610614,23.36
1854610614,1854610617,38.38
1854567306,5336036008,17.79
5336036008,1854567306,17.79
5336036008,5336036007,5.95
5336036007,5336036008,5.95
5336036007,1854567302,6.19
1854567302,5336036007,6.19
1854567308,6878819021,20.83
6878819021,1854567308,20.83
6878819021,1854567310,5.38
1854567310,6878819021,5.38
1854567457,12434322004,7.37
12434322004,1854567457,7.37
12434322004,4543857614,4.99
4543857614,12434322004,4.99
4543857614,4543857615,8.51
4543857615,4543857614,8.51
4543857615,12098132976,14.08
12098132976,4543857615,14.08
12098132976,6938555147,5.09
6938555147,12098132976,5.09
6938555147,6938555148,9.16
6938555148,6938555147,9.16
6938555148,10197021790,10.11
10197021790,6938555148,10.11
10197021790,1854567443,7.91
1854567443,10197021790,7.91
1854567376,11168437917,4.86
11168437917,10958153288,48.17
10958153288,6878819030,10.57
6878819030,10958153285,19.46
10958153285,4670757177,27.14
4670757177,4670757173,46.13
4670757173,1854610627,4.10
1854610627,11417541817,47.65
11417541817,9786704422,9.64
9786704422,1854567367,33.46
1854567367,6959195333,18.44
6959195333,1854610626,12.58
1854610626,11417541832,25.39
11417541832,6946535707,13.13
6946535707,11417535096,3.85
11417535096,4670757065,5.27
4670757065,11417535095,16.76
11417535095,4670757174,2.94
4670757174,1854567359,9.02
1854567359,1854610624,5.65
1854610624,1854567356,4.63
1854567356,6959195329,24.29
6959195329,6878819031,17.14
6878819031,10922697162,8.24
10922697162,10922697146,56.45
10922697146,1854610625,6.75
1854567411,1854567415,39.57
1854567415,1854567411,39.57
1854567415,4553151020,39.52
4553151020,1854567415,39.52
4553151020,4655258680,9.67
4655258680,4553151020,9.67
4655258680,1854568409,28.09
1854568409,4655258680,28.09
1854610610,1854610606,37.88
1854610606,1854610610,37.88
1854610614,1854610619,18.66
1854610619,1854610614,18.66
1854610626,11417541835,30.50
11417541835,10922729146,55.40
10922729146,1854567343,4.88
1854567323,6946535679,20.44
6946535679,1854567323,20.44
1854610598,4670757074,40.18
4670757074,1854610598,40.18
4670757074,1854610605,18.76
1854610605,4670757074,18.76
1854610617,6946535680,17.58
6946535680,1854610620,1.82
1854610618,2873965359,27.21
2873965359,1854610618,27.21
2873965359,2866619473,26.68
2866619473,2873965359,26.68
2866619473,6946535684,35.51
6946535684,2866619473,35.51
6946535684,1854610622,20.98
1854610622,6946535684,20.98
1854610613,10922729142,37.57
10922729142,6878819028,11.61
6878819028,10922697166,37.31
10922697166,1854610624,6.06
1854610609,4670757060,39.38
4670757060,1854610609,39.38
4670757060,1854567349,17.02
1854567349,4670757060,17.02
6946535714,10922697147,7.40
10922697147,1854610622,16.42
1854610622,6946535690,113.12
6946535690,1854610607,5.18
1854610623,4670757491,22.75
4670757491,4670757183,19.19
4670757183,1854610616,19.35
1854610604,1854567320,36.33
1854567320,1854610604,36.33
1854567320,4670757070,87.09
4670757070,1854567320,87.09
4670757070,1854610610,19.42
1854610610,4670757070,19.42
1854610610,1854610612,20.81
1854610612,1854610610,20.81
1863544233,11007909877,42.70
11007909877,11009459123,8.66
11009459123,4573039206,66.98
4573039206,6946535778,9.74
6946535778,11007909812,62.33
11007909812,11006456867,5.19
11006456867,1863544231,6.95
1863544225,6946535775,42.29
6946535775,11007909860,19.68
11007909860,1863544226,8.62
1863544226,1863544228,36.78
1863544228,11007909856,26.25
11007909856,4597856998,15.35
4597856998,1843955670,39.18
1867953808,4601615292,166.89
4601615292,1867953808,166.89
4601615292,1868496400,35.72
1868496400,4601615292,35.72
1868496400,6967712823,7.80
6967712823,1868496400,7.80
1868496398,4601615132,141.92
4601615132,1868496398,141.92
1868496411,10912824321,46.81
10912824321,1868496411,46.81
10912824321,5335953234,11.25
5335953234,10912824321,11.25
5335953234,1868496401,12.25
1868496401,5335953234,12.25
1868496401,5335953235,8.38
5335953235,1868496401,8.38
5335953235,9919674354,5.86
9919674354,5335953235,5.86
1868496411,10912824327,35.29
10912824327,1868496411,35.29
10912824327,1868496400,62.17
1868496400,10912824327,62.17
1885953066,1885953074,66.06
1885953074,1885953066,66.06
1885953083,4664985268,40.19
4664985268,1885953083,40.19
4664985268,4664939443,38.39
4664939443,4664985268,38.39
4664939443,1885953072,34.35
1885953072,4664939443,34.35
1885953075,1885953077,19.35
1885953077,1885953075,19.35
1885953077,10925236628,4.03
10925236628,1885953077,4.03
10925236628,1885953079,6.99
1885953079,10925236628,6.99
1885953079,1885958593,14.11
1885958593,1885953079,14.11
1885953075,1885953072,34.65
1885953072,1885953075,34.65
1885953072,1885953066,35.45
1885953066,1885953072,35.45
1885953066,6695816081,26.18
6695816081,1885953066,26.18
6695816081,1885953060,3.13
1885953060,6695816081,3.13
1885958593,6236487392,4.57
6236487392,1885958593,4.57
6236487392,6236487391,9.37
6236487391,6236487392,9.37
6236487391,6236487393,8.33
6236487393,6236487391,8.33
6236487393,1885958601,19.49
1885958601,6236487393,19.49
10795961192,4543857873,5.98
4543857873,10795961192,5.98
4543857873,9919851410,5.30
9919851410,4543857873,5.30
9919851410,9919851412,7.18
9919851412,9919851410,7.18
3924076203,4664984859,9.74
4664984859,3924076203,9.74
4664984859,12452718551,6.02
12452718551,4664984859,6.02
12452718551,1885958615,3.57
1885958615,12452718551,3.57
1885958615,1885958617,35.10
1885958617,1885958615,35.10
1885958617,4664939421,19.06
4664939421,1885958617,19.06
4664939421,1885958623,16.09
1885958623,4664939421,16.09
1885958623,4664939420,14.25
4664939420,1885958623,14.25
4664939420,1885958625,10.63
1885958625,4664939420,10.63
1885958625,4664939419,12.51
4664939419,1885958625,12.51
4664939419,1885958627,10.11
1885958627,4664939419,10.11
1885958627,1885958630,25.85
1885958630,1885958627,25.85
1885958630,1885958633,28.24
1885958633,1885958630,28.24
1885958633,12447222949,5.13
12447222949,1885958633,5.13
12447222949,12459846191,16.76
12459846191,12447222949,16.76
12459846191,1885958637,1.95
1885958637,12459846191,1.95
1885958637,4664984861,35.36
4664984861,1885958637,35.36
4664984861,1885958656,31.51
1885958656,4664984861,31.51
1885958656,4664939416,28.76
4664939416,1885958656,28.76
4664939416,12447429666,26.77
12447429666,4664939416,26.77
12447429666,6918291201,5.22
6918291201,12447429666,5.22
6918291201,1885958677,7.65
1885958677,6918291201,7.65
1885958677,4664939415,5.03
4664939415,1885958677,5.03
1885958706,1885960801,38.68
1885960801,1885958706,38.68
1885960801,1885958711,35.49
1885958711,1885960801,35.49
1885958711,6858212154,10.12
6858212154,1885958711,10.12
6858212154,10925315777,50.16
10925315777,6858212154,50.16
10925315777,10925315765,17.58
10925315765,10925315777,17.58
10925315765,11829103730,16.79
11829103730,10925315765,16.79
11829103730,1993543599,12.22
1993543599,11829103730,12.22
1993543599,1993543678,38.07
1993543678,1993543599,38.07
1993543678,10925308520,36.90
10925308520,1993543678,36.90
10925308520,10925308506,10.84
10925308506,10925308520,10.84
10925308506,10925308568,14.63
10925308568,10925308506,14.63
10925308568,10925245858,44.40
10925245858,10925308568,44.40
10925245858,9563566516,13.20
9563566516,10925245858,13.20
1885958593,6236487390,14.74
6236487390,1885958593,14.74
6236487390,1885958595,11.12
1885958595,6236487390,11.12
1885958656,6918323530,23.30
6918323530,1885958656,23.30
6918323530,4664939418,25.08
4664939418,6918323530,25.08
4664939418,6918323529,22.09
6918323529,4664939418,22.09
6918323529,1885958682,63.72
1885958682,6918323529,63.72
1885958682,4664985283,5.48
4664985283,1885958682,5.48
1885959987,5335953150,54.22
5335953150,1885959987,54.22
5335953150,5335953152,5.89
5335953152,5335953150,5.89
5335953152,10790032365,4.54
10790032365,5335953152,4.54
10790032365,9919851414,5.27
9919851414,10790032365,5.27
1885960014,6892829010,57.26
6892829010,1885960014,57.26
6892829010,6892829009,31.61
6892829009,6892829010,31.61
6892829009,6918323547,24.47
6918323547,6892829009,24.47
6918323547,1885960016,3.35
1885960016,6918323547,3.35
1885960001,6892829007,8.45
6892829007,1885960001,8.45
6892829007,1885959993,10.09
1885959993,6892829007,10.09
1885959993,6918323546,18.27
6918323546,1885959993,18.27
6918323546,1885959987,12.01
1885959987,6918323546,12.01
9919851400,12459846174,13.07
12459846174,9919851400,13.07
12459846174,10925245844,33.90
10925245844,12459846174,33.90
10925245844,1885960801,27.94
1885960801,10925245844,27.94
1843884304,1843884215,23.79
1843884215,1843884304,23.79
12050247034,1843955914,7.69
1843955914,12050247034,7.69
1843955914,1843955447,29.82
1843955447,1843955914,29.82
1843869839,1843869557,26.29
1843869557,1843869839,26.29
6236571517,6236571520,3.54
6236571520,6236571517,3.54
6236571520,1843884455,4.94
1843884455,6236571520,4.94
1843884455,1843884314,20.66
1843884314,1843884455,20.66
1843869579,576989624,35.88
576989624,1843869579,35.88
5023638743,11253802851,10.63
11253802851,5023638743,10.63
11253802851,5023638732,43.79
5023638732,11253802851,43.79
5023638732,5335953173,16.40
5335953173,5023638732,16.40
5335953173,5335953227,15.01
5335953227,5335953173,15.01
5335953227,5335953225,7.59
5335953225,5335953227,7.59
4664985020,4664985021,4.36
4664985021,4664985020,4.36
4664985021,4671513437,4.23
4671513437,4664985021,4.23
4671513437,1843955993,2.90
1843955993,4671513437,2.90
1843955993,1843955209,2.73
1843955209,1843955993,2.73
1843955209,1843955120,6.23
1843955120,1843955209,6.23
1843955120,1843955288,8.89
1843955288,1843955120,8.89
1843955288,4664985013,4.19
4664985013,1843955288,4.19
4664985013,4664985012,3.34
4664985012,4664985013,3.34
4664985012,1843955224,2.95
1843955224,4664985012,2.95
1843955224,1843955534,8.80
1843955534,1843955224,8.80
1843955534,1843955475,19.27
1843955475,1843955534,19.27
1843955475,1843955638,11.64
1843955638,1843955475,11.64
1843955638,1843955674,6.24
1843955674,1843955638,6.24
1843955674,1843955570,3.13
1843955570,1843955674,3.13
1843955570,6918291455,4.09
6918291455,1843955570,4.09
6918291455,6918291454,4.46
6918291454,6918291455,4.46
6918291454,1843955892,5.49
1843955892,6918291454,5.49
1843955892,1843955354,3.74
1843955354,1843955892,3.74
1843884308,1917401845,24.77
1917401845,1843884308,24.77
1917401845,1917401846,39.27
1917401846,1917401845,39.27
1843869616,1843869891,12.41
1843869891,1843869616,12.41
1843869891,576989629,25.49
576989629,1843869891,25.49
576989629,1843869702,16.25
1843869702,576989629,16.25
1843869743,1843869855,15.83
1843869855,1843869743,15.83
1843869855,1843869760,18.50
1843869760,1843869855,18.50
1843869760,1843869560,25.80
1843869560,1843869760,25.80
4671259642,4671259639,16.58
4671259639,4671259642,16.58
4671259639,1843955683,9.57
1843955683,4671259639,9.57
1843955683,1843955888,17.62
1843955888,1843955683,17.62
1946518740,10091432068,52.52
10091432068,1946518740,52.52
10091432068,1946518736,2.16
1946518736,10091432068,2.16
1946518736,10091432067,2.74
10091432067,1946518736,2.74
10091432067,1946518329,46.69
1946518329,10091432067,46.69
1946518329,10949951755,17.14
10949951755,1946518329,17.14
10949951755,4549142341,21.86
4549142341,10949951755,21.86
4549142341,12077062968,10.62
12077062968,4549142341,10.62
12077062968,1946518231,6.07
1946518231,12077062968,6.07
1993543591,1993543661,41.35
1993543661,1993543591,41.35
1993543661,1993543653,37.17
1993543653,1993543661,37.17
1993543651,1993543603,73.82
1993543603,1993543651,73.82
1993543672,1993543599,59.39
1993543599,1993543672,59.39
1993543611,1993543668,31.17
1993543668,1993543611,31.17
1993543668,4664984854,30.92
4664984854,1993543668,30.92
4664984854,1993543573,13.53
1993543573,4664984854,13.53
1993543674,1993543593,39.42
1993543593,1993543674,39.42
1993543593,6918323490,28.29
6918323490,1993543593,28.29
6918323490,1993543645,10.63
1993543645,6918323490,10.63
1993543645,1993543669,38.01
1993543669,1993543645,38.01
1993543669,1993543614,28.77
1993543614,1993543669,28.77
1993543614,1993543655,20.15
1993543655,1993543614,20.15
1993543600,10790032324,43.15
10790032324,1993543600,43.15
10790032324,1993543580,5.48
1993543580,10790032324,5.48
6918323495,1993543664,10.39
1993543664,6918323495,10.39
1993543664,6918323496,11.95
6918323496,1993543664,11.95
6918323496,1993543649,5.16
1993543649,6918323496,5.16
1993543649,1993543622,33.97
1993543622,1993543649,33.97
1993543644,1993543622,25.16
1993543622,1993543644,25.16
1993543622,6918323493,14.18
6918323493,1993543622,14.18
6918323493,1993543633,25.09
1993543633,6918323493,25.09
1993543633,1993543634,40.12
1993543634,1993543633,40.12
1993543648,1993543612,6.42
1993543612,1993543648,6.42
1993543612,1993543675,4.39
1993543675,1993543612,4.39
1993543675,1993543639,22.62
1993543639,1993543675,22.62
1993543639,12447429645,11.91
12447429645,1993543639,11.91
12447429645,1993543602,12.09
1993543602,12447429645,12.09
1993543602,1993543642,10.97
1993543642,1993543602,10.97
1993543642,6918323491,10.89
6918323491,1993543642,10.89
6918323491,1993543647,8.18
1993543647,6918323491,8.18
1993543647,1993543621,10.66
1993543621,1993543647,10.66
1993543621,1993543663,5.72
1993543663,1993543621,5.72
1993543663,1993543666,6.10
1993543666,1993543663,6.10
1993543666,6918323492,4.90
6918323492,1993543666,4.90
6918323492,1993543655,15.79
1993543655,6918323492,15.79
1993543655,1993543634,29.97
1993543634,1993543655,29.97
1993543634,13068227333,12.50
13068227333,1993543634,12.50
13068227333,1993543653,38.12
1993543653,13068227333,38.12
1993543653,1993543660,24.63
1993543660,1993543653,24.63
1993543660,1993543603,14.53
1993543603,1993543660,14.53
1993543603,1993543580,47.21
1993543580,1993543603,47.21
1993543637,1993543656,39.60
1993543656,1993543637,39.60
1993543656,1993543660,45.17
1993543660,1993543656,45.17
4664985029,4664985028,147.23
4664985028,4664985029,147.23
4664985028,6236336771,3.07
6236336771,4664985028,3.07
6236336771,6236336770,2.18
6236336770,6236336771,2.18
6236336770,6236336772,2.61
6236336772,6236336770,2.61
6236336772,4664985027,12.09
4664985027,6236336772,12.09
4664985027,6236336773,3.40
6236336773,4664985027,3.40
6236336773,2140842361,5.14
2140842361,6236336773,5.14
2140842361,6236336774,32.31
6236336774,2140842361,32.31
6236336774,4664985026,40.19
4664985026,6236336774,40.19
4664985026,6236336776,33.99
6236336776,4664985026,33.99
6236336776,12499014504,14.38
12499014504,6236336776,14.38
12499014504,6236336775,11.75
6236336775,12499014504,11.75
1854610620,1854610619,37.17
1854610619,1854610616,37.19
1854610616,4670757045,40.94
4670757045,4670757055,27.54
4670757055,4670757047,10.55
4670757047,1854610609,18.30
1854610609,1854610608,20.44
1854610608,6946535679,4.64
6946535679,4670757071,19.58
4670757071,4670757049,20.77
4670757049,1854610606,11.02
1854610606,4670757069,19.40
4670757069,6878819024,4.87
6878819024,4670757050,42.18
4670757050,1854610599,38.17
1854610599,4670757019,38.01
4670757019,11417550345,16.28
11417550345,1854610598,33.14
1854610598,4670757081,19.37
4670757081,11417591289,5.98
11417591289,1843843612,36.95
1840234460,7176341248,2.62
7176341248,1840234460,2.62
7176341248,7176341247,3.10
7176341247,7176341248,3.10
7176341247,7176341246,5.21
7176341246,7176341247,5.21
7176341246,1840234476,3.45
1840234476,7176341246,3.45
1840234476,6946535674,6.64
6946535674,1840234476,6.64
6946535674,1840234538,7.75
1840234538,6946535674,7.75
1840234538,7176341251,37.62
7176341251,1840234538,37.62
7176341251,1840234435,4.43
1840234435,7176341251,4.43
1840234435,4670758062,3.75
4670758062,1840234435,3.75
4670758062,7176341249,3.68
7176341249,4670758062,3.68
7176341249,10992818974,3.24
10992818974,7176341249,3.24
10992818974,4670758061,3.25
4670758061,10992818974,3.25
1843844044,4670757519,7.37
2863648670,4543857859,8.02
4543857859,6288502741,8.03
6288502741,6886255216,2.93
6886255216,6177317287,8.46
6177317287,2863648671,8.45
2863648668,6177316982,7.04
6177316982,6177316979,7.04
6177316979,4543889475,7.04
4543889475,6177316980,5.71
6177316980,6177316981,5.73
6177316981,2863648672,5.79
2863648669,4543857637,6.16
4543857637,6887316358,8.11
6887316358,1854567386,7.92
2863648667,6177317285,5.86
6177317285,6177316984,5.79
6177316984,4543889480,5.80
4543889480,6177316983,9.36
6177316983,2863648666,9.36
2863648669,1854567385,8.07
1854567385,2863648669,8.07
2863651301,6177317288,7.28
6177317288,6882114097,3.61
6882114097,4543889474,3.68
4543889474,6177317290,5.57
6177317290,6177317289,5.56
6177317289,2863650100,5.74
1843869552,1843844044,33.22
1843844045,1843869552,33.79
2866619465,2866619463,23.86
2866619464,4670758040,4.50
2866619466,11432890675,7.94
11432890675,2866619466,7.94
11432890675,2866619467,31.96
2866619467,11432890675,31.96
2866619467,1843843663,34.95
2866619467,4670757066,3.02
4670757066,2866619467,3.02
2866619469,2866619470,46.76
2866619470,2866619469,46.76
2866619470,4670757084,20.63
4670757084,2866619470,20.63
2866619470,2873965360,14.68
2873965360,2866619470,14.68
2866619471,1843869847,13.50
1843869847,2866619471,13.50
2866619472,2866619471,5.68
2866619471,2866619472,5.68
2866619473,2866619474,24.04
2866619474,2866619473,24.04
6946535684,11432878167,16.96
11432878167,6946535684,16.96
2873965359,2873965360,59.72
2873965360,2873965359,59.72
4664939457,5061776160,6.85
5061776160,5900733953,11.31
5900733953,2875270410,10.98
2875270410,4543858239,12.07
4543858239,2875270417,9.96
2875270417,4543857868,9.32
4543857868,4543858240,7.62
4543858240,2875270412,9.15
2875270412,2875270409,10.13
2875270409,5061776164,16.48
5061776164,12476152798,20.11
12476152798,5900733952,19.55
5900733952,1840234462,36.26
12475869777,5900733332,33.16
5900733332,4664939440,36.73
5336036017,5336036015,13.33
5336036015,5336036017,13.33
5336036015,3325958606,5.10
3325958606,5336036015,5.10
342239750,4670757529,17.67
4670757529,4670757530,6.76
4670757530,4664985255,10.51
4664985255,342240652,11.83
342240652,6887081110,28.55
6887081110,342240650,72.89
342240650,342240648,40.89
342240648,1843843698,55.72
1843843698,6887081106,38.36
6887081106,6887081105,19.75
6887081105,4664985256,19.91
4664985256,1843843710,64.02
1843843710,6887081104,11.73
6887081104,1840234419,11.41
1840234419,1840234510,38.69
1843843601,1843843771,33.35
1843843771,1843843601,33.35
1843843771,1843843761,7.17
1843843761,1843843771,7.17
1843843761,1843843687,36.44
1843843687,1843843761,36.44
10916959750,1843955923,63.41
1843955923,1843955588,60.87
1843955588,10920309914,39.77
9919851355,9919851354,29.55
1946518361,4671252665,34.90
4671252665,1946518483,54.70
1946518483,4671252662,4.22
4671252662,4671252659,57.36
4671252659,4671252656,62.08
4671252656,10937754628,13.29
10937754628,6946535653,25.32
6946535653,6946535652,7.02
6946535652,6946535651,5.66
6946535651,6946535650,5.25
6946535650,1946518372,6.80
3924076203,4664985277,38.52
4664985277,3924076203,38.52
4664985277,6697803432,71.89
6697803432,4664985277,71.89
6697803432,3924076201,7.77
3924076201,6697803432,7.77
3924076201,4664939426,4.62
4664939426,3924076201,4.62
4664939426,3924076200,49.62
3924076200,4664939426,49.62
3924076200,3924076197,34.04
3924076197,3924076200,34.04
3924076197,5335953165,5.04
5335953165,3924076197,5.04
5335953165,10304010515,2.79
10304010515,5335953165,2.79
1458037104,6288502747,8.65
6288502747,6177317286,1.01
6177317286,4539916184,21.61
4539916184,4539916182,17.69
4539916182,6177316923,13.84
6177316923,4539916179,4.24
5021787587,1484741953,100.77
1484741953,4543025211,21.73
4543025211,1484741952,4.61
1484741952,10917016862,14.28
10917016862,258179027,10.85
6879898516,1840291159,9.40
1840291159,10917016857,5.85
10917016857,1840290998,4.01
1840290998,1840291172,11.74
1840291172,1840291118,11.08
1840291118,1840291104,10.21
1840291104,5021787579,13.20
5021787579,5021787575,89.27
5021787575,5021787586,25.73
4542128564,5530185495,63.17
5530185495,4542128563,8.31
4542128563,4542130997,8.59
4542130997,11002525912,3.37
11002525912,4542131299,6.15
4542128560,4542128559,4.91
4542128559,4542128560,4.91
4542128559,6179169357,28.06
6179169357,4542128559,28.06
6179169357,5021787591,11.11
5021787591,6179169357,11.11
4542128564,6179169300,10.90
6179169300,4542128564,10.90
1842449736,12486895975,6.60
12486895975,4542130998,4.46
4542130998,4542128572,13.83
4542128572,6946535619,27.13
6946535619,4542128571,19.18
4542128571,12486895974,41.69
12486895974,4542128568,37.34
4542128568,4542128567,2.69
4542128567,4542128566,2.52
4542128566,4542128565,2.03
4681968822,6286106788,82.58
6286106788,4681968822,82.58
6286106788,4597857066,40.76
4597857066,6286106788,40.76
4597857066,4592867823,79.77
4592867823,4597857066,79.77
4592867823,5538162795,84.47
5538162795,4592867823,84.47
5538162795,6582480276,104.83
6582480276,5538162795,104.83
6582480276,6286106792,32.75
6286106792,6582480276,32.75
6286106792,4584301624,38.78
4584301624,6286106792,38.78
4584301624,6864074963,42.00
6864074963,4584301624,42.00
6864074963,10998429413,13.99
10998429413,6864074963,13.99
10998429413,11651069351,18.58
11651069351,10998429413,18.58
11651069351,9563670437,78.05
9563670437,11651069351,78.05
9563670437,4584299359,78.79
4584299359,9563670437,78.79
4584299359,11200991746,26.55
11200991746,4584299359,26.55
11200991746,4584301843,154.59
4584301843,11200991746,154.59
4584301843,6886784253,12.45
6886784253,4584301843,12.45
6886784253,4584301799,24.36
4584301799,6886784253,24.36
4584301799,10792594611,192.88
10792594611,4584301799,192.88
10792594611,6286106797,14.13
6286106797,10792594611,14.13
6286106797,4584301488,31.81
4584301488,6286106797,31.81
4584301488,10860326952,31.33
10860326952,4584301488,31.33
10860326952,5985314754,50.34
5985314754,10860326952,50.34
5985314754,5021787573,41.98
5021787573,5985314754,41.98
5021787566,4542131062,19.17
4542131062,4542131063,11.68
4542131063,4542131064,11.50
4542131064,11002472491,2.92
11002472491,4542131065,12.48
4542131065,4542131066,10.02
4542131066,4681968820,5.91
4681968820,4542131067,11.30
4542131067,4542131068,13.02
4542131068,10983313231,5.36
10983313231,4542131069,4.55
4542131069,4542131070,10.70
4542131070,4542131071,8.27
4542131071,10983313233,13.96
10983313233,5021787578,11.65
5021787578,5021787574,9.31
5021787574,6241445172,43.51
6241445172,5021787577,3.86
5021787577,6938555167,6.55
6938555167,5021787576,5.97
5021787576,10905047549,7.64
10905047549,5021787575,5.13
4543025605,5335952907,19.24
5335952907,10795856317,62.40
10795856317,5297403649,31.73
1840234530,4664985014,4.79
4664985014,9487715552,43.72
9487715552,1843955774,22.55
1843955774,8055992969,72.20
8055992969,9227194393,73.76
5021787586,5297403655,66.77
5297403655,6286106787,15.16
6286106787,5021787585,2.72
5021787585,5021787584,38.69
5021787584,5021787583,79.78
5021787583,5538162794,84.31
5538162794,6938555166,105.08
6938555166,5297403653,59.32
5297403653,1847297549,11.85
1847297549,6864074962,44.43
6864074962,10998429414,11.81
10998429414,10783565007,14.31
10783565007,9563670438,81.96
9563670438,1847297709,79.11
1847297709,6864471934,104.78
4601748994,9919674363,38.20
1854567386,4553150981,10.36
4553150981,11076142552,7.99
11076142552,4655259392,31.55
4655259392,4553148171,6.76
4553148171,1854567411,16.15
1854567411,4543857636,58.63
4543857636,4553148173,23.87
4553148173,4553148178,5.44
4553148178,4655258679,16.82
4655258679,11074247955,25.57
11074247955,1854567443,10.23
1854567443,1854567455,4.56
1854567455,4543857628,6.94
4543857628,4543857627,7.74
4543857627,4543857626,7.05
4543857626,4543857625,2.82
4543857625,1854567460,2.66
1854567460,6938555125,15.56
6938555125,4543857623,9.92
4543857623,6938555126,9.63
6938555126,4543857629,11.42
4543857629,4655259357,4.96
4655259357,1854567470,12.51
4543857640,6879514339,4.40
6879514339,4543857640,4.40
6879514339,4543857639,10.57
4543857639,6879514339,10.57
4543857639,6879514337,8.75
6879514337,4543857639,8.75
6879514337,4543857638,8.78
4543857638,6879514337,8.78
4543857638,6879514338,8.26
6879514338,4543857638,8.26
6879514338,4543857640,2.22
4543857640,6879514338,2.22
1840291157,10905047524,18.25
10905047524,1840291202,17.94
1840291202,4543857847,14.86
4543857847,4543857846,10.21
4543857846,1840291117,11.92
2863648669,4549142350,7.17
4549142350,11151762825,29.16
11151762825,5304648926,27.76
5304648926,6938555179,28.34
6938555179,1458037074,19.93
1458037074,4549142344,11.91
4549142344,4549142345,16.57
4543857849,6868227999,36.70
6868227999,4671260070,43.28
4671260070,10949973023,24.94
10949973023,1843884325,68.87
1843884325,4549142333,10.73
4549142333,4549142340,37.39
4549142340,6938555181,72.12
6938555181,4543857850,14.87
2863648667,12992156387,13.13
12992156387,4546765771,4.29
4546765771,1458037075,8.92
6879176426,4543857857,10.94
4543857857,12992178679,11.58
12992178679,4543857856,3.02
4543857856,2863648669,8.31
2863648666,4553150219,139.27
4553150219,1458037070,50.58
1458037075,4543889477,6.13
4543889477,2863648666,18.90
1458037104,2863648670,22.64
2863650100,1831358954,10.45
1831358954,4543857860,39.02
2863648668,12992156385,15.43
12992156385,4546765767,3.87
4546765767,390225165,6.61
1458037078,6177316965,152.29
6177316965,1851805054,6.87
1851805054,5304648927,18.34
5304648927,1458037104,40.30
4543857860,6177316966,37.91
6177316966,6177316964,6.86
6177316964,4664924289,98.92
4664924289,6178380521,33.02
6178380521,15461883,13.54
15461883,6178380523,11.24
6178380523,6178380528,80.07
6178380528,4549142354,6.83
1843574958,6177290849,10.50
6177290849,5295447187,55.61
5295447187,4664905113,54.57
4670757042,4664924382,222.76
4664924382,4671320393,11.03
4543889481,2863651301,38.12
2863651301,12992156386,11.08
12992156386,4546765773,3.82
4546765773,1458030819,7.46
2863648670,12992156384,12.41
12992156384,4546765769,3.36
4546765769,1900821978,6.72
1900821978,4546765770,9.40
4546765770,2863648671,15.08
4546765782,4546765781,4.76
4546765781,4546765782,4.76
4546765781,4546765779,7.24
4546765779,4546765781,7.24
4546765779,4546765778,10.76
4546765778,4546765779,10.76
4546765778,4546765777,17.14
4546765777,4546765778,17.14
4546765777,4546765776,11.34
4546765776,4546765777,11.34
4546765776,4546765775,2.87
4546765775,4546765776,2.87
4546765775,15492714,9.17
15492714,4546765775,9.17
10925283442,4546765788,19.06
4546765788,10925283442,19.06
4546765788,4546765785,4.23
4546765785,4546765788,4.23
4546765785,4546765784,45.98
4546765784,4546765785,45.98
10949951738,4549142339,57.88
4549142339,10949951738,57.88
4549142345,6938555180,14.05
6938555180,4549142343,90.56
4549142343,4549142334,18.84
4549142334,1854567491,103.00
1854567491,4543857848,81.23
1854567385,4543857854,8.90
4543857854,4549142346,7.44
4549142346,4549142347,8.81
4549142347,1854567376,18.30
4549142349,4543857853,10.75
4543857853,10949951756,11.21
10949951756,1840291129,13.09
1840291129,4543857851,20.29
4543857851,12992178678,39.12
12992178678,4549142351,3.35
4549142351,1854567385,7.05
1843884236,5400922716,6.15
5400922716,1843884236,6.15
5400922716,4671258955,13.06
4671258955,5400922716,13.06
4671258955,2932654237,41.08
2932654237,4671258955,41.08
2932654237,6946535626,5.27
6946535626,2932654237,5.27
6946535626,4671259682,9.11
4671259682,6946535626,9.11
4671259682,12076100368,11.13
12076100368,4671259682,11.13
12076100368,12076144469,7.66
12076144469,12076100368,7.66
12076144469,6887287973,21.50
6887287973,12076144469,21.50
4655259400,4655259401,18.98
4655259401,4655259400,18.98
4553150981,6879850169,10.56
6879850169,6938555136,24.79
6938555136,6938555135,26.59
6938555135,4553150982,40.97
4553148172,4553148171,46.74
4553148171,4553148172,46.74
4553148178,4553148176,41.66
4553148176,4553148178,41.66
4553150989,4553148185,9.91
4553148185,4553150989,9.91
4553148185,4553148179,12.20
4553148179,4553148185,12.20
4553151019,4553151018,37.68
4553151018,4553151019,37.68
4543857636,4553150211,35.14
4553150211,4543857636,35.14
4553150211,4553151019,11.73
4553151019,4553150211,11.73
4553150218,4553150217,24.31
4553150217,4553150218,24.31
4553150217,6938555123,4.22
6938555123,4553150217,4.22
6938555123,4553150216,4.66
4553150216,6938555123,4.66
4553150216,4553150215,4.57
4553150215,4553150216,4.57
4553150215,4655259393,7.94
4655259393,4553150215,7.94
4655259393,4655258686,22.78
4655258686,4655259393,22.78
4655258686,4553150214,5.15
4553150214,4655258686,5.15
4553150214,4553150213,6.07
4553150213,4553150214,6.07
4553150213,4553150212,4.83
4553150212,4553150213,4.83
4553150212,1854567405,3.36
1854567405,4553150212,3.36
4553150221,11076142530,33.32
11076142530,4553150221,33.32
4553150223,11784787859,9.93
11784787859,4553150223,9.93
11784787859,11123940533,20.27
11123940533,11784787859,20.27
11123940533,4553150222,8.46
4553150222,11123940533,8.46
4557417976,4557417983,106.11
4557417983,4557417976,106.11
4557417983,4557417982,31.85
4557417982,4557417983,31.85
4557417982,11406437205,15.37
11406437205,4557417982,15.37
11406437205,4557417981,6.67
4557417981,11406437205,6.67
4557417981,4557417980,27.44
4557417980,4557417981,27.44
4557417980,4557417979,12.38
4557417979,4557417980,12.38
4557417979,4557417978,40.90
4557417978,4557417979,40.90
4557417978,4557417977,20.19
4557417977,4557417978,20.19
4557417977,4557417976,42.40
4557417976,4557417977,42.40
4572948828,4572948827,34.70
4572948827,4572948828,34.70
4572948827,4572948826,10.40
4572948826,4572948827,10.40
4572948826,4572948825,10.66
4572948825,4572948826,10.66
4572948825,10089510128,13.89
10089510128,4572948825,13.89
10089510128,4572948650,1.37
4572948650,10089510128,1.37
4572948650,10089510127,1.41
10089510127,4572948650,1.41
10089510127,4572948651,16.69
4572948651,10089510127,16.69
4572948651,4572948844,23.01
4572948844,4572948651,23.01
4572948844,6988667556,26.35
6988667556,4572948844,26.35
6988667556,4572948843,1.83
4572948843,6988667556,1.83
4584301797,4584301799,8.37
4584301799,4584301797,8.37
4584301799,10792594608,3.73
10792594608,4584301799,3.73
10792594608,10906465908,5.71
10906465908,10792594608,5.71
10906465908,4584301796,27.72
4584301796,10906465908,27.72
4584301796,10974728488,85.70
10974728488,4584301796,85.70
10974728488,4584301798,4.75
4584301798,10974728488,4.75
4584299357,1847297671,27.33
1847297671,4584299357,27.33
4584299356,1847297671,4.29
1847297671,4584299356,4.29
1847297671,6959195338,33.08
6959195338,1847297671,33.08
6959195338,11643225132,20.07
11643225132,6959195338,20.07
11643225132,11200991752,5.60
11200991752,11643225132,5.60
11200991752,4584299359,45.35
4584299359,11200991752,45.35
4584299359,1847297709,8.57
1847297709,4584299359,8.57
1863544231,6946535780,45.75
6946535780,1863544231,45.75
6946535780,1863544225,37.58
1863544225,6946535780,37.58
1863544225,4597857033,23.21
4597857033,1863544225,23.21
4597857033,342237155,36.14
342237155,4597857033,36.14
342237155,6892861235,2.61
6892861235,342237155,2.61
6892861235,6892861234,3.33
6892861234,6892861235,3.33
6892861234,342237159,2.42
342237159,6892861234,2.42
342237159,1843955529,15.83
1843955529,342237159,15.83
1843955240,10916953168,50.82
10916953168,1843955240,50.82
10916953168,1946518361,6.68
1946518361,10916953168,6.68
1946518361,1843955751,137.49
1843955751,1946518361,137.49
1843955751,10922495916,58.21
10922495916,1843955751,58.21
10922495916,1843956002,3.43
1843956002,10922495916,3.43
1843956002,9362753289,35.34
9362753289,1843956002,35.34
9362753289,10922495920,22.48
10922495920,9362753289,22.48
10922495920,6946535600,11.06
6946535600,10922495920,11.06
6946535600,1843955399,13.74
1843955399,6946535600,13.74
1843955399,6946535602,11.35
6946535602,1843955399,11.35
6946535602,6946535605,12.29
6946535605,6946535602,12.29
6946535605,6946535604,17.73
6946535604,6946535605,17.73
6946535604,1843955541,12.26
1843955541,6946535604,12.26
1843955541,6967343896,10.78
6967343896,1843955541,10.78
6967343896,6946535603,3.90
6946535603,6967343896,3.90
6946535603,6442820143,27.05
6442820143,6946535603,27.05
6442820143,5021787567,4.48
5021787567,6442820143,4.48
5021787567,1484741959,11.75
1484741959,5021787567,11.75
1843869728,6918291446,7.46
6918291446,1843869728,7.46
6918291446,4671258931,5.04
4671258931,6918291446,5.04
4671258931,4671258932,7.86
4671258932,4671258931,7.86
4671258932,4664984999,11.98
4664984999,4671258932,11.98
4664984999,1843869774,5.46
1843869774,4664984999,5.46
1843869774,1843869618,9.18
1843869618,1843869774,9.18
1843869618,1843869888,8.34
1843869888,1843869618,8.34
4663284211,6887076984,9.99
6887076984,4663284211,9.99
6887076984,6946535662,8.20
6946535662,6887076984,8.20
6946535662,4593280313,7.23
4593280313,6946535662,7.23
4593280313,4671258933,42.92
4671258933,4593280313,42.92
4671258933,4593309550,41.11
4593309550,4671258933,41.11
4593309550,6946535632,31.82
6946535632,4593309550,31.82
6946535632,4671258942,57.86
4671258942,6946535632,57.86
4671258942,11421113693,21.39
11421113693,4671258942,21.39
11421113693,6967343926,19.84
6967343926,11421113693,19.84
6967343926,5400855911,9.34
5400855911,6967343926,9.34
5400855911,5361337541,4.45
5361337541,5400855911,4.45
5361337541,1843869761,11.24
1843869761,5361337541,11.24
1843869761,10303928769,29.69
10303928769,1843869761,29.69
10303928769,10248176843,23.93
10248176843,10303928769,23.93
10248176843,6967343918,14.49
6967343918,10248176843,14.49
6967343918,4664985196,35.90
4664985196,6967343918,35.90
4664985196,1843869721,31.30
1843869721,4664985196,31.30
1843869721,6967343920,21.34
6967343920,1843869721,21.34
6967343920,4664985192,35.99
4664985192,6967343920,35.99
4664985192,11413374564,15.75
11413374564,4664985192,15.75
11413374564,1917401846,32.26
1917401846,11413374564,32.26
1917401846,4664985084,20.80
4664985084,1917401846,20.80
4664985084,12111719826,7.14
12111719826,4664985084,7.14
12111719826,12111719808,15.21
12111719808,12111719826,15.21
12111719808,4664985078,13.10
4664985078,12111719808,13.10
4664985078,6967343924,13.39
6967343924,4664985078,13.39
6967343924,5400855913,19.11
5400855913,6967343924,19.11
5400855913,11413374548,3.11
11413374548,5400855913,3.11
11413374548,5360576521,2.84
5360576521,11413374548,2.84
5360576521,12111719819,10.23
12111719819,5360576521,10.23
12111719819,1843869716,47.49
1843869716,12111719819,47.49
1843869716,576989612,61.69
576989612,1843869716,61.69
576989612,576989628,40.90
576989628,576989612,40.90
576989628,1843869629,62.89
1843869629,576989628,62.89
1843869629,576989634,21.34
576989634,1843869629,21.34
576989634,4664985004,48.73
4664985004,576989634,48.73
4664985004,4664985002,18.74
4664985002,4664985004,18.74
4664985002,4593268898,32.13
4593268898,4664985002,32.13
1843884265,6892988494,65.94
6892988494,1843884265,65.94
6892988494,4670756949,66.43
4670756949,6892988494,66.43
4670756949,6887076976,6.36
6887076976,4670756949,6.36
6887076976,1843869844,5.97
1843869844,6887076976,5.97
1843869844,4670756948,8.26
4670756948,1843869844,8.26
4670756948,1843869916,11.92
1843869916,4670756948,11.92
1843869916,4670756947,12.17
4670756947,1843869916,12.17
4670756947,1843869635,10.95
1843869635,4670756947,10.95
1843869635,1843884408,14.07
1843884408,1843869635,14.07
1843884408,1843869733,14.55
1843869733,1843884408,14.55
1843869733,4671259666,15.43
4671259666,1843869733,15.43
4671259666,1843869777,13.25
1843869777,4671259666,13.25
1843869777,1843869694,17.70
1843869694,1843869777,17.70
1843869694,1843869558,27.88
1843869558,1843869694,27.88
1843869558,1843884294,15.08
1843884294,1843869558,15.08
1843884294,1843884214,5.03
1843884214,1843884294,5.03
1843884214,1843869669,18.73
1843869669,1843884214,18.73
1843869669,1843884340,14.82
1843884340,1843869669,14.82
1843884340,6179169335,25.23
6179169335,1843884340,25.23
6179169335,4670756944,3.10
4670756944,6179169335,3.10
1843884302,1843884446,11.64
1843884446,1843884302,11.64
1843884446,4593252801,7.94
4593252801,1843884446,7.94
4593252801,4593252805,11.74
4593252805,4593252801,11.74
4593252805,1843884222,8.67
1843884222,4593252805,8.67
1843884222,12077063623,6.23
12077063623,1843884222,6.23
12077063623,12076144481,12.29
12076144481,12077063623,12.29
12076144481,1843884310,10.82
1843884310,12076144481,10.82
4671258936,4671258937,33.93
4671258937,4671258936,33.93
4671258937,4671258938,3.67
4671258938,4671258937,3.67
4671258938,4593309552,3.20
4593309552,4671258938,3.20
4593309552,11429609850,35.20
11429609850,4593309552,35.20
1843869559,6887008010,31.49
6887008010,1843869559,31.49
6887008010,342239742,31.73
342239742,6887008010,31.73
1843869756,4664985228,14.39
4664985228,1843869756,14.39
4664985228,1843869906,13.09
1843869906,4664985228,13.09
1843869906,1843869698,28.21
1843869698,1843869906,28.21
1843869698,6236571529,21.40
6236571529,1843869698,21.40
6236571529,1843869598,20.16
1843869598,6236571529,20.16
1843869598,4664985227,15.20
4664985227,1843869598,15.20
4664985227,6236571527,7.98
6236571527,4664985227,7.98
6236571527,6236571528,11.58
6236571528,6236571527,11.58
6236571528,1843869639,10.52
1843869639,6236571528,10.52
1843884291,10879642469,7.88
10879642469,4671260054,3.84
4671260054,6868401416,59.62
6868401416,1843884213,3.94
1843884213,6946535660,2.92
6946535660,6887076981,2.82
6887076981,6868401417,3.15
6868401417,1843884319,12.33
1843884319,4671252595,30.24
4671252595,12076144478,14.53
12076144478,4671252597,12.61
4671252597,10949902147,39.59
10949902147,6946535659,24.44
6946535659,1843884448,10.58
1843884448,6946535658,5.77
6946535658,6946535663,5.58
6946535663,6887076982,7.59
6887076982,6946535664,10.76
6946535664,6887076983,10.45
6887076983,6946535665,18.17
6946535665,10949902179,13.40
10949902179,1843884302,7.68
1843884280,6887366002,2.24
6887366002,1843884280,2.24
6887366002,1843884312,46.39
1843884312,6887366002,46.39
1843884256,4670756957,7.22
4670756957,1843884256,7.22
4670756957,1843884240,15.67
1843884240,4670756957,15.67
1843884240,6946535612,4.31
6946535612,1843884240,4.31
6946535612,4671260058,2.96
4671260058,6946535612,2.96
4671260058,1843884239,64.35
1843884239,4671260058,64.35
1946518483,4593425501,11.97
4593425501,1946518483,11.97
4597856874,4597856873,30.08
4597856873,4597856874,30.08
4597857019,5519070436,25.16
5519070436,4597857019,25.16
5519070436,4597857018,3.94
4597857018,5519070436,3.94
4597857018,4597857017,16.23
4597857017,4597857018,16.23
4597857017,4597857016,19.40
4597857016,4597857017,19.40
4597857016,4597857015,7.12
4597857015,4597857016,7.12
4597857015,4597857014,6.43
4597857014,4597857015,6.43
4597857014,4597857013,7.14
4597857013,4597857014,7.14
4597857013,4597857012,5.56
4597857012,4597857013,5.56
4597857012,4597857011,7.27
4597857011,4597857012,7.27
4597857011,4597857010,7.58
4597857010,4597857011,7.58
4597857010,4597857009,6.11
4597857009,4597857010,6.11
4597857009,4597857008,5.96
4597857008,4597857009,5.96
4597857008,4597857007,4.79
4597857007,4597857008,4.79
4597857007,4597857006,4.09
4597857006,4597857007,4.09
4597857006,4597857005,5.07
4597857005,4597857006,5.07
4597857005,4597857002,20.85
4597857002,4597857005,20.85
4597857002,4597856999,33.13
4597856999,4597857002,33.13
4597856999,6946535787,16.46
6946535787,4597856999,16.46
6946535787,5519157105,16.09
5519157105,6946535787,16.09
4597857021,4597857024,50.72
4597857024,4597857026,23.62
4597857026,4597857028,40.17
4597857028,4597857030,11.36
4597857030,4597857033,58.78
4597857042,4597857040,52.80
4597857040,4597857042,52.80
4597857058,10089510117,13.08
10089510117,4597857058,13.08
10089510117,4597857055,0.91
4597857055,10089510117,0.91
4597857055,10089510118,0.73
10089510118,4597857055,0.73
10089510118,10089498515,44.36
10089498515,10089510118,44.36
10089498515,4597857054,2.36
4597857054,10089498515,2.36
4597857054,10089498516,2.74
10089498516,4597857054,2.74
10089498516,4597857053,14.52
4597857053,10089498516,14.52
4597857053,4597857052,27.78
4597857052,4597857053,27.78
4597857061,4597857062,27.50
4597857062,4597857061,27.50
4597857062,6959195348,25.20
6959195348,4597857062,25.20
6959195348,6959195346,3.45
6959195346,6959195348,3.45
6959195346,6959195347,3.35
6959195347,6959195346,3.35
6959195347,6959195345,3.24
6959195345,6959195347,3.24
6959195345,6887304148,3.28
6887304148,6959195345,3.28
6887304148,4597857060,20.03
4597857060,6887304148,20.03
4597857065,4597857064,31.76
4597857064,4597857065,31.76
1847297551,5538162793,31.70
5538162793,1847297551,31.70
5538162793,1847297766,2.43
1847297766,5538162793,2.43
1847297766,10904937979,6.09
10904937979,1847297766,6.09
10904937979,4597857065,9.87
4597857065,10904937979,9.87
4597857065,1847297842,10.89
1847297842,4597857065,10.89
1847297842,10904937988,13.62
10904937988,1847297842,13.62
10904937988,4597857066,4.48
4597857066,10904937988,4.48
4597857066,5021787584,9.11
5021787584,4597857066,9.11
1847297820,1847297794,40.21
1847297794,1847297820,40.21
1847297794,1847297857,17.02
1847297857,1847297794,17.02
1847297857,1847297891,12.40
1847297891,1847297857,12.40
1847297891,11946165883,4.83
11946165883,1847297891,4.83
11946165883,6946535753,25.65
6946535753,11946165883,25.65
6946535753,6946535752,14.89
6946535752,6946535753,14.89
6946535752,4597857062,3.23
4597857062,6946535752,3.23
1847297754,1847297612,22.22
1847297612,1847297822,28.84
1847297822,11946165870,10.41
11946165870,1847297843,5.94
1847297843,1847297823,13.37
1847297823,1847297621,15.28
1863546256,7176495653,3.85
7176495653,1863546256,3.85
7176495653,7176495651,4.47
7176495651,7176495653,4.47
7176495651,6967712818,4.98
6967712818,7176495651,4.98
6967712818,11198390775,80.90
11198390775,6967712818,80.90
11198390775,7176495649,19.62
7176495649,11198390775,19.62
7176495649,4601615110,3.98
4601615110,7176495649,3.98
4601615110,4601615109,3.90
4601615109,4601615110,3.90
4601615109,4601615108,7.44
4601615108,4601615109,7.44
4601615108,4601615107,5.16
4601615107,4601615108,5.16
4601615107,4601615106,5.28
4601615106,4601615107,5.28
4601615106,4601615105,5.06
4601615105,4601615106,5.06
4601615105,11198390774,3.14
11198390774,4601615105,3.14
11198390774,4601615104,3.18
4601615104,11198390774,3.18
4601615104,10912824323,22.23
10912824323,4601615104,22.23
4601615114,4601615113,45.29
4601615113,4601615114,45.29
4601615312,4601615299,5.93
4601615299,4601615312,5.93
4601615299,6887086768,14.42
6887086768,4601615299,14.42
6887086768,4601615297,6.63
4601615297,6887086768,6.63
4601615297,6967712837,53.19
6967712837,4601615297,53.19
6967712837,4601615147,12.76
4601615147,6967712837,12.76
4601615147,4601615130,43.13
4601615130,4601615147,43.13
4601615130,6967712836,12.84
6967712836,4601615130,12.84
6967712836,4601615142,18.87
4601615142,6967712836,18.87
4601615142,6882787788,6.17
6882787788,4601615142,6.17
6882787788,4601615129,20.67
4601615129,6882787788,20.67
4601615129,6967712835,33.77
6967712835,4601615129,33.77
6967712835,4601615113,28.56
4601615113,6967712835,28.56
4601615113,6967712826,39.21
6967712826,4601615113,39.21
6967712826,6967712825,26.29
6967712825,6967712826,26.29
6967712825,6967712824,12.72
6967712824,6967712825,12.72
6967712824,4601615112,34.69
4601615112,6967712824,34.69
4655259362,4655259361,19.46
4655259361,4655259362,19.46
4655259361,11074266524,20.58
11074266524,4655259361,20.58
11074266524,4543857623,4.89
4543857623,11074266524,4.89
4655258679,12098132973,40.99
12098132973,4655258679,40.99
12098132973,12098132972,4.34
12098132972,12098132973,4.34
12098132972,1854567440,3.14
1854567440,12098132972,3.14
4655258687,4655258686,45.15
4655258686,4655258687,45.15
4655259392,4655258687,26.60
4655258687,4655259392,26.60
4655258687,4655259391,33.28
4655259391,4655258687,33.28
4655259391,4655259390,16.93
4655259390,4655259391,16.93
4655259391,4655259397,13.23
4655259397,4655259391,13.23
4655259397,4655259396,9.31
4655259396,4655259397,9.31
4655259396,4655259395,10.13
4655259395,4655259396,10.13
4655259395,4655259394,6.34
4655259394,4655259395,6.34
4663281819,11429603775,41.80
11429603775,4663281819,41.80
11429603775,6179169928,104.08
6179169928,11429603775,104.08
6179169928,1843955627,13.36
1843955627,6179169928,13.36
4664866058,4664866056,17.64
4664866056,4664866058,17.64
4664866056,4664866054,23.54
4664866054,4664866056,23.54
4664866061,4664866060,56.86
4664866060,4664866061,56.86
4664866060,10963692419,23.10
10963692419,4664866060,23.10
4664867512,6177290858,28.41
6177290858,4664867512,28.41
6177290858,4664867513,3.79
4664867513,6177290858,3.79
4664867604,6959218986,68.54
6959218986,4664867604,68.54
6959218986,6959218983,10.74
6959218983,6959218986,10.74
6959218983,6177243413,40.95
6177243413,6959218983,40.95
6177243413,6177290850,38.47
6177290850,6177243413,38.47
6177290850,10962516240,3.38
10962516240,6177290850,3.38
10962516240,8091628304,4.58
8091628304,10962516240,4.58
8091628304,6175534582,1.83
6175534582,8091628304,1.83
4664924179,4664924178,12.28
4664924178,4664924179,12.28
4664924183,4664924181,5.53
4664924181,4664924183,5.53
4664924181,4664924180,18.03
4664924180,4664924181,18.03
4664924185,10089084886,19.63
10089084886,4664924185,19.63
10089084886,4664924184,2.67
4664924184,10089084886,2.67
4664924184,10089084887,2.09
10089084887,4664924184,2.09
10089084887,4664924183,7.50
4664924183,10089084887,7.50
4664924186,11072079103,3.86
11072079103,4664924186,3.86
11072079103,11072079100,11.65
11072079100,11072079103,11.65
11072079100,4664924293,2.23
4664924293,11072079100,2.23
4664924188,4664924187,24.21
4664924187,4664924188,24.21
4664924290,6178380517,19.48
6178380517,4664924290,19.48
6178380517,4664924289,8.29
4664924289,6178380517,8.29
4664924304,4664924293,37.31
4664924293,4664924304,37.31
4664924293,4664924290,26.25
4664924290,4664924293,26.25
4664924290,4664924291,9.64
4664924291,4664924290,9.64
4664924291,10089084879,25.22
10089084879,4664924291,25.22
10089084879,4664924303,2.77
4664924303,10089084879,2.77
4664924303,10089084880,2.44
10089084880,4664924303,2.44
10089084880,4664924187,15.37
4664924187,10089084880,15.37
4664924187,6938359640,13.30
6938359640,4664924187,13.30
6938359640,10089084881,3.78
10089084881,6938359640,3.78
10089084881,4664924300,4.17
4664924300,10089084881,4.17
4664924300,10089084882,5.86
10089084882,4664924300,5.86
10089084882,4664924296,1.95
4664924296,10089084882,1.95
4664924296,10089084883,2.42
10089084883,4664924296,2.42
10089084883,4664924295,50.11
4664924295,10089084883,50.11
4664920788,4664920787,23.97
4664920787,4664920788,23.97
11072079078,10089084889,1.44
10089084889,11072079078,1.44
10089084889,4664924426,2.42
4664924426,10089084889,2.42
4664924426,10089084888,2.74
10089084888,4664924426,2.74
10089084888,4664924425,8.36
4664924425,10089084888,8.36
4664924425,4664924424,6.97
4664924424,4664924425,6.97
4664924424,4664924423,5.84
4664924423,4664924424,5.84
4664924423,4664924422,5.95
4664924422,4664924423,5.95
4664924422,4664924419,13.15
4664924419,4664924422,13.15
4664924419,4664924416,18.49
4664924416,4664924419,18.49
4664924416,10089084890,4.11
10089084890,4664924416,4.11
10089084890,4664924411,26.14
4664924411,10089084890,26.14
1843574965,4664924431,14.98
4664924431,1843574965,14.98
4664924431,4664924429,19.83
4664924429,4664924431,19.83
4664924429,1843574670,52.81
1843574670,4664924429,52.81
1843574670,1843574994,18.45
1843574994,1843574670,18.45
1843574670,1843575035,50.25
4664924428,1843574994,50.09
4664924430,11072021986,47.04
11072021986,4664924429,3.53
4664924317,11072021976,29.69
11072021976,4664924317,29.69
11072021976,4664924433,8.91
4664924433,11072021976,8.91
4664924337,6177290840,2.46
6177290840,4664924337,2.46
6177290840,6177290839,2.20
6177290839,6177290840,2.20
6177290839,6177290838,2.35
6177290838,6177290839,2.35
6177290838,6177290836,11.76
6177290836,6177290838,11.76
6177290836,6938359645,2.57
6938359645,6177290836,2.57
6938359645,4664924336,2.72
4664924336,6938359645,2.72
4664924336,4664924335,2.46
4664924335,4664924336,2.46
4664924335,4664924334,4.47
4664924334,4664924335,4.47
4664924340,4664924339,55.86
4664924339,6177290818,5.59
6177290818,6177290820,5.25
6177290820,4664924337,8.93
9063216623,4664924351,11.11
4664924374,4664924372,12.25
4664924372,6177425575,16.06
6177425575,6177425574,14.38
6177425574,6177425573,28.31
6177425573,4664924374,14.38
4664924380,1843574837,36.89
1843574837,1843574680,40.10
1843574956,10922896004,8.26
10922896004,1843574956,8.26
10922896004,4664924378,33.37
4664924378,10922896004,33.37
4664924378,6938359653,35.89
6938359653,4664924378,35.89
1843575108,4664924375,41.17
4664924375,11548230981,12.46
11548230981,10922896003,19.47
10922896003,1843574704,4.23
4664939409,4664939408,53.29
4664939408,4664939409,53.29
4664939410,4664939409,30.42
4664939409,4664939410,30.42
4664939409,4664939411,115.24
4664939411,4664939409,115.24
4664939414,4664939413,34.29
4664939413,4664939414,34.29
4664939417,6918323528,34.29
6918323528,4664939417,34.29
6918323528,6918323527,24.83
6918323527,6918323528,24.83
6918323527,4664939416,6.03
4664939416,6918323527,6.03
1885958657,6892829002,25.06
6892829002,1885958657,25.06
6892829002,6918260568,15.76
6918260568,6892829002,15.76
6918260568,6892829003,18.33
6892829003,6918260568,18.33
6892829003,6918260569,39.27
6918260569,6892829003,39.27
6918260569,1885958637,3.87
1885958637,6918260569,3.87
6831399140,4664939432,17.48
4664939432,6831399140,17.48
4664939432,4664939433,0.60
4664939433,4664939432,0.60
4664939433,4664939434,31.11
4664939434,4664939433,31.11
4664939434,4664939435,5.57
4664939435,4664939434,5.57
4664939435,4664939436,7.78
4664939436,4664939435,7.78
4664939436,4664939437,2.95
4664939437,4664939436,2.95
4664939437,6236209192,4.48
6236209192,4664939437,4.48
6236209192,10304010516,3.63
10304010516,6236209192,3.63
4664984486,4664984487,7.15
4664984487,4664984486,7.15
4664984487,4664984488,8.61
4664984488,4664984487,8.61
4664984488,4664984989,7.72
4664984989,4664984488,7.72
4664984989,4664984990,6.34
4664984990,4664984989,6.34
4664984990,4664984991,5.48
4664984991,4664984990,5.48
4664984991,4664984992,3.48
4664984992,4664984991,3.48
1843955627,6946535640,4.71
6946535640,1843955627,4.71
6946535640,11216378990,5.34
11216378990,6946535640,5.34
11216378990,11216378988,5.55
11216378988,11216378990,5.55
11216378988,11216378989,5.59
11216378989,11216378988,5.59
10916991941,10916921176,5.92
10916921176,12476200012,21.81
12476200012,12476200011,13.04
12476200011,10916921177,18.52
10916921177,4664984997,7.61
4664984997,6887369405,31.34
6887369405,6179169924,3.38
6179169924,6179169918,18.10
6179169918,6179169917,26.43
6179169917,6179169916,4.01
6179169916,6179169915,4.30
6179169915,6179169914,6.69
6179169914,6179169913,8.09
6179169913,6179169912,6.19
6179169912,6179169911,8.22
6179169911,6179169910,9.94
6179169910,11429512569,12.37
11429512569,6236336749,26.75
6236336749,6236336751,2.27
6236336751,6179169908,1.87
4664985001,6236347539,31.37
6236347539,4664985001,31.37
6236347539,4664985002,5.23
4664985002,6236347539,5.23
4664985003,4664985004,36.91
4664985004,4664985003,36.91
4664985005,6236347544,15.08
6236347544,4664985005,15.08
6236347544,4664985006,27.69
4664985006,6236347544,27.69
4664985006,6179169927,43.57
6179169927,4664985006,43.57
6179169927,4664985007,12.39
4664985007,6179169927,12.39
1843954979,6918291452,5.25
6918291452,6236347552,34.52
6236347552,6236347551,15.49
6236347551,6236347549,29.47
6236347549,1843955838,16.02
1843955838,6179169895,24.96
6179169895,6179169894,11.97
6179169894,6179169893,3.76
6179169893,6179169892,2.54
6179169892,6179169891,3.68
6179169891,6179169890,5.68
6179169890,6179169889,6.92
6179169889,6179169888,9.40
6179169888,6179169887,4.87
6179169887,3386134041,5.26
6887304146,4664985038,6.97
4664985038,6887304146,6.97
4664985038,6236347541,5.12
6236347541,4664985038,5.12
6236347541,4664985037,4.78
4664985037,6236347541,4.78
4664985037,4664985036,7.86
4664985036,4664985037,7.86
4664985036,4664985035,17.82
4664985035,4664985036,17.82
4664985035,4664985034,5.25
4664985034,4664985035,5.25
4664985034,4664985033,4.73
4664985033,4664985034,4.73
4664985033,4664985032,4.07
4664985032,4664985033,4.07
4664985032,4664985031,52.00
4664985031,4664985032,52.00
4664985266,4671513061,8.81
4671513061,4664985266,8.81
4671513061,4671513062,4.29
4671513062,4671513061,4.29
4671513062,4671513063,5.24
4671513063,4671513062,5.24
4671513063,4671513064,6.57
4671513064,4671513063,6.57
4671513064,4671513065,5.41
4671513065,4671513064,5.41
4671513065,4671513066,2.36
4671513066,4671513065,2.36
4671513066,4671513067,6.50
4671513067,4671513066,6.50
4671513067,4671513069,12.97
4671513069,4671513067,12.97
4671513069,4671513070,5.79
4671513070,4671513069,5.79
4671513070,4671513071,5.68
4671513071,4671513070,5.68
4671513071,4671513072,7.77
4671513072,4671513071,7.77
4671513072,4671513073,5.87
4671513073,4671513072,5.87
4671513073,4671513074,4.05
4671513074,4671513073,4.05
4671513074,6918260570,3.94
6918260570,4671513074,3.94
6918260570,4671513075,10.96
4671513075,6918260570,10.96
4671513075,4671513076,85.92
4671513076,4671513075,85.92
4671513076,4671513077,6.85
4671513077,4671513076,6.85
4671513077,4671513078,6.97
4671513078,4671513077,6.97
4671513078,4671513079,8.44
4671513079,4671513078,8.44
4671513079,4671513080,7.03
4671513080,4671513079,7.03
4671513080,4671513081,7.51
4671513081,4671513080,7.51
4671513081,4671513082,6.33
4671513082,4671513081,6.33
4671513082,6918291277,1.95
6918291277,4671513082,1.95
6918291277,6918291276,3.31
6918291276,6918291277,3.31
6918291276,4671513083,2.21
4671513083,6918291276,2.21
4671513083,4671513084,8.07
4671513084,4671513083,8.07
4671513084,4671513085,11.09
4671513085,4671513084,11.09
4671513085,4671513086,9.23
4671513086,4671513085,9.23
4671513086,4671513087,12.65
4671513087,4671513086,12.65
4671513087,6918291275,4.18
6918291275,4671513087,4.18
6918291275,6918291274,5.28
6918291274,6918291275,5.28
6918291274,6918291273,5.42
6918291273,6918291274,5.42
6918291273,4671513088,5.72
4671513088,6918291273,5.72
4671513088,4671513389,8.43
4671513389,4671513088,8.43
4664985077,4664985076,42.15
4664985076,4664985077,42.15
4664985085,4664985084,48.56
4664985084,4664985085,48.56
4664985189,4664985088,7.20
4664985088,4664985189,7.20
4664985088,4664985087,3.95
4664985087,4664985088,3.95
4664985087,4664985086,4.66
4664985086,4664985087,4.66
4664985086,1843884308,41.17
1843884308,4664985086,41.17
1843884364,4664985193,47.84
4664985193,1843884364,47.84
4664985193,4664985192,35.29
4664985192,4664985193,35.29
1843869949,6886817097,4.05
6886817097,1843869949,4.05
6886817097,1843869878,5.03
1843869878,6886817097,5.03
1843869878,1843869758,12.82
1843869758,1843869878,12.82
1843869758,6886817095,9.48
6886817095,1843869758,9.48
6886817095,4664985229,9.02
4664985229,6886817095,9.02
1843884331,1843869549,7.67
1843869549,1843884331,7.67
1843869549,6236571561,8.93
6236571561,1843869549,8.93
6236571561,1843869818,6.68
1843869818,6236571561,6.68
1843869818,6236571562,9.59
6236571562,1843869818,9.59
6236571562,1843869871,6.62
1843869871,6236571562,6.62
1843869871,6886817096,7.85
6886817096,1843869871,7.85
6886817096,1843869949,8.44
1843869949,6886817096,8.44
4664985236,6886916463,42.24
6886916463,4664985236,42.24
4664985249,4664985248,35.07
4664985248,4664985249,35.07
4664985251,4664985250,21.05
4664985250,4664985251,21.05
4664985266,4664985265,8.71
4664985265,4664985266,8.71
4664985265,6236487127,16.23
6236487127,4664985265,16.23
6236487127,4664985264,4.74
4664985264,6236487127,4.74
4664985272,4664985271,4.96
4664985271,4664985272,4.96
4664985271,1885958601,7.65
1885958601,4664985271,7.65
1885958601,4664985270,5.82
4664985270,1885958601,5.82
4664985270,6236487394,6.17
6236487394,4664985270,6.17
6236487394,4664985269,5.85
4664985269,6236487394,5.85
4664985273,5335953166,19.28
5335953166,4664985273,19.28
5335953166,10304010521,1.81
10304010521,5335953166,1.81
4664985277,4664985276,34.55
4664985276,4664985277,34.55
4664985279,4664985278,45.56
4664985278,4664985279,45.56
4664985278,10790032362,5.96
10790032362,4664985278,5.96
10790032362,4664985280,8.08
4664985280,10790032362,8.08
4664984854,4664984853,55.15
4664984853,4664984854,55.15
4664984857,4664984856,16.43
4664984856,4664984857,16.43
4664984860,4664984859,26.48
4664984859,4664984860,26.48
4667780669,4667780668,39.46
4667780668,4667780669,39.46
4667780668,4667780667,7.01
4667780667,4667780668,7.01
4667780667,4667780666,5.81
4667780666,4667780667,5.81
4667780666,4667780665,5.92
4667780665,4667780666,5.92
4667780665,6179169383,12.63
6179169383,4667780665,12.63
6179169383,4667780664,6.64
4667780664,6179169383,6.64
6179169338,6179169339,11.18
6179169339,6179169340,19.74
6179169340,6179169341,5.86
6179169341,6179169342,3.03
6179169342,10937754621,1.96
10937754621,6179169343,1.51
6179169343,1843869540,4.39
1843869540,4670756945,4.92
4670756945,1843869879,3.32
1843869879,4670756946,3.20
4670756946,1843869835,3.50
1843869835,1843869914,44.05
1843869914,4671260315,4.48
4671260315,6179169337,4.62
6179169337,6179169336,43.79
6179169336,6179169348,51.96
6179169348,10949906094,2.99
10949906094,6179169346,5.53
4670757094,11515076191,21.11
11515076191,4670757094,21.11
4670757111,10922508792,27.64
10922508792,4670757111,27.64
10922508792,11429094623,17.11
11429094623,10922508792,17.11
11429094623,4670757110,6.38
4670757110,11429094623,6.38
4670757110,6946535734,3.68
6946535734,4670757110,3.68
6946535734,6946535735,3.92
6946535735,6946535734,3.92
6946535735,1843869798,3.16
1843869798,6946535735,3.16
4670757112,10922508795,8.26
10922508795,6887083367,25.68
6887083367,11429094616,2.20
11429094616,4670757111,51.73
4670757111,10922508797,10.58
10922508797,4670757117,36.27
4670757117,6946535727,3.04
6946535727,6887083366,10.02
10922697143,6967343937,25.50
6967343937,10922697143,25.50
6967343937,4670757132,9.41
4670757132,6967343937,9.41
4670757132,4670757131,8.30
4670757131,4670757132,8.30
4670757131,4670757130,6.84
4670757130,4670757131,6.84
4670757130,4670757128,23.67
4670757128,4670757130,23.67
4670757128,4670757127,7.31
4670757127,4670757128,7.31
4670757127,4670757156,7.43
4670757156,4670757127,7.43
4670757156,6967343963,2.88
6967343963,4670757156,2.88
6967343963,4670757126,15.88
4670757126,6967343963,15.88
4670757126,6959195328,11.84
6959195328,4670757126,11.84
6959195328,6959195327,8.31
6959195327,6959195328,8.31
6959195327,6946535706,8.69
6946535706,6959195327,8.69
6946535706,7442808360,19.36
7442808360,6946535706,19.36
7442808360,9786704420,8.25
9786704420,7442808360,8.25
9786704420,10091432063,15.85
10091432063,9786704420,15.85
10091432063,7442808356,19.30
7442808356,10091432063,19.30
4670757156,4670757150,12.03
4670757150,4670757156,12.03
4670757150,11417541844,30.24
11417541844,4670757150,30.24
11417541844,11417541845,5.81
11417541845,11417541844,5.81
4670757162,4670757161,3.86
4670757161,4670757162,3.86
4670757161,4670757160,3.62
4670757160,4670757161,3.62
4670757160,4670757159,2.04
4670757159,4670757160,2.04
4670757159,4670757157,3.93
4670757157,4670757159,3.93
11413562899,4670757172,5.70
4670757172,11413562899,5.70
4670757172,4670757171,8.01
4670757171,4670757172,8.01
4670757171,4670757170,8.47
4670757170,4670757171,8.47
4670757170,4670757169,6.30
4670757169,4670757170,6.30
4670757169,4670757168,13.03
4670757168,4670757169,13.03
4670757168,11418968233,1.23
11418968233,4670757168,1.23
11418968233,4670757167,1.19
4670757167,11418968233,1.19
4670757177,4670757176,33.58
4670757176,4670757177,33.58
4670757183,4670757182,56.72
4670757182,4670757183,56.72
4670757185,4670757184,12.11
4670757186,4670757185,7.22
4670757188,4670757187,4.96
1854610620,4670757188,8.20
4670757187,11413557212,4.76
11413557212,11413557213,19.35
11413557213,4670757186,4.65
4670757491,4670757490,56.32
4670757490,4670757491,56.32
4670757493,11413557210,3.96
11413557210,4670757493,3.96
11413557211,6946535678,18.90
6946535678,11413557211,18.90
6946535678,6946535676,4.01
6946535676,6946535678,4.01
6946535676,6946535675,4.59
6946535675,6946535676,4.59
6946535675,6946535677,3.98
6946535677,6946535675,3.98
6946535677,4670757496,3.94
4670757496,6946535677,3.94
4670757496,10089084899,23.95
10089084899,4670757496,23.95
10089084899,4670757495,1.52
4670757495,10089084899,1.52
4670757495,10089084900,1.70
10089084900,4670757495,1.70
10089084900,4670757494,23.85
4670757494,10089084900,23.85
4670757499,4670757498,37.39
4670757498,4670757499,37.39
1854567320,4670757502,2.49
4670757502,4670757503,9.14
4670757503,4670757504,8.28
4670757510,2866619476,7.46
2866619476,4670757510,7.46
4670757511,4670757510,12.96
4670757510,4670757511,12.96
4670757512,1854610607,9.41
4670757513,4670757512,6.60
1854610604,4670757513,4.76
4670757516,11421552662,5.82
11421552662,4670757516,5.82
11421552662,4670757515,19.72
4670757515,11421552662,19.72
4670757518,1843843592,14.48
4670757519,4670757518,3.72
4670757522,4670757521,19.10
4670757521,4670757522,19.10
4670757521,4670757520,20.26
4670757520,4670757521,20.26
4670757011,4670757523,14.51
4670757523,4670757011,14.51
4670757523,4670757524,20.67
4670757524,4670757523,20.67
4670757524,4670757532,16.11
4670757532,4670757524,16.11
1840234510,1840234404,22.90
1840234404,6236571835,30.77
6236571835,6236571834,5.20
6236571834,6236571833,4.01
6236571833,1840234553,3.58
1840234553,1840234580,17.27
1854610608,4670757068,38.54
4670757068,1854610608,38.54
4670757019,4670757018,24.34
4670757018,4670757019,24.34
4670757021,4670757020,26.54
4670757020,4670757021,26.54
4670757035,4670757034,27.42
4670757034,4670757035,27.42
4670757040,4670757041,25.41
1854567329,4670757043,28.04
4670757043,1854567329,28.04
4670757045,4670757044,19.58
4670757044,4670757045,19.58
4670757047,4670757046,19.93
4670757046,4670757047,19.93
4670757049,4670757048,20.85
4670757048,4670757049,20.85
4670757050,1854567314,20.81
1854567314,4670757050,20.81
1854567310,6878819022,4.29
6878819022,1854567310,4.29
6878819022,6959195336,15.72
6959195336,6878819022,15.72
6959195336,1854610599,2.71
1854610599,6959195336,2.71
4670757034,11413557236,11.97
11413557236,11413602465,38.04
11413602465,11413557238,15.03
11413557238,11413557240,13.91
11413557240,1854567316,22.88
1854567316,11413557243,5.24
11413557243,6946535681,23.85
6946535681,1854567308,10.87
1854567308,11413602458,7.86
11413602458,1854567306,8.13
1854567306,11413602460,12.44
11413602460,11413602443,23.88
11413602443,4670757020,12.47
4670757020,11413602441,8.14
11413602441,1854567299,24.97
1854567346,10089084892,1.40
10089084892,1854567346,1.40
10089084892,1854567329,23.17
1854567329,10089084892,23.17
4670757053,4670757058,9.99
4670757058,4670757053,9.99
4670757054,4670757053,6.58
4670757053,4670757054,6.58
4670757057,11417452999,12.23
11417452999,4670757057,12.23
11417452999,10089084893,35.92
10089084893,11417452999,35.92
10089084893,4670757056,1.48
4670757056,10089084893,1.48
4670757056,10089084894,1.35
10089084894,4670757056,1.35
10089084894,4670757055,15.68
4670757055,10089084894,15.68
4670757060,11417453000,42.57
11417453000,4670757060,42.57
11417453000,4670757059,37.28
4670757059,11417453000,37.28
9786704422,11417541841,16.80
11417541841,11417541839,10.95
11417541839,4670757062,6.96
4670757062,10962561322,45.74
10962561322,4670757063,5.75
4670757067,2866619468,14.35
2866619468,4670757067,14.35
4670757066,4670757067,3.83
4670757067,4670757066,3.83
4670757070,4670757069,37.71
4670757069,4670757070,37.71
1854610612,1854610615,18.30
1854610615,1854610612,18.30
1854610612,10091432078,9.19
10091432078,1854610612,9.19
10091432078,4670757072,1.89
4670757072,10091432078,1.89
1854610599,6959195337,4.92
6959195337,1854610599,4.92
6959195337,1854610603,12.51
1854610603,6959195337,12.51
1854610603,1854567320,20.87
1854567320,1854610603,20.87
4670757074,4670757073,18.51
4670757073,4670757074,18.51
11516247606,4670757079,34.96
4670757079,11516247606,34.96
4670757082,4670757079,37.41
4670757079,4670757082,37.41
4670757079,4670757081,21.83
4670757081,4670757079,21.83
4670757084,4670757085,21.73
4670757085,4670757084,21.73
4670758091,4670758090,21.41
4670758090,4670758091,21.41
4670758090,11432924889,3.39
11432924889,4670758090,3.39
11432924889,4670758089,10.45
4670758089,11432924889,10.45
1843869624,6946535670,6.37
6946535670,1843869624,6.37
6946535670,4670758093,19.87
4670758093,6946535670,19.87
4670758093,11432890678,20.13
11432890678,4670758093,20.13
4670758105,4670758104,22.99
4670758104,4670758105,22.99
4670758104,4670758103,63.49
4670758103,4670758104,63.49
4670758103,6236571801,11.68
6236571801,4670758103,11.68
6236571801,4670758106,23.00
4670758106,6236571801,23.00
4670758040,2866619465,4.48
1840234573,1843844047,9.98
1843844047,4670758091,28.25
4670758091,6236571811,5.51
6236571811,1843869692,30.53
1843869692,6236571809,19.49
6236571809,6236571802,51.29
6236571802,10916901739,3.31
10916901739,342239742,94.10
2830312014,10962468225,6.10
10962468225,1840234460,73.81
1840234460,4670758041,9.75
4670758041,4670758048,11.97
4670758048,1840234633,17.14
1840234633,4670758044,13.87
4670758044,1843843632,9.82
1843843632,6236571815,3.94
6236571815,4670758042,40.89
4670758042,1840234573,56.19
4670758043,6236571814,11.64
6236571814,4670758043,11.64
6236571814,4670758042,24.27
4670758042,6236571814,24.27
4670758046,4670758045,5.56
4670758045,4670758046,5.56
4670758045,4670758044,25.58
4670758044,4670758045,25.58
4670758054,4670758049,20.83
4670758049,4670758054,20.83
4670758049,4670758053,13.88
4670758053,4670758049,13.88
4670758053,4670758047,12.57
4670758047,4670758053,12.57
4670758049,4670758048,22.47
4670758048,4670758049,22.47
4670758052,4670758051,8.71
4670758051,4670758052,8.71
4670758051,4670758049,14.21
4670758049,4670758051,14.21
1840234476,4670758058,16.62
4670758058,1840234476,16.62
12190322744,12190322743,17.38
12190322743,12190322744,17.38
12190322743,13016472167,7.05
13016472167,12190322743,7.05
13016472167,12190322742,4.91
12190322742,13016472167,4.91
12190322742,4670758063,13.94
4670758063,12190322742,13.94
4670758063,10925283443,23.48
10925283443,4670758063,23.48
10925283443,1843843726,39.34
1843843726,10925283443,39.34
4670758067,4670758068,59.60
4670758068,4670758067,59.60
1843843752,6236487135,33.14
6236487135,1843843718,31.33
1843843718,1843843601,35.86
4671252595,10949902159,3.53
10949902159,4671252595,3.53
4671252597,10949902158,3.86
10949902158,4671252597,3.86
4671258935,4671258934,19.54
4671258934,4671258935,19.54
4671258934,6236360188,8.28
6236360188,4671258934,8.28
6236360188,4671258933,7.64
4671258933,6236360188,7.64
4671258941,4671258942,29.96
4671258942,4671258941,29.96
4671258952,4671258951,20.51
4671258951,4671258952,20.51
4671258951,4671258949,4.33
4671258949,4671258951,4.33
4671258954,6946535716,6.65
6946535716,4671258954,6.65
6946535716,4671258953,24.61
4671258953,6946535716,24.61
4671258963,6886666648,23.13
6886666648,4671258963,23.13
6886666648,6886752940,12.48
6886752940,6886666648,12.48
6886752940,4671258955,3.21
4671258955,6886752940,3.21
4671252648,6946535709,4.60
6946535709,4671252648,4.60
6946535709,6946535708,27.08
6946535708,6946535709,27.08
4671252653,4671252652,33.50
4671252652,4671252653,33.50
4671252652,11421113706,7.16
11421113706,4671252652,7.16
11421113706,4671252651,2.18
4671252651,11421113706,2.18
4671252656,6868248486,7.02
6868248486,4671252656,7.02
6868248486,6946535648,3.90
6946535648,6868248486,3.90
6946535648,4671252655,4.27
4671252655,6946535648,4.27
4671252655,4671252654,26.86
4671252654,4671252655,26.86
4671252659,6868248487,8.59
6868248487,4671252659,8.59
6868248487,6946535647,2.23
6946535647,6868248487,2.23
6946535647,6946535646,2.70
6946535646,6946535647,2.70
6946535646,4671252658,2.98
4671252658,6946535646,2.98
4671252658,4671252657,28.18
4671252657,4671252658,28.18
4671252662,6868248488,8.75
6868248488,4671252662,8.75
6868248488,6946535645,2.36
6946535645,6868248488,2.36
6946535645,6946535644,2.48
6946535644,6946535645,2.48
6946535644,11421413961,1.57
11421413961,6946535644,1.57
11421413961,4671252661,1.46
4671252661,11421413961,1.46
4671252661,11421413964,25.63
11421413964,4671252661,25.63
11421413964,4671252660,4.18
4671252660,11421413964,4.18
4671252665,6868248489,8.67
6868248489,4671252665,8.67
6868248489,6946535643,2.92
6946535643,6868248489,2.92
6946535643,6946535642,2.70
6946535642,6946535643,2.70
6946535642,4671252664,2.86
4671252664,6946535642,2.86
4671252664,11421113697,22.75
11421113697,4671252664,22.75
11421113697,4671252663,6.02
4671252663,11421113697,6.02
4671259826,4593425498,56.84
4593425498,4671259826,56.84
4671252670,4671252668,30.78
4671252668,4671252670,30.78
4671252672,4671252671,32.16
4671252671,4671252672,32.16
4671252682,4671252673,32.71
4671252673,4671252682,32.71
4671252683,4671252674,37.93
4671252674,4671252683,37.93
4671252676,4671252675,19.59
4671252675,4671252676,19.59
4671252678,4671252677,31.75
4671252677,4671252678,31.75
4671252680,4671252679,32.39
4671252679,4671252680,32.39
10922665728,4671252683,62.78
4671252683,10922665728,62.78
4671252683,4671252682,43.17
4671252682,4671252683,43.17
4671252682,4671252672,15.44
4671252672,4671252682,15.44
4671252672,4671252667,14.44
4671252667,4671252672,14.44
4671252667,4671252668,31.19
4671252668,4671252667,31.19
4671259792,4671259791,19.35
4671259791,4671259792,19.35
4671259791,4671259790,8.13
4671259790,4671259791,8.13
4671259790,4671259789,10.31
4671259789,4671259790,10.31
4671259789,4671258988,10.77
4671258988,4671259789,10.77
4671258988,4671258987,11.51
4671258987,4671258988,11.51
4671258987,4671258986,79.94
4671258986,4671258987,79.94
4671259800,4671252674,150.53
4671252674,4671259800,150.53
4671259747,4671259746,32.05
4671259746,4671259747,32.05
4671259767,4671259766,4.85
4671259766,4671259767,4.85
4671259766,4671259765,4.31
4671259765,4671259766,4.31
4671259765,4671259764,3.31
4671259764,4671259765,3.31
4671259764,4671259763,6.41
4671259763,4671259764,6.41
4671259763,4671259762,3.41
4671259762,4671259763,3.41
4671259762,4671259761,4.06
4671259761,4671259762,4.06
4671259761,4671259752,5.68
4671259752,4671259761,5.68
4671259752,4671259760,27.38
4671259760,4671259752,27.38
4671256584,1843955054,33.48
1843955054,4671256584,33.48
1843955054,10922495967,10.26
10922495967,1843955054,10.26
10922495967,4593444940,20.00
4593444940,10922495967,20.00
4593470321,1843955845,5.03
1843955845,4593470321,5.03
1843955845,4671224267,5.35
4671224267,1843955845,5.35
4671224267,4671259641,16.58
4671259641,4671224267,16.58
4671259641,1843955623,12.62
1843955623,4671259641,12.62
1843955886,4593457499,11.94
4593457499,1843955886,11.94
4593457499,4593470321,3.61
4593470321,4593457499,3.61
4671260295,4671260294,11.93
4671260294,4671260295,11.93
4671260294,4671260293,3.33
4671260293,4671260294,3.33
1843955888,12077071281,17.86
12077071281,1843955888,17.86
12077071281,1843955085,7.73
1843955085,12077071281,7.73
1843955085,1843955849,43.72
1843955849,1843955085,43.72
1843955849,12077063655,5.25
12077063655,1843955849,5.25
12077063655,12077063654,49.59
12077063654,12077063655,49.59
12077063654,4671224278,16.08
4671224278,12077063654,16.08
4671259641,4671259640,34.16
4671259640,4671259641,34.16
4671259640,4671259639,65.60
4671259639,4671259640,65.60
4671224267,4671224266,34.16
4671224266,4671224267,34.16
4671224266,4671259642,65.60
4671259642,4671224266,65.60
4671224278,4671224277,13.52
4671224277,4671224278,13.52
4671224277,4671224276,4.82
4671224276,4671224277,4.82
4671224276,4671224275,5.94
4671224275,4671224276,5.94
4671224275,4671224274,7.53
4671224274,4671224275,7.53
4671224274,12077071279,38.00
12077071279,4671224274,38.00
12077071279,4671224273,58.40
4671224273,12077071279,58.40
4671224273,4671224272,46.60
4671224272,4671224273,46.60
4671224272,4671224271,2.33
4671224271,4671224272,2.33
4671224271,6946535606,2.36
6946535606,4671224271,2.36
6946535606,4671224270,2.40
4671224270,6946535606,2.40
4671224270,1843955912,2.03
1843955912,4671224270,2.03
1843955912,4593451116,86.94
4593451116,1843955912,86.94
4593451116,4671260297,32.31
4671260297,4593451116,32.31
4671260297,4671224278,13.65
4671224278,4671260297,13.65
1843954994,10998429435,7.15
10998429435,1843954994,7.15
10998429435,4671224287,3.63
4671224287,10998429435,3.63
4671260293,4671224266,10.66
4671224266,4671260293,10.66
4671224266,4671259640,16.58
4671259640,4671224266,16.58
1843884453,1843884264,8.30
1843884264,1843884453,8.30
1843884264,4671260301,5.83
4671260301,1843884264,5.83
4671260301,1843884321,48.06
1843884321,4671260301,48.06
10949906096,11181967713,15.98
11181967713,10949906096,15.98
4671259664,4671259663,28.74
4671259663,4671259664,28.74
4671259663,4671259662,14.58
4671259662,4671259663,14.58
4671259666,4671259665,38.14
4671259665,4671259666,38.14
1843884375,4671259667,36.45
4671259667,1843884375,36.45
4593252820,6967343921,7.06
6967343921,4593252820,7.06
6967343921,4671252653,35.69
4671252653,6967343921,35.69
4671252653,1843884265,10.34
1843884265,4671252653,10.34
1843884265,1843884372,34.72
1843884372,1843884265,34.72
1843884372,6868228119,3.75
6868228119,1843884372,3.75
6868228119,1946518372,4.06
1946518372,6868228119,4.06
4671259672,4671259671,19.33
4671259671,4671259672,19.33
4671259675,4671259674,19.10
4671259674,4671259675,19.10
4671259674,4671259673,21.83
4671259673,4671259674,21.83
4671259677,4671259676,33.77
4671259676,4671259677,33.77
4671259680,4671259679,15.06
4671259679,4671259680,15.06
4671259679,4671259678,25.10
4671259678,4671259679,25.10
4671259683,10879642480,2.16
10879642480,4671259683,2.16
10879642480,10091432071,10.08
10091432071,10879642480,10.08
10091432071,6886752942,2.00
6886752942,10091432071,2.00
6886752942,10091432072,1.68
10091432072,6886752942,1.68
10091432072,4671259681,18.80
4671259681,10091432072,18.80
4671259685,10091432074,8.21
10091432074,4671259685,8.21
10091432074,4671259684,1.60
4671259684,10091432074,1.60
4671259684,10091432073,1.56
10091432073,4671259684,1.56
10091432073,4671259683,29.49
4671259683,10091432073,29.49
4671259683,4671259682,7.95
4671259682,4671259683,7.95
4671260489,4671259688,38.37
4671259688,4671260489,38.37
4671260054,4671260053,15.35
4671260053,4671260054,15.35
4671260053,4671260050,19.54
4671260050,4671260053,19.54
4671260050,4671260049,12.38
4671260049,4671260050,12.38
4671260061,4671260059,12.20
4671260059,4671260061,12.20
1843884240,4671260062,5.92
4671260062,1843884240,5.92
4671260062,4671260061,61.58
4671260061,4671260062,61.58
4671260061,4671260060,52.94
4671260060,4671260061,52.94
4671260068,1843884268,24.90
1843884268,4671260068,24.90
4671260067,4671260068,19.27
4671260068,4671260067,19.27
4671260070,12077076176,6.49
12077076176,4671260070,6.49
12077076176,4671260067,3.13
4671260067,12077076176,3.13
4671320392,5336035986,18.31
5336035986,4671320392,18.31
5336035986,5336035987,5.41
5336035987,5336035986,5.41
5336035987,4671320393,6.42
4671320393,5336035987,6.42
4664985021,12610075918,7.86
12610075918,4664985021,7.86
12610075918,12610075919,8.52
12610075919,12610075918,8.52
12610075919,12610075920,9.89
12610075920,12610075919,9.89
12610075920,12610075921,7.84
12610075921,12610075920,7.84
12610075921,12610075922,2.61
12610075922,12610075921,2.61
12610075922,12610075923,2.78
12610075923,12610075922,2.78
12610075923,12610075924,5.38
12610075924,12610075923,5.38
12610075924,12610075925,4.45
12610075925,12610075924,4.45
12610075925,4671513432,8.53
4671513432,12610075925,8.53
4671513812,4671513815,1.82
4671513815,4671513812,1.82
5533548604,6946535751,13.23
6946535751,5533548604,13.23
6946535751,6946535750,37.30
6946535750,6946535751,37.30
6946535750,4681968813,12.67
4681968813,6946535750,12.67
4681968813,4681968814,24.92
4681968814,4681968813,24.92
4681968814,4681968815,13.11
4681968815,4681968814,13.11
4681968815,6946535749,1.72
6946535749,4681968815,1.72
6946535749,1847297820,2.08
1847297820,6946535749,2.08
10904937989,5533548604,4.07
5533548604,10904937989,4.07
5533548604,5533548603,47.38
5533548603,5533548604,47.38
5533548603,6892805406,14.28
6892805406,5533548603,14.28
6892805406,5533548602,11.64
5533548602,6892805406,11.64
5533548602,5533548601,7.16
5533548601,5533548602,7.16
5533548601,5533548600,16.03
5533548600,5533548601,16.03
6241445171,10904937991,4.58
10904937991,6241445171,4.58
10904937991,11948655760,29.32
11948655760,10904937991,29.32
11948655760,10904937992,22.00
10904937992,11948655760,22.00
10904937992,4681968823,1.72
4681968823,10904937992,1.72
4681968829,4681968828,4.77
4681968828,4681968829,4.77
4681968828,4681968827,9.03
4681968827,4681968828,9.03
4681968827,4681968823,8.63
4681968823,4681968827,8.63
4681968823,5021787574,49.04
5021787574,4681968823,49.04
1843869551,5021787591,38.32
5021787591,5021787587,15.75
5021787587,6868204011,5.54
6868204011,11006413516,4.33
11006413516,6938555171,1.64
6938555171,5021787588,7.50
5021787588,5021787589,9.08
5021787589,4542131306,46.36
4542131306,4542131305,19.84
4542131305,4542131304,10.45
4542131304,4542131303,8.29
4542131303,11002525916,6.24
11002525916,4542131302,2.33
4542131302,4542131301,7.05
4542131301,4542131300,10.60
4542131300,4542131299,18.28
4542131299,4542131298,13.78
4542131298,4542131297,16.81
4542131297,4542131296,18.83
4542131296,6938555170,15.74
6938555170,6938555169,11.32
6938555169,1842449736,16.37
1885958705,5297635258,13.74
5297635258,4543361228,151.31
4543361228,1885958718,47.86
5023638749,9919674371,8.22
5900733965,5900733967,51.02
5900733967,5900733314,17.31
5900733314,5900733335,21.18
5900733335,5900733336,30.45
1840291157,2523562403,8.11
2523562403,1840291157,8.11
2523562403,258179030,8.11
258179030,2523562403,8.11
258179030,2523562396,8.12
2523562396,258179030,8.12
2523562396,258179031,8.10
258179031,2523562396,8.10
258179031,2523562400,8.11
2523562400,258179031,8.11
2523562400,6879850168,8.11
6879850168,2523562400,8.11
258179027,1840291157,8.75
1840291157,258179027,8.75
6879898516,258179023,8.16
258179023,6879898516,8.16
258179023,2523562422,8.17
2523562422,258179023,8.17
2523562422,1840291116,8.16
1840291116,2523562422,8.16
1840291116,2523562415,8.16
2523562415,1840291116,8.16
2523562415,6938555178,8.16
6938555178,2523562415,8.16
6938555178,258179027,8.16
258179027,6938555178,8.16
342237138,6892914595,9.64
6892914595,342237138,9.64
6892914595,4592867832,53.19
4592867832,6892914595,53.19
4592867832,6988667618,43.94
6988667618,4592867832,43.94
6988667618,6988667617,31.80
6988667617,6988667618,31.80
6988667617,11639030702,18.73
11639030702,6988667617,18.73
11639030702,6892861230,12.14
6892861230,11639030702,12.14
6892861230,4597856884,6.89
4597856884,6892861230,6.89
4597856884,6892861231,6.36
6892861231,4597856884,6.36
6892861231,11639030700,38.91
11639030700,6892861231,38.91
11639030700,4597856995,8.86
4597856995,11639030700,8.86
4597856995,11541727696,63.90
11541727696,4597856995,63.90
11541727696,6988667615,22.29
6988667615,11541727696,22.29
6988667615,11384768754,14.16
11384768754,6988667615,14.16
11384768754,6988667594,8.63
6988667594,11384768754,8.63
6988667594,4597857038,60.50
4597857038,6988667594,60.50
4597857038,11009459119,22.86
11009459119,4597857038,22.86
11009459119,4597857035,6.61
4597857035,11009459119,6.61
4597857035,1863544231,24.96
1863544231,4597857035,24.96
1885959987,1885959989,30.43
1885959989,1885959987,30.43
4664939440,4664939428,52.62
4664939428,4664985275,32.93
4664985275,5335953171,68.66
4543361190,11198606336,48.35
11198606336,12476153606,17.08
12476153606,3325958605,12.92
11198390816,5335953170,21.38
5335953170,11198390816,21.38
5335953170,5335953169,22.07
5335953169,5335953170,22.07
5335953169,6236208935,1.83
6236208935,5335953169,1.83
6236208935,6236285039,3.26
6236285039,6236208935,3.26
3924076203,4664939424,8.23
4664939424,3924076203,8.23
4664939424,4664939423,9.97
4664939423,4664939424,9.97
4664939423,4664939425,9.24
4664939425,4664939423,9.24
4664939425,5335953228,16.61
5335953228,4664939425,16.61
5335953228,1885958606,3.73
1885958606,5335953228,3.73
1885958606,5335953226,3.77
5335953226,1885958606,3.77
5335953226,10304010523,7.34
10304010523,5335953226,7.34
5335953232,6892829014,22.45
6892829014,5335953232,22.45
6892829014,11406409477,8.52
11406409477,6892829014,8.52
11406409477,6892829013,7.28
6892829013,11406409477,7.28
6892829013,6892829011,10.22
6892829011,6892829013,10.22
6892829011,11406409473,6.67
11406409473,6892829011,6.67
5335953231,6892829018,4.01
6892829018,5335953231,4.01
6892829018,5335953230,3.74
5335953230,6892829018,3.74
5335953230,10792580067,5.52
10792580067,5335953230,5.52
10792580067,5335953229,6.81
5335953229,10792580067,6.81
1867953798,5335953233,88.99
5335953233,5023638731,112.07
1863546257,11198391188,58.69
11198391188,1863546257,58.69
11198391188,11198390791,13.44
11198390791,11198391188,13.44
11198390791,11198390797,3.48
11198390797,11198390791,3.48
11198390797,11198390795,2.76
11198390795,11198390797,2.76
11198390795,11198391206,19.83
11198391206,11198390795,19.83
11198391206,11198391209,37.88
11198391209,11198391206,37.88
11198391209,11198390772,3.37
11198390772,11198391209,3.37
11198390772,10912824326,20.93
10912824326,11198390772,20.93
10912824326,1868496411,41.68
1868496411,10912824326,41.68
1885960016,6918323548,7.80
6918323548,1885960016,7.80
6918323548,1885958654,7.07
1885958654,6918323548,7.07
1885958654,4664984852,5.02
4664984852,1885958654,5.02
4664984852,1885958652,2.38
1885958652,4664984852,2.38
1885958652,10790032339,3.61
10790032339,1885958652,3.61
10790032339,9919851413,8.76
9919851413,10790032339,8.76
5335953171,1885958604,77.52
1885958604,12145110053,210.44
12145110053,5297635260,190.45
5297635260,5023638746,40.04
1993543611,5023638728,36.50
5023638728,1993543611,36.50
5023638728,10792307268,3.39
10792307268,5023638728,3.39
10792307268,10790026586,2.66
10790026586,10792307268,2.66
10790026586,9919851390,6.44
9919851390,10790026586,6.44
576989624,576989623,44.91
576989623,576989624,44.91
576989623,576989622,12.14
576989622,576989623,12.14
576989622,1843869782,7.39
1843869782,576989622,7.39
4664905096,1458030796,77.01
6883094658,4553150222,13.41
4553150222,2863648667,5.93
2863648672,4670757042,11.61
4670757043,5336035985,22.27
5336035985,4670757043,22.27
4671320393,1854567302,169.72
4664905113,4664905096,60.89
1458030796,4664924383,23.49
4664924383,4543889481,196.62
6177290847,6177290848,45.02
6177290848,4759529710,10.69
1843843661,6177290854,11.41
6177290854,5295845236,13.99
5295845236,2830312014,122.44
4664867513,5336036010,47.52
5336036010,4664867513,47.52
5336036010,5336036009,5.24
5336036009,5336036010,5.24
5336036009,6878819018,5.36
6878819018,5336036009,5.36
6878819018,4664867518,1.47
4664867518,6878819018,1.47
2830312014,6177290856,69.32
6177290856,1840234388,11.26
1840234388,5295814285,45.61
5295814285,3325958606,47.27
6175534582,5295447189,30.74
5295447189,2379041193,19.79
2379041193,6177290857,10.20
1840234367,5336036017,17.31
5336036017,1840234367,17.31
1843574958,6878819017,2.44
6878819017,1843574958,2.44
6878819017,10962516237,4.88
10962516237,6878819017,4.88
10962516237,4592959951,1.39
4592959951,10962516237,1.39
4592959951,4664866054,33.71
4664866054,4592959951,33.71
4664866054,10922895968,6.54
10922895968,4664866054,6.54
10922895968,10922895977,79.98
10922895977,10922895968,79.98
10922895977,1843575077,2.62
1843575077,10922895977,2.62
1843575077,10152544318,4.06
10152544318,1843575077,4.06
10152544318,12582906161,22.91
12582906161,10152544318,22.91
12582906161,10962531820,8.72
10962531820,12582906161,8.72
10962531820,6177242792,2.89
6177242792,10962531820,2.89
6177242792,1831373636,38.84
1831373636,6177242792,38.84
1831373636,12160755044,40.25
12160755044,1831373636,40.25
12160755044,2619566927,14.97
2619566927,12160755044,14.97
2619566927,6177242796,3.60
6177242796,2619566927,3.60
6177242796,6177242799,23.03
6177242799,6177242796,23.03
6177242799,4664866085,61.03
4664866085,6177242799,61.03
4664866085,4548249748,7.72
4548249748,4664866085,7.72
4548249748,1831373634,10.07
1831373634,4548249748,10.07
342239750,6886666622,6.87
6886666622,342239750,6.87
6886666622,6886666623,8.33
6886666623,6886666622,8.33
6886666623,4664985253,16.58
4664985253,6886666623,16.58
4664985253,342240658,102.16
342240658,4664985253,102.16
342240658,4664985248,16.17
4664985248,342240658,16.17
4664985248,4664985252,8.16
4664985252,4664985248,8.16
4664985252,4664985250,17.37
4664985250,4664985252,17.37
4664985250,342240659,3.74
342240659,4664985250,3.74
1843843673,6886805869,9.49
6886805869,1843843673,9.49
6886805869,1843843671,6.06
1843843671,6886805869,6.06
1843843671,6946535725,8.83
6946535725,1843843671,8.83
6946535725,1843843770,10.24
1843843770,6946535725,10.24
1843843770,1843843665,12.87
1843843665,1843843770,12.87
1843843665,1843843657,10.03
1843843657,1843843665,10.03
1843843657,1843843604,27.00
1843843604,1843843657,27.00
1843843604,6946535726,14.03
6946535726,1843843604,14.03
6946535726,1843843675,19.67
1843843675,6946535726,19.67
1843843675,1843843722,26.94
1843843722,1843843675,26.94
1843843722,1843843615,11.61
1843843615,1843843722,11.61
1843843615,1843843597,7.96
1843843597,1843843615,7.96
1843843597,1843869724,52.74
1843869724,1843843597,52.74
1843869724,4670757094,24.01
4670757094,1843869724,24.01
4670757094,11404401338,7.73
11404401338,4670757094,7.73
11404401338,11515076192,22.36
11515076192,11404401338,22.36
11515076192,6967343949,22.24
6967343949,11515076192,22.24
6967343949,4670758107,17.63
4670758107,6967343949,17.63
4670758107,10916901719,43.19
10916901719,4670758107,43.19
10916901719,11413515367,9.35
11413515367,10916901719,9.35
11413515367,1843869770,4.34
1843869770,11413515367,4.34
1843869770,1843869856,22.90
1843869856,1843869770,22.90
1843869856,11237112158,9.65
11237112158,1843869856,9.65
11237112158,11237112403,13.06
11237112403,11237112158,13.06
11237112403,1854610618,18.08
1854610618,11237112403,18.08
1854610618,1843869831,9.83
1843869831,1854610618,9.83
1843869831,1843869847,49.64
1843869847,1843869831,49.64
1843869847,1843843700,56.22
1843843700,1843869847,56.22
1843843700,4670757080,38.30
4670757080,1843843700,38.30
4670757080,1843843612,22.00
1843843612,4670757080,22.00
4671259657,4671259659,24.35
4671259659,4671259657,24.35
4671259659,4671259660,7.67
4671259660,4671259659,7.67
4671259660,4671259661,10.94
4671259661,4671259660,10.94
4671259661,1843884287,11.52
1843884287,4671259661,11.52
1843884287,6946535610,19.09
6946535610,1843884287,19.09
6946535610,1843884235,33.26
1843884235,6946535610,33.26
1843884235,1843884399,47.12
1843884399,1843884235,47.12
342234396,6886353695,16.50
6886353695,342234396,16.50
6886353695,4584299364,4.95
4584299364,6886353695,4.95
4584299364,6310290498,55.52
6310290498,4584299364,55.52
6310290498,11709381501,1.57
11709381501,6310290498,1.57
11709381501,4584301843,50.79
4584301843,11709381501,50.79
4584301843,342235014,8.40
342235014,4584301843,8.40
4593268898,1843869728,33.12
1843869728,4593268898,33.12
1843884310,6887030708,13.40
6887030708,1843884310,13.40
6887030708,6887030709,10.70
6887030709,6887030708,10.70
6887030709,11215124134,25.15
11215124134,6887030709,25.15
11215124134,4593252820,24.45
4593252820,11215124134,24.45
1458030819,4543889473,6.23
4543889473,2863650100,16.12
6179169296,11002525911,9.42
11002525911,6179169296,9.42
11002525911,4542131300,4.18
4542131300,11002525911,4.18
5530185497,5530185496,15.18
5530185496,5530185497,15.18
6179169296,5530185495,9.97
5530185495,6179169296,9.97
4542131304,11002525910,4.55
11002525910,4542131304,4.55
11002525910,5530185497,6.32
5530185497,11002525910,6.32
6892805404,5533548550,4.95
5533548550,6892805404,4.95
5533548550,5533548551,6.59
5533548551,5533548550,6.59
5533548551,6946535793,6.63
6946535793,5533548551,6.63
6946535793,5533548552,23.98
5533548552,6946535793,23.98
1843955841,5533548571,45.11
5533548571,1843955841,45.11
5533548571,11384768725,34.63
11384768725,5533548571,34.63
11384768725,11384768726,27.26
11384768726,11384768725,27.26
5538162793,5538162747,3.12
5538162747,5538162793,3.12
5538162747,5538162792,16.96
5538162792,5538162747,16.96
5538162792,10904937986,21.59
10904937986,5538162792,21.59
5538162796,5538162795,78.70
5538162795,5538162794,8.96
1847297652,1847297786,29.29
1847297786,1847297914,48.75
1854567379,4553150218,60.42
4553150218,1854567379,60.42
4553150218,11076142539,7.64
11076142539,4553150218,7.64
11076142539,11076142534,38.72
11076142534,11076142539,38.72
11076142534,1854567407,3.07
1854567407,11076142534,3.07
1854567407,1854567405,22.63
1854567405,1854567407,22.63
1854567405,1854567415,32.05
1854567415,1854567405,32.05
4592867818,4592867823,11.25
4592867823,4592867818,11.25
4592867823,5021787583,9.13
5021787583,4592867823,9.13
5023638731,5335953167,47.36
5335953167,6236209199,95.05
6129435045,4664939440,35.88
6236209199,5900733965,34.48
2866619474,11432878154,33.17
11432878154,2866619474,33.17
11432878154,4670757084,11.88
4670757084,11432878154,11.88
6177290821,11072021953,7.76
11072021953,6177290823,23.67
6177290823,4664924433,6.02
4664924433,11072021956,4.57
11072021956,9063216623,10.21
4664924343,4664924342,34.61
4664924342,4664924343,34.61
12146921432,6177328103,25.58
6177328103,12146921432,25.58
6177328103,6177328102,5.23
6177328102,6177328103,5.23
6177328102,6177328101,4.34
6177328101,6177328102,4.34
6177328101,6177328100,4.11
6177328100,6177328101,4.11
6177328100,6177328097,3.80
6177328097,6177328100,3.80
6177328097,6177328094,15.61
6177328094,6177328097,15.61
1854567302,6177290847,45.25
4759529710,4548249750,27.90
4548249750,1843843661,10.22
1843574958,4759529710,10.69
4759529710,1843574958,10.69
4759529711,6881936263,29.58
6881936263,1843574958,8.47
6177290857,4664867518,77.53
1458030817,9621291499,28.46
9621291499,10916930182,29.17
10916930182,6959218989,17.16
6959218989,6175534582,28.93
4664867518,12068872704,8.53
12068872704,10962468208,43.00
10962468208,6177290851,8.62
6177290851,6177290853,68.44
6177290853,4759529711,11.30
1843843661,4759529711,10.69
4759529711,1843843661,10.69
4539916185,6177316912,4.38
6177316912,4539916185,4.38
6177316912,6177316959,13.87
6177316959,6177316912,13.87
6177316959,6288502750,3.73
6288502750,6177316959,3.73
6288502750,1851805054,9.22
1851805054,6288502750,9.22
4539916184,6177316919,13.29
6177316919,6177316920,27.38
6177316920,4539916185,20.10
6177316960,11072133832,29.73
11072133832,6177316960,29.73
11072133832,6177316963,4.43
6177316963,11072133832,4.43
6177316963,6177316964,9.13
6177316964,6177316963,9.13
6177316968,6177316967,41.15
6177316967,6177316968,41.15
390225165,4546765772,7.75
4546765772,2863648672,16.02
4664924375,6177425570,4.84
6177425570,6177425571,61.92
6177425571,4664924374,16.01
5530185496,6179169296,3.56
6179169296,5530185496,3.56
4542128565,11303129500,1.97
11303129500,4542128565,1.97
11303129500,12111663574,37.95
12111663574,11303129500,37.95
12111663574,10949906096,4.03
10949906096,12111663574,4.03
4670756944,6179169319,3.79
6179169319,6179169318,3.42
6179169318,6179169317,3.27
6179169317,6179169316,3.98
6179169316,6179169315,3.12
6179169315,6179169314,3.21
6179169314,6179169313,5.68
6179169313,6179169312,5.02
6179169312,6179169311,13.68
6179169311,6179169310,20.96
6179169310,6179169309,41.18
6179169309,6179169308,2.08
6179169308,6179169307,1.97
6179169307,6179169306,1.96
6179169306,6179169305,1.91
6179169305,6179169346,16.82
6179169320,6179169321,11.24
6179169321,6179169322,5.16
6179169322,6179169323,15.64
6179169323,6179169324,2.04
6179169324,6179169325,2.51
6179169325,6179169326,1.40
6179169326,6179169327,2.61
6179169327,6179169328,3.63
6179169328,6179169329,3.95
6179169329,6179169330,3.43
6179169330,6179169331,4.29
6179169331,6179169332,2.09
6179169332,6179169333,2.59
6179169333,6179169334,7.45
6179169334,1843869548,38.48
1843869548,4670756944,15.65
6179169362,10937754624,1.66
10937754624,6179169362,1.66
10937754624,6241445166,2.07
6241445166,10937754624,2.07
6241445166,1843869647,1.69
1843869647,6241445166,1.69
1843869647,1843869551,9.22
1843869551,1843869647,9.22
4542128559,6179169367,16.63
6179169361,4542128560,10.94
6179169367,6179169364,2.12
6179169364,6179169366,19.57
6179169366,6179169363,39.60
6179169369,6179169370,39.60
6179169370,6179169369,39.60
6179169370,6179169363,15.35
6179169363,6179169370,15.35
6179169363,10937754620,2.43
10937754620,6179169363,2.43
10937754620,1843869594,2.48
1843869594,10937754620,2.48
6179169366,6179169369,15.34
6179169369,6179169366,15.34
6179169369,6179169362,8.94
6179169362,6179169369,8.94
6179169369,6179169368,19.57
6179169368,6179169369,19.57
6179169368,6179169365,12.32
6179169365,6179169368,12.32
6179169365,6179169364,3.02
6179169364,6179169365,3.02
1843869594,6179169361,66.87
6179169919,6179169920,3.16
6179169920,6179169919,3.16
6179169920,6179169921,1.75
6179169921,6179169920,1.75
6179169921,6179169922,2.23
6179169922,6179169921,2.23
6179169922,1843955999,3.40
1843955999,6179169922,3.40
1843955999,1843955231,20.23
1843955231,1843955999,20.23
1843955231,6179169923,5.96
6179169923,1843955231,5.96
6179169923,1843955197,2.61
1843955197,6179169923,2.61
1843955197,1843955827,14.67
1843955827,1843955197,14.67
1843955827,6179169924,4.84
6179169924,1843955827,4.84
6236208934,6236208933,4.66
6236208933,6236208934,4.66
6236208933,6236208932,12.42
6236208932,6236208933,12.42
6236208932,6236208946,3.30
6236208946,6236208932,3.30
6236208946,5900733325,3.43
5900733325,6236208946,3.43
10790032111,10790032110,8.33
10790032110,10790032111,8.33
10790032110,10790032109,8.24
10790032109,10790032110,8.24
10790032109,10790032108,8.40
10790032108,10790032109,8.40
10790032108,10790032107,10.70
10790032107,10790032108,10.70
10790032107,6970934070,14.52
6970934070,10790032107,14.52
6970934070,6970934067,12.96
6970934067,6970934070,12.96
6970934067,6970934066,58.14
6970934066,6970934067,58.14
6970934066,6970934065,55.58
6970934065,6970934066,55.58
6970934065,6970934064,38.03
6970934064,6970934065,38.03
6970934064,6970934063,57.85
6970934063,6970934064,57.85
6970934063,10795757368,39.39
10795757368,6970934063,39.39
10795757368,5335953235,5.54
5335953235,10795757368,5.54
5335953235,10795757369,4.70
10795757369,5335953235,4.70
10795757369,11406409489,15.46
11406409489,10795757369,15.46
11406409489,10792580083,24.42
10792580083,11406409489,24.42
10792580083,10792580082,38.86
10792580082,10792580083,38.86
10792580082,10795757370,9.81
10795757370,10792580082,9.81
10795757370,10792580067,3.03
10792580067,10795757370,3.03
10792580067,10795757371,8.43
10795757371,10792580067,8.43
10795757371,10792580080,38.10
10792580080,10795757371,38.10
10792580080,10795757373,29.13
10795757373,10792580080,29.13
10795757373,6828409125,6.32
6828409125,10795757373,6.32
6828409125,10792580078,5.38
10792580078,6828409125,5.38
10792580078,10795757374,39.65
10795757374,10792580078,39.65
10795757374,6236208935,6.06
6236208935,10795757374,6.06
6236208935,10795757375,4.60
10795757375,6236208935,4.60
10795757375,6236208937,26.69
6236208937,10795757375,26.69
6236208937,6236208939,39.53
6236208939,6236208937,39.53
6236208939,12621046758,6.29
12621046758,6236208939,6.29
12621046758,6236208941,16.79
6236208941,12621046758,16.79
6236208941,6236208942,14.60
6236208942,6236208941,14.60
6236208942,6236208943,15.20
6236208943,6236208942,15.20
6236208943,6236208946,18.69
6236208946,6236208943,18.69
6236208946,6236208947,21.79
6236208947,6236208946,21.79
6236208947,6236208948,13.18
6236208948,6236208947,13.18
6236208948,6236208949,14.31
6236208949,6236208948,14.31
6236208949,6236208950,10.25
6236208950,6236208949,10.25
6236208950,12439061776,8.96
12439061776,6236208950,8.96
12439061776,6236208915,47.41
6236208915,12439061776,47.41
6236282663,6236282662,3.24
6236282662,6236282663,3.24
6236282662,6236282661,3.49
6236282661,6236282662,3.49
6236282661,6236282660,2.72
6236282660,6236282661,2.72
6236282660,6236282659,4.40
6236282659,6236282660,4.40
6236282659,6236282658,5.51
6236282658,6236282659,5.51
6236282658,10962516241,17.71
10962516241,6236282658,17.71
10962516241,10962516245,9.98
10962516245,10962516241,9.98
10962516245,10962516248,13.97
10962516248,10962516245,13.97
10962516248,10962516242,28.88
10962516242,10962516248,28.88
10962516242,10962516235,12.46
10962516235,10962516242,12.46
10962516235,10962516277,23.31
10962516277,10962516235,23.31
10962516277,10962516240,5.33
10962516240,10962516277,5.33
10962516240,10998389253,35.38
10998389253,10962516240,35.38
10998389253,10962516239,13.01
10962516239,10998389253,13.01
10962516239,10998389238,12.19
10998389238,10962516239,12.19
10998389238,10962568532,20.75
10962568532,10998389238,20.75
10962568532,5336036009,56.90
5336036009,10962568532,56.90
5336036009,12068872706,8.28
12068872706,5336036009,8.28
12068872706,10962516236,43.31
10962516236,12068872706,43.31
10962516236,11119572701,77.33
11119572701,10962516236,77.33
11119572701,10962516237,49.04
10962516237,11119572701,49.04
10962516237,10962516238,10.34
10962516238,10962516237,10.34
4664984998,1843955627,15.07
1843955627,4664984998,15.07
1843843726,1843843730,14.26
1843843730,1843843726,14.26
1843843730,10992820274,6.59
10992820274,1843843730,6.59
10992820274,4670758068,34.83
4670758068,10992820274,34.83
4670758068,10925283456,18.80
10925283456,4670758068,18.80
10925283456,1843843752,24.26
1843843752,10925283456,24.26
1843843752,6236571828,36.84
6236571828,1843843752,36.84
6236571828,1843843698,10.22
1843843698,6236571828,10.22
6236487470,6236487469,1.25
6236487469,6236487470,1.25
6236487469,6236487468,1.28
6236487468,6236487469,1.28
6236487468,6236487467,1.21
6236487467,6236487468,1.21
6236487467,6236487466,1.22
6236487466,6236487467,1.22
6236487466,6236487465,1.29
6236487465,6236487466,1.29
6236487465,6236487464,1.18
6236487464,6236487465,1.18
6236487464,6236487463,1.18
6236487463,6236487464,1.18
6236487463,6236487462,1.35
6236487462,6236487463,1.35
6236487462,6236487461,1.17
6236487461,6236487462,1.17
6236487461,6236487460,1.42
6236487460,6236487461,1.42
6236487460,6236487459,1.34
6236487459,6236487460,1.34
6236487459,6236487458,1.44
6236487458,6236487459,1.44
6236487458,6236487457,1.43
6236487457,6236487458,1.43
6236487457,6236487456,1.96
6236487456,6236487457,1.96
6236487456,6236487455,1.74
6236487455,6236487456,1.74
6236487455,6236487454,1.34
6236487454,6236487455,1.34
6236487454,6236487453,1.25
6236487453,6236487454,1.25
6236487453,6236487452,1.43
6236487452,6236487453,1.43
6236487452,6236487451,1.26
6236487451,6236487452,1.26
6236487451,6236487450,1.81
6236487450,6236487451,1.81
6236487450,6236487449,1.55
6236487449,6236487450,1.55
6236487449,6236487448,1.42
6236487448,6236487449,1.42
6236487448,6236487447,1.26
6236487447,6236487448,1.26
6236487447,6236487446,1.31
6236487446,6236487447,1.31
6236487446,6236487445,1.48
6236487445,6236487446,1.48
6236487445,6236487444,2.00
6236487444,6236487445,2.00
6236487444,6236487443,1.31
6236487443,6236487444,1.31
6236487443,6236487442,1.60
6236487442,6236487443,1.60
6236487442,6236487441,1.31
6236487441,6236487442,1.31
6236487441,6236487440,1.52
6236487440,6236487441,1.52
6236487440,6236487439,1.64
6236487439,6236487440,1.64
6236487439,6236487438,1.41
6236487438,6236487439,1.41
6236487438,6236487437,1.52
6236487437,6236487438,1.52
6236487437,6236487436,1.34
6236487436,6236487437,1.34
6236487436,6236487435,1.28
6236487435,6236487436,1.28
6236487435,6236487434,1.29
6236487434,6236487435,1.29
6236487434,6236487433,5.29
6236487433,6236487434,5.29
6236487433,6236487432,6.86
6236487432,6236487433,6.86
6236487432,6236487431,4.79
6236487431,6236487432,4.79
6236487431,6236487430,5.23
6236487430,6236487431,5.23
6236487430,6236487429,5.11
6236487429,6236487430,5.11
6236487429,6236487428,5.12
6236487428,6236487429,5.12
6236487428,6236487427,3.78
6236487427,6236487428,3.78
6236487427,6236487426,4.10
6236487426,6236487427,4.10
6236487426,6236487425,6.16
6236487425,6236487426,6.16
6236487425,6236487424,4.10
6236487424,6236487425,4.10
6236487424,6236487423,4.77
6236487423,6236487424,4.77
6236487423,6236487422,5.33
6236487422,6236487423,5.33
6236487422,6236487421,3.80
6236487421,6236487422,3.80
6236487421,6236487420,4.58
6236487420,6236487421,4.58
6236487420,6236487419,3.69
6236487419,6236487420,3.69
6236487419,6236487418,2.10
6236487418,6236487419,2.10
6236487418,6236487417,2.23
6236487417,6236487418,2.23
6236487417,6236487416,1.90
6236487416,6236487417,1.90
6236487416,6236487415,3.59
6236487415,6236487416,3.59
6236487415,6236487414,1.86
6236487414,6236487415,1.86
6236487414,6236487413,1.74
6236487413,6236487414,1.74
6236487413,6236487412,2.47
6236487412,6236487413,2.47
6236487412,6236487411,3.17
6236487411,6236487412,3.17
6236487411,6236487410,2.45
6236487410,6236487411,2.45
6236487410,6236487409,3.16
6236487409,6236487410,3.16
6236487409,6236487408,2.03
6236487408,6236487409,2.03
6236487408,6236487407,1.76
6236487407,6236487408,1.76
6236487407,6236487406,1.46
6236487406,6236487407,1.46
6236487406,6236487405,1.34
6236487405,6236487406,1.34
6236487405,6236487404,1.24
6236487404,6236487405,1.24
6236487404,1885953083,1.76
1885953083,6236487404,1.76
6236571518,6236571517,18.05
6236571517,6236571518,18.05
6236571523,10091432082,15.73
10091432082,6236571523,15.73
10091432082,6236571522,1.89
6236571522,10091432082,1.89
6236571522,10091432083,1.62
10091432083,6236571522,1.62
10091432083,7152450460,20.78
7152450460,10091432083,20.78
7152450460,7152450459,3.28
7152450459,7152450460,3.28
6946535728,6946535729,6.60
6946535729,6946535728,6.60
6946535729,6946535730,5.65
6946535730,6946535729,5.65
6946535730,6946535731,5.92
6946535731,6946535730,5.92
6946535731,6946535732,13.79
6946535732,6946535731,13.79
6946535732,6946535733,4.28
6946535733,6946535732,4.28
6946535733,6883745902,5.80
6883745902,6946535733,5.80
6883745902,10922683611,2.91
10922683611,6883745902,2.91
10922683611,4670757112,2.25
4670757112,10922683611,2.25
1843869687,6956211807,9.00
6956211807,1843869687,9.00
6956211807,1843869559,11.70
1843869559,6956211807,11.70
1843869798,1843869924,7.23
1843869924,1843869798,7.23
1843869924,6236571559,57.06
6236571559,1843869924,57.06
6236571559,1843869687,55.66
1843869687,6236571559,55.66
1843869875,6886666634,4.39
6886666634,1843869875,4.39
6886666634,1843869685,4.07
1843869685,6886666634,4.07
1843869685,1843869798,5.23
1843869798,1843869685,5.23
4664985229,6236571563,3.46
6236571563,4664985229,3.46
6236571563,1843869880,5.32
1843869880,6236571563,5.32
1843869880,1843869762,7.27
1843869762,1843869880,7.27
1843869762,1843869741,11.05
1843869741,1843869762,11.05
1843869741,1843869927,11.53
1843869927,1843869741,11.53
1843869927,1843869875,4.81
1843869875,1843869927,4.81
1843869797,6236571566,9.11
6236571566,1843869797,9.11
6236571566,6236571565,2.95
6236571565,6236571566,2.95
6236571565,12349600717,3.23
12349600717,6236571565,3.23
12349600717,6236571564,2.39
6236571564,12349600717,2.39
6236571809,6236571807,20.56
6236571807,6236571809,20.56
6236571807,6236571806,4.57
6236571806,6236571807,4.57
6236571806,6236571805,2.77
6236571805,6236571806,2.77
6236571805,6236571803,46.64
6236571803,6236571805,46.64
6236571803,6236571802,23.93
6236571802,6236571803,23.93
6236571810,11432924890,2.08
11432924890,6236571810,2.08
11432924890,6236571811,13.91
6236571811,11432924890,13.91
1840234368,1840275462,34.31
1840275462,1840234368,34.31
1840275462,6946535672,12.93
6946535672,1840275462,12.93
6946535672,1840234573,16.40
1840234573,6946535672,16.40
342241050,1840234368,20.37
1840234368,342241050,20.37
6236571814,6236571813,26.54
6236571813,6236571814,26.54
6236571817,10992820295,5.65
10992820295,6236571817,5.65
10992820295,10992820297,6.63
10992820297,10992820295,6.63
10992820297,342240650,19.68
342240650,10992820297,19.68
6236571825,10992820292,6.13
10992820292,6236571825,6.13
10992820292,12190322741,29.57
12190322741,10992820292,29.57
12190322741,10925283459,7.07
10925283459,12190322741,7.07
10925283459,10925283452,19.53
10925283452,10925283459,19.53
10925283452,10992848205,10.74
10992848205,10925283452,10.74
10992848205,12190322752,7.11
12190322752,10992848205,7.11
12190322752,342240648,30.01
342240648,12190322752,30.01
1840234367,1840234510,30.58
1840234510,1840234367,30.58
6236487182,1843843730,19.70
1843843730,6236487182,19.70
6241445172,11948655756,9.94
11948655756,6241445172,9.94
11948655756,11948655761,19.13
11948655761,11948655756,19.13
11948655761,6241445171,20.01
6241445171,11948655761,20.01
6285928903,4543889475,3.25
4543889475,6285928903,3.25
4543889475,6285928902,1.56
6285928902,4543889475,1.56
6285928901,4543889474,3.08
4543889474,6285928901,3.08
4543889474,6285928900,3.10
6285928900,4543889474,3.10
6285928899,6886255216,1.21
6886255216,6285928899,1.21
6886255216,6285928898,4.10
6285928898,6886255216,4.10
6285928897,4543889480,5.37
4543889480,6285928897,5.37
4543889480,6285928896,3.70
6285928896,4543889480,3.70
6285928901,4543889473,7.26
4543889473,6285928901,7.26
4543889473,4546765769,9.26
4546765769,4543889473,9.26
4546765769,6285928899,9.44
6285928899,4546765769,9.44
6285928899,4546765770,6.94
4546765770,6285928899,6.94
4546765770,4546765771,11.00
4546765771,4546765770,11.00
4546765771,6285928896,5.60
6285928896,4546765771,5.60
6285928896,4543889477,8.63
4543889477,6285928896,8.63
4543889477,4546765767,9.64
4546765767,4543889477,9.64
4546765767,6285928902,7.97
6285928902,4546765767,7.97
6285928902,4546765772,7.05
4546765772,6285928902,7.05
4546765772,4546765773,11.04
4546765773,4546765772,11.04
4546765773,6285928901,5.78
6285928901,4546765773,5.78
6285928905,4664924382,6.39
4664924382,6285928905,6.39
4664924382,4664924383,11.49
4664924383,4664924382,11.49
4664924383,6285928904,2.49
6285928904,4664924383,2.49
6286106788,6286106787,9.18
6286106787,6286106788,9.18
6286106787,6286106786,6.08
6286106786,6286106787,6.08
6286106786,6286106785,5.34
6286106785,6286106786,5.34
6286106785,2932654266,11.32
2932654266,6286106785,11.32
6288505986,6288502784,5.79
6288502784,6288505986,5.79
6288502784,6288502783,10.86
6288502783,6288502784,10.86
6288502783,6178380533,73.77
6178380533,6288502783,73.77
6178380533,4539917009,99.86
4539917009,6178380533,99.86
4539917009,6288502762,74.89
6288502762,4539917009,74.89
6288502762,6288502757,77.69
6288502757,6288502762,77.69
6288502757,6288502750,7.13
6288502750,6288502757,7.13
6288502750,6288502747,58.71
6288502747,6288502750,58.71
6288502747,6288502746,21.00
6288502746,6288502747,21.00
6288502746,6288502745,3.17
6288502745,6288502746,3.17
6288502745,6288502744,4.47
6288502744,6288502745,4.47
6288502744,6288502743,2.99
6288502743,6288502744,2.99
6288502743,6288502742,1.85
6288502742,6288502743,1.85
6288502742,6288502741,4.80
6288502741,6288502742,4.80
1843869728,6312152402,18.17
6312152402,1843869728,18.17
6312152402,6946535590,198.86
6946535590,6312152402,198.86
6946535590,11413374549,163.18
11413374549,6946535590,163.18
11413374549,6967343892,22.13
6967343892,11413374549,22.13
6967343892,11413374565,101.94
11413374565,6967343892,101.94
11413374565,6967343915,51.72
6967343915,11413374565,51.72
6967343915,6967343916,88.50
6967343916,6967343915,88.50
6967343916,10879607514,38.36
10879607514,6967343916,38.36
10879607514,6967343925,54.76
6967343925,10879607514,54.76
6967343925,6946535589,99.18
6946535589,6967343925,99.18
6946535589,6312152403,126.05
6312152403,6946535589,126.05
6312152403,4663284211,14.41
4663284211,6312152403,14.41
4549142326,2863648668,45.36
10912824330,11198391223,5.37
11198391223,10912824330,5.37
11198391223,4601615292,49.87
4601615292,11198391223,49.87
11253802862,11253802881,3.15
11253802881,11253802862,3.15
11253802881,11253802860,7.45
11253802860,11253802881,7.45
11253802860,11253802868,23.14
11253802868,11253802860,23.14
11253802868,11253802875,4.07
11253802875,11253802868,4.07
11253802875,11253802879,18.56
11253802879,11253802875,18.56
11253802879,11253802866,12.74
11253802866,11253802879,12.74
11253802866,11253802858,12.98
11253802858,11253802866,12.98
11253802858,11253802853,2.21
11253802853,11253802858,2.21
11253802853,6967712822,6.17
6967712822,11253802853,6.17
6967712822,4601615112,22.00
4601615112,6967712822,22.00
5527425280,11009484201,33.50
11009484201,11009484199,4.56
11009484199,5527425281,49.66
1843884319,4670756964,33.32
4670756964,1843884258,27.98
1843884258,6887366003,29.45
6887366003,1843884280,1.81
1843884375,1843884294,66.15
1843884294,1843884375,66.15
1843884349,6946535695,8.48
6946535695,1843884349,8.48
6946535695,6946535694,4.74
6946535694,6946535695,4.74
6946535694,1843884307,5.25
1843884307,6946535694,5.25
1843884307,1843884250,25.54
1843884250,1843884307,25.54
1885953060,4664939444,3.19
4664939444,1885953060,3.19
4664939444,1885953068,80.08
1885953068,4664939444,80.08
1843955778,1843955061,12.18
1843955061,1843955718,58.97
1843955718,10920309911,23.89
10920309911,10916959750,19.57
4584301794,4584301795,9.13
4584301795,4584301794,9.13
4584301795,10968366316,28.35
10968366316,4584301795,28.35
10968366316,4584301790,3.41
4584301790,10968366316,3.41
4584301790,10968366318,46.72
10968366318,4584301790,46.72
10968366318,11863309728,25.88
11863309728,10968366318,25.88
11863309728,11863309732,42.84
11863309732,11863309728,42.84
11863309732,4584301796,29.30
4584301796,11863309732,29.30
4671252667,4671252666,18.74
4671252666,4671252667,18.74
1843884275,1843884308,82.14
1843884308,1843884275,82.14
1843884349,6236571514,11.96
6236571514,1843884349,11.96
6236571514,1843884220,14.66
1843884220,6236571514,14.66
4664985283,1885958684,3.27
1885958684,4664985283,3.27
1885958684,10925245818,20.32
10925245818,1885958684,20.32
10925245818,1885960016,80.46
1885960016,10925245818,80.46
4664939415,1885958679,4.36
1885958679,4664939415,4.36
1885958679,4664939413,91.36
4664939413,1885958679,91.36
4664939413,4664939412,27.30
4664939412,4664939413,27.30
4664939412,6918323513,6.02
6918323513,4664939412,6.02
6918323513,12319643380,90.35
12319643380,6918323513,90.35
12319643380,4664939375,7.06
4664939375,12319643380,7.06
4664939375,9919851399,10.59
9919851399,4664939375,10.59
6967343906,11420978492,5.02
11420978492,6967343906,5.02
11420978492,4671258983,8.38
4671258983,11420978492,8.38
4671258983,6967343907,9.91
6967343907,4671258983,9.91
6967343907,11420978517,3.80
11420978517,6967343907,3.80
11420978517,10916921152,7.76
10916921152,11420978517,7.76
10916921152,6967343912,5.45
6967343912,10916921152,5.45
1843884331,1843884410,24.51
1843884410,1843884331,24.51
1843884410,1843884217,35.05
1843884217,1843884410,35.05
1885953085,1885953079,63.37
1885953079,1885953085,63.37
6236487125,1843843619,9.22
1843843619,6236487125,9.22
1843843619,1843843679,22.45
1843843679,1843843619,22.45
1843843771,1843843738,71.34
1843843738,1843843771,71.34
1843843720,1843843769,6.84
1843843769,1843843720,6.84
1843843769,6918291443,6.94
6918291443,1843843769,6.94
6918291443,1843843731,12.92
1843843731,6918291443,12.92
1843843731,1843843601,54.10
1843843601,1843843731,54.10
6236571824,6236571825,39.69
6236571825,6236571824,39.69
6887290941,6697803437,22.37
6697803437,6887290941,22.37
6697803437,11253802849,7.65
11253802849,6697803437,7.65
11253802849,6967712841,15.93
6967712841,11253802849,15.93
6967712841,6697803436,21.16
6697803436,6967712841,21.16
6697803436,6697803435,9.63
6697803435,6697803436,9.63
6697803435,6697803434,6.41
6697803434,6697803435,6.41
6697803434,6967712842,7.62
6967712842,6697803434,7.62
6967712842,6967712844,7.07
6967712844,6967712842,7.07
6967712844,6697803433,6.68
6697803433,6967712844,6.68
672442798,6887290942,30.14
6887290942,672442798,30.14
6697803433,6236285042,60.34
6236285042,6697803433,60.34
6236285042,672442795,78.90
672442795,6236285042,78.90
672442795,6887003423,3.47
6887003423,672442795,3.47
6887003423,5900733320,3.66
5900733320,6887003423,3.66
5900733320,5900733319,5.64
5900733319,5900733320,5.64
5900733319,5900733318,6.12
5900733318,5900733319,6.12
5900733318,6236209202,4.78
6236209202,5900733318,4.78
6236209202,10925236621,4.36
10925236621,6236209202,4.36
10925236621,5335953156,4.08
5335953156,10925236621,4.08
1843844047,1843844046,24.35
4670757085,6946535685,32.18
6946535685,4670757085,32.18
1843843743,1843843663,24.05
1843843749,1843843681,36.89
1843843759,1843844045,24.73
4670758093,4670758092,26.78
4670758092,4670758093,26.78
1843869833,1843869831,22.31
6946535671,11432890680,4.19
11432890680,6946535671,4.19
11432890680,1843869919,4.00
1843869919,11432890680,4.00
1843869919,1843869624,61.56
1843869624,1843869919,61.56
4670757059,4670757057,21.98
4670757057,4670757059,21.98
1854567299,1854567304,26.64
1854610603,1854610602,36.16
1854610602,1854610603,36.16
4670757059,4670757054,5.12
4670757054,4670757059,5.12
4664924337,4664924338,18.74
4664924338,4664924346,34.28
4664924183,4664924182,10.72
4664924182,4664924183,10.72
1843954971,6887381159,24.94
6887381159,4597857035,10.38
1854610623,11413562906,20.96
11413562906,6886666653,35.43
6886666653,11417541838,2.87
11417541838,1854610627,26.93
4670757072,10091432079,1.91
10091432079,4670757072,1.91
10091432079,4670757071,36.34
4670757071,10091432079,36.34
1843955314,10920309915,25.52
10920309915,1843955314,25.52
5335953225,6828409125,8.69
6828409125,5335953225,8.69
6828409125,10792580076,3.95
10792580076,6828409125,3.95
5023638746,9179697412,20.80
9179697412,1885958705,14.92
1885958711,1993543611,108.19
1993543611,1885958711,108.19
6864074970,6864074969,6.50
6864074969,6864074970,6.50
6864074969,6864074968,4.96
6864074968,6864074969,4.96
6864074968,4187365688,5.24
4187365688,6864074968,5.24
4187365683,6864074964,5.54
6864074964,4187365683,5.54
6864074964,6864074963,8.80
6864074963,6864074964,8.80
6864074963,6864074962,8.73
6864074962,6864074963,8.73
4187365688,6864074967,2.77
6864074967,4187365688,2.77
6864074967,6864074961,3.66
6864074961,6864074967,3.66
6864074961,6864074966,4.56
6864074966,6864074961,4.56
6864074966,6864074965,5.51
6864074965,6864074966,5.51
6864074965,4187365683,3.89
4187365683,6864074965,3.89
1843955484,6887379952,13.53
6887379952,11429483760,38.46
11429483760,6887379947,22.87
6887379947,6179169907,2.84
6179169907,5329339852,26.45
5329339852,6286106794,12.19
6286106794,1843955715,7.94
1843955715,3386058989,24.63
3386058989,1843955805,58.93
1843955805,10741941831,77.25
10741941831,5297635252,41.83
5297635252,6310290497,22.00
6310290497,1484741960,11.90
342235014,6310290613,12.37
6310290613,4584301797,24.80
4584301797,5330787339,177.09
5330787339,6286106796,29.81
6286106796,5021787581,32.44
5021787581,5021787580,120.36
11002472492,10905047519,4.74
10905047519,11002472492,4.74
10905047519,4543025211,2.86
4543025211,10905047519,2.86
4543025211,11002525915,7.59
11002525915,4543025211,7.59
11002525915,1840291172,13.13
1840291172,11002525915,13.13
1840291172,11002525929,4.59
11002525929,1840291172,4.59
11002525929,11002525930,2.64
11002525930,11002525929,2.64
5021787590,6179169338,1.83
6179169338,1843869551,44.39
6967343903,6967343902,27.77
6967343902,6967343903,27.77
6967343902,9362753284,73.30
9362753284,6967343902,73.30
9362753284,6967343901,5.90
6967343901,9362753284,5.90
6967343901,9362753285,5.98
9362753285,6967343901,5.98
9362753285,9362753282,73.22
9362753282,9362753285,73.22
9362753282,6967343900,6.42
6967343900,9362753282,6.42
6967343900,9362753283,6.17
9362753283,6967343900,6.17
9362753283,9362753287,63.77
9362753287,9362753283,63.77
9362753287,9362753288,6.58
9362753288,9362753287,6.58
9362753288,9362753286,6.81
9362753286,9362753288,6.81
9362753286,6967343903,52.73
6967343903,9362753286,52.73
4549142333,4549142334,8.54
4549142334,4549142333,8.54
6868228001,6868228000,15.54
6868228000,6868228001,15.54
6868228000,12077076178,10.66
12077076178,6868228000,10.66
12077076178,6868227999,11.01
6868227999,12077076178,11.01
1842449736,6868228002,18.55
6868228002,1842449736,18.55
6868228002,6868228001,3.65
6868228001,6868228002,3.65
11119572701,6878819014,5.15
6878819014,11119572701,5.15
6878819014,6177290853,2.12
6177290853,6878819014,2.12
6177290853,6177290854,10.66
6177290854,6177290853,10.66
6177290854,10962468221,6.54
10962468221,6177290854,6.54
10962468222,6177290848,5.70
6177290848,10962468222,5.70
6177290848,6177290849,10.60
6177290849,6177290848,10.60
6177290849,6878819015,2.55
6878819015,6177290849,2.55
6878819015,10962516238,4.88
10962516238,6878819015,4.88
1458030817,10998389243,7.16
10998389243,1458030817,7.16
10998389243,10998389242,34.19
10998389242,10998389243,34.19
10998389242,8091628304,62.62
8091628304,10998389242,62.62
8091628304,10962531856,48.59
10962531856,8091628304,48.59
10962531856,10998389237,12.00
10998389237,10962531856,12.00
10998389237,6878819018,77.63
6878819018,10998389237,77.63
6878819018,12068872705,8.44
12068872705,6878819018,8.44
12068872705,10962468213,43.01
10962468213,12068872705,43.01
10962468213,6878819014,77.28
6878819014,10962468213,77.28
6878819014,6878819017,49.21
6878819017,6878819014,49.21
6878819017,6878819015,10.44
6878819015,6878819017,10.44
6878819015,10922895921,73.96
10922895921,6878819015,73.96
10922895921,4549222950,174.39
4549222950,10922895921,174.39
4549222950,6285928904,23.47
6285928904,4549222950,23.47
6285928904,10937735302,57.91
10937735302,6285928904,57.91
10937735302,6938359639,48.14
6938359639,10937735302,48.14
6938359639,10925292451,50.15
10925292451,6938359639,50.15
10925292451,6881936262,66.71
6881936262,10925292451,66.71
6881936262,6881936261,5.83
6881936261,6881936262,5.83
6881936261,2863651301,6.61
2863651301,6881936261,6.61
6878819019,6878819020,6.47
6878819020,6878819019,6.47
1854610602,6878819019,4.27
6878819019,1854610602,4.27
6878819024,6878819023,21.47
6878819023,6878819024,21.47
1854610611,1854610616,18.96
1854610616,1854610611,18.96
6878819027,10091432080,40.42
10091432080,6878819027,40.42
10091432080,6878819026,1.82
6878819026,10091432080,1.82
6878819026,10091432081,2.02
10091432081,6878819026,2.02
6878819030,6878819029,31.57
6878819029,6878819030,31.57
11168437925,4543857854,5.47
4543857854,11168437925,5.47
4543857854,4543857856,8.60
4543857856,4543857854,8.60
4543857856,6879514339,4.35
6879514339,4543857856,4.35
6879514339,6879176425,1.90
6879176425,6879514339,1.90
1854567490,4549142328,21.79
4549142328,4549142330,4.11
4549142330,1854567491,8.09
4549142330,11074266526,72.47
11074266526,4549142330,72.47
11074266526,11074266550,28.71
11074266550,11074266526,28.71
11074266550,11074266552,27.99
11074266552,11074266550,27.99
11074266552,11076187089,31.98
11076187089,11074266552,31.98
11076187089,11074266529,35.90
11074266529,11076187089,35.90
11074266529,11074266530,35.54
11074266530,11074266529,35.54
11074266530,11074266531,21.28
11074266531,11074266530,21.28
11074266531,11076187082,21.83
11076187082,11074266531,21.83
11076187082,11074266532,7.23
11074266532,11076187082,7.23
11074266532,11151762826,28.69
11151762826,11074266532,28.69
11151762826,11074266533,30.82
11074266533,11151762826,30.82
11074266533,6886403361,17.65
6886403361,11074266533,17.65
6886403361,4543857637,6.89
4543857637,6886403361,6.89
4543857637,6879514338,3.81
6879514338,4543857637,3.81
6879514338,6879176425,4.37
6879176425,6879514338,4.37
6879176425,6879514337,4.77
6879514337,6879176425,4.77
6879514337,4543857633,2.28
4543857633,6879514337,2.28
4543857633,12479559851,3.72
12479559851,4543857633,3.72
12479559851,12479559850,14.17
12479559850,12479559851,14.17
12479559850,1485007562,64.52
1485007562,12479559850,64.52
1485007562,12479559849,139.96
12479559849,1485007562,139.96
12479559849,12479559848,6.46
12479559848,12479559849,6.46
12479559848,6285928897,7.49
6285928897,12479559848,7.49
1458037070,6879176426,10.13
4553148174,4543857636,15.73
4543857636,4553148174,15.73
1458037075,390225165,9.57
1900821978,1458037075,11.05
1458030819,1900821978,9.40
6967712823,1868496398,20.50
1868496398,6967712823,20.50
1868496398,11253802886,15.79
11253802886,1868496398,15.79
11253802886,4601615111,49.09
4601615111,11253802886,49.09
390225165,1458030819,11.05
11072133831,6177316966,9.07
6177316966,11072133831,9.07
6177316966,6177316965,7.30
6177316965,6177316966,7.30
6177316965,6288502757,9.21
6288502757,6177316965,9.21
1946518683,6883094658,55.65
1854610625,6946535714,10.15
6946535714,1854610625,10.15
6946535714,10922697128,7.46
10922697128,6946535714,7.46
10922697128,6878819027,86.18
6878819027,10922697128,86.18
6878819027,6959195335,6.00
6959195335,6878819027,6.00
6959195335,10916901720,7.53
10916901720,6959195335,7.53
10916901720,1843869770,12.77
1843869770,10916901720,12.77
6177290856,6177290857,10.38
6177290857,6177290856,10.38
6177290857,10998389237,1.83
10998389237,6177290857,1.83
10998389237,10998389238,5.44
10998389238,10998389237,5.44
6886256587,6886256586,38.44
6886256586,6886256587,38.44
342241050,4670757522,70.30
4670757522,342241050,70.30
4670757522,4670757532,34.50
4670757532,4670757522,34.50
6886784253,6310290613,8.43
6310290613,6886784253,8.43
6310290613,6310290497,12.53
6310290497,6310290613,12.53
6310290497,6886784252,12.16
6886784252,6310290497,12.16
4601615132,5023638732,65.42
5023638732,4601615132,65.42
4601615112,4601615132,56.14
4601615132,4601615112,56.14
5023638743,6967712838,10.82
6967712838,5023638743,10.82
6967712838,6967712839,11.66
6967712839,6967712838,11.66
6967712839,6967712840,16.66
6967712840,6967712839,16.66
6967712840,6887290941,9.39
6887290941,6967712840,9.39
342235014,1484741960,12.48
1484741960,342235014,12.48
6887287973,9513673463,21.71
9513673463,6887287973,21.71
9513673463,1843843716,11.36
1843843716,9513673463,11.36
1843843716,12992178680,15.36
12992178680,1843843716,15.36
12992178680,4549142352,2.40
4549142352,12992178680,2.40
4549142352,1854567385,6.62
1854567385,4549142352,6.62
4593388447,4593388453,10.16
4593388453,4593388447,10.16
4593388453,6887366001,4.77
6887366001,4593388453,4.77
6887366001,4593388365,2.65
4593388365,6887366001,2.65
4593388365,4593388366,12.13
4593388366,4593388365,12.13
1843884256,1843884285,54.27
1843884285,1843884256,54.27
1843884285,1843884344,27.87
1843884344,1843884285,27.87
1843884344,1843869694,31.92
1843869694,1843884344,31.92
6887369398,6887369397,10.09
6887369397,6887369395,4.92
6887369395,6887431164,9.95
6887431164,6887369396,14.28
6887369400,6887431163,15.00
6887431163,6887369399,10.02
6887369399,6887369398,4.89
6887379950,6887379949,42.29
6887379949,6887379950,42.29
6887379949,11429483765,25.32
11429483765,6887379949,25.32
11429483765,11429483766,37.30
11429483766,11429483765,37.30
11429483766,6887379950,24.26
6887379950,11429483766,24.26
4593388366,1843884256,5.72
1843884256,4593388366,5.72
1843869739,576989624,16.89
576989624,1843869739,16.89
6918323494,6918323493,26.74
6918323493,6918323494,26.74
4664939410,12319700584,18.10
12319700584,4664939410,18.10
12319700584,10932052912,8.96
10932052912,12319700584,8.96
10932052912,6918323512,31.51
6918323512,10932052912,31.51
6918323512,12152236233,70.87
12152236233,6918323512,70.87
12152236233,6918323514,14.86
6918323514,12152236233,14.86
6918323514,6918323513,7.64
6918323513,6918323514,7.64
6918323535,6918323534,9.77
6918323534,6918323535,9.77
6918323534,6918323533,4.91
6918323533,6918323534,4.91
6918323533,6918323532,3.32
6918323532,6918323533,3.32
6918323532,6918323542,2.86
6918323542,6918323532,2.86
10998389230,6938359638,24.07
6938359638,10998389230,24.07
1843574955,6938359647,36.40
6938359647,1843574955,36.40
4553151019,4553151020,28.53
4553151020,4553151019,28.53
4655259401,1946518716,61.29
1946518716,4655259401,61.29
4584299358,1847297745,20.60
1847297745,4584299358,20.60
6887369399,6946535592,10.67
6946535592,6887369399,10.67
6946535592,6946535591,19.94
6946535591,6946535592,19.94
6946535591,6887369395,10.78
6887369395,6946535591,10.78
1843955591,6946535596,45.72
6946535596,1843955591,45.72
6946535596,6946535593,5.71
6946535593,6946535596,5.71
6946535593,9362752641,6.37
9362752641,6946535593,6.37
9362752641,9362752640,5.82
9362752640,9362752641,5.82
9362752640,6946535595,6.41
6946535595,9362752640,6.41
6946535595,12048145643,30.49
12048145643,6946535595,30.49
12048145643,1843955681,31.62
1843955681,12048145643,31.62
6946535601,9362752635,10.73
9362752635,6946535601,10.73
9362752635,9362752637,79.40
9362752637,9362752635,79.40
6946535622,6946535621,49.66
6946535621,6946535622,49.66
6946535623,1843884318,61.60
1843884318,6946535623,61.60
10949973036,4549142335,29.06
4549142335,10949973036,29.06
4549142335,12077076173,2.84
12077076173,4549142335,2.84
12077076173,1843884325,5.93
1843884325,12077076173,5.93
6946535626,10879642470,4.05
10879642470,6946535626,4.05
10879642470,10091432070,40.83
10091432070,10879642470,40.83
10091432070,6946535625,2.26
6946535625,10091432070,2.26
6946535625,10091432069,2.19
10091432069,6946535625,2.19
10091432069,6946535624,22.49
6946535624,10091432069,22.49
10303928769,10879607514,4.45
10879607514,10303928769,4.45
10879607514,6946535628,25.73
6946535628,10879607514,25.73
6946535628,1843955240,14.19
1843955240,6946535628,14.19
6946535631,6946535630,122.51
6946535630,6946535631,122.51
6946535630,6946535629,15.54
6946535629,6946535630,15.54
6946535629,4593252820,18.41
4593252820,6946535629,18.41
576989628,6946535590,3.11
6946535590,576989628,3.11
6946535590,6946535635,16.23
6946535635,6946535590,16.23
6946535632,6946535589,4.52
6946535589,6946535632,4.52
6946535589,6946535631,15.76
6946535631,6946535589,15.76
6946535631,6946535633,9.51
6946535633,6946535631,9.51
6946535633,6967343914,31.96
6967343914,6946535633,31.96
6967343914,6967343927,67.69
6967343927,6967343914,67.69
6967343927,6946535628,56.28
6946535628,6967343927,56.28
6946535628,6946535634,14.06
6946535634,6946535628,14.06
6946535634,6967343917,22.75
6967343917,6946535634,22.75
6967343917,6967343919,88.31
6967343919,6967343917,88.31
6967343919,11413374566,51.67
11413374566,6967343919,51.67
11413374566,6967343922,89.74
6967343922,11413374566,89.74
6967343922,6967343923,12.35
6967343923,6967343922,12.35
6967343923,11413374550,22.03
11413374550,6967343923,22.03
11413374550,12415420917,15.06
12415420917,11413374550,15.06
12415420917,6946535636,7.76
6946535636,12415420917,7.76
6946535636,6946535637,60.26
6946535637,6946535636,60.26
6946535637,6946535638,9.44
6946535638,6946535637,9.44
6946535638,11429555543,30.69
11429555543,6946535638,30.69
11429555543,11429555568,20.50
11429555568,11429555543,20.50
11429555568,6946535635,28.58
6946535635,11429555568,28.58
6946535635,6946535639,4.27
6946535639,6946535635,4.27
6946535639,6946535641,23.04
6946535641,6946535639,23.04
6946535641,11429603772,77.42
11429603772,6946535641,77.42
11429603772,6946535640,112.50
6946535640,11429603772,112.50
1854610602,1854610604,20.86
1854610604,1854610602,20.86
2866619475,2866619474,34.21
2866619474,2866619475,34.21
11432878154,4670757087,17.53
4670757087,11432878154,17.53
11432878166,2866619475,3.30
2866619475,11432878166,3.30
2866619475,6946535685,67.51
6946535685,2866619475,67.51
6946535685,2866619476,5.95
2866619476,6946535685,5.95
6946535706,7442808359,6.27
7442808359,6946535706,6.27
7442808359,6946535705,1.71
6946535705,7442808359,1.71
6946535705,7442808365,19.25
7442808365,6946535705,19.25
7442808365,6946535704,22.64
6946535704,7442808365,22.64
6946535704,6946535703,5.20
6946535703,6946535704,5.20
6946535703,7442808344,7.24
7442808344,6946535703,7.24
7442808344,6946535702,12.66
6946535702,7442808344,12.66
6946535702,6946535701,17.94
6946535701,6946535702,17.94
6946535701,6967343954,11.71
6967343954,6946535701,11.71
6967343954,6946535700,3.63
6946535700,6967343954,3.63
6946535700,6946535699,15.09
6946535699,6946535700,15.09
6946535699,6946535698,13.10
6946535698,6946535699,13.10
6946535698,6967343955,10.63
6967343955,6946535698,10.63
6967343955,7442808352,25.41
7442808352,6967343955,25.41
7442808352,6946535709,8.88
6946535709,7442808352,8.88
6946535719,6946535717,18.38
6946535717,6946535719,18.38
6886752940,6946535719,19.17
6946535719,6886752940,19.17
6946535719,6946535718,30.47
6946535718,6946535719,30.47
6887083366,11429094625,9.60
11429094625,10922508796,36.63
10922508796,10922683608,42.99
10922683608,10922508798,21.30
10922508798,11429094624,24.74
11429094624,4670757112,7.33
1847297643,10904889994,26.51
10904889994,1847297643,26.51
10904889994,6946535754,22.90
6946535754,10904889994,22.90
6946535761,11946153162,4.49
11946153162,6946535761,4.49
11946153162,6946535758,13.72
6946535758,11946153162,13.72
6946535760,6946535758,30.03
6946535758,6946535760,30.03
6946535758,6946535759,16.21
6946535759,6946535758,16.21
6946535759,6988667599,7.47
6988667599,6946535759,7.47
6988667599,6988667598,5.88
6988667598,6988667599,5.88
6988667598,10089510120,43.69
10089510120,6988667598,43.69
10089510120,6988667597,0.87
6988667597,10089510120,0.87
6988667597,10089510119,0.75
10089510119,6988667597,0.75
10089510119,6988667596,22.35
6988667596,10089510119,22.35
1847297795,1847297552,30.26
1847297552,1847297795,30.26
1847297552,1847297565,8.26
1847297565,1847297552,8.26
1847297565,11643225131,7.01
11643225131,1847297565,7.01
6582480275,10904890003,5.84
10904890003,6582480275,5.84
10904890003,6946535764,53.57
6946535764,10904890003,53.57
6959195343,6946535768,33.18
6946535768,6959195343,33.18
6946535768,6946535767,12.92
6946535767,6946535768,12.92
6946535776,11007909862,28.53
11007909862,6946535776,28.53
6946535778,6946535777,47.69
6946535777,6946535778,47.69
11007909816,6946535776,29.27
6946535776,11007909816,29.27
6946535776,6946535777,17.77
6946535777,6946535776,17.77
6946535777,11007909857,1.77
11007909857,6946535777,1.77
11007909857,11007909868,29.86
11007909868,11007909857,29.86
6946535792,10089498513,34.42
10089498513,6946535792,34.42
10089498513,4597857037,1.70
4597857037,10089498513,1.70
4597857037,10089498514,1.67
10089498514,4597857037,1.67
10089498514,10089498511,24.51
10089498511,10089498514,24.51
10089498511,4597857036,1.97
4597857036,10089498511,1.97
4597857036,10089498512,1.83
10089498512,4597857036,1.83
10089498512,1843954971,25.32
1843954971,10089498512,25.32
1854610625,10922697144,5.74
10922697144,1854610625,5.74
10922697144,10922697145,3.47
10922697145,10922697144,3.47
10922697145,11413515354,17.55
11413515354,10922697145,17.55
11413515354,4670757162,27.55
4670757162,11413515354,27.55
6959195332,6959195331,16.00
6959195331,6959195332,16.00
6959195331,6959195330,9.81
6959195330,6959195331,9.81
6959195330,10922697149,29.93
10922697149,6959195330,29.93
10958153299,6959195334,3.32
6959195334,10958153299,3.32
6959195334,6959195333,31.57
6959195333,6959195334,31.57
2873965360,2866619472,6.70
2866619472,2873965360,6.70
1847297848,6946535755,37.61
6946535755,1847297848,37.61
5538162796,4597857052,62.76
4597857052,5538162796,62.76
4597857052,4597857060,28.05
4597857060,4597857052,28.05
4597857060,6887304149,14.89
6887304149,4597857060,14.89
6887304149,4597857061,20.92
4597857061,6887304149,20.92
4597857061,1847297551,37.54
1847297551,4597857061,37.54
1847297551,1847297820,34.84
1847297820,1847297551,34.84
6967343896,12052133505,6.23
12052133505,6967343896,6.23
12052133505,6967343895,24.56
6967343895,12052133505,24.56
6946535601,9362752636,7.83
9362752636,6946535601,7.83
9362752636,6967343897,26.55
6967343897,9362752636,26.55
6967343906,11420978493,23.58
11420978493,6967343906,23.58
11420978493,10916921136,13.87
10916921136,11420978493,13.87
10916921136,6967343905,36.32
6967343905,10916921136,36.32
6967343905,11420978513,112.12
11420978513,6967343905,112.12
11420978513,7539003368,9.62
7539003368,11420978513,9.62
7539003368,11420978514,15.74
11420978514,7539003368,15.74
11420978514,11420978495,108.82
11420978495,11420978514,108.82
11420978495,6967343904,9.04
6967343904,11420978495,9.04
11420978490,11420978489,11.24
11420978489,11420978490,11.24
11420978489,6967343909,26.04
6967343909,11420978489,26.04
6967343909,6967343908,12.12
6967343908,6967343909,12.12
6967343908,11420978490,26.15
11420978490,6967343908,26.15
11420978490,11420978491,1.38
11420978491,11420978490,1.38
11420978491,6967343907,1.64
6967343907,11420978491,1.64
6967343912,6967343911,23.16
6967343911,6967343912,23.16
6967343914,6967343913,13.65
6967343913,6967343914,13.65
6967343918,6967343916,4.06
6967343916,6967343918,4.06
6967343916,6967343917,24.93
6967343917,6967343916,24.93
6967343920,6967343915,3.16
6967343915,6967343920,3.16
6967343915,6967343919,24.92
6967343919,6967343915,24.92
10922665718,10922732882,73.38
10922732882,10922665718,73.38
10922732882,10922665741,74.08
10922665741,10922732882,74.08
10922665741,4663283981,65.67
4663283981,10922665741,65.67
4663283981,4593425498,28.44
4593425498,4663283981,28.44
4593425498,11421113745,15.55
11421113745,4593425498,15.55
11421113745,1843955240,6.09
1843955240,11421113745,6.09
1843955240,11421113744,4.41
11421113744,1843955240,4.41
11421113744,11421113743,18.10
11421113743,11421113744,18.10
11421113743,11421113742,1.79
11421113742,11421113743,1.79
11421113742,11417285402,1.61
11417285402,11421113742,1.61
11417285402,11421113741,23.09
11421113741,11417285402,23.09
11421113741,11421113694,3.53
11421113694,11421113741,3.53
11421113694,11421113740,6.91
11421113740,11421113694,6.91
11421113740,11421113739,19.14
11421113739,11421113740,19.14
11421113739,11421113725,2.60
11421113725,11421113739,2.60
11421113725,11421113730,2.78
11421113730,11421113725,2.78
11421113730,11421113727,29.10
11421113727,11421113730,29.10
11421113727,11421113729,3.03
11421113729,11421113727,3.03
11421113729,6967343913,11.13
6967343913,11421113729,11.13
6967343913,11421113723,6.63
11421113723,6967343913,6.63
11421113723,11421113721,7.09
11421113721,11421113723,7.09
11421113721,11421113724,8.02
11421113724,11421113721,8.02
11421113724,11421113720,8.51
11421113720,11421113724,8.51
11421113720,11421113717,14.68
11421113717,11421113720,14.68
11421113717,11421113714,1.24
11421113714,11421113717,1.24
11421113714,11421113712,30.09
11421113712,11421113714,30.09
11421113712,11421113736,22.54
11421113736,11421113712,22.54
11421113736,11421113710,7.72
11421113710,11421113736,7.72
11421113710,11421113737,5.20
11421113737,11421113710,5.20
11421113737,11421113738,14.66
11421113738,11421113737,14.66
11421113738,11421113708,8.79
11421113708,11421113738,8.79
11421113708,6967343921,37.71
6967343921,11421113708,37.71
6967343922,10922665718,16.28
10922665718,6967343922,16.28
6967343924,6967343892,3.29
6967343892,6967343924,3.29
6967343892,6967343923,24.96
6967343923,6967343892,24.96
6967343927,6967343925,25.07
6967343925,6967343927,25.07
6967343925,6967343926,4.84
6967343926,6967343925,4.84
6967343936,7442808331,17.69
7442808331,6967343936,17.69
7442808331,6967343930,12.89
6967343930,7442808331,12.89
6967343930,7442808333,20.15
7442808333,6967343930,20.15
7442808333,6967343947,4.32
6967343947,7442808333,4.32
6967343932,4670757127,43.14
4670757127,6967343932,43.14
6967343937,6967343936,22.06
6967343936,6967343937,22.06
6967343936,6967343935,7.47
6967343935,6967343936,7.47
6967343935,7442808393,9.94
7442808393,6967343935,9.94
7442808393,7442794075,4.05
7442794075,7442808393,4.05
7442794075,6967343934,11.45
6967343934,7442794075,11.45
6967343934,6967343933,11.41
6967343933,6967343934,11.41
6967343933,7442808367,16.29
7442808367,6967343933,16.29
7442808367,6967343932,2.10
6967343932,7442808367,2.10
6967343932,6967343931,2.32
6967343931,6967343932,2.32
6967343931,11417541844,4.37
11417541844,6967343931,4.37
11417541844,6967343962,5.21
6967343962,11417541844,5.21
6967343948,7442808388,37.86
7442808388,6967343948,37.86
7442808388,7442808391,8.68
7442808391,7442808388,8.68
7442808391,11413515352,10.45
11413515352,7442808391,10.45
11413515352,6967343938,12.03
6967343938,11413515352,12.03
6967343940,11515076208,36.55
11515076208,6967343940,36.55
11515076208,6946535712,28.22
6946535712,11515076208,28.22
6967343943,6967343942,22.30
6967343942,6967343943,22.30
6967343942,6967343941,17.13
6967343941,6967343942,17.13
6967343941,6967343957,17.87
6967343957,6967343941,17.87
6967343949,12181150188,38.44
12181150188,6967343949,38.44
12181150188,11516247589,5.29
11516247589,12181150188,5.29
11516247589,11515076201,20.78
11515076201,11516247589,20.78
11515076201,11516247601,13.33
11516247601,11515076201,13.33
11516247601,11516247604,18.70
11516247604,11516247601,18.70
11516247604,11773661467,10.59
11773661467,11516247604,10.59
11773661467,6967343940,22.91
6967343940,11773661467,22.91
6967343940,6967343948,16.53
6967343948,6967343940,16.53
6967343948,6967343947,41.95
6967343947,6967343948,41.95
6967343947,6967343946,25.16
6967343946,6967343947,25.16
6967343946,6967343945,16.63
6967343945,6967343946,16.63
6967343945,6967343943,20.84
6967343943,6967343945,20.84
6967343943,7442808399,13.49
7442808399,6967343943,13.49
7442808399,10962575879,21.44
10962575879,7442808399,21.44
10962575879,10091432066,16.37
10091432066,10962575879,16.37
10091432066,6967343944,1.42
6967343944,10091432066,1.42
6967343944,10091432065,1.89
10091432065,6967343944,1.89
10091432065,10962575878,29.59
10962575878,10091432065,29.59
10962575878,6967343951,17.80
6967343951,10962575878,17.80
6967343957,7442808397,13.15
7442808397,6967343957,13.15
7442808397,6967343952,6.86
6967343952,7442808397,6.86
6967343952,6967343951,21.10
6967343951,6967343952,21.10
6967343951,6946535709,9.79
6946535709,6967343951,9.79
6967343953,6946535702,17.61
6946535702,6967343953,17.61
6967343958,6967343954,14.00
6967343954,6967343958,14.00
6967343963,10922697142,16.26
10922697142,6967343963,16.26
10922697142,6967343962,26.60
6967343962,10922697142,26.60
6967343962,6967343961,9.35
6967343961,6967343962,9.35
6967343961,6967343960,19.57
6967343960,6967343961,19.57
6967343960,7442808343,2.81
7442808343,6967343960,2.81
7442808343,6967343953,1.92
6967343953,7442808343,1.92
6967343953,6967343959,22.63
6967343959,6967343953,22.63
6967343959,7442808335,1.82
7442808335,6967343959,1.82
7442808335,6967343958,12.63
6967343958,7442808335,12.63
6967343958,6967343957,33.38
6967343957,6967343958,33.38
6967343957,6967343956,8.10
6967343956,6967343957,8.10
6967343956,6967343955,8.83
6967343955,6967343956,8.83
6967712820,11253802870,1.66
11253802870,6967712820,1.66
11253802870,6967712821,51.33
6967712821,11253802870,51.33
6887290942,5023638743,14.47
5023638743,6887290942,14.47
6967712843,6697803433,78.53
6697803433,6967712843,78.53
9919851352,9919674372,3.72
11384768745,6988667595,5.56
6988667595,11384768745,5.56
6988667595,10089510139,19.76
10089510139,6988667595,19.76
10089510139,10089510138,3.01
10089510138,10089510139,3.01
10089510138,10089510137,3.10
10089510137,10089510138,3.10
10089510137,6988667594,32.73
6988667594,10089510137,32.73
1843955529,1843955003,39.18
1843955003,1843955529,39.18
1843955003,4597856874,9.74
4597856874,1843955003,9.74
4597856874,1843955597,18.68
1843955597,4597856874,18.68
1843955597,1843955969,25.40
1843955969,1843955597,25.40
1843955969,1843955066,26.57
1843955066,1843955969,26.57
1843955066,6946535745,2.65
6946535745,1843955066,2.65
6946535745,6946535746,2.54
6946535746,6946535745,2.54
6946535746,6946535747,2.42
6946535747,6946535746,2.42
6946535747,6946535748,4.07
6946535748,6946535747,4.07
6946535748,6946535744,15.34
6946535744,6946535748,15.34
6946535744,1843955128,15.26
1843955128,6946535744,15.26
1843955128,6946535742,2.71
6946535742,1843955128,2.71
6946535742,6946535743,2.36
6946535743,6946535742,2.36
6946535743,1843955135,2.41
1843955135,6946535743,2.41
1843955135,1843955537,12.16
1843955537,1843955135,12.16
1854567369,4549142326,60.97
1854567376,5304933854,22.80
5304933854,1854567369,63.27
1854610620,4670757499,15.51
4670757499,1854610620,15.51
4670757499,4670757493,28.77
4670757493,4670757499,28.77
4670757493,4670757497,17.60
4670757497,4670757493,17.60
4670757497,10879588557,3.83
10879588557,4670757497,3.83
10879588557,11168437919,7.12
11168437919,10879588557,7.12
11168437919,4549142326,7.70
4549142326,11168437919,7.70
1843843612,1843843591,34.16
1843843591,1843843612,34.16
1843843591,4548249749,34.43
4548249749,1843843591,34.43
4548249749,10962468223,5.52
10962468223,4548249749,5.52
10962468223,1843843661,6.44
1843843661,10962468223,6.44
6967343946,7442808327,33.42
7442808327,6967343946,33.42
7442808327,7442808328,18.28
7442808328,7442808327,18.28
7442808328,7442808329,19.70
7442808329,7442808328,19.70
7442808329,7442808332,7.19
7442808332,7442808329,7.19
7442808332,7442808330,15.55
7442808330,7442808332,15.55
7442808330,7442808334,6.16
7442808334,7442808330,6.16
7442808334,7442808369,8.59
7442808369,7442808334,8.59
7442808369,7442808340,4.51
7442808340,7442808369,4.51
7442808340,7442808331,12.96
7442808331,7442808340,12.96
6967343946,7442808332,19.56
7442808332,6967343946,19.56
7442808333,7442808334,16.13
7442808334,7442808333,16.13
7442808327,7442808335,28.33
7442808335,7442808327,28.33
7442808328,7442808336,13.80
7442808336,7442808328,13.80
7442808336,7442808342,9.48
7442808342,7442808336,9.48
7442808342,7442808337,14.15
7442808337,7442808342,14.15
7442808337,7442808366,10.88
7442808366,7442808337,10.88
7442808366,7442808338,17.28
7442808338,7442808366,17.28
7442808338,7442808368,4.71
7442808368,7442808338,4.71
7442808368,7442808339,18.72
7442808339,7442808368,18.72
7442808339,7442808341,3.19
7442808341,7442808339,3.19
7442808341,7442808340,17.63
7442808340,7442808341,17.63
7442808341,6967343935,7.81
6967343935,7442808341,7.81
7442808342,7442808343,12.05
7442808343,7442808342,12.05
7442808344,7442808363,15.04
7442808363,7442808344,15.04
7442808363,7442808355,17.52
7442808355,7442808363,17.52
7442808355,7442808345,14.40
7442808345,7442808355,14.40
7442808345,7442808353,16.79
7442808353,7442808345,16.79
7442808353,7442808346,2.26
7442808346,7442808353,2.26
7442808346,7442808347,15.85
7442808347,7442808346,15.85
7442808347,7442808348,18.49
7442808348,7442808347,18.49
7442808348,7442808349,19.11
7442808349,7442808348,19.11
7442808349,7442808370,52.79
7442808370,7442808349,52.79
7442808370,7442808350,42.37
7442808350,7442808370,42.37
7442808350,7442808373,13.22
7442808373,7442808350,13.22
7442808373,7442808351,34.81
7442808351,7442808373,34.81
7442808351,7442808352,31.21
7442808352,7442808351,31.21
7442808353,7442808354,15.43
7442808354,7442808353,15.43
7442808354,7442808355,14.52
7442808355,7442808354,14.52
7442808358,7442808360,4.46
7442808360,7442808358,4.46
7442808354,7442808362,20.12
7442808362,7442808354,20.12
7442808362,7442808363,14.57
7442808363,7442808362,14.57
7442808362,7442808364,20.36
7442808364,7442808362,20.36
7442808364,7442808358,24.93
7442808358,7442808364,24.93
7442808364,7442808365,14.69
7442808365,7442808364,14.69
7442808366,7442808367,8.25
7442808367,7442808366,8.25
7442808368,6967343933,9.47
6967343933,7442808368,9.47
7442808370,7442808371,42.49
7442808371,7442808370,42.49
7442808371,6967343954,19.47
6967343954,7442808371,19.47
7442808371,7442808372,22.89
7442808372,7442808371,22.89
7442808372,6946535702,13.91
6946535702,7442808372,13.91
7442808373,7442808374,28.35
7442808374,7442808373,28.35
7442808374,7442808375,16.55
7442808375,7442808374,16.55
7442808375,6946535699,17.05
6946535699,7442808375,17.05
7442808388,7442808401,15.21
7442808401,7442808388,15.21
7442808401,7442808389,2.01
7442808389,7442808401,2.01
7442808389,7442808390,8.20
7442808390,7442808389,8.20
7442808390,6967343930,5.46
6967343930,7442808390,5.46
7442808391,7442808402,14.66
7442808402,7442808391,14.66
7442808402,7442808392,8.83
7442808392,7442808402,8.83
7442808392,7442808331,13.04
7442808331,7442808392,13.04
7442808393,4670757131,22.87
4670757131,7442808393,22.87
7442808395,6967343942,14.85
6967343942,7442808395,14.85
7442808395,7442808400,13.96
7442808400,7442808395,13.96
7442808400,7442808397,18.13
7442808397,7442808400,18.13
7442808395,10962575881,2.27
10962575881,7442808395,2.27
10962575881,7442808399,20.14
7442808399,10962575881,20.14
7442808400,6967343941,14.18
6967343941,7442808400,14.18
7442808401,7442808402,9.80
7442808402,7442808401,9.80
7442808372,7442808363,17.75
7442808363,7442808372,17.75
6946535598,1843955591,62.65
1843955591,6946535598,62.65
6946535593,10922732886,3.63
10922732886,6946535593,3.63
10922732886,10922732885,41.67
10922732885,10922732886,41.67
10922732885,11420978512,4.36
11420978512,10922732885,4.36
11420978512,7539003368,8.08
7539003368,11420978512,8.08
3828481657,11198391190,13.15
11198391190,3828481657,13.15
11198391190,8188814408,18.55
8188814408,11198391190,18.55
8188814408,11198391187,35.81
11198391187,8188814408,35.81
11198391187,8188814409,24.68
8188814409,11198391187,24.68
4664924339,9063216619,9.05
9063216619,4664924339,9.05
9063216619,9063216620,13.96
9063216620,9063216619,13.96
9063216620,9063216621,6.24
9063216621,9063216620,6.24
9063216621,9063216622,12.05
9063216622,9063216621,12.05
9063216622,4664924317,16.15
4664924317,9063216622,16.15
4664924351,4664924340,11.54
9227194393,10906565206,68.53
10906565206,7513636077,32.27
9362752637,9362752638,21.03
9362752638,9362752637,21.03
9362752638,9362752639,14.46
9362752639,9362752638,14.46
9362752639,9309075435,10.10
9309075435,9362752639,10.10
9309075435,1843955681,55.29
1843955681,9309075435,55.29
6967343902,10922495912,11.23
10922495912,6967343902,11.23
9394308329,10795856315,145.80
10795856315,5297403649,25.52
9563597220,10925245862,27.23
10925245862,9563597220,27.23
10925245862,12319643382,6.50
12319643382,10925245862,6.50
12319643382,10925308567,7.13
10925308567,12319643382,7.13
10925308567,12319643384,15.93
12319643384,10925308567,15.93
12319643384,12319643359,31.80
12319643359,12319643384,31.80
12319643359,9563597219,20.50
9563597219,12319643359,20.50
10922495928,12077063649,4.68
12077063649,10922495928,4.68
12077063649,12077063648,33.35
12077063648,12077063649,33.35
12077063648,9563688173,15.07
9563688173,12077063648,15.07
9563688173,12077063631,87.50
12077063631,9563688173,87.50
12077063631,4593425501,5.29
4593425501,12077063631,5.29
6946535707,6967343964,36.17
6967343964,6946535707,36.17
6967343964,11417541827,3.92
11417541827,6967343964,3.92
9919674362,9919674361,8.38
9919674361,9919674360,9.87
9919674360,10790032112,15.31
10790032112,9919674359,3.32
9919674359,9919674358,8.77
9919674358,9919674357,8.77
9919674357,9919674356,12.48
9919674349,10792329381,1.65
10792329381,9919674372,6.12
10304010513,10304010523,30.85
10304010523,11198606333,22.94
11198606333,4664985280,29.04
4664985280,10304010514,37.47
10304010514,9919851414,9.90
9919851414,6918323542,104.30
6918323542,9919851413,93.84
9919851354,9919851411,4.36
1885961448,3828483990,64.59
3828483990,12152237738,165.39
12152237738,1867953798,99.99
9919851353,9919851352,29.32
9227194392,10790032306,10.45
10790032306,9227194392,10.45
10790032306,10796615600,3.73
10796615600,10790032306,3.73
10796615600,9919851356,13.58
9919851356,10796615600,13.58
9919851396,9919851395,14.56
9919851395,9919851394,9.95
9919851394,10790026551,6.91
10790026551,9919851393,3.05
9919851393,10054156728,6.20
10054156728,9919851392,3.75
9919851392,9919851391,9.95
9919851391,9919851397,10.06
12459846174,10790032331,6.99
10790032331,9919851396,31.62
9919851402,9919851401,25.99
9919851401,10790032333,7.58
10790032333,9919851400,10.24
9919851409,9919851408,16.18
9919851408,9919851407,9.00
9919851407,9919851406,9.02
9919851406,10790032387,3.83
10790032387,9919851405,4.19
9919851405,9919851404,8.03
9919851404,9919851403,6.93
9919851403,9919851402,12.10
5297403649,5335953315,27.77
5335953315,5335953317,16.84
5335953317,5335953314,32.71
5335953314,1458037328,83.36
1458037328,4601614748,62.16
4601614748,1458037350,4.24
11417541816,10958153297,38.80
10958153297,11417541816,38.80
10958153297,7442808356,18.00
7442808356,10958153297,18.00
10248176844,10248176843,30.75
10248176843,10248176844,30.75
4664985018,10792343467,62.95
10792343467,4664985018,62.95
10792343467,4664985020,8.46
4664985020,10792343467,8.46
10741941827,10741941828,10.35
10741941828,10962339868,47.47
10962339868,10962339870,23.99
10962339870,10741941830,49.94
10783565007,1484741959,12.32
1484741959,10783565007,12.32
10790022104,10790022103,25.63
10790022103,10790022104,25.63
10790032106,10795757364,2.95
10795757364,10790032106,2.95
10795757364,10790032105,5.30
10790032105,10795757364,5.30
10790032105,10795757363,4.36
10795757363,10790032105,4.36
10795757363,10790022104,1.54
10790022104,10795757363,1.54
10790022103,10795757353,1.32
10795757353,10790022103,1.32
10795757353,10790022102,3.88
10790022102,10795757353,3.88
10790022102,10795757352,7.36
10795757352,10790022102,7.36
10795757352,10790022100,2.14
10790022100,10795757352,2.14
9487715553,9227194386,16.85
9227194386,9227194392,127.01
9919851409,13006271081,37.97
13006271081,10790022102,3.25
10790022102,9919851411,9.05
9919851398,10792329379,8.50
10792329379,9919851397,34.75
9919851411,9919851398,11.75
9919851396,13006271082,32.64
13006271082,10790026548,2.45
10790026548,9919851398,9.26
9919851411,10790032390,9.40
10790032390,9919851402,35.77
9919674371,10790032105,9.69
10790032105,10792329388,1.63
10792329388,9919674356,36.83
9919674372,9919674371,11.85
9919674356,10912660066,62.85
10912660066,12152237735,77.83
12152237735,9919674354,151.64
9919674354,11198670038,69.69
11198670038,5335953229,21.35
5335953229,9919674352,45.71
9919674352,12439061775,28.96
12439061775,10792580076,9.35
9919851398,9919851353,4.04
9919674372,4601748994,8.17
9919674371,9919851355,2.97
9919674362,13006271083,30.13
13006271083,5023638749,3.03
10790026549,10795757357,2.87
10795757357,10790026549,2.87
10795757357,10792329379,6.28
10792329379,10795757357,6.28
10792329379,10795757358,3.27
10795757358,10792329379,3.27
10795757358,10792318176,1.21
10792318176,10795757358,1.21
10790032117,10792329382,1.56
10792329382,10790032117,1.56
10792329382,4601748994,6.04
4601748994,10792329382,6.04
4601748994,5023638749,11.88
5023638749,4601748994,11.88
5023638749,10795757365,5.93
10795757365,5023638749,5.93
10795757365,10790032106,3.89
10790032106,10795757365,3.89
10789961793,12476120270,2.61
12476120270,10789961793,2.61
12476120270,10790019786,2.30
10790019786,12476120270,2.30
10790019786,10789961792,7.08
10789961792,10790019786,7.08
10789961792,10789961791,9.00
10789961791,10789961792,9.00
10789961791,12065247524,7.29
12065247524,10789961791,7.29
12065247524,10792343422,27.70
10792343422,12065247524,27.70
10792343422,6236336779,3.74
6236336779,10792343422,3.74
6236336779,6236336754,4.32
6236336754,6236336779,4.32
6236336754,11432631110,32.17
11432631110,6236336754,32.17
11432631110,11432631109,22.05
11432631109,11432631110,22.05
11432631109,10792343418,27.12
10792343418,11432631109,27.12
10792343418,6236336753,1.74
6236336753,10792343418,1.74
6236336753,10792343419,1.76
10792343419,6236336753,1.76
10792343419,10792343420,5.68
10792343420,10792343419,5.68
10792343420,10741941828,1.90
10741941828,10792343420,1.90
10741941828,10792343421,1.83
10792343421,10741941828,1.83
10792343421,4606311628,28.41
4606311628,10792343421,28.41
4606311628,6887379951,15.95
6887379951,4606311628,15.95
6887379951,11429483763,39.77
11429483763,6887379951,39.77
11429483763,6887379948,1.02
6887379948,11429483763,1.02
6887379948,11429483764,16.80
11429483764,6887379948,16.80
11429483764,6179169908,4.26
6179169908,11429483764,4.26
6179169908,6286106793,38.43
6286106793,6179169908,38.43
6286106793,4606311630,7.79
4606311630,6286106793,7.79
4606311630,6238462680,24.49
6238462680,4606311630,24.49
6238462680,4606311629,59.15
4606311629,6238462680,59.15
4606311629,6179169380,69.64
6179169380,4606311629,69.64
6179169380,10741941832,8.36
10741941832,6179169380,8.36
10741941832,6179169378,34.59
6179169378,10741941832,34.59
6179169378,6179169379,6.00
6179169379,6179169378,6.00
6179169379,6179169376,6.68
6179169376,6179169379,6.68
6179169376,6179169377,3.76
6179169377,6179169376,3.76
6179169377,6886784252,14.75
6886784252,6179169377,14.75
6886784252,10920309916,141.54
10920309916,6886784252,141.54
10920309916,6887431163,46.80
6887431163,10920309916,46.80
6887431163,6887431164,31.90
6887431164,6887431163,31.90
6887431164,10998430104,58.57
10998430104,6887431164,58.57
10998430104,10998452011,31.51
10998452011,10998430104,31.51
10998452011,10998452013,23.54
10998452013,10998452011,23.54
10998452013,5021787567,19.67
5021787567,10998452013,19.67
5021787567,10998429416,14.60
10998429416,5021787567,14.60
10998429416,10998429437,50.58
10998429437,10998429416,50.58
10998429437,6286106789,43.73
6286106789,10998429437,43.73
6286106789,10949902137,12.86
10949902137,6286106789,12.86
10949902137,10949902140,22.17
10949902140,10949902137,22.17
10949902140,4593457499,16.32
4593457499,10949902140,16.32
4593457499,4671260294,34.32
4671260294,4593457499,34.32
4671260294,4671260305,97.81
4671260305,4671260294,97.81
4671260305,4671260308,56.59
4671260308,4671260305,56.59
4671260308,12601564517,9.12
12601564517,4671260308,9.12
12601564517,2932654266,95.89
2932654266,12601564517,95.89
2932654266,6179169321,4.34
6179169321,2932654266,4.34
6179169321,6179169339,4.44
6179169339,6179169321,4.44
6179169339,6179169381,38.88
6179169381,6179169339,38.88
6179169381,6241445166,5.57
6241445166,6179169381,5.57
6241445166,6179169357,38.32
6179169357,6241445166,38.32
10792343468,10792343467,7.33
10792343467,10792343468,7.33
10792343467,10792343438,6.01
10792343438,10792343467,6.01
10795958702,10792343476,7.87
10792343476,10795958702,7.87
10792343476,10792343475,9.37
10792343475,10792343476,9.37
10792343475,10792343474,19.98
10792343474,10792343475,19.98
10792343474,10792343473,13.44
10792343473,10792343474,13.44
10792343473,10792343472,18.68
10792343472,10792343473,18.68
10792343472,10792343471,10.55
10792343471,10792343472,10.55
10792343471,10792343470,22.52
10792343470,10792343471,22.52
10792343470,12447429638,2.64
12447429638,10792343470,2.64
12447429638,10792343468,10.01
10792343468,12447429638,10.01
6236487114,6236208965,6.42
6236208965,6236487114,6.42
6236208965,6236208966,4.66
6236208966,6236208965,4.66
6236208966,12476153605,5.70
12476153605,6236208966,5.70
12476153605,12476153604,14.89
12476153604,12476153605,14.89
12476153604,12476153603,13.58
12476153603,12476153604,13.58
12476153603,12476153602,12.05
12476153602,12476153603,12.05
12476153602,12476153601,13.37
12476153601,12476153602,13.37
12476153601,12476152800,18.31
12476152800,12476153601,18.31
12476152800,6236208927,17.54
6236208927,12476152800,17.54
6236208927,12439061779,29.27
12439061779,6236208927,29.27
12439061779,12439061778,24.94
12439061778,12439061779,24.94
12439061778,10790032343,20.94
10790032343,12439061778,20.94
10790032343,5900733338,12.49
5900733338,10790032343,12.49
5900733338,10790032346,21.13
10790032346,5900733338,21.13
10790032346,10790032347,19.31
10790032347,10790032346,19.31
10790032347,10790032348,15.41
10790032348,10790032347,15.41
10790032348,10790032349,9.29
10790032349,10790032348,9.29
10790032349,10790032350,11.51
10790032350,10790032349,11.51
10790032350,10790032351,15.91
10790032351,10790032350,15.91
10790032351,10790032352,12.38
10790032352,10790032351,12.38
10790032352,6236209192,5.93
6236209192,10790032352,5.93
6236209192,10790032353,5.75
10790032353,6236209192,5.75
10790032353,10790032354,40.62
10790032354,10790032353,40.62
10790032354,5335953165,4.19
5335953165,10790032354,4.19
5335953165,10790032355,4.67
10790032355,5335953165,4.67
10790032355,10790032341,22.11
10790032341,10790032355,22.11
10790032341,5335953166,2.84
5335953166,10790032341,2.84
5335953166,10790032356,4.41
10790032356,5335953166,4.41
10790032356,10790032357,27.29
10790032357,10790032356,27.29
10790032357,10790032358,31.52
10790032358,10790032357,31.52
10790032358,10790032359,26.81
10790032359,10790032358,26.81
10790032359,5335953226,4.63
5335953226,10790032359,4.63
5335953226,10790032360,3.34
10790032360,5335953226,3.34
10790032360,10790032361,29.62
10790032361,10790032360,29.62
10790032361,10795757372,17.65
10795757372,10790032361,17.65
10795757372,10790032362,3.61
10790032362,10795757372,3.61
10790032362,10790032363,3.41
10790032363,10790032362,3.41
10790032363,10790032364,37.92
10790032364,10790032363,37.92
10790032364,10790032365,4.44
10790032365,10790032364,4.44
10790032365,10790032366,4.30
10790032366,10790032365,4.30
10790032366,10790032367,11.90
10790032367,10790032366,11.90
10790032367,10790032368,46.22
10790032368,10790032367,46.22
10790032368,10790032369,32.71
10790032369,10790032368,32.71
10790032369,6918323533,5.13
6918323533,10790032369,5.13
6918323533,10790032340,3.47
10790032340,6918323533,3.47
10790032340,10790032370,6.98
10790032370,10790032340,6.98
10790032370,10790032371,11.22
10790032371,10790032370,11.22
10790032371,10790032372,16.83
10790032372,10790032371,16.83
10790032372,10790032373,14.43
10790032373,10790032372,14.43
10790032373,10790032374,20.58
10790032374,10790032373,20.58
10790032374,10790032375,18.79
10790032375,10790032374,18.79
10790032375,10790032339,4.29
10790032339,10790032375,4.29
10790032339,10790032376,5.05
10790032376,10790032339,5.05
10790032376,10790032377,29.38
10790032377,10790032376,29.38
10790032377,10790032378,12.38
10790032378,10790032377,12.38
10790032378,10790032379,6.16
10790032379,10790032378,6.16
10790032379,10790032380,87.76
10790032380,10790032379,87.76
10790032380,9919851410,8.38
9919851410,10790032380,8.38
9919851410,10792286643,5.80
10792286643,9919851410,5.80
10792286643,10790032381,6.62
10790032381,10792286643,6.62
10790032381,10790032382,4.70
10790032382,10790032381,4.70
10790032382,10790032383,6.17
10790032383,10790032382,6.17
10790032383,10790032384,6.30
10790032384,10790032383,6.30
10790032384,10790032385,5.50
10790032385,10790032384,5.50
10790032385,10790032386,7.26
10790032386,10790032385,7.26
10790032386,10792343518,2.31
10792343518,10790032386,2.31
10792343518,10925245817,1.94
10925245817,10792343518,1.94
10925245817,10790032338,5.43
10790032338,10925245817,5.43
10790032338,10790032337,9.23
10790032337,10790032338,9.23
10790032337,10790032336,11.31
10790032336,10790032337,11.31
10790032336,10925245823,3.41
10925245823,10790032336,3.41
10925245823,10790032335,9.00
10790032335,10925245823,9.00
10790032335,10790032334,19.38
10790032334,10790032335,19.38
10790032334,10795958692,0.92
10795958692,10790032334,0.92
10795958692,10790032333,3.54
10790032333,10795958692,3.54
10790032333,10790032331,11.92
10790032331,10790032333,11.92
10790032331,10795958691,3.36
10795958691,10790032331,3.36
10795958691,10790032332,0.89
10790032332,10795958691,0.89
10790032332,10790026563,11.32
10790026563,10790032332,11.32
10790026563,10790026564,5.21
10790026564,10790026563,5.21
10790026564,10790026565,11.60
10790026565,10790026564,11.60
10790026565,10790026566,8.32
10790026566,10790026565,8.32
10790026566,10790026567,9.53
10790026567,10790026566,9.53
10790026567,10790026568,8.64
10790026568,10790026567,8.64
10790026568,10792343529,1.88
10792343529,10790026568,1.88
10792343529,10790026552,2.27
10790026552,10792343529,2.27
10790026552,10790026569,3.28
10790026569,10790026552,3.28
10790026569,10790026570,5.96
10790026570,10790026569,5.96
10790026570,11712113691,0.59
11712113691,10790026570,0.59
11712113691,10790026571,7.87
10790026571,11712113691,7.87
10790026571,10790026572,5.62
10790026572,10790026571,5.62
10790026572,10790026573,7.74
10790026573,10790026572,7.74
10790026573,10790026574,7.24
10790026574,10790026573,7.24
10790026574,10790026575,13.12
10790026575,10790026574,13.12
10790026575,10790026576,6.02
10790026576,10790026575,6.02
10790026576,10790026577,12.92
10790026577,10790026576,12.92
10790026577,10790026578,12.18
10790026578,10790026577,12.18
10790026578,10790026579,11.87
10790026579,10790026578,11.87
10790026579,10790026580,9.33
10790026580,10790026579,9.33
10790026580,10790026581,19.19
10790026581,10790026580,19.19
10790026581,10790026582,16.44
10790026582,10790026581,16.44
10790026582,10790026583,16.91
10790026583,10790026582,16.91
10790026583,10790026584,15.77
10790026584,10790026583,15.77
10790026584,10790026585,8.71
10790026585,10790026584,8.71
10790026585,10790026586,9.41
10790026586,10790026585,9.41
10790026586,10792286641,5.13
10792286641,10790026586,5.13
10792286641,10790026587,4.44
10790026587,10792286641,4.44
10790026587,10790026588,9.24
10790026588,10790026587,9.24
10790026588,10790026589,9.91
10790026589,10790026588,9.91
10790026589,10790026590,8.25
10790026590,10790026589,8.25
10790026590,10790026591,7.97
10790026591,10790026590,7.97
10790026591,10790026592,5.61
10790026592,10790026591,5.61
10790026592,10790026593,5.37
10790026593,10790026592,5.37
10790026593,10790026594,4.20
10790026594,10790026593,4.20
10790026594,10790026595,2.99
10790026595,10790026594,2.99
10790026595,10795958697,1.52
10795958697,10790026595,1.52
10795958697,10790026596,3.72
10790026596,10795958697,3.72
10790026596,10790026597,4.31
10790026597,10790026596,4.31
10790026597,10790026598,20.24
10790026598,10790026597,20.24
10790026598,10790026599,4.94
10790026599,10790026598,4.94
10790026599,10795958698,1.55
10795958698,10790026599,1.55
10795958698,10790032406,1.03
10790032406,10795958698,1.03
10790032406,10790032407,4.60
10790032407,10790032406,4.60
10790032407,10790032408,4.19
10790032408,10790032407,4.19
10790032408,10790032409,3.27
10790032409,10790032408,3.27
10790032409,10790032410,5.82
10790032410,10790032409,5.82
10790032410,10790032411,5.52
10790032411,10790032410,5.52
10790032411,10790032412,8.79
10790032412,10790032411,8.79
10790032412,10790032413,11.51
10790032413,10790032412,11.51
10790032413,10790032414,7.87
10790032414,10790032413,7.87
10790032414,10790032415,13.07
10790032415,10790032414,13.07
10790032415,10790032416,8.77
10790032416,10790032415,8.77
10790032416,10790032417,15.93
10790032417,10790032416,15.93
10790032417,10790032418,13.60
10790032418,10790032417,13.60
10790032418,10790032419,5.00
10790032419,10790032418,5.00
10790032419,9919851370,6.11
9919851370,10790032419,6.11
9919851370,10790032420,3.59
10790032420,9919851370,3.59
10790032420,10790032421,13.53
10790032421,10790032420,13.53
10790032421,10790032422,12.24
10790032422,10790032421,12.24
10790032422,10790032423,10.86
10790032423,10790032422,10.86
10790032423,10790032424,10.07
10790032424,10790032423,10.07
10790032424,10790032425,10.97
10790032425,10790032424,10.97
10790032425,10790032426,12.19
10790032426,10790032425,12.19
10790032426,10792343486,8.15
10792343486,10790032426,8.15
10792343486,10790032427,3.76
10790032427,10792343486,3.76
10790032427,10790032428,5.24
10790032428,10790032427,5.24
10790032428,10790032429,4.51
10790032429,10790032428,4.51
10790032429,10790032430,16.72
10790032430,10790032429,16.72
10790032430,10790032431,12.99
10790032431,10790032430,12.99
10790032431,10790032432,17.87
10790032432,10790032431,17.87
10790032432,9919851363,4.54
9919851363,10790032432,4.54
9919851363,10790032433,3.92
10790032433,9919851363,3.92
10790032433,10790032434,30.56
10790032434,10790032433,30.56
10790032434,10790032435,23.31
10790032435,10790032434,23.31
10790032435,10792343635,16.31
10792343635,10790032435,16.31
10792343635,10792343633,3.26
10792343633,10792343635,3.26
10792343633,10790032436,4.93
10790032436,10792343633,4.93
10790032436,10790032437,8.74
10790032437,10790032436,8.74
10790032437,10790032438,6.28
10790032438,10790032437,6.28
10790032438,10795958704,2.14
10795958704,10790032438,2.14
10795958704,10162118939,4.29
10162118939,10795958704,4.29
10162118939,10790032323,4.52
10790032323,10162118939,4.52
10790032323,10790022067,11.27
10790022067,10790032323,11.27
10790022067,10790032322,1.44
10790032322,10790022067,1.44
10790026549,10790026550,7.25
10790026550,10790026549,7.25
10790026550,10795757355,1.86
10795757355,10790026550,1.86
10795757355,10790026551,2.31
10790026551,10795757355,2.31
10790026551,10795757354,1.99
10795757354,10790026551,1.99
10795757354,10790026552,1.21
10790026552,10795757354,1.21
10790022100,10790032389,1.59
10790032389,10790022100,1.59
10790032389,10790032390,7.32
10790032390,10790032389,7.32
10790032390,10790026548,11.74
10790026548,10790032390,11.74
10790026548,10795757356,4.53
10795757356,10790026548,4.53
10795757356,10790026549,4.13
10790026549,10795757356,4.13
10790032386,10795757351,1.09
10795757351,10790032386,1.09
10795757351,10790032387,1.51
10790032387,10795757351,1.51
10790032387,10790032388,3.63
10790032388,10790032387,3.63
10790032388,10790022100,10.95
10790022100,10790032388,10.95
10792318175,10795757361,2.12
10795757361,10792318175,2.12
10795757361,9919674349,3.04
9919674349,10795757361,3.04
9919674349,10795757362,5.43
10795757362,9919674349,5.43
10795757362,10790032117,2.69
10790032117,10795757362,2.69
10792318176,10792318175,27.58
10792318175,10792318176,27.58
10792580048,1885961448,36.41
9919674370,13006271080,32.61
13006271080,9919674349,2.94
10792343438,10792343440,6.95
10792343440,10792343438,6.95
10792343440,10792343441,11.18
10792343441,10792343440,11.18
10792343441,10792343442,14.09
10792343442,10792343441,14.09
10792343442,10792343443,12.75
10792343443,10792343442,12.75
10792343443,10792343444,3.75
10792343444,10792343443,3.75
10792343444,10792343445,5.64
10792343445,10792343444,5.64
10792343445,10792343446,6.06
10792343446,10792343445,6.06
10792343446,10792343447,9.02
10792343447,10792343446,9.02
10792343447,10792343448,28.16
10792343448,10792343447,28.16
10792343448,10792343449,6.97
10792343449,10792343448,6.97
10792343449,10792343450,4.88
10792343450,10792343449,4.88
10792343450,10792343451,4.11
10792343451,10792343450,4.11
10792343451,10792343452,3.61
10792343452,10792343451,3.61
10792343452,10792343453,3.50
10792343453,10792343452,3.50
10792343453,10792343454,2.46
10792343454,10792343453,2.46
10792343454,10792343455,2.08
10792343455,10792343454,2.08
10792343455,10790032317,2.51
10790032317,10792343455,2.51
10790032106,10792329389,1.76
10792329389,10790032106,1.76
10792329389,10795757366,7.25
10795757366,10792329389,7.25
10795757366,10790032112,1.96
10790032112,10795757366,1.96
10790032112,10795757367,4.05
10795757367,10790032112,4.05
10795757367,10790032111,1.20
10790032111,10795757367,1.20
10790032119,10795757359,1.05
10795757359,10790032119,1.05
10795757359,10790032118,1.83
10790032118,10795757359,1.83
10790032118,10795757360,2.64
10795757360,10790032118,2.64
10795757360,10790032117,11.05
10790032117,10795757360,11.05
9919851413,12145110050,15.66
12145110050,9919851412,133.09
9227194392,5297635253,63.61
5297635253,9227194388,41.88
9919851397,10916930185,25.33
10916930185,10795856322,56.24
9919851412,9919851409,7.76
4543857872,10795961192,89.34
10795961192,4543857872,89.34
10912667156,10792580048,213.01
5900733334,5900733331,28.14
5900733331,5900733330,27.10
5900733330,5900733329,41.48
5900733329,6129435045,23.45
6946535761,1847297619,21.32
1847297619,6946535761,21.32
11413557208,10879588556,11.10
10879588556,11413557208,11.10
10879588557,10879588559,4.50
10879588559,10879588557,4.50
10879588559,10879588558,20.99
10879588558,10879588559,20.99
6236358275,6236358280,1.66
6236358280,6236358275,1.66
6236358280,6236358281,1.20
6236358281,6236358280,1.20
6236358281,6236358282,2.41
6236358282,6236358281,2.41
6236358282,6236358283,2.48
6236358283,6236358282,2.48
6236358283,6236358284,3.76
6236358284,6236358283,3.76
6236358284,6236360185,3.06
6236360185,6236358284,3.06
6236360185,6236360186,2.46
6236360186,6236360185,2.46
6236360186,6236360187,3.17
6236360187,6236360186,3.17
6236360187,1843884215,17.28
1843884215,6236360187,17.28
1847297621,6946535761,17.36
6946535761,1847297621,17.36
10904889989,10904889990,28.41
10904889990,10904889989,28.41
6946535754,10904889991,41.14
10904889991,6946535754,41.14
1847297643,5538162796,13.83
5538162796,1847297643,13.83
4681968824,10904937990,20.50
10904937990,4681968824,20.50
4681968824,6241445171,30.74
6241445171,4681968824,30.74
4681968833,4681968832,3.97
4681968832,4681968833,3.97
4681968832,4681968829,20.71
4681968829,4681968832,20.71
5021787586,4681968822,9.24
4681968822,5021787586,9.24
4681968822,10904937993,6.77
10904937993,4681968822,6.77
10904937993,10904937990,40.48
10904937990,10904937993,40.48
10904937990,10904937989,3.34
10904937989,10904937990,3.34
10905047508,10983313232,31.03
10983313232,10905047508,31.03
10983313232,10905047509,11.65
10905047509,10983313232,11.65
10905047508,10905047512,11.80
10905047512,10905047508,11.80
10905047542,10905047543,16.51
10905047543,11002525929,11.26
11002525929,10905047544,2.20
10905047544,10905047545,19.33
10905047545,10905047546,19.16
10905047546,10905047548,72.22
10905047548,10905047549,6.25
10905047549,4681968822,30.77
6179169357,6868204011,21.92
6868204011,10905047515,52.11
10905047521,10905047522,15.75
10905047522,10905047523,9.80
10905047523,10905047524,4.90
10905047524,10905047525,10.54
10905047525,10905047526,9.79
10905047526,10905047527,6.67
10905047527,4543025274,7.38
4543025274,10905047528,5.35
10905047528,10905047529,9.94
10905047529,1840291023,8.89
1840291023,10905047530,12.47
10905047515,10905047516,3.89
10905047516,10905047517,38.77
10905047517,10905047518,15.15
10905047518,10905047519,7.40
10905047519,10905047521,25.48
10906465908,11863309735,28.65
11863309735,10906465908,28.65
11863309735,11863309731,43.08
11863309731,11863309735,43.08
11863309731,10968366319,25.82
10968366319,11863309731,25.82
10968366319,10968366317,49.81
10968366317,10968366319,49.81
10968366317,10906465909,34.23
10906465909,10968366317,34.23
10906465909,10792594611,15.05
10792594611,10906465909,15.05
6236285039,10912660068,29.76
10912660068,10912660069,35.90
10912660069,10912660070,11.86
10912660070,5900733325,64.74
5900733325,4543361190,51.44
10912824321,10912824322,52.93
10912824322,10912824321,52.93
10912824323,10912824324,10.94
10912824324,10912824323,10.94
10912824325,10912824326,5.28
10912824326,10912824325,5.28
10912824325,10912824324,15.91
10912824324,10912824325,15.91
10912824327,10912824328,7.91
10912824328,10912824327,7.91
10912824329,10912824330,9.96
10912824330,10912824329,9.96
10912824329,10912824328,17.02
10912824328,10912824329,17.02
10916901712,10916901713,7.18
10916901713,10916901712,7.18
10916901731,10916901733,31.30
10916901733,10916901731,31.30
10916901733,10916901736,24.39
10916901736,10916901733,24.39
10916901736,10916901732,29.78
10916901732,10916901736,29.78
10916901733,10916901734,34.07
10916901734,10916901733,34.07
10916901734,10916901735,24.39
10916901735,10916901734,24.39
10916901735,10916901736,33.81
10916901736,10916901735,33.81
10916901736,10916901737,40.54
10916901737,10916901736,40.54
10916901737,11514945267,2.70
11514945267,10916901737,2.70
11514945267,11515076172,19.00
11515076172,11514945267,19.00
11515076172,10916901738,2.67
10916901738,11515076172,2.67
10916901738,10916901733,40.28
10916901733,10916901738,40.28
6967343949,11515076171,33.02
11515076171,10916901732,46.59
10916901732,11515076183,18.11
11515076183,11515076187,14.38
11515076187,10916901739,33.72
10916901747,11429100220,8.15
11429100220,10916901747,8.15
11429100220,10916901748,1.82
10916901748,11429100220,1.82
4671252674,4671259792,76.23
4671259792,4671252674,76.23
4671258986,4671258985,1.87
4671258985,4671258986,1.87
4671258985,10916921126,10.83
10916921126,4671258985,10.83
10916921126,10916921127,12.15
10916921127,10916921126,12.15
10916921127,12048145638,14.22
12048145638,10916921127,14.22
10916921136,10916921137,23.39
10916921137,10916921136,23.39
10916921137,10916921138,36.94
10916921138,10916921137,36.94
1843955058,1843955681,34.05
1843955681,1843955058,34.05
6946535598,10916921151,11.02
10916921151,6946535598,11.02
10916921151,10916921152,79.88
10916921152,10916921151,79.88
6967343912,11420978515,3.31
11420978515,6967343912,3.31
11420978515,12993495194,12.34
12993495194,11420978515,12.34
12993495194,12993495193,4.64
12993495193,12993495194,4.64
12993495193,12993495192,5.89
12993495192,12993495193,5.89
12993495192,12993495195,10.97
12993495195,12993495192,10.97
12993495195,12993495186,36.34
12993495186,12993495195,36.34
12993495186,12993495187,3.73
12993495187,12993495186,3.73
12993495187,12993495188,5.33
12993495188,12993495187,5.33
12993495188,12993495189,5.51
12993495189,12993495188,5.51
12993495189,12993495190,4.01
12993495190,12993495189,4.01
12993495190,12993495191,3.80
12993495191,12993495190,3.80
12993495191,4671258978,44.52
4671258978,12993495191,44.52
10916921165,10916921162,9.83
10916921162,10916921165,9.83
10916921162,10916921163,15.20
10916921163,10916921162,15.20
10916921163,10916921184,48.18
10916921184,10916921163,48.18
10916921184,10916921185,11.11
10916921185,10916921184,11.11
10916921185,10916921164,71.94
10916921164,10916921185,71.94
10916921178,10916921179,26.82
10916921179,10916921178,26.82
10916921178,10916921180,22.24
10916921180,10916921178,22.24
10916921181,10916921182,21.18
10916921182,10916921181,21.18
10916921182,10916921183,27.65
10916921183,10916921182,27.65
10916921183,10916921179,11.80
10916921179,10916921183,11.80
10916921180,10916921184,1.81
10916921184,10916921180,1.81
10916921181,10916921185,2.64
10916921185,10916921181,2.64
10916921164,10916921187,3.92
10916921187,10916921164,3.92
10916921187,10916921188,21.91
10916921188,10916921187,21.91
10916921188,12476194789,7.64
12476194789,10916921188,7.64
12476194789,10916921189,34.84
10916921189,12476194789,34.84
10916921162,10916959741,6.75
10916959741,10916921162,6.75
3386155034,10916959759,36.11
10916959759,3386155034,36.11
10916959759,10916959751,37.49
10916959751,10916959759,37.49
10916959751,10920309910,34.29
10920309910,10916959751,34.29
10920309910,10916959749,20.10
10916959749,10920309910,20.10
10916959749,1843955369,73.72
1843955369,10916959749,73.72
1843955369,4606311629,7.83
4606311629,1843955369,7.83
4606311629,1843955805,10.87
1843955805,4606311629,10.87
1843955369,3386155034,50.37
3386155034,1843955369,50.37
10916959758,10916959759,21.85
10916959759,10916959758,21.85
3386069696,3386069697,18.88
3386069697,3386069696,18.88
3386069697,3386069698,4.70
3386069698,3386069697,4.70
3386069698,3386069699,5.88
3386069699,3386069698,5.88
1843955621,3386069695,24.06
3386069695,1843955621,24.06
3386069695,3386069696,3.87
3386069696,3386069695,3.87
1843955678,10916959768,19.25
10916959768,1843955678,19.25
10916921131,10916991941,240.97
10916991941,10916921131,240.97
10905047542,10917016856,10.22
10917016856,10917016857,5.16
10917016857,10917016858,5.36
10917016858,10917016859,7.38
10917016859,10917016860,4.91
10917016860,10917016861,8.25
10917016861,10917016862,8.81
10917016862,10905047521,7.27
10920309910,10920309912,1.87
10920309912,10920309910,1.87
10920309912,10920309911,3.33
10920309911,10920309912,3.33
1843955056,10922665709,20.87
10922665709,1843955056,20.87
10922665709,1843955707,4.19
1843955707,10922665709,4.19
10920309914,1843955783,40.88
1843955447,1843955923,44.13
1843955923,1843955447,44.13
1843955783,10920309918,1.58
10920309918,1843955783,1.58
10920309918,10920309916,1.91
10920309916,10920309918,1.91
10920309916,10920309917,11.99
10920309917,10920309916,11.99
10916959750,10741941832,6.70
10741941832,10916959750,6.70
10741941832,10741941831,12.16
10741941831,10741941832,12.16
4671259824,6868204012,15.50
6868204012,4671259824,15.50
9362752637,6946535600,32.30
6946535600,9362752637,32.30
10922495917,10922495929,17.59
10922495929,10922495917,17.59
10922495929,10922495918,47.46
10922495918,10922495929,47.46
10922495918,10922495935,5.27
10922495935,10922495918,5.27
10922495935,10922495919,18.77
10922495919,10922495935,18.77
10922495924,10922495925,7.43
10922495925,10922495924,7.43
10922495925,10922495926,41.64
10922495926,10922495925,41.64
10922495926,10922495919,8.65
10922495919,10922495926,8.65
10922495919,10922495927,9.80
10922495927,10922495919,9.80
10922495927,10922495928,48.07
10922495928,10922495927,48.07
10922495933,10922495934,38.40
10922495934,10922495933,38.40
10922495931,10922495936,18.12
10922495936,10922495931,18.12
10922495936,10922495938,17.71
10922495938,10922495936,17.71
10922495938,10922495934,17.23
10922495934,10922495938,17.23
10922495936,10922495937,38.20
10922495937,10922495936,38.20
10922495938,10922495939,38.30
10922495939,10922495938,38.30
10922495931,10922495932,38.11
10922495932,10922495931,38.11
10922495932,10922495937,17.99
10922495937,10922495939,18.10
10922495939,10922495933,17.35
10922495929,10922495930,4.72
10922495930,10922495931,9.76
10922495934,10922495940,9.33
10922495940,10922495935,5.60
10922495921,4671259747,39.60
4671259747,10922495921,39.60
4671259747,10922495922,1.32
10922495922,4671259747,1.32
10922495922,10922495923,32.81
10922495923,10922495922,32.81
10922495923,10922495941,3.64
10922495941,10922495923,3.64
10922495948,10922495949,2.29
10922495949,10922495948,2.29
10922495949,10922495950,2.29
10922495950,10922495949,2.29
10922495950,10922495924,2.30
10922495924,10922495950,2.30
10922495924,10922495951,2.29
10922495951,10922495924,2.29
10922495951,10922495952,2.29
10922495952,10922495951,2.29
10922495952,10922495953,2.30
10922495953,10922495952,2.30
10922495953,10922495954,2.29
10922495954,10922495953,2.29
10922495954,1843955781,2.29
1843955781,10922495954,2.29
1843955781,10922495955,2.29
10922495955,1843955781,2.29
10922495955,10922495956,2.29
10922495956,10922495955,2.29
10922495956,4671259760,2.29
4671259760,10922495956,2.29
4671259760,10922495944,2.32
10922495944,4671259760,2.32
10922495944,10922495945,2.32
10922495945,10922495944,2.32
10922495945,10922495946,2.31
10922495946,10922495945,2.31
10922495946,10922495947,2.33
10922495947,10922495946,2.33
10922495947,10922495941,2.32
10922495941,10922495947,2.32
10922495941,10922495942,2.29
10922495942,10922495941,2.29
10922495942,10922495943,2.30
10922495943,10922495942,2.30
10922495943,10922495948,2.29
10922495948,10922495943,2.29
4671256584,4671256577,5.26
4671256577,4671256584,5.26
4671256577,1843955911,53.75
1843955911,4671256577,53.75
1843955911,11078082372,2.18
11078082372,1843955911,2.18
11078082372,11078082371,2.74
11078082371,11078082372,2.74
11078082371,11078082370,23.39
11078082370,11078082371,23.39
10922665709,10922665710,16.83
10922665710,10922665709,16.83
10922665710,10922665711,35.51
10922665711,10922665710,35.51
10922665711,10922665712,14.61
10922665712,10922665711,14.61
1843955295,10922665717,19.33
10922665717,1843955295,19.33
4671252685,4671252680,14.82
4671252680,4671252685,14.82
4671252680,4671252678,18.36
4671252678,4671252680,18.36
4671252678,10922665727,5.17
10922665727,4671252678,5.17
10922665727,4671252676,12.86
4671252676,10922665727,12.86
4671252676,10922665728,11.38
10922665728,4671252676,11.38
4671252675,10922665741,4.26
10922665741,4671252675,4.26
4671252666,10922665718,3.56
10922665718,4671252666,3.56
1843884331,1843869757,5.89
1843869757,1843884331,5.89
1843869757,6886666636,8.17
6886666636,1843869757,8.17
6886666636,6236571526,11.87
6236571526,6886666636,11.87
6236571526,1843869838,12.61
1843869838,6236571526,12.61
1843869838,6236571549,16.08
6236571549,1843869838,16.08
6236571549,1843869756,14.63
1843869756,6236571549,14.63
1843869641,10922508792,36.83
10922508792,1843869641,36.83
10922508793,10922508794,6.51
10922508794,10922508793,6.51
10922508794,1843869569,12.08
1843869569,10922508794,12.08
6886805867,6946535728,11.90
6946535728,6886805867,11.90
10922683610,10922683609,51.41
10922683609,10922683610,51.41
10922683609,10922683607,35.01
10922683607,10922683609,35.01
10922683608,10922683609,55.31
10922683609,10922683608,55.31
10922683605,6946535729,24.25
6946535729,10922683605,24.25
10922683611,10922683612,25.49
10922683612,10922683611,25.49
10922683612,10922683613,12.43
10922683613,10922683612,12.43
10922683607,1843843657,9.27
1843843657,10922683607,9.27
10922697116,6946535711,2.95
6946535711,10922697116,2.95
6946535711,10922697125,3.19
10922697125,6946535711,3.19
10922697125,6946535712,18.76
6946535712,10922697125,18.76
6946535712,4670757162,4.04
4670757162,6946535712,4.04
11515076206,10922697125,3.12
10922697125,11515076206,3.12
10922697125,10922697126,12.44
10922697126,10922697125,12.44
10922697127,10922697128,23.68
10922697128,10922697127,23.68
10922697126,10922697127,11.53
10922697127,10922697126,11.53
6959195330,10922697150,6.75
10922697150,6959195330,6.75
10922697150,10922697151,9.43
10922697151,10922697150,9.43
10922697151,10922697152,6.99
10922697152,10922697151,6.99
10922697152,10922697153,5.13
10922697153,10922697152,5.13
10922697153,10922697154,4.05
10922697154,10922697153,4.05
10922697161,10922697163,13.64
10922697163,10922697161,13.64
10922697163,10922697162,4.91
10922697162,10922697163,4.91
6878819031,10922697164,5.13
10922697164,6878819031,5.13
10922697164,10922697165,20.70
10922697165,10922697164,20.70
6878819020,4670757019,6.42
4670757019,6878819020,6.42
4671252683,10922732882,23.08
10922732882,4671252683,23.08
10922895906,10922895907,14.20
10922895907,10922895906,14.20
10922895907,10922895908,10.85
10922895908,10922895907,10.85
10922895906,10922895909,3.60
10922895909,10922895906,3.60
10922895909,11135848446,20.45
11135848446,10922895909,20.45
11135848446,11135848442,24.69
11135848442,11135848446,24.69
11135848442,11135848443,12.64
11135848443,11135848442,12.64
10922895910,11413449140,2.80
11413449140,10922895910,2.80
11413449140,11413449132,6.37
11413449132,11413449140,6.37
11413449132,12173793264,2.10
12173793264,11413449132,2.10
12173793264,10922895911,2.57
10922895911,12173793264,2.57
10922895912,11413449141,2.97
11413449141,10922895912,2.97
10922895912,10922895914,17.20
10922895914,10922895912,17.20
10922895914,10922895974,3.06
10922895974,10922895914,3.06
10922895974,10922895915,20.70
10922895915,10922895974,20.70
10922895915,10922895916,7.52
10922895916,10922895915,7.52
10922895916,10922895961,5.99
10922895961,10922895916,5.99
10922895961,10922895917,4.09
10922895917,10922895961,4.09
10922895917,10922895918,7.81
10922895918,10922895917,7.81
10922895918,10922895919,8.81
10922895919,10922895918,8.81
10922895919,10922895920,6.40
10922895920,10922895919,6.40
10922895920,10998389236,50.56
10998389236,10922895920,50.56
10922895961,10922895962,9.95
10922895962,10922895961,9.95
10922895962,10922895963,5.12
10922895963,10922895962,5.12
10922895963,10922895964,6.84
10922895964,10922895963,6.84
10922895964,10922895965,9.12
10922895965,10922895964,9.12
10922895965,10922895966,2.27
10922895966,10922895965,2.27
10922895966,10922895967,16.41
10922895967,10922895966,16.41
10922895967,11413449145,12.94
11413449145,10922895967,12.94
10922895974,10922895975,16.57
10922895975,10922895974,16.57
10922895975,10922895976,16.42
10922895976,10922895975,16.42
10922895976,11413449144,12.49
11413449144,10922895976,12.49
10922895978,12173793263,2.54
12173793263,10922895978,2.54
12173793263,10922895980,5.16
10922895980,12173793263,5.16
10922895980,11413449142,2.94
11413449142,10922895980,2.94
11413449142,10922895979,3.18
10922895979,11413449142,3.18
10922896001,11413449139,3.78
11413449139,10922896001,3.78
11413449139,12173793265,9.31
12173793265,11413449139,9.31
12173793265,10922896002,2.01
10922896002,12173793265,2.01
4670758106,4670758105,75.18
4670758105,4670758106,75.18
4670758105,10916901722,8.82
10916901722,4670758105,8.82
10916901722,4670758107,9.19
4670758107,10916901722,9.19
4664984997,10916921165,10.50
10916921165,4664984997,10.50
10920309915,1843955783,1.72
1843955783,10920309915,1.72
4546765784,4546765782,11.67
4546765782,4546765784,11.67
1843843687,1843843778,14.64
1843843778,1843843687,14.64
1885953075,6236208914,13.05
6236208914,1885953075,13.05
6236208914,5900733338,4.41
5900733338,6236208914,4.41
5900733338,10304010519,5.48
10304010519,5900733338,5.48
1885953075,10925236629,4.20
10925236629,1885953075,4.20
10925236629,10925236633,4.56
10925236633,10925236629,4.56
10925236633,10925236634,19.43
10925236634,10925236633,19.43
9919851399,10925315759,35.85
10925315759,9919851399,35.85
10925315759,10925315761,7.82
10925315761,10925315759,7.82
10925315761,4664984856,16.96
4664984856,10925315761,16.96
4664984856,6858212155,23.05
6858212155,4664984856,23.05
6858212155,1885958711,3.76
1885958711,6858212155,3.76
1885958684,10925245816,7.84
10925245816,1885958684,7.84
10925245816,10925245815,2.41
10925245815,10925245816,2.41
10925245817,10925245828,66.47
10925245828,10925245817,66.47
10925245828,10925245826,13.10
10925245826,10925245828,13.10
10925245826,10925245818,69.29
10925245818,10925245826,69.29
10925245823,10925245827,63.34
10925245827,10925245823,63.34
10925245827,10925245825,12.03
10925245825,10925245827,12.03
10925245825,10925245824,57.63
10925245824,10925245825,57.63
10925245825,10925245826,29.45
10925245826,10925245825,29.45
10925245827,10925245828,29.32
10925245828,10925245827,29.32
10925245824,4664985283,13.95
4664985283,10925245824,13.95
1885960794,9919851400,57.28
9919851400,1885960794,57.28
10925245844,10925245845,10.67
10925245845,10925245844,10.67
10925245845,10925245846,10.79
10925245846,10925245845,10.79
9563597217,10925245864,78.92
10925245864,9563597217,78.92
10925245864,9563597218,23.05
9563597218,10925245864,23.05
9563597218,10925308522,54.03
10925308522,9563597218,54.03
10925308522,10925308518,9.55
10925308518,10925308522,9.55
10925308518,1993543678,41.59
1993543678,10925308518,41.59
9563597217,10925308514,36.84
10925308514,9563597217,36.84
10925308514,10925308515,9.80
10925308515,10925308514,9.80
10925308515,10925245858,62.12
10925245858,10925308515,62.12
10925245858,10925284201,50.23
10925284201,10925245858,50.23
10925284201,10925308554,11.30
10925308554,10925284201,11.30
10925308554,9563597219,31.66
9563597219,10925308554,31.66
10925245861,10925245863,4.57
10925245863,10925245861,4.57
10925245863,10925245862,1.99
10925245862,10925245863,1.99
10925245864,10925245866,4.81
10925245866,10925245864,4.81
10925245866,10925245865,8.93
10925245865,10925245866,8.93
10925262932,10925262933,46.72
10925262933,10925262932,46.72
10925262933,12065247519,16.69
12065247519,10925262933,16.69
12065247519,12065247520,46.11
12065247520,12065247519,46.11
1843843679,1843843687,29.24
1843843687,1843843679,29.24
1843843685,10925283451,3.71
10925283451,1843843685,3.71
10925283451,10925283452,18.28
10925283452,10925283451,18.28
10925283454,10925283455,7.63
10925283455,10925283454,7.63
10925283456,10925283457,24.55
10925283457,10925283456,24.55
10925283457,10925283458,15.30
10925283458,10925283457,15.30
10925283458,10992820270,3.01
10992820270,10925283458,3.01
10992820270,10925283459,19.07
10925283459,10992820270,19.07
10998389229,10925292452,3.81
10925292452,10998389229,3.81
10925292452,10925292453,13.92
10925292453,10925292452,13.92
10925292453,10925292454,5.58
10925292454,10925292453,5.58
10925284201,10925308560,36.82
10925308560,10925284201,36.82
10925308560,10925284202,6.31
10925284202,10925308560,6.31
10925284202,10925284203,5.54
10925284203,10925284202,5.54
10925284203,10925284204,4.35
10925284204,10925284203,4.35
10925284204,10925308505,11.15
10925308505,10925284204,11.15
10925308505,10925308506,42.40
10925308506,10925308505,42.40
10925308506,10925308507,30.68
10925308507,10925308506,30.68
10925308507,10925308508,7.90
10925308508,10925308507,7.90
10925308508,10925308509,9.47
10925308509,10925308508,9.47
10925308509,10925308510,10.26
10925308510,10925308509,10.26
10925308510,10925308511,7.31
10925308511,10925308510,7.31
10925308511,10925308512,7.34
10925308512,10925308511,7.34
10925308512,10925308513,12.79
10925308513,10925308512,12.79
10925308513,10925308514,33.72
10925308514,10925308513,33.72
10925308515,10925308516,33.89
10925308516,10925308515,33.89
10925308516,10925308517,7.15
10925308517,10925308516,7.15
10925308517,10925308510,4.25
10925308510,10925308517,4.25
10925308516,10925308513,10.78
10925308513,10925308516,10.78
10925308518,10925308519,36.12
10925308519,10925308518,36.12
10925308519,10925308524,4.79
10925308524,10925308519,4.79
10925308524,10925308520,36.92
10925308520,10925308524,36.92
10925308521,10925308593,5.95
10925308593,10925308521,5.95
10925308593,10925308522,36.33
10925308522,10925308593,36.33
10925308521,10925308523,9.23
10925308523,10925308521,9.23
10925308523,10925308524,7.93
10925308524,10925308523,7.93
10925308523,10925308525,5.01
10925308525,10925308523,5.01
10925308525,10925308526,5.22
10925308526,10925308525,5.22
10925308526,10925308527,5.47
10925308527,10925308526,5.47
10925308527,10925308528,4.47
10925308528,10925308527,4.47
10925308528,10925308529,3.99
10925308529,10925308528,3.99
10925308529,10925308530,5.03
10925308530,10925308529,5.03
10925308530,10925308531,5.67
10925308531,10925308530,5.67
10925308531,10925308532,5.30
10925308532,10925308531,5.30
10925308532,10925308533,4.10
10925308533,10925308532,4.10
10925308533,10925308521,8.07
10925308521,10925308533,8.07
10925308519,10925308593,9.32
10925308593,10925308519,9.32
10925308593,10925308534,18.90
10925308534,10925308593,18.90
10925308554,10925308562,38.86
10925308562,10925308554,38.86
10925308562,10925308555,29.64
10925308555,10925308562,29.64
10925308520,10925308572,49.75
10925308572,10925308520,49.75
10925308572,10925308555,14.33
10925308555,10925308572,14.33
10925308555,10925308556,3.08
10925308556,10925308555,3.08
10925308505,10925308557,15.69
10925308557,10925308505,15.69
10925308557,10925308558,15.90
10925308558,10925308557,15.90
10925308558,10925308559,3.31
10925308559,10925308558,3.31
10925308559,10925284202,3.76
10925284202,10925308559,3.76
10925308557,10925308555,9.81
10925308555,10925308557,9.81
10925308560,10925308561,6.00
10925308561,10925308560,6.00
10925308561,10925308562,5.99
10925308562,10925308561,5.99
10925308558,10925308562,7.49
10925308562,10925308558,7.49
10925308507,10925308563,7.99
10925308563,10925308507,7.99
10925308563,10925308524,6.00
10925308524,10925308563,6.00
10925308513,10925308565,21.58
10925308565,10925308513,21.58
10925308565,10925308534,11.41
10925308534,10925308565,11.41
10925308512,10925308564,5.12
10925308564,10925308512,5.12
10925308564,10925308565,8.88
10925308565,10925308564,8.88
10925308556,10925308566,19.62
10925308566,10925308556,19.62
10925308566,10925308567,6.98
10925308567,10925308566,6.98
10925308568,10925308569,12.64
10925308569,10925308568,12.64
10925308568,10925308570,8.47
10925308570,10925308568,8.47
10925308572,10925308573,3.09
10925308573,10925308572,3.09
10925308573,10925308574,21.18
10925308574,10925308573,21.18
10925308574,10925308575,14.89
10925308575,10925308574,14.89
10925315749,10925315750,67.35
10925315750,10925315749,67.35
10925315751,10925315752,67.05
10925315752,10925315751,67.05
10925315759,10925315760,10.03
10925315760,10925315759,10.03
10925315761,10925315762,9.61
10925315762,10925315761,9.61
10925315762,10925315763,17.81
10925315763,10925315762,17.81
10925315760,10925315764,17.98
10925315764,10925315760,17.98
10925315765,10925315780,14.96
10925315780,10925315765,14.96
10925315780,10925315751,23.64
10925315751,10925315780,23.64
10925315751,10925315750,11.08
10925315750,10925315751,11.08
10925315750,10925315779,18.59
10925315779,10925315750,18.59
10925315779,12476162236,10.92
12476162236,10925315779,10.92
10925315763,10925315771,4.25
10925315771,10925315763,4.25
10925315771,10925315772,12.11
10925315772,10925315771,12.11
10925315772,10925315773,29.78
10925315773,10925315772,29.78
10925315764,10925315774,4.50
10925315774,10925315764,4.50
10925315774,10925315775,12.80
10925315775,10925315774,12.80
10925315775,10925315776,29.77
10925315776,10925315775,29.77
10925315777,10925315773,33.34
10925315773,10925315777,33.34
10925315773,10925315776,31.04
10925315776,10925315773,31.04
10925315776,12476162235,13.40
12476162235,10925315776,13.40
10922495912,9362753289,23.13
9362753289,10922495912,23.13
4664939411,4664939412,7.26
4664939412,4664939411,7.26
10922683605,10922683610,5.20
10922683610,10922683605,5.20
4664939410,9919851399,176.94
9919851399,4664939410,176.94
4664939375,12319700584,155.74
12319700584,4664939375,155.74
6967712821,6967712822,34.02
6967712822,6967712821,34.02
1843869548,1843869914,3.18
1843869914,1843869548,3.18
10937754620,10937754622,3.53
10937754622,10937754620,3.53
10937754622,10937754621,3.26
10937754621,10937754622,3.26
6179169300,10937754626,6.04
10937754626,6179169300,6.04
10937754627,1843884243,24.98
1843884243,10937754627,24.98
1843884235,10937754628,7.29
10937754628,1843884235,7.29
10998389231,10937735303,23.70
10937735303,10998389231,23.70
10922697149,6959195329,4.82
6959195329,10922697149,4.82
10949186638,10949902146,46.19
10949902146,1843884344,4.58
10949902132,10949902133,23.69
10949902133,10949902132,23.69
10949902133,10949902134,25.83
10949902134,10949902133,25.83
10949902134,10949902135,31.91
10949902135,10949902134,31.91
10949902135,10949902136,12.62
10949902136,10949902135,12.62
10949902136,10949902137,8.51
10949902137,10949902136,8.51
10949902137,10949902138,11.96
10949902138,10949902137,11.96
10949902139,10949902140,36.70
10949902140,10949902139,36.70
10949902140,10949902141,11.93
10949902141,10949902140,11.93
10949902143,10949902145,22.46
10949902145,10949902143,22.46
10949902145,4671260308,4.21
4671260308,10949902145,4.21
4671260308,10949902144,11.59
10949902144,4671260308,11.59
10949902147,10949902148,16.95
10949902148,10949902147,16.95
10949902148,10949902149,16.37
10949902149,10949902148,16.37
10949902149,10949902150,6.11
10949902150,10949902149,6.11
10949902150,10949902151,8.14
10949902151,10949902150,8.14
10949902151,10949902152,5.00
10949902152,10949902151,5.00
10949906096,10949906098,40.11
10949906098,10949906096,40.11
10949906098,10949973019,6.68
10949973019,10949906098,6.68
10949973019,10949906099,5.15
10949906099,10949973019,5.15
10949906099,10949906100,5.87
10949906100,10949906099,5.87
6946535616,10949906101,7.90
10949906101,6946535616,7.90
10949906101,10949973012,2.63
10949973012,10949906101,2.63
10949973012,10949906102,22.02
10949906102,10949973012,22.02
10949906102,10949973006,16.20
10949973006,10949906102,16.20
10949973006,10949906103,19.42
10949906103,10949973006,19.42
10949906103,10949906104,33.13
10949906104,10949906103,33.13
10949906104,10949973005,18.84
10949973005,10949906104,18.84
10949973005,10949973006,33.55
10949973006,10949973005,33.55
10949906104,10949973007,3.95
10949973007,10949906104,3.95
10949973007,10949973008,15.66
10949973008,10949973007,15.66
10949973008,10949973016,1.82
10949973016,10949973008,1.82
10949973016,10949973009,6.24
10949973009,10949973016,6.24
10949973009,10949973010,1.85
10949973010,10949973009,1.85
10949973010,10949973011,14.00
10949973011,10949973010,14.00
10949973011,10949906099,3.78
10949906099,10949973011,3.78
10949973012,10949973013,56.67
10949973013,10949973012,56.67
10949973013,10949973014,18.77
10949973014,10949973013,18.77
10949973014,10949973015,6.64
10949973015,10949973014,6.64
10949973015,10949973016,30.49
10949973016,10949973015,30.49
10949906102,10949973017,15.61
10949973017,10949906102,15.61
10949973017,10949973018,38.63
10949973018,10949973017,38.63
10949973018,10949973019,62.27
10949973019,10949973018,62.27
10949973022,12077076175,9.10
12077076175,10949973022,9.10
12077076175,10949973023,6.20
10949973023,12077076175,6.20
1843884318,10949973036,4.99
10949973036,1843884318,4.99
4549142340,12077076172,7.76
12077076172,4549142340,7.76
12077076172,10949951738,2.54
10949951738,12077076172,2.54
10949951756,12077062966,5.85
12077062966,10949951756,5.85
12077062966,10949951757,4.84
10949951757,12077062966,4.84
10949951757,10949951758,35.43
10949951758,10949951757,35.43
6946535718,10949951766,3.85
10949951766,6946535718,3.85
10949951786,10949951783,9.84
10949951783,10949951786,9.84
10949951783,10949951784,3.16
10949951784,10949951783,3.16
10949951783,10949951787,9.61
10949951787,10949951783,9.61
4671258949,4671258948,9.36
4671258948,4671258949,9.36
10949902158,4671252596,28.72
4671252596,10949902158,28.72
10958153286,10958153289,5.27
10958153289,10958153286,5.27
10958153289,10958153290,14.39
10958153290,10958153289,14.39
10958153290,10958153287,14.57
10958153287,10958153290,14.57
10958153287,10958153288,31.37
10958153288,10958153287,31.37
10958153292,10958153286,3.32
10958153286,10958153292,3.32
10958153286,10958153285,26.97
10958153285,10958153286,26.97
10958153290,10958153291,3.20
10958153291,10958153290,3.20
10958153298,10091432077,4.98
10091432077,10958153298,4.98
10091432077,7442808356,5.30
7442808356,10091432077,5.30
10958153298,10958153300,4.37
10958153300,10958153298,4.37
10958153300,6959195334,3.49
6959195334,10958153300,3.49
10949951784,10949951785,5.11
10949951785,10949951784,5.11
4671258949,10949951786,2.68
10949951786,4671258949,2.68
10949902159,4671252594,32.84
4671252594,10949902159,32.84
10962339872,10962339873,3.98
10962339873,10962339872,3.98
10962339878,10962339879,11.49
10962339879,10962339878,11.49
10962339879,10962339873,5.77
10962339873,10962339879,5.77
4664939415,6918291203,2.79
6918291203,4664939415,2.79
6918291203,4671513060,0.99
4671513060,6918291203,0.99
4671513060,6918323526,2.87
6918323526,4671513060,2.87
6918323526,4671513059,3.79
4671513059,6918323526,3.79
4671513059,4671513058,6.29
4671513058,4671513059,6.29
4671513058,4671513057,25.63
4671513057,4671513058,25.63
4671513057,4671513056,11.41
4671513056,4671513057,11.41
4671513056,4671513055,8.78
4671513055,4671513056,8.78
4671513055,4671513054,9.83
4671513054,4671513055,9.83
4671513054,4671513053,22.79
4671513053,4671513054,22.79
4671513053,4671513812,6.98
4671513812,4671513053,6.98
4671513812,4671513052,11.42
4671513052,4671513812,11.42
4671513052,4671513051,9.24
4671513051,4671513052,9.24
4671513051,4671513050,55.58
4671513050,4671513051,55.58
10962468208,10962468213,2.44
10962468213,10962468208,2.44
10962468213,10962516236,4.75
10962516236,10962468213,4.75
10962516236,10962468209,23.56
10962468209,10962516236,23.56
10962468209,10962468210,9.15
10962468210,10962468209,9.15
10962468210,10962581880,8.95
10962581880,10962468210,8.95
10962581880,10962468211,8.48
10962468211,10962581880,8.48
10962468211,10962468212,31.93
10962468212,10962468211,31.93
6285928903,11168437923,4.36
11168437923,6285928903,4.36
11168437923,11168437922,6.28
11168437922,11168437923,6.28
11168437922,5336035985,15.31
5336035985,11168437922,15.31
5336035985,11413602473,64.81
11413602473,5336035985,64.81
11413602473,11413602405,57.31
11413602405,11413602473,57.31
11413602405,11413602401,46.47
11413602401,11413602405,46.47
11413602401,6285928905,54.32
6285928905,11413602401,54.32
6285928905,5336035987,10.88
5336035987,6285928905,10.88
5336035987,11413602468,62.03
11413602468,5336035987,62.03
11413602468,11413557244,56.99
11413557244,11413602468,56.99
11413557244,5336036007,50.60
5336036007,11413557244,50.60
5336036007,11413602444,36.41
11413602444,5336036007,36.41
11413602444,11413602442,20.80
11413602442,11413602444,20.80
11413602442,10962468222,33.01
10962468222,11413602442,33.01
10962468222,10962468223,48.77
10962468223,10962468222,48.77
10962468223,10962468221,11.54
10962468221,10962468223,11.54
10962468221,10962468224,74.94
10962468224,10962468221,74.94
10962468224,11421552661,8.37
11421552661,10962468224,8.37
11421552661,10962468225,53.11
10962468225,11421552661,53.11
6177243410,10962531855,3.90
10962531855,6177243410,3.90
10962531855,10962516239,41.23
10962516239,10962531855,41.23
10962568532,10962568533,79.24
10962568533,10962568532,79.24
4670757062,4670757061,19.35
4670757061,4670757062,19.35
4671252649,6946535710,13.72
6946535710,4671252649,13.72
6946535710,4671252648,17.22
4671252648,6946535710,17.22
4671252648,10962575873,1.80
10962575873,4671252648,1.80
10962575873,10962575872,1.35
10962575872,10962575873,1.35
10962575872,10962575871,2.01
10962575871,10962575872,2.01
10962575871,10962575868,70.41
10962575868,10962575871,70.41
10962575868,10962575870,5.08
10962575870,10962575868,5.08
10962575870,10962575894,3.30
10962575894,10962575870,3.30
10962575894,10962575869,5.93
10962575869,10962575894,5.93
10962575874,10962575875,15.63
10962575875,10962575874,15.63
10962575876,10962575877,15.61
10962575877,10962575876,15.61
10962575875,10962575878,0.61
10962575878,10962575875,0.61
10962575877,10962575879,1.06
10962575879,10962575877,1.06
10962575874,7442808400,14.33
7442808400,10962575874,14.33
10962575876,10962575880,3.30
10962575880,10962575876,3.30
10962575880,10962575881,16.31
10962575881,10962575880,16.31
10962575894,10962575895,42.08
10962575895,10962575894,42.08
10962575895,10962575896,24.30
10962575896,10962575895,24.30
10962575896,10962575897,28.36
10962575897,10962575896,28.36
10962575897,10962575900,24.68
10962575900,10962575897,24.68
10962575898,11773661449,1.81
11773661449,10962575898,1.81
11773661449,10962575899,16.12
10962575899,11773661449,16.12
10962575899,10962575895,4.57
10962575895,10962575899,4.57
10962575898,10962575900,12.67
10962575900,10962575898,12.67
10962575900,11773661452,8.03
11773661452,10962575900,8.03
11773661452,10962581505,8.72
10962581505,11773661452,8.72
10962581505,10962575901,5.19
10962575901,10962581505,5.19
10962575901,10962575902,16.29
10962575902,10962575901,16.29
10962581505,10962581506,25.26
10962581506,10962581505,25.26
10962581506,10962581507,30.10
10962581507,10962581506,30.10
10962581507,10962581508,30.57
10962581508,10962581507,30.57
10962581508,10962581512,23.62
10962581512,10962581508,23.62
10962581512,10962581509,7.88
10962581509,10962581512,7.88
10962581509,10962581510,13.32
10962581510,10962581509,13.32
10962581510,10962581511,36.73
10962581511,10962581510,36.73
10962581511,6967343946,22.54
6967343946,10962581511,22.54
10962575902,10962581510,6.73
10962581510,10962575902,6.73
6967343940,10962581512,16.27
10962581512,6967343940,16.27
4671513392,4671513393,7.44
4671513393,4671513392,7.44
4671513393,4671513394,5.42
4671513394,4671513393,5.42
4671513394,4671513395,4.59
4671513395,4671513394,4.59
4671513395,4671513396,8.73
4671513396,4671513395,8.73
4671513396,4671513397,10.07
4671513397,4671513396,10.07
4671513397,4671513398,10.20
4671513398,4671513397,10.20
4671513398,4671513399,7.62
4671513399,4671513398,7.62
4671513399,4671513400,6.19
4671513400,4671513399,6.19
4671513400,4671513401,13.11
4671513401,4671513400,13.11
4671513401,4671513402,15.69
4671513402,4671513401,15.69
4671513402,4671513403,12.43
4671513403,4671513402,12.43
4671513403,4671513404,8.86
4671513404,4671513403,8.86
4671513404,4671513405,8.97
4671513405,4671513404,8.97
4671513405,4671513406,8.36
4671513406,4671513405,8.36
4671513406,4671513407,5.90
4671513407,4671513406,5.90
4671513407,4671513408,6.76
4671513408,4671513407,6.76
4671513408,4671513409,5.36
4671513409,4671513408,5.36
4671513409,4671513410,5.44
4671513410,4671513409,5.44
4671513410,4671513411,6.19
4671513411,4671513410,6.19
4671513411,4671513412,7.97
4671513412,4671513411,7.97
4671513412,4671513413,6.93
4671513413,4671513412,6.93
4671513413,4671513414,8.51
4671513414,4671513413,8.51
4671513414,4671513415,7.55
4671513415,4671513414,7.55
4671513415,4671513416,6.16
4671513416,4671513415,6.16
4671513416,4671513417,6.25
4671513417,4671513416,6.25
4671513417,4671513418,9.78
4671513418,4671513417,9.78
4671513418,4671513419,6.68
4671513419,4671513418,6.68
4671513419,4671513420,6.11
4671513420,4671513419,6.11
4671513420,4671513421,5.56
4671513421,4671513420,5.56
4671513421,4671513422,17.28
4671513422,4671513421,17.28
4671513422,4671513424,5.38
4671513424,4671513422,5.38
4671513424,4671513425,8.34
4671513425,4671513424,8.34
4671513425,4671513426,7.99
4671513426,4671513425,7.99
4671513426,4671513813,5.85
4671513813,4671513426,5.85
4671513813,4671513811,10.94
4671513811,4671513813,10.94
4671513811,4671513810,9.71
4671513810,4671513811,9.71
4671513810,10963651848,15.69
10963651848,4671513810,15.69
6236209199,12417551438,23.62
12417551438,5900733324,28.11
5900733324,12476153606,86.35
10963692419,4664866056,8.60
4664866056,10963692419,8.60
10983313231,2941477776,6.30
2941477776,10983313231,6.30
2941477776,10983313232,14.19
10983313232,2941477776,14.19
10905047512,5021787578,17.00
5021787578,10905047512,17.00
1843869782,1843869951,7.82
1843869951,1843869782,7.82
1843869951,6887304146,11.62
6887304146,1843869951,11.62
6887304146,1843869888,5.60
1843869888,6887304146,5.60
6236571559,10992818961,42.89
10992818961,6236571559,42.89
10992818961,10992818960,3.88
10992818960,10992818961,3.88
1843869641,11429094628,7.21
11429094628,1843869641,7.21
11429094628,10992818962,11.34
10992818962,11429094628,11.34
10992818962,10992818961,15.53
10992818961,10992818962,15.53
4670757532,342241051,18.22
342241051,4670757532,18.22
342241051,4670757011,4.10
4670757011,342241051,4.10
10992818974,10992818976,8.51
10992818976,10992818974,8.51
10992818976,10992818975,12.74
10992818975,10992818976,12.74
10925283451,10992820270,19.50
10992820270,10925283451,19.50
10992820270,10992820275,4.16
10992820275,10992820270,4.16
10992820275,10992820276,12.17
10992820276,10992820275,12.17
10992820276,10992820271,13.16
10992820271,10992820276,13.16
10992820271,10992820272,20.09
10992820272,10992820271,20.09
10992820272,10992820273,23.06
10992820273,10992820272,23.06
10992820273,10992820274,20.17
10992820274,10992820273,20.17
10992820278,10992820279,17.59
10992820279,10992820278,17.59
6236571817,10992820280,14.11
10992820280,10992820294,3.89
10992820294,10992820301,22.66
10992820301,10992820281,4.47
10992820281,10992820282,7.02
10992820282,10992820283,6.88
10992820283,10992820284,37.12
10992820284,6236571817,16.92
10992820278,10992820282,4.43
10992820282,10992820278,4.43
10992820280,10992820290,29.30
10992820290,10992820280,29.30
10992820290,10992820302,16.26
10992820302,10992820290,16.26
10992820302,10992820291,20.70
10992820291,10992820302,20.70
10992820291,10992848206,15.73
10992848206,10992820291,15.73
10992848206,10992820292,29.14
10992820292,10992848206,29.14
10992820293,10992820294,6.07
10992820294,10992820293,6.07
10992820296,10992820297,6.76
10992820297,10992820296,6.76
10992820299,10992820300,17.83
10992820300,10992820299,17.83
10992820300,10992820301,3.54
10992820301,10992820300,3.54
10992820299,10992820302,1.79
10992820302,10992820299,1.79
10992820284,10992820303,3.21
10992820303,10992820284,3.21
10992820303,10992820304,16.17
10992820304,10992820303,16.17
10992820304,10992848205,3.40
10992848205,10992820304,3.40
10992820279,10992848206,8.21
10992848206,10992820279,8.21
12538987155,10996338124,6.63
10996338124,12538987155,6.63
6285928900,11072133835,17.43
11072133835,6285928900,17.43
11072133835,10998389229,70.68
10998389229,11072133835,70.68
10998389229,10998389230,50.19
10998389230,10998389229,50.19
10998389230,10998389231,48.00
10998389231,10998389230,48.00
10998389231,10998389232,81.56
10998389232,10998389231,81.56
10998389232,10998389233,12.91
10998389233,10998389232,12.91
10998389233,10998389234,70.83
10998389234,10998389233,70.83
10998389234,10998389235,73.34
10998389235,10998389234,73.34
10998389235,10998389236,17.59
10998389236,10998389235,17.59
10998389236,10962516238,74.17
10962516238,10998389236,74.17
10962568524,10998389253,40.97
10998389253,10962568524,40.97
10998429413,10998429414,8.47
10998429414,10998429413,8.47
10998429414,10998429415,12.23
10998429415,10998429414,12.23
10998429415,10998429416,11.78
10998429416,10998429415,11.78
10998429423,1843955140,28.63
1843955140,10998429423,28.63
1843954998,10998429424,27.42
10998429424,1843954998,27.42
1843955623,10998429425,5.88
10998429425,1843955623,5.88
1843955013,10998429435,41.38
10998429435,1843955013,41.38
10998429435,12077071282,39.67
12077071282,10998429435,39.67
12077071282,12077071281,26.86
12077071281,12077071282,26.86
4671259640,4671260292,11.29
4671260292,4671259640,11.29
4671260292,4671260291,5.09
4671260291,4671260292,5.09
10998430103,10998430104,11.76
10998430104,10998430103,11.76
10998430104,10998452008,3.63
10998452008,10998430104,3.63
10998452008,10998452005,20.36
10998452005,10998452008,20.36
10998452009,10998452011,11.74
10998452011,10998452009,11.74
10998452011,10998452010,6.25
10998452010,10998452011,6.25
10998452012,10998452013,11.72
10998452013,10998452012,11.72
10998452013,10998452014,29.49
10998452014,10998452013,29.49
4671256571,4671256572,11.86
4671256572,4671256571,11.86
4671256572,4671256573,5.86
4671256573,4671256572,5.86
4671256573,4671256574,4.78
4671256574,4671256573,4.78
4671256574,4671256575,5.26
4671256575,4671256574,5.26
4671256575,4671256584,6.25
4671256584,4671256575,6.25
9362753288,10998440544,15.53
10998440544,9362753288,15.53
6236358274,576989631,4.56
576989631,6236358274,4.56
10790032321,10790032320,10.03
10790032320,10790032321,10.03
10790032320,10790032319,9.04
10790032319,10790032320,9.04
10790032319,10790032318,4.57
10790032318,10790032319,4.57
10790032318,10795985507,4.36
10795985507,10790032318,4.36
10795985507,10790032317,1.80
10790032317,10795985507,1.80
10790032317,10790032316,5.09
10790032316,10790032317,5.09
10790032316,10790032315,5.03
10790032315,10790032316,5.03
10790032315,10790032314,28.45
10790032314,10790032315,28.45
10790032314,10790032313,5.20
10790032313,10790032314,5.20
10790032313,10790032312,3.62
10790032312,10790032313,3.62
10790032312,10790032311,37.49
10790032311,10790032312,37.49
10790032311,10790032310,37.36
10790032310,10790032311,37.36
10790032310,10790032309,49.86
10790032309,10790032310,49.86
10790032309,10790032308,5.67
10790032308,10790032309,5.67
10790032308,10790032307,3.30
10790032307,10790032308,3.30
10790032307,10790032306,7.14
10790032306,10790032307,7.14
10790032306,10790032305,9.00
10790032305,10790032306,9.00
10790032305,10789961804,8.54
10789961804,10790032305,8.54
10789961804,10789961803,42.06
10789961803,10789961804,42.06
10789961803,10789961802,35.87
10789961802,10789961803,35.87
10789961802,10789961801,20.87
10789961801,10789961802,20.87
10789961801,10789961800,18.85
10789961800,10789961801,18.85
10789961800,10789961799,12.52
10789961799,10789961800,12.52
10789961799,10789961796,13.50
10789961796,10789961799,13.50
10789961796,10789961795,41.66
10789961795,10789961796,41.66
10789961795,12476120269,3.18
12476120269,10789961795,3.18
12476120269,10789961793,2.76
10789961793,12476120269,2.76
6971001111,10792329393,3.90
10792329393,6971001111,3.90
10792329393,10792329394,4.18
10792329394,10792329393,4.18
10792329394,10792329395,8.97
10792329395,10792329394,8.97
10792329395,10792329396,7.74
10792329396,10792329395,7.74
10792329396,6971001118,4.22
6971001118,10792329396,4.22
6971001118,10792329398,5.38
10792329398,6971001118,5.38
10792329398,10792329399,6.90
10792329399,10792329398,6.90
10792329399,10792329400,2.66
10792329400,10792329399,2.66
10792329400,11198390807,1.74
11198390807,10792329400,1.74
11198390807,10792329401,2.19
10792329401,11198390807,2.19
10792329401,10792329402,7.40
10792329402,10792329401,7.40
10792329402,10792329403,6.50
10792329403,10792329402,6.50
10792329403,10792329404,3.77
10792329404,10792329403,3.77
10792329404,10792580090,9.38
10792580090,10792329404,9.38
10792580090,10792343305,28.07
10792343305,10792580090,28.07
10792343305,10792343306,25.59
10792343306,10792343305,25.59
10792343306,10792343307,10.46
10792343307,10792343306,10.46
10792343307,10792343308,8.85
10792343308,10792343307,8.85
10792343308,12053715537,2.78
12053715537,10792343308,2.78
12053715537,10792343309,5.90
10792343309,12053715537,5.90
10792343309,10792343310,7.60
10792343310,10792343309,7.60
10792343310,11198391186,1.35
11198391186,10792343310,1.35
11198391186,10792343311,4.02
10792343311,11198391186,4.02
10792343311,10792343312,3.06
10792343312,10792343311,3.06
10792343312,10792329391,1.86
10792329391,10792343312,1.86
10792329391,10790032111,3.37
10790032111,10792329391,3.37
6179169357,11007877486,24.29
11007877486,6179169357,24.29
11007877486,11002525908,8.84
11002525908,11007877486,8.84
11002525908,11070933104,54.84
11070933104,11002525908,54.84
11070933104,11002525909,4.30
11002525909,11070933104,4.30
11002525909,11002525910,28.77
11002525910,11002525909,28.77
11002525910,6868204008,10.05
6868204008,11002525910,10.05
6868204008,11002525914,8.32
11002525914,6868204008,8.32
11002525914,11002525911,9.84
11002525911,11002525914,9.84
11002525911,11002525912,16.10
11002525912,11002525911,16.10
11002525912,11002525913,33.12
11002525913,11002525912,33.12
11002525913,11011300765,28.29
11011300765,11002525913,28.29
11011300765,11011300766,20.02
11011300766,11011300765,20.02
11011300766,4542130998,8.56
4542130998,11011300766,8.56
11002472481,11002525931,19.21
11002525931,11002472481,19.21
11002525931,11002472482,16.51
11002472482,11002525931,16.51
11002472482,11002472483,13.51
11002472483,11002472482,13.51
11002472483,11002472484,17.16
11002472484,11002472483,17.16
11002472484,11002525930,20.25
11002525930,11002472484,20.25
11002525930,11002472485,8.54
11002472485,11002525930,8.54
11002472485,11002472486,9.97
11002472486,11002472485,9.97
11002472486,11002472487,9.76
11002472487,11002472486,9.76
11002472487,11002472488,18.91
11002472488,11002472487,18.91
11002472488,11002472489,28.73
11002472489,11002472488,28.73
11002472489,11002472490,23.14
11002472490,11002472489,23.14
11006413516,11006413515,51.73
11006413515,11006413516,51.73
11006413515,11006413514,44.60
11006413514,11006413515,44.60
11006413514,11006413513,8.02
11006413513,11006413514,8.02
11006413513,11002472492,6.94
11002472492,11006413513,6.94
11002472492,11002472493,10.67
11002472493,11002472492,10.67
11002472493,11002472494,17.15
11002472494,11002472493,17.15
11002472494,11002472495,8.61
11002472495,11002472494,8.61
11002472495,11002472496,11.34
11002472496,11002472495,11.34
11002472496,11002472497,11.54
11002472497,11002472496,11.54
11002472497,6868204005,11.90
6868204005,11002472497,11.90
4681968822,5021787577,48.42
5021787577,4681968822,48.42
5021787577,11002472490,4.90
11002472490,5021787577,4.90
11006413516,11007877486,7.54
11007877486,11006413516,7.54
11007909813,11007909815,2.22
11007909815,11007909812,18.53
6946535780,11007909817,14.54
11007909817,6946535780,14.54
11007909817,11007909816,5.55
11007909816,11007909817,5.55
11007909838,11007909839,24.69
11007909839,11007909838,24.69
11007909852,6946535779,7.42
6946535779,11007909852,7.42
11007909839,11007909852,1.98
11007909852,11007909839,1.98
11007909853,11007909854,37.07
11007909854,11007909853,37.07
11007909854,11007909855,2.72
11007909855,11007909854,2.72
11007909855,11007909856,5.60
11007909856,11007909855,5.60
11007909857,11007909858,29.46
11007909858,11007909857,29.46
11007909858,11007909859,3.13
11007909859,11007909858,3.13
11007909859,11007909860,4.68
11007909860,11007909859,4.68
11007909861,6946535775,5.07
6946535775,11007909861,5.07
11007909862,11007909861,3.56
11007909861,11007909862,3.56
11007909869,11007909853,38.87
11007909853,11007909869,38.87
11007909868,11007909869,2.09
11007909869,11007909868,2.09
11007909873,11007909874,8.76
11007909874,11007909873,8.76
11007909874,11007909837,2.33
11007909837,11007909874,2.33
11007909837,11007909838,6.66
11007909838,11007909837,6.66
11007909853,11007909873,3.88
11007909873,11007909853,3.88
11007909874,11007909875,25.72
11007909875,11007909874,25.72
11007909875,11007909876,11.13
11007909876,11007909875,11.13
11007909878,11007909877,8.27
11007909877,11007909878,8.27
11007909876,11007909878,1.77
11007909878,11007909876,1.77
11009459119,11009459120,14.35
11009459120,11009459119,14.35
4573039206,11386119838,12.12
11386119838,11009459122,3.44
11009459123,11009459124,10.12
11009459124,11009459123,10.12
10998440544,10998440545,10.49
10998440545,10998440544,10.49
10922495920,10922495921,12.11
10922495921,10922495920,12.11
10922495916,10922495917,9.04
10922495917,10922495916,9.04
4542131306,11070933104,3.11
11070933104,4542131306,3.11
11070933104,11070955205,3.93
11070955205,11070933104,3.93
11072021955,11072021956,4.26
11072021956,11072021955,4.26
4664924320,4664924319,12.89
4664924319,4664924320,12.89
4664924319,6938359646,4.93
6938359646,4664924319,4.93
6938359646,4664924318,4.74
4664924318,6938359646,4.74
4664924318,4664924317,4.98
4664924317,4664924318,4.98
4664924342,4664924338,21.83
4664924338,4664924342,21.83
11072021970,4664924339,7.28
4664924339,11072021970,7.28
11072021976,11072021977,42.26
11072021977,11072021976,42.26
4664924427,11072079085,2.73
11072079085,4664924427,2.73
11072079085,11072079078,8.65
11072079078,11072079085,8.65
11072079086,11072079088,18.49
11072079088,11072079086,18.49
11072079088,11072079087,5.22
11072079087,11072079088,5.22
11072079093,11072079095,9.40
11072079095,11072079093,9.40
11072079095,11072079094,3.45
11072079094,11072079095,3.45
11072079093,11072079096,8.12
11072079096,11072079093,8.12
11072079096,11072079097,2.95
11072079097,11072079096,2.95
11072079104,11072104905,20.91
11072104905,11072079104,20.91
11072104905,4664924186,5.82
4664924186,11072104905,5.82
4664924304,11072104907,18.49
11072104907,4664924304,18.49
6813572593,1843575073,74.52
1843575073,6813572593,74.52
1843575073,11072104911,76.58
11072104911,1843575073,76.58
11072104911,6178380517,68.06
6178380517,11072104911,68.06
6178380517,6177316963,98.90
6177316963,6178380517,98.90
6177316963,11072133831,7.09
11072133831,6177316963,7.09
11072133831,11072104917,76.19
11072104917,11072133831,76.19
4664924179,11072133834,2.73
11072133834,4664924179,2.73
11072133834,11072133835,9.92
11072133835,11072133834,9.92
4655259363,11074266522,2.80
11074266522,4655259363,2.80
11074266522,11074266521,4.12
11074266521,11074266522,4.12
4655259363,4655259362,16.12
4655259362,4655259363,16.12
11074266526,11074266527,3.24
11074266527,11074266526,3.24
11074266527,11074266528,17.29
11074266528,11074266527,17.29
11074266528,4655259362,7.36
4655259362,11074266528,7.36
4543857626,11074266546,13.18
11074266546,4543857626,13.18
11074266546,4553150989,16.56
4553150989,11074266546,16.56
4553148185,11074266548,8.46
11074266548,4553148185,8.46
11074266548,11074266549,4.86
11074266549,11074266548,4.86
11074266549,11074266550,5.89
11074266550,11074266549,5.89
4553148179,11074266551,13.17
11074266551,4553148179,13.17
11074266551,11074266552,9.53
11074266552,11074266551,9.53
4553150224,1946518716,22.27
1946518716,4553150224,22.27
11076142519,11076142520,14.29
11076142520,11076142519,14.29
11076142521,11076142522,4.67
11076142522,11076142521,4.67
11076142519,11076142522,6.14
11076142522,11076142519,6.14
11076142521,11076142523,7.15
11076142523,11076142521,7.15
11076142520,11076142526,28.32
11076142526,11076142520,28.32
11076142530,4553150220,22.73
4553150220,11076142530,22.73
4553150220,11076142531,4.02
11076142531,4553150220,4.02
11076142531,11076142532,4.93
11076142532,11076142531,4.93
4655259391,6938555136,20.80
6938555136,4655259391,20.80
4655259394,4655259393,9.43
4655259393,4655259394,9.43
1854567407,4655258685,12.87
4655258685,1854567407,12.87
11076142552,11076142553,8.74
11076142553,11076142552,8.74
4553148172,11076187081,16.13
11076187081,4553148172,16.13
11076187081,11076187082,7.23
11076187082,11076187081,7.23
4553148176,4553148177,9.89
4553148177,4553148176,9.89
4553148177,11076187087,11.08
11076187087,4553148177,11.08
11076187087,11076187088,10.33
11076187088,11076187087,10.33
11076187088,11076187089,7.00
11076187089,11076187088,7.00
5336036732,5336036729,47.72
5336036729,5336036732,47.72
5336036729,11084424530,69.35
11084424530,5336036729,69.35
11084424530,11084424531,2.04
11084424531,11084424530,2.04
11084424531,12497087166,12.99
12497087166,11084424531,12.99
12497087166,4553150938,43.26
4553150938,12497087166,43.26
4553150938,11123940535,22.92
11123940535,4553150938,22.92
11123940535,11908354619,98.20
11908354619,11123940535,98.20
11908354619,11123940532,10.12
11123940532,11908354619,10.12
11123940532,4553150935,63.75
4553150935,11123940532,63.75
4553150935,11123940533,69.24
11123940533,4553150935,69.24
11123940533,11123940534,11.55
11123940534,11123940533,11.55
11123940534,6285928897,6.68
6285928897,11123940534,6.68
6236571550,11107584242,30.03
11107584242,6236571550,30.03
11548237831,11107656377,31.77
11107656377,11548237831,31.77
11107656377,11107656378,2.94
11107656378,11107656377,2.94
11107656378,11107656379,2.16
11107656379,11107656378,2.16
11107656379,11107656380,2.15
11107656380,11107656379,2.15
11107656380,11107656381,27.54
11107656381,11107656380,27.54
11135848440,12173793267,27.80
12173793267,11135848440,27.80
12173793267,11135848441,2.23
11135848441,12173793267,2.23
11135848444,11135848445,14.08
11135848445,11135848444,14.08
11135848445,11135848446,3.35
11135848446,11135848445,3.35
11135848444,11135848447,11.22
11135848447,11135848444,11.22
11163606702,11163606703,27.97
11163606703,11163606702,27.97
1946518631,11163606702,4.71
11163606702,1946518631,4.71
12077076178,12077076177,15.06
12077076177,12077076178,15.06
12077076177,12077076176,37.32
12077076176,12077076177,37.32
12077076176,12077076175,24.83
12077076175,12077076176,24.83
12077076175,12077076174,26.38
12077076174,12077076175,26.38
12077076174,12077076173,42.51
12077076173,12077076174,42.51
12077076173,12077076172,48.12
12077076172,12077076173,48.12
12077076172,12077076171,36.46
12077076171,12077076172,36.46
12077076171,12077076170,37.31
12077076170,12077076171,37.31
12077076170,12077076169,15.76
12077076169,12077076170,15.76
12077076169,12077062968,17.48
12077062968,12077076169,17.48
12077062968,12077062967,27.20
12077062967,12077062968,27.20
12077062967,12077062966,15.97
12077062966,12077062967,15.97
12077062966,12077062965,6.32
12077062965,12077062966,6.32
12077062965,12077062964,25.54
12077062964,12077062965,25.54
12077062964,12077062963,36.93
12077062963,12077062964,36.93
12077062963,12479559852,8.48
12479559852,12077062963,8.48
12479559852,4549142352,6.88
4549142352,12479559852,6.88
4549142352,11168437925,9.34
11168437925,4549142352,9.34
11168437925,11168437924,10.92
11168437924,11168437925,10.92
11168437924,11168437917,24.84
11168437917,11168437924,24.84
11168437917,11168437918,41.83
11168437918,11168437917,41.83
11168437918,6946535688,43.98
6946535688,11168437918,43.98
6946535688,11168437919,61.42
11168437919,6946535688,61.42
11168437919,10879588556,43.45
10879588556,11168437919,43.45
10879588556,11168437920,12.24
11168437920,10879588556,12.24
11168437920,6285928903,6.17
6285928903,11168437920,6.17
10949906095,11181967713,9.36
11181967713,10949906095,9.36
6179169346,10949906096,20.52
11198391187,11198391188,47.06
11198391188,11198391187,47.06
11198391193,8188814409,14.70
8188814409,11198391193,14.70
8188814409,11198391195,1.92
11198391195,8188814409,1.92
11198391195,11198391204,13.50
11198391204,11198391195,13.50
11198391204,11198391194,10.66
11198391194,11198391204,10.66
11198391196,11198391197,3.19
11198391197,11198391196,3.19
11198391197,11198391198,16.99
11198391198,11198391197,16.99
11198391196,8188814409,12.01
8188814409,11198391196,12.01
11198391198,11198391199,2.12
11198391199,11198391198,2.12
11198391199,6970934066,9.62
6970934066,11198391199,9.62
11198391201,11198391202,15.69
11198391202,11198391201,15.69
11198391201,11198391203,1.48
11198391203,11198391201,1.48
11198391203,11198391204,10.88
11198391204,11198391203,10.88
11198391202,11198391205,1.20
11198391205,11198391202,1.20
11198391205,11198391206,12.87
11198391206,11198391205,12.87
11198391207,11198391208,17.46
11198391208,11198391207,17.46
11198391208,11198391209,14.87
11198391209,11198391208,14.87
1868496411,11198391217,7.64
11198391217,1868496411,7.64
11198391217,11198391218,9.53
11198391218,11198391217,9.53
11198391218,11198391219,35.33
11198391219,11198391218,35.33
10912824323,4601615296,5.49
4601615296,10912824323,5.49
4601615296,4601615294,5.35
4601615294,4601615296,5.35
4601615294,7176495648,4.87
7176495648,4601615294,4.87
7176495648,10912824330,3.31
10912824330,7176495648,3.31
11198391220,4601615296,10.34
4601615296,11198391220,10.34
10912824323,11198391221,9.00
11198391221,10912824323,9.00
11198391222,11198391223,8.86
11198391223,11198391222,8.86
11198390771,11198390772,5.57
11198390772,11198390771,5.57
11198390773,11198390774,8.94
11198390774,11198390773,8.94
5335953232,11198390808,7.43
11198390808,5335953232,7.43
11198390808,10912824322,3.78
10912824322,11198390808,3.78
11198390815,11198390813,8.69
11198390813,11198390815,8.69
11198390813,5335953225,6.16
5335953225,11198390813,6.16
11198390816,11198390817,4.23
11198390817,11198390816,4.23
4584299358,11200991742,3.99
11200991742,4584299358,3.99
11200991742,4584299357,7.12
4584299357,11200991742,7.12
4584299357,11200991747,24.57
11200991747,4584299357,24.57
11200991747,11643225135,28.33
11643225135,11200991747,28.33
11643225135,11200991743,39.46
11200991743,11643225135,39.46
11200991743,11200991746,10.40
11200991746,11200991743,10.40
11200991751,11200991752,3.75
11200991752,11200991751,3.75
11200991752,11200991753,12.54
11200991753,11200991752,12.54
11216378989,4664985007,4.78
4664985007,11216378989,4.78
4664985007,1843869728,6.53
1843869728,4664985007,6.53
12475915472,12339689014,11.01
12339689014,12625583860,7.62
12625583860,12339689011,8.14
12339689011,12476152797,9.18
12476152797,12339689016,6.60
12339689016,11238523327,11.53
11253802846,11253802847,6.80
11253802847,11253802846,6.80
11253802847,11253802848,13.81
11253802848,11253802847,13.81
11253802848,11253802849,9.21
11253802849,11253802848,9.21
11253802850,11253802851,31.02
11253802851,11253802850,31.02
11253802852,11253802853,6.30
11253802853,11253802852,6.30
11253802854,11253802855,7.33
11253802855,11253802854,7.33
11253802855,11253802856,3.71
11253802856,11253802855,3.71
11253802856,11253802857,5.92
11253802857,11253802856,5.92
11253802857,11253802858,15.27
11253802858,11253802857,15.27
11253802859,11253802860,5.72
11253802860,11253802859,5.72
11253802866,11253802867,26.92
11253802867,11253802866,26.92
11253802868,11253802869,24.57
11253802869,11253802868,24.57
11253802870,11253802871,6.20
11253802871,11253802870,6.20
11253802871,11253802872,2.77
11253802872,11253802871,2.77
11253802872,11253802873,18.88
11253802873,11253802872,18.88
11253802873,11253802874,2.86
11253802874,11253802873,2.86
11253802874,11253802875,3.25
11253802875,11253802874,3.25
11253802878,11253802879,26.38
11253802879,11253802878,26.38
11253802880,11253802881,12.91
11253802881,11253802880,12.91
11253802885,11253802886,12.44
11253802886,11253802885,12.44
11002525913,4542131297,6.97
4542131297,11002525913,6.97
4542131297,6868204005,7.50
6868204005,4542131297,7.50
6868204005,1840291202,5.40
1840291202,6868204005,5.40
1840291202,11307507106,3.90
11307507106,1840291202,3.90
11384768728,11384768729,23.35
11384768729,11384768728,23.35
11384768729,11384768730,9.72
11384768730,11384768729,9.72
11384768730,11384768731,6.74
11384768731,11384768730,6.74
11384768731,1843955631,8.18
1843955631,11384768731,8.18
11384768731,11384768732,12.27
11384768732,11384768731,12.27
11384768732,11384768733,20.05
11384768733,11384768732,20.05
1847297661,11384768747,7.70
11384768747,1847297661,7.70
11384768747,1847297602,10.87
1847297602,11384768747,10.87
1847297602,4597856996,8.51
4597856996,1847297602,8.51
10089510139,11384768746,5.82
11384768746,10089510139,5.82
11384768746,11384768747,5.45
11384768747,11384768746,5.45
11384768748,11384768749,4.66
11384768749,11384768748,4.66
11384768749,11384768750,4.78
11384768750,11384768749,4.78
11384768750,11384768751,6.06
11384768751,11384768750,6.06
11384768751,11384768752,8.30
11384768752,11384768751,8.30
11384768753,11384768756,10.08
11384768756,11384768753,10.08
11384768756,11384768755,33.67
11384768755,11384768756,33.67
11384768755,11384768754,2.41
11384768754,11384768755,2.41
11384768756,10089510138,9.95
10089510138,11384768756,9.95
11404401337,11404401339,10.65
11404401339,11404401337,10.65
11404401339,11404401338,10.85
11404401338,11404401339,10.85
11406409472,11406409473,6.58
11406409473,11406409472,6.58
11406409473,6892829012,20.74
6892829012,11406409473,20.74
6892829012,5335953231,22.69
5335953231,6892829012,22.69
11406409474,11406409475,27.02
11406409475,11406409474,27.02
11406409475,11406409476,6.42
11406409476,11406409475,6.42
11406409476,11406409477,8.68
11406409477,11406409476,8.68
11406409476,11406409486,4.12
11406409486,11406409476,4.12
11406409486,11406409487,25.27
11406409487,11406409486,25.27
11406409487,11406409488,3.08
11406409488,11406409487,3.08
11406409488,11406409489,7.86
11406409489,11406409488,7.86
11413374541,5219443721,13.40
5219443721,11413374541,13.40
11413374541,6179169928,2.76
6179169928,11413374541,2.76
11413374548,11413374549,3.24
11413374549,11413374548,3.24
11413374549,11413374550,25.02
11413374550,11413374549,25.02
11413374564,11413374565,2.89
11413374565,11413374564,2.89
11413374565,11413374566,24.94
11413374566,11413374565,24.94
11413449134,11413449137,16.47
11413449137,11413449134,16.47
11413449135,11413449138,3.75
11413449138,11413449135,3.75
11413449138,12173793266,9.66
12173793266,11413449138,9.66
12173793266,11413449136,2.21
11413449136,12173793266,2.21
11413449137,11413449138,19.61
11413449138,11413449137,19.61
11413449138,11413449152,25.52
11413449152,11413449138,25.52
11413449152,11413449139,12.22
11413449139,11413449152,12.22
11413449139,11413449140,52.84
11413449140,11413449139,52.84
11413449140,11413449141,5.80
11413449141,11413449140,5.80
11413449141,11413449142,22.10
11413449142,11413449141,22.10
11413449142,11413449143,23.84
11413449143,11413449142,23.84
11413449143,11413449144,23.75
11413449144,11413449143,23.75
11413449144,11413449145,48.14
11413449145,11413449144,48.14
11413449145,10962516238,41.76
10962516238,11413449145,41.76
10922895918,11413449146,14.62
11413449146,10922895918,14.62
11413449146,11413449155,9.02
11413449155,11413449146,9.02
11413449155,11413449147,4.34
11413449147,11413449155,4.34
11413449147,11413449148,18.07
11413449148,11413449147,18.07
11413449148,11413449149,7.05
11413449149,11413449148,7.05
11413449149,11413449150,13.23
11413449150,11413449149,13.23
11413449150,11413449151,14.49
11413449151,11413449150,14.49
11413449151,11413449152,3.80
11413449152,11413449151,3.80
10922895920,11413449153,9.40
11413449153,10922895920,9.40
11413449153,11413449154,5.59
11413449154,11413449153,5.59
11413449154,11413449155,14.13
11413449155,11413449154,14.13
4670757162,6967343938,9.44
6967343938,4670757162,9.44
6967343938,10922697143,5.55
10922697143,6967343938,5.55
11413515353,11413515354,25.15
11413515354,11413515353,25.15
10091432081,6878819025,20.99
6878819025,10091432081,20.99
11413515366,11413515367,15.80
11413515367,11413515366,15.80
4670757167,4670757165,5.89
4670757165,4670757167,5.89
11413562900,11413562901,14.59
11413562901,11413562900,14.59
11413562901,11413562902,4.18
11413562902,11413562901,4.18
11413562902,6886666653,5.89
6886666653,11413562902,5.89
11413562900,11413562903,5.55
11413562903,11413562900,5.55
11413562903,11413562904,37.40
11413562904,11413562903,37.40
11413562905,11413562906,6.04
11413562906,11413562905,6.04
4670757043,11413557209,14.17
11413557209,4670757043,14.17
11413557209,11413557208,3.38
11413557208,11413557209,3.38
4670757182,11413557212,15.66
11413557212,4670757182,15.66
4670757490,11413557213,15.81
11413557213,4670757490,15.81
1854610617,10089084891,8.90
10089084891,1854610617,8.90
10089084891,1854567346,1.53
1854567346,10089084891,1.53
4671320392,11413602406,52.26
11413602406,11413602400,12.91
11413602400,1854567324,19.08
1854567324,11413602398,16.19
11413602398,11413602404,11.50
11413602404,4670757041,21.97
4670757041,11413602470,35.55
11413602470,1854567329,36.82
4671320392,4670757034,11.44
4670757034,4671320392,11.44
11413557233,11413557234,22.76
11413557234,11413557233,22.76
11413557234,11413557235,6.83
11413557235,11413557234,6.83
11413557235,11413557236,8.34
11413557236,11413557235,8.34
11413557237,11413557238,28.09
11413557238,11413557237,28.09
11413557239,11413557240,28.29
11413557240,11413557239,28.29
11413557243,11413557244,24.69
11413557244,11413557243,24.69
11413602394,11413602395,3.60
11413602395,11413602394,3.60
11413602395,11413602396,19.92
11413602396,11413602395,19.92
11413602397,11413602398,26.13
11413602398,11413602397,26.13
11413602400,11413602401,23.56
11413602401,11413602400,23.56
11413602404,11413602405,23.41
11413602405,11413602404,23.41
11413602406,11413602407,26.81
11413602407,11413602406,26.81
11413602441,11413602442,23.12
11413602442,11413602441,23.12
11413602443,11413602444,23.33
11413602444,11413602443,23.33
11413602459,11413602460,26.30
11413602460,11413602459,26.30
11413602465,11413602466,6.34
11413602466,11413602465,6.34
11413602466,11413602469,2.89
11413602469,11413602466,2.89
11413602469,11413602467,5.18
11413602467,11413602469,5.18
11413602467,11413602468,9.50
11413602468,11413602467,9.50
11413602470,11413602471,4.18
11413602471,11413602470,4.18
11413602471,11413602472,10.90
11413602472,11413602471,10.90
11413602472,11413602473,7.98
11413602473,11413602472,7.98
11413557210,4670757492,23.26
4670757492,11413557210,23.26
4670757497,11413557211,3.39
11413557211,4670757497,3.39
4670757173,11413562899,3.95
11413562899,4670757173,3.95
11413602396,11413562906,3.35
11413562906,11413602396,3.35
11417285403,11417285402,20.75
11417285402,11417285403,20.75
4671252664,11417285403,20.05
11417285403,4671252664,20.05
11417416866,11417416867,14.63
11417416867,11417416866,14.63
11417416867,4670757493,3.99
4670757493,11417416867,3.99
11417452987,11417452988,6.66
11417452988,11417452987,6.66
11417452999,11417453000,33.40
11417453000,11417452999,33.40
11417550347,11417550348,13.17
11417550348,11417550347,13.17
11417550348,11417550349,9.38
11417550349,11417550348,9.38
11417550345,11417550346,6.80
11417550346,11417550345,6.80
11417550346,11417550347,8.23
11417550347,11417550346,8.23
11417550349,11417550351,20.38
11417550351,11417550349,20.38
11417550351,11417550350,18.14
11417550350,11417550351,18.14
4670757073,11417550351,15.24
11417550351,4670757073,15.24
7442808356,10091432075,17.69
10091432075,7442808356,17.69
10091432075,11417541812,37.80
11417541812,10091432075,37.80
11417541812,11417541815,9.56
11417541815,11417541812,9.56
11417541815,11417541816,9.02
11417541816,11417541815,9.02
11417541816,11417541813,3.33
11417541813,11417541816,3.33
11417541814,11417541815,3.96
11417541815,11417541814,3.96
11417541813,11417541829,4.35
11417541829,11417541813,4.35
11417541829,11417541817,25.39
11417541817,11417541829,25.39
7442808358,7442808359,16.65
7442808359,7442808358,16.65
7442808348,7442808356,23.65
7442808356,7442808348,23.65
11417541827,11417541828,17.18
11417541828,11417541827,17.18
11417541829,11417541830,29.32
11417541830,11417541829,29.32
11417541828,11417541831,2.86
11417541831,11417541828,2.86
11417541831,9786704420,15.06
9786704420,11417541831,15.06
11417541832,11417541833,18.08
11417541833,11417541832,18.08
11417541834,11417541835,11.27
11417541835,11417541834,11.27
11417541838,11417541839,57.10
11417541839,11417541838,57.10
11417541840,11417541841,6.64
11417541841,11417541840,6.64
11417541845,6967343960,18.99
6967343960,11417541845,18.99
11417591289,11417591290,28.89
11417591290,11417591289,28.89
10916921175,10916921189,65.13
10916921189,10916921175,65.13
10916921189,11420978476,77.83
11420978476,10916921189,77.83
10916921176,12476194794,2.72
12476194794,10916921176,2.72
12476194794,11413374539,3.23
11413374539,12476194794,3.23
11413374539,12476200023,10.42
12476200023,11413374539,10.42
12476200023,12476200003,7.90
12476200003,12476200023,7.90
12476200003,12476200004,6.44
12476200004,12476200003,6.44
12476200004,12476194793,8.56
12476194793,12476200004,8.56
12476194793,11421775116,42.44
11421775116,12476194793,42.44
11421775116,10916921175,15.67
10916921175,11421775116,15.67
10916921164,11420978477,5.78
11420978477,10916921164,5.78
11420978477,11420978478,7.53
11420978478,11420978477,7.53
11420978478,11420978479,11.87
11420978479,11420978478,11.87
11420978479,11420978480,11.37
11420978480,11420978479,11.37
11420978480,11420978481,10.14
11420978481,11420978480,10.14
11420978481,11420978482,8.62
11420978482,11420978481,8.62
11420978485,11420978483,10.11
11420978483,11420978485,10.11
11420978483,11420978486,5.47
11420978486,11420978483,5.47
11420978486,11420978487,5.46
11420978487,11420978486,5.46
11420978487,11420978488,40.55
11420978488,11420978487,40.55
11420978488,11420978476,5.18
11420978476,11420978488,5.18
11420978476,10916921131,5.52
10916921131,11420978476,5.52
6967343909,11420978494,6.27
11420978494,6967343909,6.27
11420978494,11420978493,6.65
11420978493,11420978494,6.65
11420978517,11420978518,16.65
11420978518,11420978517,16.65
11420978518,11420978519,3.89
11420978519,11420978518,3.89
11420978519,11420978520,3.96
11420978520,11420978519,3.96
11420978520,4671258978,8.53
4671258978,11420978520,8.53
11420978482,11420978484,8.43
11420978484,11420978482,8.43
11420978484,11420978483,7.42
11420978483,11420978484,7.42
11421113692,11421113693,8.16
11421113693,11421113692,8.16
11421113694,11421113695,20.42
11421113695,11421113694,20.42
11421113695,11421113696,3.70
11421113696,11421113695,3.70
11421113696,11421113697,20.58
11421113697,11421113696,20.58
11421113706,11421113707,4.08
11421113707,11421113706,4.08
11421113705,11421113707,6.12
11421113707,11421113705,6.12
11421113707,11421113709,24.31
11421113709,11421113707,24.31
11421113708,11421113709,3.80
11421113709,11421113708,3.80
11421113710,11421113711,4.09
11421113711,11421113710,4.09
11421113712,11421113713,4.11
11421113713,11421113712,4.11
11421113714,11421113715,3.72
11421113715,11421113714,3.72
11421113721,11421113722,3.80
11421113722,11421113721,3.80
11421113725,11421113726,3.89
11421113726,11421113725,3.89
11421113727,11421113728,3.90
11421113728,11421113727,3.90
11421113726,11421413961,38.04
11421413961,11421113726,38.04
11421113722,4671252658,38.01
4671252658,11421113722,38.01
11421113728,11421413962,17.41
11421413962,11421113728,17.41
11421413962,11421413963,3.46
11421413963,11421413962,3.46
11421413963,11421413964,20.25
11421413964,11421413963,20.25
11421113715,11421414171,19.17
11421414171,11421113715,19.17
11421414171,11421414172,3.89
11421414172,11421414171,3.89
11421414172,4671252657,18.76
4671252657,11421414172,18.76
11421113713,4671252655,39.09
4671252655,11421113713,39.09
11421113711,11421414175,20.44
11421414175,11421113711,20.44
11421414175,11421113704,6.68
11421113704,11421414175,6.68
11421552660,11421552661,73.99
11421552661,11421552660,73.99
11421552667,1843843749,6.73
1843843749,11421552667,6.73
11421552666,11421552668,7.17
11421552668,11421552666,7.17
10916921179,11421775116,16.33
11421775116,10916921179,16.33
11429094616,11429094617,15.07
11429094617,11429094616,15.07
11429094617,11429094618,11.01
11429094618,11429094617,11.01
11429094618,11429094619,2.89
11429094619,11429094618,2.89
11429094619,11429094620,14.79
11429094620,11429094619,14.79
11429094620,11429094621,2.92
11429094621,11429094620,2.92
11429094622,11429094621,3.52
11429094621,11429094622,3.52
11429094621,11429094623,10.57
11429094623,11429094621,10.57
6887083367,10922508798,6.84
10922508798,6887083367,6.84
10922508796,10922508797,8.46
10922508797,10922508796,8.46
1843869641,11429094626,7.35
11429094626,1843869641,7.35
11429094627,11429094628,7.71
11429094628,11429094627,7.71
11429094628,11429094629,1.49
11429094629,11429094628,1.49
11429483757,11429483758,7.52
11429483758,11429483757,7.52
11429483758,11429483759,5.26
11429483759,11429483758,5.26
11429483768,11429512569,4.61
11429512569,11429483768,4.61
4671258986,11429555520,9.94
11429555520,4671258986,9.94
11429555520,11429555521,10.81
11429555521,11429555520,10.81
11429555521,11429555540,7.86
11429555540,11429555521,7.86
11429555540,11429555522,7.26
11429555522,11429555540,7.26
11429555522,11429555553,33.18
11429555553,11429555522,33.18
11429555553,11429555523,9.43
11429555523,11429555553,9.43
11429555528,11429555529,25.73
11429555529,11429555528,25.73
11429555529,11429555520,10.53
11429555520,11429555529,10.53
11429555530,11429555531,9.03
11429555531,11429555530,9.03
11429555522,11429555532,7.43
11429555532,11429555522,7.43
11429555532,11429555531,9.15
11429555531,11429555532,9.15
11429555531,11429555533,25.53
11429555533,11429555531,25.53
11429555533,11429555534,3.24
11429555534,11429555533,3.24
11429555534,11429555566,10.27
11429555566,11429555534,10.27
11429555566,11429555554,9.35
11429555554,11429555566,9.35
11429555554,11429603784,9.47
11429603784,11429555554,9.47
11429603784,11429555552,10.76
11429555552,11429603784,10.76
11429555552,11429555549,21.37
11429555549,11429555552,21.37
11429555549,11429555535,15.18
11429555535,11429555549,15.18
11429555535,11429555536,4.40
11429555536,11429555535,4.40
11429555536,11429555537,5.63
11429555537,11429555536,5.63
11429555537,11429555538,17.23
11429555538,11429555537,17.23
11429555538,11429555539,17.81
11429555539,11429555538,17.81
11429555539,11429555550,3.36
11429555550,11429555539,3.36
11429555550,11429555551,20.80
11429555551,11429555550,20.80
11429555551,11429555523,10.40
11429555523,11429555551,10.40
11429555541,11429609843,39.69
11429609843,11429555541,39.69
11429609843,11429555542,20.70
11429555542,11429609843,20.70
11429555542,11429603769,2.99
11429603769,11429555542,2.99
11429603769,11429555543,23.51
11429555543,11429603769,23.51
11429555540,11429555541,7.04
11429555541,11429555540,7.04
11429555549,11429555550,41.70
11429555550,11429555549,41.70
11429555551,11429603797,19.52
11429603797,11429555551,19.52
11429603797,11429603785,1.94
11429603785,11429603797,1.94
11429603785,11429555552,21.05
11429555552,11429603785,21.05
11429555553,11429603787,21.80
11429603787,11429555553,21.80
11429603787,11429555554,21.32
11429555554,11429603787,21.32
11429555566,11429555567,22.60
11429555567,11429555566,22.60
11429555567,11429555568,23.39
11429555568,11429555567,23.39
11429555567,4663284047,1.57
4663284047,11429555567,1.57
4663284047,4663284048,14.82
4663284048,4663284047,14.82
4663284048,11429603769,3.89
11429603769,4663284048,3.89
11429603771,11429603775,3.34
11429603775,11429603771,3.34
11429603775,11429603772,12.17
11429603772,11429603775,12.17
11429603770,11429603771,4.41
11429603771,11429603770,4.41
11429555536,11429603780,10.51
11429603780,11429555536,10.51
11429603780,11429603781,20.52
11429603781,11429603780,20.52
11429603781,4663281819,6.76
4663281819,11429603781,6.76
11429555523,11429603786,21.69
11429603786,11429555523,21.69
11429603786,11429603784,21.20
11429603784,11429603786,21.20
11429603785,11429603786,10.58
11429603786,11429603785,10.58
11429603786,11429603787,9.45
11429603787,11429603786,9.45
11429555533,11429609843,10.32
11429609843,11429555533,10.32
11429609850,11429609846,5.62
11429609846,11429609850,5.62
11429609846,11429609852,14.52
11429609852,11429609846,14.52
11429609852,11429609845,13.68
11429609845,11429609852,13.68
11429609845,4593309550,3.89
4593309550,11429609845,3.89
11429609851,11429609852,72.10
11429609852,11429609851,72.10
1843884308,11432713714,17.04
11432713714,1843884308,17.04
11432713714,11432713715,6.11
11432713715,11432713714,6.11
11432713715,11432713716,40.20
11432713716,11432713715,40.20
11432713716,12052133564,6.65
12052133564,11432713716,6.65
12052133564,12052321173,5.11
12052321173,12052133564,5.11
12052321173,12052133565,5.10
12052133565,12052321173,5.10
12052133565,12052321191,51.58
12052321191,12052133565,51.58
12052321191,12052133566,54.92
12052133566,12052321191,54.92
12052133566,12052133567,8.87
12052133567,12052133566,8.87
12052133567,12052133568,5.00
12052133568,12052133567,5.00
12052133568,12052321169,16.79
12052321169,12052133568,16.79
12052321169,12052321170,11.16
12052321170,12052321169,11.16
4670757084,11432878161,4.08
11432878161,4670757084,4.08
11432878161,11432878155,15.24
11432878155,11432878161,15.24
11432878155,11432878156,8.56
11432878156,11432878155,8.56
11432878167,11432878166,3.58
11432878166,11432878167,3.58
11432890675,1843844045,9.95
1843844045,11432890675,9.95
11432890679,1843869919,18.00
1843869919,11432890679,18.00
11432890678,1843869840,14.23
1843869840,11432890678,14.23
6946535673,11432924876,35.61
11432924876,6946535673,35.61
11432924876,11432924877,5.69
11432924877,11432924876,5.69
1840275715,11432924891,27.74
11432924891,1840275715,27.74
11432924891,11432924892,5.70
11432924892,11432924891,5.70
11432924894,6946535671,4.42
6946535671,11432924894,4.42
6886916463,4664985234,5.14
4664985234,6886916463,5.14
11514945268,11515076169,2.64
11515076169,11514945268,2.64
11515076169,11515076170,20.69
11515076170,11515076169,20.69
11515076173,11515076174,3.78
11515076174,11515076173,3.78
11515076174,11515076175,21.65
11515076175,11515076174,21.65
11515076172,11515076173,2.52
11515076173,11515076172,2.52
11515076175,11515076176,9.58
11515076176,11515076175,9.58
11514945267,11514945268,2.80
11514945268,11514945267,2.80
11515076181,11515076171,7.34
11515076171,11515076181,7.34
11515076170,11515076181,2.24
11515076181,11515076170,2.24
11515076182,11515076184,1.84
11515076184,11515076182,1.84
11515076184,11515076183,7.09
11515076183,11515076184,7.09
11515076185,11515076186,16.44
11515076186,11515076185,16.44
10916901735,11515076185,6.38
11515076185,10916901735,6.38
11515076186,11515076187,8.83
11515076187,11515076186,8.83
11515076188,11515076189,17.81
11515076189,11515076188,17.81
11515076189,11515076190,9.90
11515076190,11515076189,9.90
10916901734,11515076188,5.80
11515076188,10916901734,5.80
11515076191,4670757092,5.31
4670757092,11515076191,5.31
4670757092,4670757091,4.75
4670757091,4670757092,4.75
4670757091,6946535736,4.01
6946535736,4670757091,4.01
6946535736,4670756985,4.26
4670756985,6946535736,4.26
11515076192,11515076193,19.24
11515076193,11515076192,19.24
11515076193,11515076194,8.23
11515076194,11515076193,8.23
11515076194,11515076195,11.93
11515076195,11515076194,11.93
11515076195,11515076196,17.40
11515076196,11515076195,17.40
11515076196,11515076202,8.30
11515076202,11515076196,8.30
11515076202,11515076197,9.60
11515076197,11515076202,9.60
11515076197,11515076198,5.78
11515076198,11515076197,5.78
11515076198,11515076199,2.63
11515076199,11515076198,2.63
11515076199,11515076200,15.27
11515076200,11515076199,15.27
11515076200,10962581508,11.79
10962581508,11515076200,11.79
11515076201,11515076202,19.32
11515076202,11515076201,19.32
6946535711,11515076203,2.21
11515076203,6946535711,2.21
11515076203,11515076204,30.26
11515076204,11515076203,30.26
11515076204,11515076205,17.74
11515076205,11515076204,17.74
11515076205,11516247594,4.07
11516247594,11515076205,4.07
11516247594,11516247595,6.37
11516247595,11516247594,6.37
11516247595,11515076212,4.60
11515076212,11516247595,4.60
11515076207,11515076206,15.38
11515076206,11515076207,15.38
11515076209,11515076210,16.39
11515076210,11515076209,16.39
11515076208,11515076209,2.93
11515076209,11515076208,2.93
11515076207,11515076211,9.36
11515076211,11515076207,9.36
11515076210,11515076211,2.97
11515076211,11515076210,2.97
11515076211,11516247605,9.20
11516247605,11515076211,9.20
11516247605,11515076212,17.93
11515076212,11516247605,17.93
11515076212,11516247593,5.09
11516247593,11515076212,5.09
11516247593,11516247592,13.04
11516247592,11516247593,13.04
11516247587,11516247588,16.50
11516247588,11516247587,16.50
11516247588,11516247589,1.49
11516247589,11516247588,1.49
11516247587,11516247590,21.86
11516247590,11516247587,21.86
11516247590,11516247591,20.50
11516247591,11516247590,20.50
11516247591,11516247592,11.36
11516247592,11516247591,11.36
11515076201,11516247597,4.55
11516247597,11515076201,4.55
11516247597,11516247598,15.41
11516247598,11516247597,15.41
11516247598,11516247592,9.42
11516247592,11516247598,9.42
11516247593,11516247599,9.48
11516247599,11516247593,9.48
11516247599,11516247600,15.36
11516247600,11516247599,15.36
11516247600,11516247601,4.95
11516247601,11516247600,4.95
11516247602,11516247603,17.53
11516247603,11516247602,17.53
11516247603,11516247604,3.18
11516247604,11516247603,3.18
11516247602,11516247605,14.93
11516247605,11516247602,14.93
4670757080,11516247606,8.17
11516247606,4670757080,8.17
11002525913,11532614972,9.09
11532614972,11002525913,9.09
1843843615,11548237831,8.32
11548237831,1843843615,8.32
11643225132,11643225133,3.76
11643225133,11643225132,3.76
11643225133,11643225134,15.75
11643225134,11643225133,15.75
11643225134,11643225135,7.34
11643225135,11643225134,7.34
11643225137,12479525187,4.77
12479525187,11643225137,4.77
12479525187,12519175087,15.70
12519175087,12479525187,15.70
12519175087,12479525186,39.58
12479525186,12519175087,39.58
12479525186,12302107233,40.17
12302107233,12479525186,40.17
12302107233,12146191145,8.91
12146191145,12302107233,8.91
12146191145,12519175086,31.91
12519175086,12146191145,31.91
12519175086,4584299356,6.41
4584299356,12519175086,6.41
12519175088,12479525187,6.48
12479525187,12519175088,6.48
11643225137,12153338169,5.87
12153338169,11643225137,5.87
12153338169,11643225141,11.27
11643225141,12153338169,11.27
11643225141,1847297887,12.29
1847297887,11643225141,12.29
11643225137,11643225154,32.46
11643225154,11643225137,32.46
11643225154,11643225155,61.73
11643225155,11643225154,61.73
11643225159,11643225160,33.46
11643225160,11643225159,33.46
11643225161,11643225162,33.73
11643225162,11643225161,33.73
11643225161,11643225163,6.27
11643225163,11643225161,6.27
11643225159,11643225164,6.59
11643225164,11643225159,6.59
6946535767,6946535766,38.79
6946535766,6946535767,38.79
6946535766,6946535765,4.27
6946535765,6946535766,4.27
11651069351,11651069350,6.33
11651069350,11651069351,6.33
11651069350,11651069352,28.54
11651069352,11651069350,28.54
11651069352,11651069353,13.46
11651069353,11651069352,13.46
11709381501,11709381502,29.54
11709381502,11709381501,29.54
11709381502,11709381500,11.86
11709381500,11709381502,11.86
1885958706,11712113691,8.46
11712113691,1885958706,8.46
11773661449,11773661450,33.67
11773661450,11773661449,33.67
11773661450,11773661451,8.63
11773661451,11773661450,8.63
11773661452,11773661453,23.98
11773661453,11773661452,23.98
11773661453,11773661461,19.35
11773661461,11773661453,19.35
11773661461,11773661462,11.52
11773661462,11773661461,11.52
11773661462,11773661454,5.92
11773661454,11773661462,5.92
11773661454,11773661455,6.58
11773661455,11773661454,6.58
11773661455,11773661458,5.07
11773661458,11773661455,5.07
11773661458,11773661456,10.85
11773661456,11773661458,10.85
11773661456,11773661457,7.34
11773661457,11773661456,7.34
11773661457,6967343944,12.24
6967343944,11773661457,12.24
11773661451,11773661455,1.95
11773661455,11773661451,1.95
10962575879,11773661458,11.25
11773661458,10962575879,11.25
11773661462,9992513002,1.34
9992513002,11773661462,1.34
9992513002,11773661460,6.44
11773661460,9992513002,6.44
6946535692,11773661465,3.91
11773661465,6946535692,3.91
11773661465,11773661466,25.50
11773661466,11773661465,25.50
10962581508,11773661467,15.35
11773661467,10962581508,15.35
4553150224,11784787856,3.87
11784787856,4553150224,3.87
11784787856,11784787857,6.36
11784787857,11784787856,6.36
11784787858,11784787859,10.93
11784787859,11784787858,10.93
11784787857,11784787858,8.59
11784787858,11784787857,8.59
4553150223,11784787860,8.18
11784787860,4553150223,8.18
11784787860,11784787861,8.75
11784787861,11784787860,8.75
11784787861,11784787862,20.72
11784787862,11784787861,20.72
11784787863,11784787864,3.91
11784787864,11784787863,3.91
11784787864,11784787860,11.64
11784787860,11784787864,11.64
6959195354,11793854661,6.81
11793854661,6959195354,6.81
11793854661,11793854662,12.78
11793854662,11793854661,12.78
6946535814,11793854666,17.02
11793854666,6946535814,17.02
11793854666,11793854663,19.96
11793854663,11793854666,19.96
11793854663,11793854664,43.80
11793854664,11793854663,43.80
11793854664,11793854665,19.26
11793854665,11793854664,19.26
11793854665,11793854666,44.08
11793854666,11793854665,44.08
4597857002,6959195352,11.98
6959195352,4597857002,11.98
11793854663,11793854668,6.05
11793854668,11793854663,6.05
11793854668,6959195352,4.95
6959195352,11793854668,4.95
11793854668,11793918669,9.22
11793918669,11793854668,9.22
11793918669,11793918670,11.17
11793918670,11793918669,11.17
11793918670,11793918671,9.43
11793918671,11793918670,9.43
11793918671,11793918672,43.51
11793918672,11793918671,43.51
11829103729,11829103730,5.83
11829103730,11829103729,5.83
11829103737,11829103753,24.16
11829103753,11829103737,24.16
11829103753,11829103746,23.81
11829103746,11829103753,23.81
11829103746,11829103738,28.07
11829103738,11829103746,28.07
11829103738,11829103739,53.26
11829103739,11829103738,53.26
11829103739,11829103740,15.62
11829103740,11829103739,15.62
11829103740,11829103741,21.07
11829103741,11829103740,21.07
11829103741,11829103742,13.19
11829103742,11829103741,13.19
11829103742,11829103743,16.83
11829103743,11829103742,16.83
11829103743,11829103744,33.53
11829103744,11829103743,33.53
11829103744,11829103737,8.14
11829103737,11829103744,8.14
11829103745,11829103746,4.29
11829103746,11829103745,4.29
11829103746,11829103747,6.22
11829103747,11829103746,6.22
11829103751,11829103753,1.20
11829103753,11829103751,1.20
11829103753,11829103752,6.05
11829103752,11829103753,6.05
11863309729,11863309730,15.07
11863309730,11863309729,15.07
11863309733,11863309734,14.82
11863309734,11863309733,14.82
11863309734,11863309735,6.10
11863309735,11863309734,6.10
11863309732,11863309733,6.96
11863309733,11863309732,6.96
11863309730,11863309731,6.00
11863309731,11863309730,6.00
11946062439,1847297612,22.36
1847297612,11946062439,22.36
11946153163,11946153164,7.89
11946153164,11946153163,7.89
11946153165,11946153166,19.20
11946153166,11946153165,19.20
11946153166,11946153167,26.28
11946153167,11946153166,26.28
11946153168,11946165869,4.07
11946165869,11946153168,4.07
11946165869,11946153165,2.58
11946153165,11946165869,2.58
11946153165,11946165871,7.62
11946165871,11946153165,7.62
11946165871,11946165870,4.47
11946165870,11946165871,4.47
11946165874,6946535755,9.18
6946535755,11946165874,9.18
1847297551,11946165880,4.05
11946165880,1847297551,4.05
11946165880,11946165881,21.61
11946165881,11946165880,21.61
11946165881,11946165882,2.57
11946165882,11946165881,2.57
11946165882,11946165883,9.24
11946165883,11946165882,9.24
11948655756,11948655757,25.02
11948655757,11948655756,25.02
11948655757,11948655758,18.32
11948655758,11948655757,18.32
11948655758,11948655759,7.42
11948655759,11948655758,7.42
11948655759,11948655760,18.08
11948655760,11948655759,18.08
11948655758,11948655761,25.49
11948655761,11948655758,25.49
6946535751,11963733352,12.88
11963733352,6946535751,12.88
6967343906,12048145637,18.87
12048145637,6967343906,18.87
12048145637,12048145638,9.65
12048145638,12048145637,9.65
4664984998,6179169925,7.17
6179169925,4664984998,7.17
6179169925,10916991941,64.92
10916991941,6179169925,64.92
12050247032,12050247033,27.21
12050247033,12050247032,27.21
1843955687,12050247040,26.16
12050247040,1843955687,26.16
12050247040,12050247034,8.11
12050247034,12050247040,8.11
12050247039,12050247040,3.96
12050247040,12050247039,3.96
12077063647,12077063646,5.98
12077063646,12077063647,5.98
12077063646,12077063645,51.39
12077063645,12077063646,51.39
12077063645,12077063644,38.55
12077063644,12077063645,38.55
12077063644,12077063643,7.40
12077063643,12077063644,7.40
12077063643,12052133510,4.40
12052133510,12077063643,4.40
12052133510,12052133511,11.64
12052133511,12052133510,11.64
12052133511,12052133512,6.74
12052133512,12052133511,6.74
12052133512,12052133513,6.92
12052133513,12052133512,6.92
12052133513,12052133514,11.71
12052133514,12052133513,11.71
12052133514,12052133515,9.13
12052133515,12052133514,9.13
12052133515,12052133516,10.09
12052133516,12052133515,10.09
12052133516,12052133517,10.89
12052133517,12052133516,10.89
12052133517,12052133518,6.23
12052133518,12052133517,6.23
12052133518,12052133519,12.26
12052133519,12052133518,12.26
12052133519,12052133520,19.70
12052133520,12052133519,19.70
12052133520,12052133521,30.45
12052133521,12052133520,30.45
12052133521,12077063629,6.86
12077063629,12052133521,6.86
12077063629,12077063630,5.66
12077063630,12077063629,5.66
12077063630,12077063631,4.82
12077063631,12077063630,4.82
12077063631,12077063632,7.23
12077063632,12077063631,7.23
12077063632,12077063633,5.11
12077063633,12077063632,5.11
12077063633,12077063634,5.99
12077063634,12077063633,5.99
12077063634,12077063635,87.19
12077063635,12077063634,87.19
12077063635,12077063636,5.95
12077063636,12077063635,5.95
12077063636,12077063637,5.36
12077063637,12077063636,5.36
12077063637,12077063638,100.95
12077063638,12077063637,100.95
12077063638,12077063639,11.50
12077063639,12077063638,11.50
12077063639,12077063640,20.84
12077063640,12077063639,20.84
12077063640,12077063641,17.03
12077063641,12077063640,17.03
12077063641,12077063642,16.87
12077063642,12077063641,16.87
12077063642,12077063650,57.83
12077063650,12077063642,57.83
12077063650,12077063651,41.54
12077063651,12077063650,41.54
12077063651,12077063652,14.59
12077063652,12077063651,14.59
12077063652,12077063653,14.62
12077063653,12077063652,14.62
12077063653,12077063654,4.96
12077063654,12077063653,4.96
12052133559,12052133558,7.92
12052133558,12052133559,7.92
11413374564,12052133559,6.99
12052133559,11413374564,6.99
12052321170,12052321192,3.18
12052321192,12052321170,3.18
12052321192,12052321171,1.86
12052321171,12052321192,1.86
12052321185,12052321186,5.76
12052321186,12052321185,5.76
12052321186,12052321190,10.01
12052321190,12052321186,10.01
12052321190,12052321189,22.36
12052321189,12052321190,22.36
12052321189,12052321188,8.45
12052321188,12052321189,8.45
12052321188,12052321195,8.08
12052321195,12052321188,8.08
12052321195,12052321187,15.16
12052321187,12052321195,15.16
12052321189,12052321194,28.56
12052321194,12052321189,28.56
12052321194,12052321191,6.34
12052321191,12052321194,6.34
11432713714,12052321182,5.56
12052321182,11432713714,5.56
12052321182,12052321183,3.36
12052321183,12052321182,3.36
12052321183,12052321184,7.16
12052321184,12052321183,7.16
12052321184,12052321185,17.46
12052321185,12052321184,17.46
12052321192,12052321193,25.56
12052321193,12052321192,25.56
12052321193,12052321194,53.17
12052321194,12052321193,53.17
12052321195,12052321196,22.53
12052321196,12052321195,22.53
12068872707,12068872708,4.69
12068872708,12068872707,4.69
12068872708,12068872709,26.24
12068872709,12068872708,26.24
12068872709,12068872710,10.42
12068872710,12068872709,10.42
12068872704,12068872705,1.63
12068872705,12068872704,1.63
12068872705,12068872706,5.26
12068872706,12068872705,5.26
12068872706,12068872707,10.85
12068872707,12068872706,10.85
12076144469,12076144470,3.14
12076144470,12076144469,3.14
12076144470,12076144471,12.63
12076144471,12076144470,12.63
4671252595,12076144476,7.76
12076144476,4671252595,7.76
12076144476,12076144477,5.52
12076144477,12076144476,5.52
12076144477,12076144478,9.05
12076144478,12076144477,9.05
12077063623,12077063624,24.06
12077063624,12077063623,24.06
12077063624,12077063625,10.74
12077063625,12077063624,10.74
12077063625,12077063626,4.17
12077063626,12077063625,4.17
12077063626,12077063627,19.20
12077063627,12077063626,19.20
12077063624,12077063628,16.75
12077063628,12077063624,16.75
12077063655,12077063656,20.79
12077063656,12077063655,20.79
12077063656,12077063657,21.75
12077063657,12077063656,21.75
12077063657,12077063658,20.57
12077063658,12077063657,20.57
12077063658,12077063659,21.81
12077063659,12077063658,21.81
12077063659,12077063656,20.44
12077063656,12077063659,20.44
12077063657,12077063660,2.30
12077063660,12077063657,2.30
12077063660,12077063661,16.71
12077063661,12077063660,16.71
1843955085,12077063662,35.03
12077063662,1843955085,35.03
12077063662,12077063663,24.87
12077063663,12077063662,24.87
12077063663,12077063664,5.61
12077063664,12077063663,5.61
12077063664,12077063665,1.86
12077063665,12077063664,1.86
12077063661,12077063662,3.49
12077063662,12077063661,3.49
4671224278,12077071270,10.73
12077071270,4671224278,10.73
12077071270,12077071271,18.38
12077071271,12077071270,18.38
4671224273,12077063642,3.65
12077063642,4671224273,3.65
12077063642,12077071272,10.96
12077071272,12077063642,10.96
12077071272,12077071273,17.84
12077071273,12077071272,17.84
12077071273,12077071274,10.13
12077071274,12077071273,10.13
12077071274,12077071275,13.02
12077071275,12077071274,13.02
12077071275,10922495928,26.15
10922495928,12077071275,26.15
10922495928,12077071276,6.38
12077071276,10922495928,6.38
12077071276,12077071277,9.20
12077071277,12077071276,9.20
12077071277,10922495933,4.12
10922495933,12077071277,4.12
12077071278,12077063650,24.95
12077063650,12077071278,24.95
12077063650,12077071279,3.88
12077071279,12077063650,3.88
12077071282,12077071283,17.82
12077071283,12077071282,17.82
12048145638,10916921128,4.25
10916921128,12048145638,4.25
10916921128,10916921129,17.79
10916921129,10916921128,17.79
10916921129,10916921130,24.30
10916921130,10916921129,24.30
10916921130,10916921131,11.44
10916921131,10916921130,11.44
12111719818,12111719804,16.96
12111719804,12111719818,16.96
12111719804,12111719805,28.59
12111719805,12111719804,28.59
12111719805,12111719806,5.10
12111719806,12111719805,5.10
12111719806,12111719807,32.34
12111719807,12111719806,32.34
12111719807,12111719808,47.00
12111719808,12111719807,47.00
12111719817,12111719818,8.87
12111719818,12111719817,8.87
12111719818,12111719819,26.09
12111719819,12111719818,26.09
12111719824,12111719825,7.31
12111719825,12111719824,7.31
12111719825,12111719826,6.81
12111719826,12111719825,6.81
7539003368,12111719828,24.27
12111719828,7539003368,24.27
12111719828,12111719829,19.01
12111719829,12111719828,19.01
12111719829,12111719830,15.11
12111719830,12111719829,15.11
12111719830,4671252674,25.20
4671252674,12111719830,25.20
12145110053,12145110052,17.33
12145110052,12145110051,16.87
12145110051,12145110050,18.78
12146191144,12146191145,6.18
12146191145,12146191144,6.18
6177328109,10089088117,1.91
10089088117,6177328109,1.91
10089088117,12146921432,26.67
12146921432,10089088117,26.67
12152236232,12152236233,8.10
12152236233,12152236232,8.10
12152237735,12152237736,23.99
12152237736,12152237737,12.54
12152237737,12152237738,18.63
11413449148,12173793252,5.61
12173793252,11413449148,5.61
12173793252,12173793253,5.43
12173793253,12173793252,5.43
12173793253,12173793254,4.04
12173793254,12173793253,4.04
12173793254,12173793255,4.39
12173793255,12173793254,4.39
12173793255,12173793256,5.73
12173793256,12173793255,5.73
12173793256,12173793257,4.66
12173793257,12173793256,4.66
12173793257,12173793258,5.04
12173793258,12173793257,5.04
12173793258,12173793259,4.07
12173793259,12173793258,4.07
12173793259,12173793260,3.21
12173793260,12173793259,3.21
12173793260,11413449154,4.20
11413449154,12173793260,4.20
12173793255,12173793261,21.23
12173793261,12173793255,21.23
12173793261,12173793262,22.34
12173793262,12173793261,22.34
12173793262,11413449149,18.26
11413449149,12173793262,18.26
10922895977,12173793263,33.51
12173793263,10922895977,33.51
12173793263,12173793264,28.02
12173793264,12173793263,28.02
12173793264,12173793265,52.77
12173793265,12173793264,52.77
12173793265,12173793266,37.74
12173793266,12173793265,37.74
12173793266,12173793267,79.44
12173793267,12173793266,79.44
12173793267,12173793268,28.30
12173793268,12173793267,28.30
6967343964,12181150180,8.41
12181150180,6967343964,8.41
12181150180,4670757065,36.69
4670757065,12181150180,36.69
11417535095,12181150186,4.68
12181150186,11417535095,4.68
12181150186,12181150181,29.86
12181150181,12181150186,29.86
12181150181,12181150183,1.65
12181150183,12181150181,1.65
12181150183,12181150182,1.63
12181150182,12181150183,1.63
12181150183,12181150184,22.91
12181150184,12181150183,22.91
12181150184,12181150185,20.39
12181150185,12181150184,20.39
12181150185,6946535706,3.87
6946535706,12181150185,3.87
11515076202,12181150188,32.68
12181150188,11515076202,32.68
12190322739,12190322740,16.78
12190322740,12190322739,16.78
12190322739,10992820283,2.94
10992820283,12190322739,2.94
12190322740,12190322741,3.62
12190322741,12190322740,3.62
12190322751,12190322752,10.51
12190322752,12190322751,10.51
12302107232,12302107233,49.76
12302107233,12302107232,49.76
12302107232,12302107234,10.66
12302107234,12302107232,10.66
12302107234,12302107235,3.05
12302107235,12302107234,3.05
12302107235,12302107236,22.00
12302107236,12302107235,22.00
11643225131,4584299356,7.83
4584299356,11643225131,7.83
12319643353,12319643354,6.42
12319643354,12319643353,6.42
12319643355,12319643356,5.93
12319643356,12319643355,5.93
12319643359,12319643374,33.33
12319643374,12319643359,33.33
12319643374,12319643373,1.83
12319643373,12319643374,1.83
12319643373,12319643378,30.17
12319643378,12319643373,30.17
12319643378,12319643375,1.62
12319643375,12319643378,1.62
12319643375,12319643360,24.25
12319643360,12319643375,24.25
11829103752,11829103747,23.38
11829103747,11829103752,23.38
11829103747,12476162237,22.89
12476162237,11829103747,22.89
12476162237,12476162238,5.70
12476162238,12476162237,5.70
12476162238,12319643379,5.10
12319643379,12476162238,5.10
1993543678,10925315752,37.97
10925315752,1993543678,37.97
10925315752,10925315749,8.91
10925315749,10925315752,8.91
10925315749,10925308575,4.15
10925308575,10925315749,4.15
10925308575,9563597220,42.88
9563597220,10925308575,42.88
9563597220,12319643379,8.13
12319643379,9563597220,8.13
12319643379,12319643370,32.61
12319643370,12319643379,32.61
12319643370,12319643361,19.79
12319643361,12319643370,19.79
12319643361,4664939410,29.75
4664939410,12319643361,29.75
12319643361,12319643390,18.44
12319643390,12319643361,18.44
12319643390,12319643362,11.57
12319643362,12319643390,11.57
12319643362,12319643363,11.22
12319643363,12319643362,11.22
12319643363,12319643364,17.95
12319643364,12319643363,17.95
12319643364,12319643365,10.95
12319643365,12319643364,10.95
12319643365,12319643366,8.82
12319643366,12319643365,8.82
12319643366,12319643367,14.79
12319643367,12319643366,14.79
12319643367,12319643368,16.62
12319643368,12319643367,16.62
12319643368,12319643369,10.35
12319643369,12319643368,10.35
12319643369,12319643389,13.95
12319643389,12319643369,13.95
12319643389,12319643370,18.68
12319643370,12319643389,18.68
12319643367,12319643371,14.51
12319643371,12319643367,14.51
12319643353,12319643374,5.14
12319643374,12319643353,5.14
12319643355,12319643375,5.78
12319643375,12319643355,5.78
12319643372,12319643373,10.90
12319643373,12319643372,10.90
12319643371,12319643372,4.92
12319643372,12319643371,4.92
12319643364,12319643376,13.18
12319643376,12319643364,13.18
12319643377,12319643378,10.71
12319643378,12319643377,10.71
12319643376,12319643377,5.16
12319643377,12319643376,5.16
12319643368,12319643363,32.30
12319643363,12319643368,32.30
12319643381,12319643386,8.88
12319643386,12319643381,8.88
12319643386,12319643382,4.76
12319643382,12319643386,4.76
12319643383,12319643385,9.36
12319643385,12319643383,9.36
12319643385,12319643384,4.36
12319643384,12319643385,4.36
10932050394,12319643387,14.51
12319643387,10932050394,14.51
10932050401,12319643388,11.70
12319643388,10932050401,11.70
12319643389,12319643387,3.61
12319643387,12319643389,3.61
12319643387,12319643388,13.47
12319643388,12319643387,13.47
12319643388,12319643390,3.48
12319643390,12319643388,3.48
12339689007,12475915475,44.94
12475915475,11238523327,34.43
11238523327,12475914888,35.86
12509177970,12475915472,30.63
12475915472,11238523326,17.44
11238523326,12475915474,16.06
12475915474,12513993628,36.96
12475915475,12339689015,8.17
12339689015,12476152796,8.34
12476152796,12339689012,9.36
12339689012,12625583859,8.92
12625583859,12339689013,6.32
12339689013,12475915474,8.43
4670757117,12349600712,25.53
12349600712,4670757117,25.53
12349600712,12349600713,2.71
12349600713,12349600712,2.71
12349600713,12349600714,7.98
12349600714,12349600713,7.98
12349600714,12349600715,17.80
12349600715,12349600714,17.80
12349600715,12349600716,2.31
12349600716,12349600715,2.31
12349600716,6236571566,2.74
6236571566,12349600716,2.74
6864471934,5297403651,42.06
5297403651,6310290612,17.25
6310290612,342235014,17.00
4671252668,12415420914,16.26
12415420914,4671252668,16.26
12415420914,12415420912,16.44
12415420912,12415420914,16.44
12415420912,12415420913,26.61
12415420913,12415420912,26.61
12415420914,12415420915,21.84
12415420915,12415420914,21.84
12415420915,12415420916,4.27
12415420916,12415420915,4.27
12415420916,12415420917,12.83
12415420917,12415420916,12.83
1484741960,6864471933,76.42
10792580076,10912660067,33.23
10912660067,6236285039,17.88
1840234462,10304010519,13.97
10304010519,10304010518,41.99
10304010518,10304010517,21.11
10304010517,12509177971,17.85
12509177971,11198606332,17.92
11198606332,10304010516,10.07
10304010516,10304010515,52.88
10304010515,10304010521,29.14
10304010521,12476153608,44.23
12476153608,10304010513,20.67
9563597220,12476162233,67.98
12476162233,9563597220,67.98
12476162233,12476162234,14.12
12476162234,12476162233,14.12
12476162234,12476162232,14.95
12476162232,12476162234,14.95
4664939410,12319643360,86.13
12319643360,4664939410,86.13
12475869774,12439061777,46.42
1840234406,12475869774,32.64
1840234462,12475869776,25.95
12475869776,12475869777,26.32
12476162232,12620847655,2.36
12620847655,12476162232,2.36
12620847655,9919851399,46.17
9919851399,12620847655,46.17
12476162235,12476162234,13.44
12476162234,12476162235,13.44
12476162236,12476162233,13.02
12476162233,12476162236,13.02
10916921162,12476194790,7.14
12476194790,10916921162,7.14
12476194790,12476194791,11.91
12476194791,12476194790,11.91
12476194791,12476200009,11.89
12476200009,12476194791,11.89
12476200009,12476200008,5.08
12476200008,12476200009,5.08
12476200008,12476200016,1.40
12476200016,12476200008,1.40
12476200016,12476200017,4.51
12476200017,12476200016,4.51
12476200017,12476200007,3.18
12476200007,12476200017,3.18
12476200007,12476194792,9.29
12476194792,12476200007,9.29
12476194792,12476194793,15.66
12476194793,12476194792,15.66
12476194794,12476194795,17.33
12476194795,12476194794,17.33
12476194795,12476194796,3.60
12476194796,12476194795,3.60
12476194796,12476200013,7.81
12476200013,12476194796,7.81
12476200013,12476194797,6.22
12476194797,12476200013,6.22
12476194797,12476194791,10.71
12476194791,12476194797,10.71
12476200003,12476200002,6.22
12476200002,12476200003,6.22
12476200002,12476200001,4.14
12476200001,12476200002,4.14
12476200001,12476194800,3.09
12476194800,12476200001,3.09
12476194800,12476194799,5.35
12476194799,12476194800,5.35
12476194799,12476194798,2.52
12476194798,12476194799,2.52
12476194798,12476194796,5.01
12476194796,12476194798,5.01
12476194796,12476200012,9.76
12476200012,12476194796,9.76
12476200004,12476200005,12.74
12476200005,12476200004,12.74
12476200005,12476200006,1.74
12476200006,12476200005,1.74
12476200006,12476200007,10.57
12476200007,12476200006,10.57
12476194797,12476200010,6.96
12476200010,12476194797,6.96
12476200010,12476200011,6.21
12476200011,12476200010,6.21
12476200013,12476200014,7.74
12476200014,12476200013,7.74
12476200014,12476200015,3.01
12476200015,12476200014,3.01
12476200015,12476200016,6.36
12476200016,12476200015,6.36
12476200017,12476200018,8.33
12476200018,12476200017,8.33
12476200018,12476200019,3.24
12476200019,12476200018,3.24
12476200019,12476200020,2.65
12476200020,12476200019,2.65
12476200020,12476194799,2.63
12476194799,12476200020,2.63
12476194799,12476200021,4.11
12476200021,12476194799,4.11
12476200021,12476200022,4.65
12476200022,12476200021,4.65
12476200022,12476200023,8.74
12476200023,12476200022,8.74
1840234406,12476208599,28.95
12476208599,5900733931,16.20
5900733931,1885953070,16.13
1885953070,12475869777,25.15
12479559852,4549142351,6.63
4549142351,12479559852,6.63
4549142351,4549142350,8.25
4549142350,4549142351,8.25
4549142350,6886403361,5.44
6886403361,4549142350,5.44
12479525185,12479525186,10.99
12479525186,12479525185,10.99
12134689371,12505674093,10.01
12505674093,12134689371,10.01
10912660067,12339689009,37.45
12339689009,12509177970,22.74
12475914888,12339689008,48.76
12339689008,10304010513,17.79
12439061777,12339689007,44.52
12513993628,12339689010,18.41
12339689010,4543361190,30.98
11643225139,12519175088,4.07
12519175088,11643225139,4.07
4671259644,4542128560,26.52
4542128560,4671259644,26.52
6179169300,4671259644,37.21
4671259644,6179169300,37.21
4542128565,10996338123,23.33
10996338123,4542128564,32.30
11181967713,12486895976,22.81
12486895976,11181967713,22.81
12486895976,4671259644,20.32
4671259644,12486895976,20.32
12601564515,12601564516,6.09
12601564516,12601564515,6.09
12601564516,12601564517,27.88
12601564517,12601564516,27.88
12601564517,12601564518,11.53
12601564518,12601564517,11.53
4671513432,4671513431,4.72
4671513431,4671513432,4.72
4671513431,4664985031,3.30
4664985031,4671513431,3.30
12620847655,12620847656,17.65
12620847656,12620847655,17.65
12620847656,12620847657,4.49
12620847657,12620847656,4.49
12620847657,11829103737,13.58
11829103737,12620847657,13.58
12620847658,12620847659,15.26
12620847659,12620847658,15.26
12620847660,12620847661,15.49
12620847661,12620847660,15.49
12620845439,12620845440,8.43
12620845440,12620845439,8.43
12620845440,12620845441,15.29
12620845441,12620845440,15.29
12620845441,12620845442,4.02
12620845442,12620845441,4.02
10912660070,12621046758,3.45
12621046758,10912660070,3.45
12621046758,12621046759,4.35
12621046759,12621046758,4.35
12621046759,12621046757,6.74
12621046757,12621046759,6.74
6887083366,1843843722,21.74
1843843722,6887083366,21.74
1946518361,10916953167,4.90
10916953167,4671259826,15.93
6236571825,13016472167,21.74
13016472167,6236571825,21.74
13016472167,13016472163,9.55
13016472163,13016472167,9.55
13016472163,13016472166,11.21
13016472166,13016472163,11.21
13016472166,13016472165,14.54
13016472165,13016472166,14.54
13016472165,13016472164,6.88
13016472164,13016472165,6.88
13016472164,6236571824,4.16
6236571824,13016472164,4.16
1843955131,13022415432,12.11
13022415432,1843955131,12.11
13022415432,13022415431,12.37
13022415431,13022415432,12.37
13022415431,13022415430,17.43
13022415430,13022415431,17.43
13068227333,13068227332,28.40
13068227332,13068227333,28.40
13068227332,13068227331,3.13
13068227331,13068227332,3.13
13068227331,13068227330,4.40
13068227330,13068227331,4.40
13068227330,13068227329,6.96
13068227329,13068227330,6.96
13068227329,13068227328,4.76
13068227328,13068227329,4.76
13068227328,13068227327,21.61
13068227327,13068227328,21.61
